0 0 1 0 48.995 41.268325 19.45 0.0885216027 0.00643 2.0 0
0 0 1 0 57.760000000000005 54.77026500000001 7.85 0.41341468764 0.0 14.0 0
0 1 0 0 59.58 58.7831 11.0 0.22474788500000004 0.12652 6.0 0
0 1 0 1 49.166999999999994 58.2639 20.0 0.0089236 0.10023 2.0 0
0 0 1 0 50.349000000000004 50.70869 3.0 0.49184 0.0 3.0 0
0 0 0 1 45.0415 42.6057 13.0 0.049356 0.14610499999999998 1.75 0
0 1 0 0 48.6975 35.0667 15.0 0.030113 0.156928 1.95 0
0 0 1 0 49.306 51.063055 19.0 0.011266 4e-05 7.0 0
0 0 0 1 57.27 60.0 140.0 8.0543e-15 0.0 1.9 0
0 0 0 1 48.275999999999996 47.53085 21.0 0.0077863 0.06924050000000001 2.35 0
0 0 0 1 48.329 46.96721 43.0 4.1127e-05 0.005247 2.55 0
0 0 0 1 47.172000000000004 49.867525 21.0 0.0068312 0.10184300000000002 2.2 0
1 0 0 1 48.88 46.16436 22.0 0.0061223 0.13127650000000002 2.1 0
0 0 0 1 49.322500000000005 43.849635 15.0 0.028942 0.1550415 1.95 0
1 0 0 0 47.52 40.33458 21.3 0.07961835501049999 0.0781395 2.25 0
0 0 1 0 47.5405 47.843154999999996 19.5 0.06181734839999999 0.00866 1.0 0
1 1 1 1 60.26 60.2564 41.0 6.5081e-05 7e-05 2.0 1
0 0 0 1 48.2555 44.44664 6.0 0.23142 0.1395695 4.0 0
0 0 0 1 50.672999999999995 49.3461315 32.0 0.00050441 0.048634500000000004 2.05 0
0 0 0 1 48.048 41.03565 18.0 0.014435 0.12621500000000002 2.15 0
0 0 0 1 45.964 40.25748 9.0 0.11486 0.18045099999999997 3.5 0
0 0 0 1 57.272000000000006 56.808535000000006 88.0 1.3422e-09 9.8e-05 1.75 0
0 1 0 1 46.30049999999999 59.1429 17.0 0.016184 0.08512900000000001 2.5 0
0 0 0 1 49.8095 44.0444585 13.0 0.047985 0.14811950000000002 2.6 0
0 0 0 1 49.898999999999994 49.203109999999995 14.0 0.036858 9e-05 2.0 0
0 0 0 1 48.055 45.38265 2.0 0.62032 0.124228 3.55 0
0 0 0 1 46.656 48.406330000000004 17.0 0.017915 0.08129 3.9 0
0 0 0 1 45.128 40.05806 7.0 0.17164 0.1548155 5.7 0
1 0 0 0 54.93 55.79003 18.35 0.04595282750000001 0.040244 1.95 0
0 0 0 1 44.885000000000005 40.536125 31.0 0.00076062 0.02964 1.0 0
1 0 0 0 51.28 49.010615 21.1 0.07401808655 0.053471500000000005 2.05 0
0 0 0 1 48.663500000000006 48.771865 14.0 0.034237 0.09987 2.0 0
0 0 0 1 46.758500000000005 49.37259999999999 17.0 0.016294 0.076545 1.6 0
1 0 0 0 45.83 36.88889000000001 17.2 0.09083052770000002 0.0515115 1.6 0
0 0 1 0 57.641 52.244275 12.65 0.4605287938001161 0.00025 12.0 0
0 0 0 1 49.8625 44.0444585 13.0 0.048042 0.133738 2.35 0
0 0 0 1 46.0075 36.913 20.0 0.0096973 0.0847275 2.05 0
0 0 1 0 37.78 39.67082500000001 15.5 0.09274624 0.04625 1.0 0
0 0 0 1 40.17 46.2273 20.0 0.0083327 0.074435 2.2 0
0 0 1 0 43.417 40.79491 16.05 0.0526310755 0.09497 1.0 0
0 0 0 1 46.1565 43.296839999999996 8.0 0.14447 0.1293525 3.2 0
0 0 1 0 57.2255 53.591355 20.45 0.242691933075 4e-05 4.0 0
1 0 0 0 31.1 24.698855000000002 15.9 0.0625519265 0.17472749999999998 2.0 0
0 1 0 0 47.883500000000005 38.6981 18.0 0.01484 0.39697 1.0 0
0 0 1 0 48.00500000000001 39.85620999999999 0.0 0.99862 0.00671 2.0 0
0 0 0 1 50.105000000000004 41.6476585 22.0 0.0058214 0.0654385 1.85 0
0 0 0 1 46.75 48.40633 17.0 0.017883 0.0798855 3.8 0
0 0 0 1 43.7 36.610175 55.0 2.9978e-06 0.09234250000000001 2.05 0
0 0 1 1 37.5 52.255790000000005 18.0 0.015847 0.00011 3.0 0
1 0 0 0 44.01 35.20969000000001 18.7 0.08242714599999998 0.087855 1.65 0
0 0 0 1 52.91 43.26739 23.0 0.0041341 0.1365225 1.7 0
1 0 0 0 60.06 59.901855 141.15 0.0034194599660628544 0.005699500000000001 2.2 0
0 0 0 1 43.61900000000001 44.579840000000004 14.0 0.03225 0.0940335 2.8 0
0 0 0 1 47.54950000000001 36.913 20.0 0.0096242 0.13532850000000002 1.9 0
0 1 0 0 50.35447767066693 44.52678267539525 24.651144857041167 0.09658699853529934 0.10095995499099822 3.9706941388277657 0
1 0 1 0 58.41 55.46697499999999 2.15 0.6380521499999999 0.0 15.0 0
0 0 0 1 50.02999999999999 47.096464999999995 14.0 0.036875 0.117483 2.3 0
0 1 0 0 50.35447767066693 44.52678267539525 24.651144857041167 0.09658699853529934 0.10095995499099822 3.9706941388277657 0
1 1 1 0 60.0 60.0 107.0 1.6193e-11 0.0 3.0 1
0 0 0 1 52.1145 44.764805 23.0 0.004439 0.121439 2.35 0
0 0 0 1 48.980000000000004 44.755185000000004 13.0 0.044173 0.18183850000000001 3.05 0
0 0 0 1 49.882 43.32680499999999 30.0 0.00094903 0.021111 2.0 0
0 0 1 0 45.84949999999999 46.00595 3.0 0.41325 0.0 5.0 0
0 0 0 1 46.69500000000001 45.825284999999994 9.0 0.10931 0.16917949999999998 3.65 0
0 0 0 1 49.7395 44.787785 14.0 0.033191 0.187225 2.65 0
0 0 1 0 49.623000000000005 25.5714 14.0 0.034689 0.1776 2.0 0
0 0 0 1 49.495000000000005 43.65492999999999 16.0 0.022152 0.1065375 2.35 0
0 0 1 0 47.24149999999999 41.096650000000004 27.75 0.06136407956054999 0.00194 2.0 0
0 0 1 0 45.472500000000004 41.495564999999985 8.0 0.15539 0.2206 1.0 0
1 0 0 0 60.0 59.99189 98.0 0.016234179471986653 4.2000000000000004e-05 1.85 0
0 0 0 1 49.9505 28.3559 18.0 0.013862 0.06914 1.0 0
0 0 1 0 57.641 52.244274999999995 11.05 0.5058472500001161 0.00065 12.0 0
0 0 0 1 45.9745 47.792175 25.0 0.0026504 0.055623 3.05 0
0 0 1 0 49.00099999999999 48.09793 9.0 0.11483 0.0 3.0 0
0 0 0 1 50.052 41.355740000000004 18.0 0.014301 0.1254385 1.9 0
0 0 0 1 49.966 37.984345000000005 6.0 0.21587 0.12764999999999999 3.4 0
0 1 0 0 48.727 27.6981 10.0 0.085588 0.112995 3.45 0
0 0 0 1 44.926 41.8039715 5.0 0.27332 0.36571 3.0 0
0 0 0 1 50.26350000000001 47.078455 14.0 0.035119 0.17626 1.0 0
0 0 0 1 47.1545 43.99717 2.0 0.51128 0.14525400000000002 4.45 0
0 0 1 0 46.254 56.401025000000004 3.25 0.68982849 1e-05 7.0 0
0 0 1 0 46.911 54.7143 7.0 0.18504 0.0 6.0 0
1 1 1 1 60.0 60.0 35.0 0.0002898 0.00014 4.0 1
0 0 1 0 45.418000000000006 45.076155 11.8 0.13146112999999998 0.5098 3.0 0
0 0 0 1 48.812999999999995 44.594375 8.0 0.1326 0.1321735 4.55 0
0 0 1 0 44.92 48.924769999999995 2.0 0.5133 0.00838 1.0 0
0 0 0 1 48.367000000000004 39.162165 15.0 0.029443 0.15526800000000002 2.1 0
0 0 0 1 49.230999999999995 48.657695000000004 37.0 0.00017209 0.029949000000000003 2.6 0
0 0 1 0 47.61899999999999 50.667790000000004 16.6 0.10428757015000001 0.05281 2.0 0
0 1 1 0 56.427499999999995 52.420425 8.3 0.311349815 0.04416 10.0 0
0 1 0 1 50.25750000000001 44.500825 22.0 0.0053668 0.03939 2.0 0
0 0 0 1 49.90650000000001 46.73332 16.0 0.021595 0.105037 1.75 0
0 0 0 1 49.135000000000005 47.84298 19.0 0.012509 0.17837 6.0 0
0 0 0 1 42.93 45.8578365 15.0 0.028766 0.15894 2.0 0
0 0 1 0 57.7325 54.974630000000005 9.85 0.22395025165 6e-05 19.0 0
0 0 0 1 49.873000000000005 48.837810000000005 40.0 8.304e-05 0.024463500000000006 2.85 0
0 0 0 1 45.0785 44.43256 28.0 0.0013314 0.057798 2.35 0
0 0 0 1 44.852 43.937605000000005 14.0 0.039495 0.0925475 3.45 0
0 0 0 1 56.763 58.60997 181.0 6.983700000000001e-19 0.0 1.9 0
1 0 0 0 34.9 27.90648 27.65 0.07782257605059999 0.095021 1.55 0
0 0 1 0 45.955499999999994 40.202349000000005 14.0 0.067433865 0.18643 1.0 0
0 0 0 1 49.0035 45.944505 31.0 0.00072548 0.017694499999999995 1.75 0
0 0 1 0 47.5755 44.826784999999994 3.0 0.4813 0.00473 2.0 0
0 0 0 1 43.898500000000006 44.579840000000004 14.0 0.032072 0.1252755 2.15 0
0 0 0 1 59.96350000000001 57.510540000000006 126.0 2.3104e-13 0.00025 1.65 0
0 0 0 1 46.5945 32.5169 17.0 0.017884 0.01406 1.0 0
0 1 0 0 45.758 43.7222 10.0 0.080495 0.0964 3.0 0
0 0 0 1 51.147499999999994 52.05962999999999 12.0 0.05558 0.0 17.0 0
1 0 0 0 60.0 59.99189 98.0 0.016234179471986653 4.2000000000000004e-05 1.85 0
0 0 0 1 45.528999999999996 37.865955 29.0 0.0010155 0.11183 1.0 0
0 0 0 1 47.703500000000005 45.113065500000005 19.0 0.010763 0.09611650000000001 1.85 0
0 0 1 0 47.427499999999995 50.201370000000004 17.55 0.033234498999999994 0.04805 2.0 0
0 0 0 1 47.19 34.23844 20.0 0.0095861 0.13516350000000002 2.45 0
0 0 1 0 47.178 57.2522 0.0 0.8047 0.00213 4.0 0
0 1 1 0 50.29149999999999 24.5397 7.0 0.18431 0.00307 1.0 0
0 0 0 1 48.794500000000006 46.916039999999995 19.0 0.010026 0.10274150000000001 2.9 0
0 0 0 1 49.799499999999995 45.86222 30.0 0.00081284 0.05577399999999999 2.25 0
0 0 0 1 58.03649999999999 59.048204999999996 95.0 2.561e-10 0.0 2.35 0
0 1 0 0 46.072500000000005 56.75 32.0 0.0006152 0.01691 1.0 0
0 0 1 0 45.9135 35.351176499999994 19.3 0.025455771999999995 0.01124 1.0 0
0 0 1 0 47.562 43.020134999999996 15.35 0.11735726230000001 0.56004 1.0 0
0 0 0 1 51.58 44.54907 29.0 0.0010872 0.00017 4.0 0
0 0 0 1 46.448499999999996 44.776898 4.0 0.32903 0.1516975 3.2 0
0 0 0 1 51.07350000000001 48.6840965 15.0 0.028019 0.0706905 2.7 0
0 0 0 1 49.831 48.57482 26.0 0.0023706 0.01921 4.0 0
0 0 0 1 40.429500000000004 59.795015 255.0 6.187400000000001e-35 0.0 1.95 0
0 0 0 1 45.57900000000001 38.289604999999995 7.0 0.1746 0.1307285 4.2 0
0 1 0 0 60.064499999999995 60.3125 26.9 0.09885540791518349 0.018699 4.0 0
0 0 0 1 51.18950000000001 49.080315 24.0 0.003366 0.019464 2.7 0
0 1 0 0 53.8045 52.44 15.5 0.172687698 0.0177995 6.05 0
0 0 1 0 48.5635 57.96 10.0 0.32190100499999996 0.00688 8.0 0
0 0 0 1 48.6785 42.870144999999994 13.0 0.045037 0.132638 1.9 0
0 0 0 1 56.173 58.60730500000001 171.0 6.4061e-18 0.0 1.8 0
0 1 0 0 50.1335 29.2825 24.0 0.0034296 0.00011 2.0 0
1 0 0 0 60.0 59.99189 98.0 0.016234179471986653 4.2000000000000004e-05 1.85 0
1 0 0 0 60.0 59.99189 98.0 0.016234179471986653 4.2000000000000004e-05 1.85 0
0 0 0 1 49.519999999999996 49.741465000000005 17.0 0.019902 0.13831549999999998 1.6 0
0 0 0 1 49.266000000000005 44.794455 26.0 0.0024015 0.1132155 2.6 0
0 0 0 1 49.00100000000001 38.5424 22.0 0.0060117 0.13739800000000002 2.05 0
0 0 1 0 55.6155 48.6728645 14.95 0.4390855217345 0.0 9.0 0
0 0 0 1 46.080000000000005 49.1356 13.0 0.042483 0.1695995 2.6 0
0 0 1 0 44.3305 30.6042 2.0 0.56172 0.12246 2.0 0
0 0 1 0 57.7325 52.7124 8.7 0.32098735165000003 0.0 20.0 0
1 0 0 0 58.5 58.922025 13.35 0.14278876499999998 0.10171000000000001 3.65 0
0 1 0 0 48.079 59.0556 17.95 0.04969437275 0.00406 2.0 0
0 0 1 0 50.611999999999995 50.21511500000001 15.3 0.1054896995 0.07266 5.0 0
0 0 0 1 45.370000000000005 46.809865 13.0 0.046861 0.16525250000000002 3.7 0
1 0 0 0 20.2 24.285625000000003 30.65 0.1055651330587335 0.22918499999999997 2.2 0
0 0 0 1 43.35 46.385775 23.0 0.0047795 0.055728500000000014 2.45 0
0 0 0 1 48.367000000000004 37.58807 15.0 0.029409 0.1379525 2.15 0
0 0 1 0 48.732 54.4412 10.0 0.08854 0.0 1.0 0
1 0 0 1 42.74 47.160565 17.0 0.01612 0.1258675 3.75 0
0 0 0 1 49.907000000000004 39.76089 18.0 0.013506 0.09259300000000001 2.2 0
0 0 0 1 49.614000000000004 48.122065 26.0 0.0022158 0.1257465 1.95 0
0 0 1 0 45.521 17.2353 9.0 0.10648 0.04074 2.0 0
1 1 1 0 60.0 60.0 106.0 2.0117e-11 0.0 1.0 1
0 1 0 0 50.35447767066693 44.52678267539525 24.651144857041167 0.09658699853529934 0.10095995499099822 3.9706941388277657 0
0 0 0 1 49.03599999999999 48.49605 15.0 0.0269 0.0901505 1.6 0
0 0 0 1 49.517 44.107710000000004 26.0 0.0023503 0.10624850000000001 2.5 0
0 0 0 1 50.323 43.894285 13.0 0.040765 0.1615895 2.7 0
0 0 0 1 47.8335 48.286109999999994 29.0 0.0010408 0.050142 2.0 0
0 0 1 0 46.461 52.33888999999999 12.7 0.1480287845 0.4515 1.0 0
0 0 0 1 48.202 36.60231499999999 18.0 0.014698 0.0366975 2.0 0
0 0 0 1 50.69 45.48253 14.0 0.036499 0.12220400000000001 2.65 0
1 0 0 0 52.59 48.25446 17.45 0.07564289249999999 0.045717999999999995 2.0 0
0 1 0 0 54.47 45.340445 33.55 0.3495038484412882 0.0 1.0 0
0 0 0 1 50.7155 48.078885 14.0 0.037828 0.13543049999999995 4.55 0
0 0 1 0 44.12850000000001 38.182775 2.0 0.62022 0.03966 1.0 0
0 0 0 1 57.86 50.473555 16.0 0.025071 0.139811 2.6 0
0 0 1 0 46.0225 44.80150999999999 3.0 0.46154 0.0 17.0 0
0 0 0 1 47.96 43.22818349999999 13.0 0.047914 0.1596445 2.4 0
1 0 0 0 45.36 35.245785 20.2 0.048027556549806 0.06476250000000001 2.1 0
0 0 1 0 57.760000000000005 54.85372500000001 5.35 0.4532164999999999 1e-05 14.0 0
0 0 0 1 49.665 44.400904999999995 24.0 0.0037857 0.0819945 2.7 0
1 0 0 1 58.15 49.109300000000005 15.0 0.028378 0.1302995 2.25 0
0 0 0 1 49.914 44.57084 27.0 0.0019257 0.027532499999999998 2.1 0
0 1 0 0 35.6625 0.0 4.05 0.6211383300000001 0.9 1.8 0
0 0 1 0 49.513999999999996 43.87723000000001 17.35 0.09234137125 0.00364 4.0 0
1 1 1 1 60.0 60.0 39.0 0.00012239 7e-05 1.0 1
0 1 0 0 50.27 46.52216 17.65 0.0742459925 0.08685200000000001 1.8 0
0 0 0 1 51.477999999999994 45.0721315 15.0 0.025816 0.18511 6.0 0
0 0 1 1 50.25449999999999 44.53866 8.0 0.14804 1e-05 4.0 0
0 0 0 1 45.5305 34.456356500000005 6.0 0.23514 0.14494 2.0 0
0 0 1 0 59.19500000000001 58.63666500000001 54.2 0.21766662893659486 0.0 3.0 0
0 1 0 1 54.08299999999999 60.0 22.0 0.0059675 0.00527 1.0 0
0 0 1 1 47.7215 47.91549500000001 4.0 0.34188 0.00014 17.0 0
1 0 0 0 59.99 59.91329499999999 146.05 5.5544821200041025e-06 0.009750499999999999 1.95 0
0 0 0 1 46.280499999999996 48.94029999999999 13.0 0.04633 0.12466200000000001 2.6 0
0 0 0 1 51.2105 42.823485 13.0 0.040987 0.137262 2.45 0
0 0 0 1 51.943000000000005 55.11143500000001 59.0 1.1346e-06 0.023294500000000003 1.95 0
0 0 0 1 49.320499999999996 38.2821595 19.0 0.010173 0.08231 2.0 0
0 0 1 0 48.11 37.44552 9.0 0.10838 0.07132 3.0 0
0 0 1 0 57.7325 47.21576 6.15 0.347563815 6e-05 26.0 0
0 0 0 1 49.40599999999999 48.38337 20.0 0.0084925 0.04848999999999999 2.8 0
1 1 1 1 60.0 60.0 19.0 0.010841 0.00325 3.0 1
1 0 0 0 60.0 59.99189 98.0 0.016234179471986653 4.2000000000000004e-05 1.85 0
0 0 0 1 43.88 46.594924999999996 28.0 0.0012861 0.061162499999999995 2.4 0
0 0 0 1 49.230999999999995 49.99601 37.0 0.0001598 0.02892450000000001 2.0 0
0 0 1 0 43.9935 51.691725 5.0 0.30572 0.0 8.0 0
0 0 0 1 52.72 48.601639999999996 11.0 0.069135 0.15511850000000002 3.4 0
0 0 0 1 47.599999999999994 47.279925 20.0 0.0083415 0.0587935 2.25 0
0 0 0 1 51.101 46.17656 14.0 0.037358 0.1207615 2.95 0
0 0 1 0 47.57000000000001 45.25342 6.0 0.23383 0.05294 2.0 0
0 0 0 1 49.521 50.790075 51.0 6.5332e-06 0.027789 2.0 0
0 0 0 1 46.448499999999996 44.776898 4.0 0.31933 0.2515505 6.75 0
0 0 1 0 49.88249999999999 48.04105 1.0 0.66228 0.0 1.0 0
0 0 0 1 49.9095 44.35590499999999 14.0 0.03633 0.1113935 2.6 0
0 1 0 0 46.0815 55.3115 16.2 0.0617740435 0.06497 2.0 0
0 0 1 0 49.05800000000001 38.236705 6.0 0.23175 0.11852 3.0 0
0 0 1 1 47.98500000000001 48.517335 7.0 0.18255 0.0 2.0 0
0 0 1 0 58.302 52.8424 54.45 0.13475244650142015 0.0 2.0 0
1 0 0 0 54.87 41.507915 7.0 0.17054 0.154328 5.55 0
0 0 0 1 53.1845 47.344755000000006 20.0 0.008634 0.06881499999999999 2.55 0
0 0 0 1 50.6865 37.1199 13.0 0.0406 0.04715 2.0 0
0 0 0 1 46.6055 45.925665 16.0 0.020873 0.11482800000000001 2.15 0
0 0 0 1 51.8045 42.406275 13.0 0.040272 0.57579 1.0 0
0 0 1 0 47.369 44.0676 8.0 0.13843 0.00192 2.0 0
0 0 0 1 47.544999999999995 51.0089 18.0 0.015717 0.0171 4.0 0
0 0 0 1 50.190000000000005 47.93954500000001 13.0 0.039937 0.18723549999999997 2.7 0
0 0 0 1 53.129999999999995 48.205349999999996 45.0 3.0971e-05 0.004873499999999999 2.9 0
0 0 0 1 55.88 47.62409 26.0 0.0022954 0.143985 2.05 0
0 0 0 1 46.768499999999996 46.423170000000006 4.0 0.35948 0.2818825 4.2 0
0 0 0 1 53.6245 52.135725 48.0 1.3098e-05 0.003579999999999999 1.7 0
0 1 0 0 42.98499999999999 58.8333 10.45 0.2387138935 1.0 2.0 0
0 1 0 0 49.02 45.3548 16.05 0.08753782423499999 0.0991105 2.6 0
0 0 0 1 49.13799999999999 44.32136999999999 16.0 0.021677 0.09095600000000001 1.95 0
0 0 0 1 49.831 54.7786 26.0 0.0023742 0.34506 2.0 0
0 0 0 1 46.295500000000004 41.49228000000001 6.0 0.24348 0.1701085 4.3 0
0 1 1 1 48.073499999999996 37.3535 20.0 0.0086002 0.00583 1.0 0
0 0 0 1 51.1895 49.080315 24.0 0.003371 0.019558 2.7 0
0 1 0 0 48.254 59.6552 8.0 0.15512 0.21783 2.0 0
0 0 1 0 42.835 39.384305 11.2 0.20347131499999999 0.14672 1.0 0
0 0 0 1 43.854 60.8 7.0 0.1893 0.185786 3.9 0
0 0 0 1 50.3775 45.2816 12.0 0.061332 0.1469545 4.95 0
0 0 0 1 49.162000000000006 48.927135 14.0 0.03391 0.00195 17.0 0
0 0 0 1 47.177499999999995 33.76966499999999 20.0 0.009393 0.06019099999999998 3.35 0
0 0 0 1 49.98049999999999 45.591210000000004 14.0 0.035742 0.13732950000000002 2.25 0
1 0 0 0 60.0 59.99189 98.0 0.016234179471986653 4.2000000000000004e-05 1.85 0
0 1 0 0 48.255 41.0341 17.45 0.0907686435 0.01309 1.0 0
0 0 1 1 43.66 45.01448499999999 18.0 0.015706 0.00232 1.0 0
0 0 0 1 51.0175 42.8057015 15.0 0.026602 0.02914 3.0 0
0 0 0 1 49.799499999999995 45.86222 30.0 0.00081963 0.05577399999999999 2.25 0
0 0 1 1 45.813500000000005 37.456650999999994 25.0 0.0028009 0.12093 2.0 0
0 0 0 1 47.11399999999999 45.56722499999999 20.0 0.0079509 0.09794 3.0 0
0 0 1 0 43.275000000000006 43.1681115 15.7 0.054217556499999986 0.03597 2.0 0
0 0 0 1 40.429500000000004 59.795015 255.0 0.0 0.0 1.95 0
1 1 0 0 48.05 39.4649 19.65 0.070148663 0.0877095 2.5 0
0 1 0 0 41.18000000000001 30.3736 20.7 0.06511348210000001 0.11897999999999997 2.3 0
1 0 0 0 38.73 38.074415 9.0 0.1043 0.10118350000000001 4.05 0
0 0 1 0 56.50750000000001 55.33380999999999 39.6 0.27223963912045207 0.0 4.0 0
0 1 0 0 50.35447767066693 44.52678267539525 24.651144857041167 0.09658699853529934 0.10095995499099822 3.9706941388277657 0
1 0 0 0 60.0 59.99189 98.0 0.016234179471986653 4.2000000000000004e-05 1.85 0
0 0 0 1 47.219 42.175385000000006 8.0 0.14145 0.138396 3.65 0
0 0 0 1 51.61500000000001 17.1731 16.0 0.022144 0.07339 2.0 0
0 0 1 1 48.4525 43.936989999999994 4.0 0.39725 0.26001 5.0 0
0 0 0 1 48.581 43.25394 10.0 0.085027 0.07046050000000001 3.25 0
1 0 0 0 60.0 59.99189 98.0 0.016234179471986653 4.2000000000000004e-05 1.85 0
0 0 1 0 51.029 57.607115 3.7 0.52156275 0.0 6.0 0
0 1 0 1 46.195 18.4524 35.0 0.00029052 0.01265 1.0 0
0 0 0 1 51.927 42.526415 23.0 0.004389 0.12162199999999998 2.3 0
0 0 0 1 47.19 43.86928 13.0 0.041998 0.10091249999999999 1.95 0
0 0 1 0 48.134 46.391835 6.0 0.23317 0.02713 2.0 0
0 0 0 1 48.9275 43.750365 14.0 0.036126 0.0884635 2.1 0
0 0 0 1 46.833000000000006 43.887575 18.0 0.014441 0.04089 2.0 0
0 1 0 0 50.35447767066693 44.52678267539525 24.651144857041167 0.09658699853529934 0.10095995499099822 3.9706941388277657 0
1 0 0 0 60.0 59.99189 98.0 0.016234179471986653 4.2000000000000004e-05 1.85 0
0 0 0 1 49.0945 45.420208499999994 13.0 0.048462 0.128325 3.05 0
0 0 0 1 50.3275 20.3333 15.0 0.029758 0.59394 1.0 0
0 0 0 1 49.58050000000001 39.435680000000005 18.0 0.013554 0.0898175 2.25 0
0 0 1 1 49.34 43.399860000000004 26.0 0.0022068 0.00504 2.0 0
0 0 0 1 46.4485 44.776898 4.0 0.32043 0.24048600000000003 6.75 0
0 1 0 0 45.805499999999995 54.3714 15.75 0.0878868065 0.04716 2.0 0
0 0 0 1 49.55650000000001 46.011129999999994 15.0 0.030072 0.151668 2.2 0
0 0 1 0 48.88 36.30644149999999 19.55 0.027060816999999994 0.01099 1.0 0
0 0 0 1 49.625 46.923465 19.0 0.010904 0.005 2.0 0
0 0 0 1 48.7415 42.25186 15.0 0.031458 0.16737200000000002 3.05 0
0 0 0 1 45.719 44.507308 16.0 0.020267 0.1341255 2.65 0
0 0 0 1 56.763 59.795015 198.0 1.2958e-20 0.0 1.9 0
0 0 0 1 53.199 45.51297000000001 24.0 0.0035176 0.1638315 2.8 0
0 1 0 1 46.0295 6.55556 16.0 0.020174 0.12203899999999998 2.2 0
0 0 0 1 46.318 39.00656099999999 8.0 0.15441 0.33333 2.0 0
0 0 1 0 55.238 54.8788 11.65 0.2353556721 0.0 27.0 0
0 0 0 1 46.4495 48.306084999999996 17.0 0.015984 0.16794150000000002 3.95 0
0 0 1 0 45.682500000000005 24.6875 14.0 0.038658 0.04444 2.0 0
0 1 0 1 49.266 44.79445499999999 26.0 0.0024563 0.11450700000000003 2.7 0
0 0 0 1 47.1545 35.032405 2.0 0.54131 0.262697 5.1 0
0 0 0 1 50.5205 46.025484999999996 17.0 0.018912 0.04193 2.0 0
0 0 0 1 46.91 39.557145 8.0 0.15731 0.13631849999999998 5.1 0
1 0 0 0 60.0 59.99189 98.0 0.016234179471986653 4.2000000000000004e-05 1.85 0
0 1 1 0 44.572500000000005 58.8737 17.8 0.23175477715 0.00016 3.0 0
0 0 0 1 51.1475 52.208960000000005 12.0 0.052629 0.0005 19.0 0
0 0 1 0 49.8825 48.024395000000005 0.0 0.86989 0.0 1.0 0
0 0 0 1 52.84 44.815659999999994 21.0 0.006339 0.08637 1.0 0
0 0 0 1 48.751 48.719285 24.0 0.0031706 0.05319700000000001 2.0 0
0 0 0 1 51.32750000000001 41.086375 33.0 0.00039851 0.00794 3.0 0
0 0 0 1 46.2435 57.9394 29.0 0.0011359 0.00543 2.0 0
0 0 0 1 50.37 45.1789215 15.0 0.02524 0.02397 1.0 0
0 0 0 1 49.175 41.642399999999995 27.0 0.0017372 0.05102 1.0 0
0 0 0 1 49.7265 43.37789500000001 15.0 0.029814 0.2057515 2.1 0
0 0 0 1 45.269 41.9873065 5.0 0.25926 0.48939 3.0 0
0 0 0 1 50.04 45.480525 22.0 0.0062923 0.05177 2.0 0
0 0 0 1 47.237500000000004 39.01322999999999 22.0 0.0053587 0.108165 2.0 0
0 0 0 1 49.821 24.5882 24.0 0.0032346 0.17681 1.0 0
0 1 0 0 50.842 47.1266 5.3 0.4754597499999999 0.00091 15.0 0
0 0 0 1 45.719 44.507308 16.0 0.020266 0.1341255 2.65 0
1 0 0 0 42.06 31.024205000000006 26.15 0.016528951919499997 0.05766400000000001 1.4 0
1 0 0 0 29.36 24.412369999999996 16.85 0.10659051899999998 0.078575 2.5 0
1 0 0 0 37.26 38.728575 3.0 0.46492 0.11848100000000002 5.7 0
0 1 0 0 47.317499999999995 49.293009999999995 10.0 0.087292 0.093074 3.6 0
0 0 0 1 49.4105 46.240134999999995 13.0 0.045214 0.12489949999999998 2.55 0
0 0 0 1 47.44799999999999 42.183544999999995 22.0 0.0052388 0.037591000000000006 2.05 0
1 0 0 0 43.57 33.984930000000006 31.6 0.08179456469999999 0.090816 2.1 0
0 0 0 1 47.32 44.69473 13.0 0.042955 0.06531 2.0 0
1 0 0 0 60.0 59.99189 98.0 0.016234179471986653 4.2000000000000004e-05 1.85 0
0 0 0 1 46.083 43.122245 17.0 0.016784 0.10489700000000002 1.95 0
0 0 1 0 33.21 38.780975 14.7 0.053851915000000014 0.08615 1.0 0
0 0 0 1 46.6905 46.52187 13.0 0.046103 0.106042 3.0 0
0 0 0 1 46.009 44.564935000000006 21.0 0.0066116 0.049118499999999995 2.3 0
0 0 0 1 29.79 48.528445 13.0 0.042731 0.15700749999999997 2.05 0
0 0 1 1 47.939499999999995 50.732775 37.0 0.00018466 0.0 3.0 0
0 0 0 1 46.849000000000004 40.175855 4.0 0.34799 0.28687 4.0 0
0 0 1 0 50.612 49.51194500000001 15.55 0.09396274949999998 0.05032 5.0 0
0 0 0 1 51.044000000000004 56.7059 12.0 0.053977 0.03018 5.0 0
0 0 0 1 49.230999999999995 48.657695000000004 37.0 0.00017025 0.031614 2.6 0
0 0 1 0 57.7325 50.52250500000001 5.6 0.36967010000000006 0.0 21.0 0
0 0 0 1 47.190000000000005 45.545635000000004 37.0 0.00019455 0.02935 2.0 0
0 0 0 1 49.2665 42.962740000000004 22.0 0.0054808 0.15074099999999996 1.9 0
0 0 0 1 49.6215 41.81451 15.0 0.028862 0.0730675 1.9 0
1 0 0 0 56.78 58.616385 22.6 0.015006584214999999 0.037121 1.7 0
0 0 0 1 49.965999999999994 37.76282500000001 6.0 0.21516 0.15302850000000007 3.05 0
1 0 0 0 60.0 59.99189 98.0 0.016234179471986653 4.2000000000000004e-05 1.85 1
0 0 1 0 45.784499999999994 44.97510000000001 3.0 0.47962 0.0089 5.0 0
0 0 1 0 47.9785 65.5897 42.0 6.2876e-05 0.0 12.0 0
0 0 1 0 57.7325 50.52250500000001 5.6 0.36967010000000006 0.0 21.0 0
0 0 0 1 45.201499999999996 48.39401000000001 14.0 0.03907 0.02147 5.0 0
0 1 0 1 49.378 62.7027 6.0 0.23279 0.14428649999999996 4.05 0
0 0 0 1 51.477999999999994 42.2273665 15.0 0.025726 0.18559 1.0 0
0 0 1 0 43.1485 41.607960000000006 13.2 0.116069905 0.13977 4.0 0
0 0 0 1 49.445499999999996 46.3091915 15.0 0.027137 0.091134 2.05 0
0 0 1 0 47.1785 22.0 12.0 0.052073 0.0188 2.0 0
1 0 0 0 46.7 41.970825 15.05 0.079043662 0.40678 2.0 0
0 1 0 0 45.8255 39.1667 18.95 0.226290792647935 0.14321 6.05 0
0 0 0 1 45.078500000000005 44.43256 28.0 0.0012701 0.0562885 2.25 0
0 0 0 1 48.711 48.043105 31.0 0.00071678 0.0223475 1.8 0
0 0 1 0 57.641000000000005 52.244274999999995 11.4 0.4938666500001161 0.00023 12.0 0
0 0 0 1 48.812 44.15959000000001 33.0 0.0004853 0.022029 2.1 0
1 0 0 0 52.96 49.37003 17.45 0.036875517499999996 0.0490935 2.15 0
0 0 0 1 44.864 40.103654999999996 17.0 0.01712 0.09595849999999999 2.6 0
0 0 0 1 50.948499999999996 45.07096 23.0 0.0040618 0.10860600000000001 2.0 0
1 0 0 0 44.0 36.66028999999999 12.6 0.159254555 0.32055 1.0 0
0 0 1 0 48.646 41.302487 2.0 0.50587 8e-05 9.0 0
0 1 0 0 57.7325 46.920555 8.5 0.270747135 0.00424 24.0 0
0 0 1 0 44.269999999999996 36.648731500000004 18.45 0.034816957679999996 0.11684 2.0 0
0 0 0 1 48.7475 39.42988000000001 20.0 0.0093237 0.06405049999999998 2.9 0
0 0 1 0 47.1305 43.55994 20.35 0.07926511299999998 0.00242 3.0 0
0 0 0 1 45.0065 43.132889 7.0 0.1625 0.18708200000000003 3.9 0
0 0 0 1 49.1 41.627791499999994 15.0 0.030872 0.02791 2.0 0
0 1 0 0 43.89 45.667199999999994 1.0 0.74635 0.0926555 5.7 0
0 0 0 1 47.797000000000004 49.88350499999999 17.0 0.018058 0.064051 2.0 0
0 0 0 1 46.071 47.80240500000001 16.0 0.020992 0.1315975 1.95 0
0 0 0 1 46.564 43.59316450000001 36.0 0.00021273 0.04733999999999999 2.4 0
0 0 0 1 52.3725 47.86007 44.0 3.2607e-05 0.031347 2.15 0
0 0 1 0 49.8825 34.246515 0.0 1.0 0.0 1.0 0
0 0 0 1 45.253499999999995 49.13461999999999 13.0 0.042992 0.0943475 2.7 0
0 0 0 1 48.340999999999994 28.069 17.0 0.019377 0.18665 2.0 0
0 0 0 1 57.19199999999999 59.11506000000001 117.0 1.7175e-12 0.0 2.45 0
0 0 1 0 47.45100000000001 46.421285 10.0 0.080047 0.00067 2.0 0
0 0 0 1 47.398 39.803785000000005 18.0 0.015044 0.52926 2.0 0
0 0 0 1 49.349000000000004 36.125111499999996 13.0 0.048207 0.10594 2.0 0
0 0 1 0 22.17 47.12623000000001 12.7 0.10610613500000003 0.33012 2.0 0
0 1 0 0 50.35447767066693 44.52678267539525 24.651144857041167 0.09658699853529934 0.10095995499099822 3.9706941388277657 0
0 0 0 1 54.55 42.03656 16.0 0.022829 0.06201700000000001 3.8 0
0 0 0 1 51.60300000000001 47.45323499999999 14.0 0.035386 0.12662400000000001 2.25 0
0 0 1 0 49.2235 36.8824 4.0 0.39565 0.02049 3.0 0
0 0 0 1 47.51350000000001 45.389860000000006 26.0 0.0020458 0.070483 2.75 0
0 0 1 0 46.275499999999994 43.070425 0.0 0.95247 0.05185 2.0 0
0 0 0 1 50.4135 46.768074999999996 19.0 0.011608 0.09073300000000002 1.85 0
0 0 0 1 50.672999999999995 49.3461315 32.0 0.00053529 0.037666 2.2 0
0 1 0 0 40.7195 1.0 0.0 0.79547 1.0 1.0 0
0 0 0 1 50.368 47.955020000000005 20.0 0.0081031 0.11327850000000002 1.85 0
0 0 0 1 52.2385 47.803318000000004 16.0 0.022412 0.0 0.0 0
0 0 0 1 48.834999999999994 47.995925 17.0 0.015996 0.30519 1.0 0
0 0 0 1 50.18749999999999 44.674705 11.0 0.064336 0.10465150000000001 4.65 0
0 0 0 1 48.6785 44.194035 13.0 0.04508 0.132638 1.9 0
0 1 1 0 48.8895 43.5522 113.0 4.3442e-12 0.0 1.0 0
0 1 1 0 49.25600000000001 47.5876 71.0 6.5923e-08 1e-05 3.0 0
0 0 0 1 47.183499999999995 45.8555745 36.0 0.00022621 0.09613649999999999 2.2 0
0 0 0 1 53.152 53.607285000000005 60.0 8.281e-07 0.023294500000000003 2.0 0
0 0 0 1 46.732 42.26304499999999 20.0 0.0099224 0.055896 2.55 0
1 0 0 0 48.82 42.496615 18.9 0.029763663500000002 0.043112500000000005 1.7 0
0 0 0 1 43.7655 40.13775 3.0 0.41667 0.18168849999999998 7.9 0
1 0 0 0 51.51 46.082225 14.75 0.146413951 0.12501 3.0 0
0 0 0 1 48.0615 48.925484999999995 10.0 0.086849 0.11733 4.1 0
0 0 0 1 47.993 40.8976825 25.0 0.0031466 0.10614100000000001 2.2 0
0 0 0 1 47.7255 57.4 10.0 0.097821 0.01607 19.0 0
0 0 1 0 49.364999999999995 50.70869 4.0 0.36933 0.0 3.0 0
0 0 1 0 53.5225 42.906805000000006 19.75 0.023938504000000003 0.00598 3.0 0
1 0 0 0 57.16 58.89652000000001 18.4 0.06412947999999999 0.0726395 2.4 0
1 0 0 0 59.01 59.13624 17.8 0.13892224365378997 0.11142850000000001 2.1 0
1 0 0 0 56.36 58.209680000000006 15.45 0.09282247499999999 0.06786600000000001 2.45 0
1 0 0 0 60.0 59.99189 98.0 0.016234179471986653 4.2000000000000004e-05 1.85 0
0 0 0 1 47.83800000000001 45.97836 17.0 0.018018 0.00638 2.0 0
1 0 0 0 43.17 47.011829999999996 14.35 0.072053385 0.10062 5.0 0
0 0 1 0 47.6535 48.517334999999996 3.0 0.41601 0.0 2.0 0
1 0 0 0 59.4 58.95426500000001 46.35 0.07935409154890641 0.07659750000000001 4.05 0
0 1 0 0 53.765499999999996 52.5846 16.0 0.17923476300000002 0.04282999999999999 4.85 0
0 0 0 1 46.9215 44.036860000000004 23.0 0.0047722 0.0343185 2.6 0
0 0 1 0 43.629 34.474845 3.0 0.4908 0.18724 3.0 0
0 0 0 1 43.7655 40.137750000000004 3.0 0.40838 0.10107400000000002 5.6 0
0 0 1 0 41.04 42.415605 14.65 0.17028648765 0.12713 1.0 0
0 0 0 1 40.429500000000004 59.795015 222.0 6.2563e-23 0.0 1.95 0
0 0 0 1 49.25 45.70431 14.0 0.039413 0.06227 1.0 0
0 0 0 1 51.887 37.21679499999999 6.0 0.20486 0.18797 15.0 0
0 1 0 0 41.0325 0.0 4.35 0.5742076399999999 1.0 1.0 0
0 1 0 1 47.483000000000004 41.2899 17.0 0.018368 0.03913 2.0 0
0 0 0 1 52.592499999999994 43.992028 16.0 0.022037 0.26606 3.0 0
0 0 1 0 56.42750000000001 53.762635 3.5 0.677560634 0.0 10.0 0
0 0 1 1 46.86449999999999 47.043 25.0 0.0030216 0.00423 1.0 0
0 0 0 1 52.209 44.987232999999996 16.0 0.022159 0.07297 1.0 0
0 0 0 1 46.82000000000001 36.913 20.0 0.0096645 0.15813550000000004 2.0 0
1 0 1 0 41.35 47.036115 36.0 0.0002264 0.0005 4.0 0
0 0 1 0 57.7325 52.7124 8.7 0.32098735165000003 0.0 20.0 0
0 0 0 1 47.4875 44.400904999999995 24.0 0.0038261 0.128127 2.4 0
0 0 0 1 49.4105 46.240134999999995 13.0 0.045201 0.12489949999999998 2.55 0
1 0 1 1 27.18 44.84812599999999 14.0 0.034793 0.19097 2.0 0
1 1 1 1 60.0 60.0 27.0 0.0017226 0.00083 1.0 1
0 0 0 1 46.8555 38.116595 18.0 0.014573 0.0696445 2.15 0
0 1 0 0 56.915499999999994 60.0 25.95 0.048109184031000014 1.0 1.0 0
0 0 0 1 51.612 48.508345 14.0 0.037696 0.1387855 4.4 0
0 1 0 0 50.35447767066693 44.52678267539525 24.651144857041167 0.09658699853529934 0.10095995499099822 3.9706941388277657 0
0 0 1 0 44.7025 45.49788 17.2 0.0403706715 0.04084 2.0 0
0 0 0 1 46.712 53.5 9.0 0.10256 0.05239 3.0 0
0 0 0 1 55.85350000000001 57.38250000000001 76.0 2.4165e-08 0.00019850000000000003 1.7 0
0 0 1 0 49.171 44.113530000000004 21.05 0.035825864500000006 0.00717 2.0 0
0 0 0 1 28.5 39.63271999999999 18.0 0.013815 0.113438 1.95 0
0 0 0 1 46.295500000000004 41.49228000000001 6.0 0.24286 0.16442700000000002 4.35 0
0 0 0 1 48.7855 45.199774999999995 21.0 0.0070074 0.070568 1.75 0
0 0 1 0 46.590500000000006 38.725615 15.25 0.06039986000000001 0.02046 1.0 0
0 0 0 1 57.86 58.78884000000001 164.0 3.2796e-17 0.0 1.65 0
0 0 0 1 50.88799999999999 33.20735 6.0 0.20979 0.62046 2.0 0
0 0 0 1 46.6905 47.10562 13.0 0.046133 0.10433700000000001 3.05 0
0 0 0 1 49.3255 50.88462 39.0 0.00010106 0.022619 1.95 0
0 1 0 0 48.0045 59.821 23.3 0.32561048178875496 0.0 1.0 0
0 0 1 0 47.764500000000005 48.51733500000001 1.0 0.75556 0.0 2.0 0
0 1 0 0 50.35447767066693 44.52678267539525 24.651144857041167 0.09658699853529934 0.10095995499099822 3.9706941388277657 0
0 0 1 0 56.50750000000001 55.33380999999999 39.6 0.27223963912045207 0.0 4.0 0
1 0 0 0 55.39 55.25443 17.65 0.0486952385 0.06941850000000001 1.55 0
0 0 1 0 57.641000000000005 52.727845 13.0 0.48482393000011614 0.0 12.0 0
0 0 0 1 46.4495 48.30608500000001 17.0 0.015857 0.15525000000000003 3.4 0
0 0 0 1 46.34250000000001 34.5522155 5.0 0.27586 0.1830955 2.95 0
0 0 0 1 51.47149999999999 47.653225 62.0 5.4184e-07 0.009673999999999999 2.3 0
0 0 0 1 45.8135 40.092009999999995 25.0 0.0031555 0.34396 4.0 0
0 0 0 1 47.959999999999994 47.15337 19.0 0.010387 0.0970315 3.15 0
0 0 0 1 48.518 34.2330675 2.0 0.56217 0.157123 6.0 0
0 0 0 1 48.794500000000006 46.916039999999995 19.0 0.010124 0.10835900000000001 2.2 0
0 0 1 0 47.25 49.923185000000004 20.0 0.06145417234999999 0.00834 1.0 0
1 0 0 0 54.17 51.16424 13.2 0.12300597000000002 0.30283 2.0 0
0 1 0 0 51.186499999999995 56.4953 13.0 0.1032591 0.03042 5.0 0
0 1 1 0 50.016999999999996 42.0455 5.85 0.40277484999999996 0.0 17.0 0
0 0 0 1 49.25 31.323709999999995 6.0 0.20714 0.37453 2.0 0
0 0 0 1 57.666 58.69863 79.0 1.1294e-08 0.0058275 2.15 0
0 0 0 1 46.91 39.557145 8.0 0.15775 0.13631849999999998 5.1 0
0 0 1 0 50.2065 44.52681 19.4 0.07577673199000001 0.00603 1.0 0
0 0 0 1 46.96 44.421695 14.0 0.036156 0.13776 1.0 0
0 0 1 0 44.4335 43.75915 14.4 0.12923355148 0.2439 2.0 0
0 0 0 1 46.1515 40.260104999999996 14.0 0.038906 0.1841285 2.2 0
0 0 1 0 48.6965 49.273825 5.0 0.30807 0.00633 1.0 0
0 0 1 0 45.537 41.95964 8.0 0.14853 0.114 1.0 0
0 1 0 0 41.37 42.738665 22.3 0.10115601554999998 0.00272 1.0 0
0 0 0 1 48.239000000000004 45.464414999999995 15.0 0.030306 0.21614399999999998 1.9 0
0 0 0 1 49.29899999999999 43.1506885 13.0 0.048324 0.1222905 3.25 0
0 0 1 0 58.6 56.682714999999995 1.0 0.7181 0.0 11.0 0
0 0 0 1 47.9275 41.70426500000001 9.0 0.10445 0.11365099999999999 3.85 0
1 1 1 0 60.0 60.0 58.0 1.3199e-06 0.0 1.0 1
0 0 0 1 48.2 44.119895 22.0 0.0059419 0.08892149999999999 1.9 0
0 0 0 1 48.0315 46.077385 14.0 0.033366 0.173163 2.65 0
0 0 0 1 49.445499999999996 45.4696815 15.0 0.027108 0.097979 1.95 0
0 0 0 1 44.338499999999996 49.98163 17.0 0.017492 0.29013 2.0 0
0 0 0 1 40.429500000000004 59.795015 253.0 4.8496e-26 0.0 1.95 0
0 1 1 1 46.166000000000004 43.4194 20.0 0.0091061 0.00015 3.0 0
0 0 0 1 52.0 47.64411 13.0 0.043707 0.25668149999999995 2.85 0
0 1 0 0 46.1725 23.0 9.0 0.10023 0.1528 3.0 0
0 0 1 0 49.328500000000005 53.68411 6.2 0.58414086 0.0 8.0 0
0 0 0 1 46.976 45.378235000000004 31.0 0.00077996 0.05531100000000001 1.85 0
1 0 0 0 59.85 59.700900000000004 82.05 0.003726106507273977 0.011079499999999999 2.65 0
0 0 0 1 47.448 42.183544999999995 22.0 0.0052537 0.0567585 2.1 0
0 0 0 1 49.433499999999995 44.185086 11.0 0.074406 0.25827 2.0 0
0 0 0 1 48.329 46.96721 43.0 4.2212e-05 0.005247 2.55 0
0 1 0 0 58.71 60.0 30.8 0.0107305821155 0.00935 2.0 0
0 0 0 1 46.3325 42.861606 14.0 0.039369 0.20111 2.0 0
1 0 0 0 55.89 57.1529 18.75 0.042825165250000005 0.037565 2.85 0
0 0 0 1 50.07 45.78436 15.0 0.026692 0.0650415 2.25 0
0 0 0 1 49.914 44.57084 27.0 0.0019942 0.027532499999999998 2.1 0
0 0 1 0 57.7325 47.21576 6.15 0.34756381500000005 0.0 26.0 0
0 0 0 1 48.558499999999995 44.40538 17.0 0.016668 0.077394 2.6 0
0 0 1 0 58.302 52.8424 54.45 0.13475244650142015 0.0 2.0 0
0 0 0 1 48.6115 48.163489999999996 19.0 0.010443 0.05807199999999999 3.1 0
1 0 0 0 59.51 59.38663499999999 57.55 0.03305532994910641 0.0705455 3.65 0
0 1 0 0 50.35447767066693 44.52678267539525 24.651144857041167 0.09658699853529934 0.10095995499099822 3.9706941388277657 0
0 1 1 0 48.884 53.1667 12.0 0.052516 0.00081 2.0 0
0 0 1 0 40.59 34.1382 13.65 0.1621974725 0.04113 1.0 0
0 0 0 1 46.295500000000004 41.49228000000001 6.0 0.2419 0.12960950000000002 4.45 0
0 0 0 1 47.553000000000004 46.49662 19.0 0.012145 0.0545795 2.8 0
0 0 0 1 46.8285 45.9333 30.0 0.00080478 0.01126 1.0 0
1 0 0 0 60.0 59.99189 98.0 0.016234179471986653 4.2000000000000004e-05 1.85 0
0 0 0 1 50.190000000000005 47.93954500000001 13.0 0.040177 0.18642350000000002 2.15 0
0 0 0 1 49.66199999999999 48.18495 11.0 0.068276 0.126749 3.05 0
0 1 0 0 43.6585 7.5 10.25 0.19006172999999998 1.0 3.0 0
0 1 1 1 48.976 44.92227000000001 20.0 0.0089191 0.01056 3.0 0
0 0 0 1 47.8335 48.28611 29.0 0.0010055 0.0347595 1.95 0
0 0 0 1 47.378499999999995 48.743425 38.0 0.00014525 0.04743449999999999 2.3 0
0 0 0 1 47.224 55.7188 7.0 0.17506 0.13826 3.0 0
0 1 0 0 55.907500000000006 57.1625 19.6 0.12074866688343763 0.0242895 3.7 0
1 0 0 0 59.05 59.13624 18.05 0.13841275865379 0.08706850000000001 2.05 0
0 0 1 0 49.8825 48.024395 0.0 0.79797 0.0 1.0 0
0 0 0 1 52.81 43.36955 13.0 0.041912 0.10433699999999999 1.9 0
0 0 0 1 56.763 59.795015 205.0 3.0368999999999996e-21 0.0 1.9 0
0 0 0 1 55.089 51.07089 65.0 2.8518e-07 0.024508 2.7 0
0 0 0 1 48.21849999999999 48.03162999999999 6.0 0.22807 0.0 7.0 0
0 0 0 1 48.523 46.517084999999994 18.0 0.015167 0.1458005 2.15 0
0 0 1 0 47.259499999999996 32.955245 6.0 0.23289 0.23077 1.0 0
0 0 0 1 47.770500000000006 47.896075 11.0 0.073387 0.09317 1.0 0
0 0 0 1 36.97 28.418994999999995 255.0 0.0 0.1375765 1.8 0
0 1 0 0 48.00399999999999 57.2131 19.4 0.1022060132 0.00694 2.0 0
0 0 0 1 56.07500000000001 60.0 60.0 8.8067e-07 0.1915395 3.1 0
0 0 1 0 51.029 57.607115 3.7 0.52156275 0.0 6.0 0
0 1 0 0 59.8845 60.0 51.4 0.13680397870097638 0.061791 2.85 0
0 0 0 1 57.568000000000005 55.359455000000004 74.0 3.2703e-08 0.00026999999999999995 1.7 0
0 0 0 1 45.7255 55.5794 16.0 0.021103 0.01505 2.0 0
0 0 1 0 47.7215 47.57577499999999 4.0 0.35219 0.0 20.0 0
0 0 0 1 51.7395 50.060551499999995 32.0 0.00056236 0.04939699999999999 2.5 0
0 1 1 1 49.19 59.3125 23.0 0.00448 8e-05 2.0 0
0 1 0 0 56.7915 57.4722 16.9 0.151402312704 0.05931299999999999 4.25 0
0 0 1 0 43.58 44.14407 16.3 0.09968838549999999 0.00747 1.0 0
0 0 0 1 51.9605 45.75575 23.0 0.0044822 0.10102649999999999 2.05 0
1 0 0 0 44.81 33.871325 22.35 0.034542143119249996 0.06028599999999999 2.3 0
0 0 0 1 50.367999999999995 47.955020000000005 20.0 0.0079889 0.0866085 2.0 0
0 0 0 1 46.6145 46.53777 13.0 0.046047 0.113497 2.85 0
0 0 0 1 48.84 48.42768 17.0 0.01833 0.07410449999999999 2.1 0
0 0 0 1 50.7155 48.078885 14.0 0.037827 0.13543049999999995 4.55 0
0 0 0 1 47.169 42.050667000000004 4.0 0.383 0.0682085 5.0 0
0 0 0 1 46.225500000000004 39.412710000000004 17.0 0.017178 0.10638600000000001 2.7 0
0 1 0 0 50.35447767066693 44.52678267539525 24.651144857041167 0.09658699853529934 0.10095995499099822 3.9706941388277657 0
0 0 1 0 59.947500000000005 58.182465 81.15 0.05852936627391324 0.0 1.0 0
0 0 1 0 49.926 41.61597 0.0 1.0 0.0 10.0 0
0 0 0 1 49.19799999999999 48.5426265 15.0 0.027859 0.0722095 3.1 0
1 0 0 0 16.52 24.285625000000003 55.6 0.11406165106347917 0.20697000000000002 2.25 0
0 0 0 1 49.37800000000001 42.53748 18.0 0.012733 0.15792 1.0 0
1 1 1 0 60.0 60.0 165.0 2.6272e-17 0.0 1.0 1
0 0 0 1 48.148 41.195094999999995 13.0 0.049251 0.02561 2.0 0
0 0 0 1 50.6935 43.15982150000001 15.0 0.026458 0.35425 1.0 0
0 0 1 0 47.1835 48.38493 9.0 0.12344 0.0 2.0 0
0 0 0 1 47.6495 36.825821000000005 32.0 0.00060984 0.08621 2.0 0
0 0 1 0 57.56 54.17863 3.7 0.5274955000000001 0.0 16.0 0
0 0 0 1 49.8555 49.4324 17.0 0.018582 0.04869 1.0 0
1 0 0 0 44.49 35.02031 20.5 0.037308864059999995 0.05216350000000001 2.15 0
0 0 0 1 44.354 38.765665 44.0 3.8439e-05 0.03764 1.0 0
0 0 1 0 48.834500000000006 45.0548 16.25 0.0499514965 0.01965 6.0 0
0 0 0 1 51.212 47.28766 12.0 0.050856 0.056430499999999995 2.1 0
0 1 0 0 49.069 33.773165 6.0 0.24852 0.23923 4.0 0
0 1 0 1 50.150499999999994 30.9704 23.0 0.0041023 0.02098 1.0 0
0 0 1 0 52.4865 60.0 0.0 0.83073 0.0018 5.0 0
0 0 0 1 50.321 48.517720000000004 17.0 0.01932 0.10574449999999999 1.75 0
0 0 0 1 49.914 44.57084 27.0 0.0019128 0.0196225 2.15 0
1 0 0 0 55.19 46.659085 31.0 0.0006798 0.0372215 1.9 0
0 0 1 0 57.641000000000005 52.727845 13.0 0.48482393000011614 0.0 12.0 0
0 0 0 1 50.190000000000005 47.93954500000001 13.0 0.040459 0.17875900000000003 2.65 0
0 0 0 1 46.8555 38.52153499999999 18.0 0.014587 0.0696445 2.15 0
0 0 1 0 50.069 48.002905000000005 11.0 0.076753 0.00342 1.0 0
0 0 0 1 46.474 42.860245 9.0 0.1121 0.16180999999999995 4.75 0
0 0 0 1 53.6245 52.135725 48.0 1.3821e-05 0.00451 1.75 0
0 1 0 0 50.35447767066693 44.52678267539525 24.651144857041167 0.09658699853529934 0.10095995499099822 3.9706941388277657 0
0 1 0 0 54.05649999999999 53.973 17.55 0.14563088377 0.05016349999999999 6.1 0
0 0 0 1 46.295500000000004 41.49228000000001 6.0 0.2439 0.168973 3.35 0
0 0 0 1 46.131499999999996 45.722494999999995 11.0 0.077327 0.09428349999999999 4.45 0
0 0 0 1 45.0065 43.132889 7.0 0.16401 0.19937600000000003 5.4 0
0 0 0 1 47.207499999999996 36.342885 20.0 0.0093656 0.0615425 3.45 0
0 0 0 1 47.751000000000005 51.4571 4.0 0.35968 0.46017 3.0 0
0 0 1 1 46.372499999999995 34.85955499999999 9.0 0.11996 0.19313 3.0 0
0 0 0 1 48.688 37.670715 10.0 0.081731 0.12498600000000001 3.1 0
1 0 0 0 60.0 59.99189 98.0 0.016234179471986653 4.2000000000000004e-05 1.85 0
0 0 0 1 49.7315 42.7237 14.0 0.037096 0.11437 2.0 0
0 0 1 0 50.862500000000004 59.087 19.0 0.010716 0.00548 1.0 0
0 0 0 1 48.385999999999996 25.0976 21.0 0.0068126 0.01416 1.0 0
0 0 1 0 46.89999999999999 48.412304999999996 8.0 0.14137 0.00149 2.0 0
1 0 0 0 60.0 59.99189 98.0 0.016234179471986653 4.2000000000000004e-05 1.85 1
0 0 0 1 50.029999999999994 46.60812 14.0 0.036956 0.120474 2.15 0
0 0 0 1 59.907500000000006 59.12228 112.0 5.2455e-12 0.0 2.0 0
0 0 0 1 48.342 45.256865 43.0 4.8341e-05 0.008214500000000001 2.6 0
0 0 0 1 45.32449999999999 41.96834500000001 3.0 0.47895 0.11603400000000001 3.8 0
1 1 1 0 60.0 60.0 79.0 1.1134e-08 0.0 1.0 1
0 0 0 1 43.657000000000004 59.795015 217.0 1.5941e-22 0.0 1.95 0
0 0 1 0 57.7325 52.7124 7.0 0.3323796899999999 1e-05 20.0 0
0 0 0 1 43.855000000000004 52.462934999999995 17.0 0.017179 0.0 8.0 0
1 1 1 0 60.0 60.0 109.0 1.0204e-11 0.0 2.0 1
0 0 0 1 46.564 43.59316450000001 36.0 0.00020345 0.0417425 2.2 0
1 0 0 0 59.23 59.56 9.55 0.226909655 0.33706 1.0 0
0 0 1 0 46.576499999999996 42.157565 15.65 0.04928799499999999 0.0324 3.0 0
0 1 0 0 48.826 49.17996 37.0 0.00019072 0.00016 1.0 0
1 0 0 0 59.83 59.70284499999999 81.05 0.0032433486954539766 0.011612500000000001 2.7 0
0 0 1 1 45.064 41.97928399999999 5.0 0.29549 0.01805 0.0 0
0 0 0 1 49.0575 42.85311 19.0 0.01135 0.119194 2.75 0
0 1 0 0 55.7 59.7667 18.35 0.1123220645 0.00366 1.0 0
0 0 1 0 53.510000000000005 60.0 0.0 1.0 0.0 4.0 0
1 0 0 0 57.49 58.70059 15.2 0.113251115 0.07303050000000001 2.0 0
1 1 1 0 60.0 60.0 105.0 2.7912e-11 0.0 2.0 1
0 0 0 1 49.222500000000004 40.99992999999999 6.0 0.22445 0.21521150000000003 4.25 0
0 0 0 1 49.0945 45.420208499999994 13.0 0.048482 0.128325 3.05 0
0 0 0 1 45.89000000000001 43.526905 14.0 0.038914 0.06298 1.0 0
0 0 0 1 49.19800000000001 48.682061499999996 15.0 0.027943 0.09213 2.75 0
0 1 0 0 42.782500000000006 27.8224 5.0 0.26034 0.09912 2.0 0
1 1 1 0 60.0 60.0 196.0 2.1631e-20 0.0 4.0 1
0 0 1 0 49.698 42.791 4.0 0.35156 0.01877 3.0 0
1 0 0 0 54.29 54.43173 18.2 0.026437212000000005 0.056657 2.2 0
0 0 1 0 50.709999999999994 40.507925 23.0 0.0040562 0.62857 1.0 0
0 1 0 0 47.562 46.9915 12.0 0.054147 0.0982285 5.0 0
0 0 1 0 49.88250000000001 48.024395 5.0 0.27858 0.0 1.0 0
1 0 0 0 60.0 59.99189 98.0 0.016234179471986653 4.2000000000000004e-05 1.85 0
0 0 0 1 50.697500000000005 49.54974500000001 17.0 0.019519 0.1318765 1.7 0
0 0 1 0 43.99250000000001 36.794821500000005 8.0 0.13795 0.13249 2.0 0
0 0 0 1 48.9315 47.60380000000001 17.0 0.018591 0.0910555 2.8 0
0 0 0 1 49.504000000000005 42.98617500000001 16.0 0.022302 0.08540899999999998 2.2 0
1 0 0 1 49.24 46.594925 28.0 0.0013476 0.050151999999999995 2.4 0
0 1 0 0 50.35447767066693 44.52678267539525 24.651144857041167 0.09658699853529934 0.10095995499099822 3.9706941388277657 0
0 0 0 1 48.741499999999995 42.38736 15.0 0.031199 0.101338 2.45 0
0 0 1 0 46.628 41.10780999999999 22.15 0.0300394948 0.0043 2.0 0
0 0 1 1 49.0005 45.696455 20.0 0.009878 0.00664 1.0 0
1 0 0 0 59.36 58.959655 46.9 0.07935336896890642 0.081018 4.0 0
1 1 0 1 57.87 43.230495000000005 14.0 0.032293 0.05889 1.0 0
1 0 0 0 43.16 32.94016 18.3 0.082270644 0.12719000000000005 2.4 0
1 0 1 1 44.95 43.26607 29.0 0.0012204 0.00831 3.0 0
0 0 0 1 57.15 45.24376 18.0 0.015254 0.1741685 2.65 0
0 0 0 1 50.367999999999995 47.955020000000005 20.0 0.0079997 0.0866085 2.0 0
0 1 0 1 50.2265 43.44700000000001 17.0 0.018817 0.00317 3.0 0
0 0 0 1 48.74849999999999 41.453754999999994 19.0 0.011035 0.06437 1.0 0
0 0 0 1 47.504999999999995 49.78732 29.0 0.0011193 0.07249749999999999 2.2 0
0 1 0 0 49.49 55.0842 15.0 0.030591 0.00717 1.0 0
0 0 0 1 56.12 42.841435000000004 22.0 0.0050236 0.051812500000000004 2.05 0
0 0 0 1 49.3255 50.88462 39.0 0.00010234 0.022619 1.95 0
0 0 0 1 49.298500000000004 44.11989500000001 22.0 0.0059646 0.07836349999999999 2.0 0
0 0 1 0 50.020500000000006 40.806034 19.3 0.0308656449 0.02586 1.0 0
0 0 0 1 46.4345 45.840605 13.0 0.047455 0.01279 3.0 0
0 1 1 0 49.328500000000005 53.68411 6.2 0.58414086 0.0 8.0 0
0 0 0 1 52.35 49.47235499999999 16.0 0.021119 0.12470299999999997 1.95 0
0 0 0 1 46.005 39.844139999999996 17.0 0.017267 0.1189705 2.75 0
1 0 0 0 57.24 58.912099999999995 17.45 0.020666645 0.08432500000000001 2.4 0
0 0 0 1 49.351000000000006 45.13709000000001 27.0 0.0018324 0.031310000000000004 2.6 0
1 0 0 0 59.94 59.81334999999999 68.7 0.0031350014201200005 0.0157205 1.65 0
0 1 0 0 43.2045 2.0 7.3 0.28040025 1.0 2.0 0
0 0 0 1 43.26 37.7379005 19.0 0.010991 0.023770499999999996 2.35 0
0 0 0 1 47.663 38.0274495 16.0 0.024468 0.13973 2.0 0
0 0 0 1 46.69500000000001 46.830645000000004 9.0 0.10966 0.16493649999999999 3.65 0
0 0 0 1 54.83 40.07666 20.0 0.0092174 0.08353700000000001 1.9 0
0 0 0 1 49.062 50.02004 15.0 0.025726 0.0904615 2.05 0
0 0 0 1 48.081 46.500835 22.0 0.0062775 0.118592 2.15 0
0 0 0 1 48.13350000000001 50.4789 41.0 7.0086e-05 0.07736950000000001 1.9 0
0 0 0 1 50.31699999999999 45.38406500000001 27.0 0.0017463 0.0708145 2.35 0
0 0 0 1 49.966 37.984345000000005 6.0 0.21576 0.12764999999999999 3.4 0
0 0 1 0 46.702999999999996 46.330884999999995 3.0 0.42105 1e-05 20.0 0
1 0 0 0 58.1 58.73285500000001 20.4 0.0494847201487 0.0867415 2.75 0
1 0 0 0 43.33 33.543704999999996 21.05 0.0165943724 0.07318749999999999 2.05 0
1 0 0 0 60.18 59.964864999999996 113.55 0.019590649064114757 0.029876000000000003 2.45 0
0 1 0 0 45.864000000000004 10.333932 7.15 0.40509988999999996 1.0 2.0 0
0 0 0 1 49.914 42.913734999999996 27.0 0.0018575 0.03188149999999999 2.4 0
0 0 0 1 48.328500000000005 47.15337 19.0 0.010409 0.08698 3.2 0
0 1 0 0 48.6015 51.233129999999996 15.0 0.025866 0.09467600000000001 2.25 0
0 0 1 0 46.094500000000004 42.696304999999995 6.0 0.24885 0.01402 1.0 0
0 0 0 1 47.82899999999999 38.088274999999996 18.0 0.014764 0.05075600000000001 1.85 0
0 0 0 1 47.66 34.81564 29.0 0.0011024 0.04361 1.0 0
0 0 1 0 36.36 42.44031 15.55 0.12898978449999998 0.17647 1.0 0
0 0 0 1 47.7325 37.05593999999999 18.0 0.014669 0.0441815 1.95 0
0 0 0 1 49.445499999999996 45.4696815 15.0 0.027118 0.09797900000000001 1.95 0
1 0 0 0 50.17 43.7534 3.0 0.5 0.55104 1.0 0
0 0 0 1 44.597500000000004 36.5397665 7.0 0.18355 0.141131 5.9 0
0 0 1 0 57.641000000000005 52.727845 13.0 0.48482393000011614 0.0 12.0 0
0 0 0 1 48.035999999999994 54.2649 26.0 0.0022243 0.11031 1.0 0
0 0 0 1 48.824 48.122065000000006 26.0 0.0021943 0.057956999999999995 2.05 0
0 0 0 1 56.1915 58.78884000000001 157.0 1.7156e-16 0.0 1.9 0
1 0 0 0 55.0 55.955034999999995 18.85 0.029985456 0.038180000000000006 2.0 0
0 1 0 0 50.20100000000001 47.9107 15.35 0.168510755 0.096024 3.55 0
0 0 0 1 46.822500000000005 42.3515915 5.0 0.30769 0.33088 3.0 0
0 1 1 0 45.1065 53.19070999999999 14.3 0.2826423074 0.00462 7.0 0
0 0 0 1 45.267 44.059415 16.0 0.023695 0.1931945 2.15 0
0 0 0 1 47.169 47.90412 4.0 0.37558 0.15161149999999998 4.0 0
0 0 1 0 38.35 39.404785 15.35 0.0927322325 0.13241 2.0 0
1 1 1 0 60.0 60.0 88.0 1.3204e-09 0.0 1.0 1
0 0 0 1 49.248 46.80627 16.0 0.021467 0.11756649999999998 1.65 0
0 0 0 1 50.368 47.95502 20.0 0.0081278 0.12784900000000002 1.9 0
1 0 0 0 33.36 26.217360000000003 19.85 0.051261287150000015 0.13956700000000002 1.75 0
0 0 0 1 51.283 53.639709999999994 50.0 8.9506e-06 0.0344885 1.5 0
1 0 0 0 60.0 59.99189 98.0 0.016234179471986653 4.2000000000000004e-05 1.85 0
0 0 0 1 12.38 45.743405 14.0 0.032267 0.11007950000000002 2.75 0
0 0 0 1 46.30199999999999 57.7632 5.0 0.26795 0.5 16.0 0
0 0 0 1 49.799499999999995 45.86222 30.0 0.00083679 0.05577399999999999 2.25 0
0 0 0 1 49.142999999999994 45.093774999999994 11.0 0.064826 0.13928 1.0 0
0 0 1 1 45.813500000000005 46.633675 25.0 0.0026487 0.02321 3.0 0
0 0 0 1 48.093 30.6304 40.0 8.8765e-05 0.00079 1.0 0
0 0 0 1 48.66949999999999 46.226055 20.0 0.0091332 0.06783 2.15 0
0 0 0 1 48.2565 47.084095 15.0 0.030205 0.16635799999999998 1.9 0
0 0 0 1 48.3875 48.552755 29.0 0.0011583 0.11811400000000001 1.6 0
0 0 0 1 50.356500000000004 50.21257 17.0 0.018506 0.096886 2.05 0
0 0 0 1 45.709999999999994 48.660745000000006 28.0 0.0014241 0.054091499999999994 2.15 0
1 0 0 0 53.81 52.57301 21.65 0.024400876355000004 0.047487 2.15 0
1 1 1 0 60.0 60.0 85.0 3.1013e-09 0.0 2.0 1
0 0 0 1 50.948499999999996 45.07096 23.0 0.0039878 0.10860599999999998 2.0 0
0 0 0 1 49.548500000000004 40.164831500000005 14.0 0.03358 0.10901 2.0 0
1 0 0 0 52.73 32.788615500000006 5.0 0.26347 0.14735649999999997 4.3 0
1 0 0 0 60.0 59.99189 98.0 0.016234179471986653 4.2000000000000004e-05 1.85 0
0 0 0 1 48.989 46.659515000000006 31.0 0.00067968 0.0234315 2.05 0
0 0 0 1 46.29549999999999 41.49228000000001 6.0 0.24359 0.17010850000000002 4.3 0
1 0 0 0 48.12 41.136625 36.55 0.032722689525730354 0.045263000000000005 1.75 0
0 1 0 1 49.5395 60.8861 15.0 0.028072 0.11056550000000001 3.1 0
0 0 0 1 50.71 42.94001000000001 23.0 0.004104 0.04119 2.0 0
0 0 0 1 46.5625 33.8662125 2.0 0.53216 0.38396 1.0 0
0 0 1 0 57.7325 54.594800000000006 4.15 0.5183761 0.0001 17.0 0
1 0 0 0 43.16 32.94016 18.3 0.082270644 0.12719000000000005 2.4 0
0 0 0 1 57.85 47.96992000000001 17.0 0.019126 0.10906950000000001 2.75 0
0 0 0 1 48.167 46.534074999999994 15.0 0.030502 0.1954345 2.0 0
0 0 0 1 47.178999999999995 38.81 13.0 0.0476 0.36402 2.0 0
0 0 1 0 59.947500000000005 58.182465 81.15 0.05852936627391324 0.0 1.0 0
0 0 0 1 45.14 32.4749775 28.0 0.0015668 0.35714 2.0 0
0 0 0 1 59.074500000000015 55.488339999999994 71.0 7.4808e-08 8.000000000000001e-06 2.05 0
0 0 0 1 45.460499999999996 38.4789215 7.0 0.19632 0.20668249999999996 3.8 0
0 0 0 1 40.99 45.707803 16.0 0.024876 0.03008 2.0 0
0 1 0 0 50.35447767066693 44.52678267539525 24.651144857041167 0.09658699853529934 0.10095995499099822 3.9706941388277657 0
0 0 1 0 50.5815 38.3846 11.65 0.14831747499999998 0.39286 5.0 0
0 0 0 1 53.3405 52.292245 54.0 3.2464e-06 0.003967499999999999 3.55 0
0 0 0 1 46.843 59.8374 27.0 0.0016987 0.26967 1.0 0
0 0 0 1 47.5005 46.68956000000001 19.0 0.012038 0.10782650000000002 2.5 0
0 0 1 0 44.393 42.220549999999996 14.95 0.12933726265 0.12854 1.0 0
1 1 1 0 60.0 60.0 88.0 1.3303e-09 0.0 2.0 1
0 0 0 1 46.3485 43.70045650000001 10.0 0.09203 0.081541 5.45 0
0 0 0 1 48.0375 40.304395 16.0 0.023021 0.055945 2.7 0
0 0 0 1 53.327999999999996 47.41203 47.0 1.801e-05 0.024879000000000002 1.85 0
0 0 1 0 48.057 36.480215 17.65 0.0853916235 0.01332 1.0 0
0 1 0 0 48.512499999999996 46.0884 21.0 0.0068483 0.02632 2.0 0
0 0 1 0 51.029 57.607115 3.7 0.52156275 0.0 6.0 0
0 0 0 1 49.777 48.837325 24.0 0.0036798 0.10068149999999998 3.25 0
0 0 0 1 44.852 43.937605000000005 14.0 0.039528 0.092798 3.55 0
0 0 0 1 48.081 46.500834999999995 22.0 0.0061332 0.1328985 2.35 0
0 0 1 0 48.123999999999995 40.95426 15.95 0.074121665 0.06187 1.0 0
1 0 0 0 60.0 59.99189 98.0 0.016234179471986653 4.2000000000000004e-05 1.85 0
0 0 0 1 45.92 44.290800000000004 16.0 0.024093 0.09672300000000002 4.25 0
0 0 0 1 45.153 45.95666 13.0 0.043596 0.21742649999999997 2.9 0
0 0 0 1 47.993 40.8976825 25.0 0.0031301 0.10614100000000001 2.2 0
0 0 0 1 55.089 51.066050000000004 65.0 3.0972e-07 0.024508 2.7 0
0 0 0 1 49.005500000000005 46.513295 21.0 0.0070767 0.05791900000000001 2.4 0
0 0 0 1 56.1915 58.812290000000004 152.0 6.1869e-16 0.0 2.0 0
1 0 0 0 53.9 52.44354499999999 18.75 0.07618213965500001 0.076658 1.95 0
1 0 0 0 40.73 29.236694999999997 18.7 0.05786783799999999 0.10597649999999999 2.1 0
0 1 0 0 53.971000000000004 54.8242 21.2 0.07964082665092369 0.0647055 6.7 0
0 0 0 1 48.809000000000005 42.420114999999996 18.0 0.013947 0.093733 1.9 0
1 0 0 1 57.54 36.1049 20.0 0.0087627 0.01499 1.0 0
0 0 0 1 45.0065 43.132889 7.0 0.16374 0.18199300000000002 5.3 0
0 0 0 1 50.221999999999994 49.026855 19.0 0.011703 0.143368 2.0 0
0 0 1 0 49.025 55.81824499999999 1.0 0.63932 0.00028 10.0 0
0 0 0 1 46.649 59.5556 14.0 0.031832 0.00497 4.0 0
0 0 0 1 50.051 46.27327 15.0 0.029983 0.1884845 2.3 0
0 0 1 0 44.4825 42.057215 10.85 0.15055205 0.14264 1.0 0
0 0 0 1 54.97 41.1284215 15.0 0.028758 0.09959 2.0 0
0 0 1 0 49.6425 50.188179999999996 8.0 0.13315 0.0 11.0 0
0 0 0 1 49.035999999999994 46.755399999999995 15.0 0.026947 0.103647 1.6 0
0 0 0 1 43.79 45.13453 19.0 0.012418 0.08640049999999999 2.35 0
0 0 0 1 32.65 43.127089999999995 14.0 0.033599 0.132692 2.8 0
0 0 1 0 53.5225 45.27395 20.05 0.023720654 0.00613 3.0 0
1 0 0 1 48.22 46.33935 23.0 0.0046754 0.00434 2.0 0
1 0 0 1 49.11 46.706644999999995 16.0 0.023944 0.12732749999999998 4.2 0
1 0 0 0 48.15 41.537725 37.25 0.025790576025730354 0.043874500000000004 1.7 0
1 0 0 0 42.19 30.815970000000004 25.1 0.012561572874499998 0.07187950000000001 1.6 0
0 0 0 1 46.35950000000001 36.911789999999996 9.0 0.11412 0.2879 1.0 0
0 0 1 1 50.928999999999995 45.99159 30.0 0.00093609 0.00446 1.0 0
0 0 0 1 49.091499999999996 49.663445 15.0 0.025745 0.1011675 2.05 0
0 0 1 1 48.083 45.23734500000001 18.0 0.014152 0.00031 4.0 0
0 0 0 1 45.25350000000001 49.13462 13.0 0.043007 0.0943475 2.7 0
0 0 0 1 46.448499999999996 44.776898 4.0 0.32971 0.130324 3.35 0
0 0 0 1 52.58449999999999 60.0 58.0 1.4938e-06 0.25184 2.0 0
0 1 0 0 46.66 56.59173500000001 8.4 0.42486508450000005 0.00031 6.0 0
0 1 0 0 58.12 60.0 9.0 0.10304 0.18604 2.0 0
0 0 1 0 46.254 56.225855 7.95 0.5141914335279999 0.00026 7.0 0
1 0 0 1 60.0 49.56100499999999 24.0 0.0036142 0.086574 3.25 1
0 1 0 0 38.38 19.3143 16.75 0.0809709875 0.06113 1.0 0
1 0 0 0 45.02 33.09028000000001 22.05 0.026857421377774998 0.045607 2.3 0
0 0 0 1 46.732 40.65962 20.0 0.0098042 0.065198 2.45 0
0 0 0 1 49.483999999999995 49.015460000000004 29.0 0.00125 0.0333155 1.6 0
1 0 0 0 43.01 33.454935000000006 3.0 0.42918 0.217977 3.45 0
0 0 0 1 46.4485 44.776898 4.0 0.32386 0.119941 4.3 0
0 0 0 1 51.076499999999996 42.369305000000004 13.0 0.040851 0.1357025 2.55 0
0 0 1 0 43.417 40.79491 16.05 0.0526310755 0.09493 1.0 0
0 1 0 0 50.18749999999999 44.674705 11.0 0.064681 0.10465149999999998 4.65 0
1 0 0 0 39.13 33.263346 9.0 0.1213 0.20891 2.0 0
0 0 1 0 50.581500000000005 17.1 6.2 0.48417439790000005 0.0 5.0 0
0 0 0 1 50.10800000000001 44.573731499999994 15.0 0.026661 0.06514 12.0 0
0 0 0 1 58.54350000000001 60.0 27.0 0.001889 0.11386700000000001 3.55 0
0 1 0 0 48.00450000000001 50.5672 22.5 0.412339864555721 0.0 1.0 0
0 0 0 1 49.950500000000005 22.069 18.0 0.013779 0.09631 3.0 0
0 1 0 0 39.68849999999999 28.0 19.85 0.11756214055999999 0.0886895 1.9 0
0 0 0 1 48.099 49.036255000000004 13.0 0.042146 0.155723 2.7 0
0 0 1 0 46.254 56.401025000000004 5.9 0.6651451235279999 0.0 7.0 0
0 0 0 1 47.53699999999999 46.916039999999995 19.0 0.010245 0.097957 2.25 0
0 0 0 1 48.055 41.748262499999996 2.0 0.57842 0.1431195 6.55 0
0 0 0 1 49.4495 60.0 35.0 0.00025807 0.01605 1.0 0
0 0 0 1 48.711499999999994 48.122065 26.0 0.0021893 0.05416150000000001 2.1 0
0 0 0 1 46.69499999999999 46.830645000000004 9.0 0.10988 0.1686625 3.65 0
0 0 0 1 43.2595 35.334680000000006 5.0 0.25206 0.1949715 4.4 0
1 1 1 0 60.0 60.0 171.0 7.4417e-18 0.0 2.0 1
0 1 1 0 49.0405 57.925 17.75 0.17693733500000003 0.00068 1.0 0
1 0 0 0 60.0 59.99189 98.0 0.016234179471986653 4.2000000000000004e-05 1.85 0
0 0 0 1 48.741499999999995 40.62337000000001 15.0 0.031095 0.059856999999999994 2.6 0
0 0 0 1 45.206500000000005 34.57062549999999 5.0 0.27264 0.15436100000000003 4.05 0
0 0 0 1 50.637 46.26911 24.0 0.0034647 0.42189 5.0 0
0 0 1 0 44.962500000000006 40.39055499999999 15.0 0.051249785000000006 0.09092 4.0 0
0 0 0 1 47.23199999999999 31.695779999999996 20.0 0.0094615 0.09923599999999999 3.4 0
0 0 0 1 45.6715 56.9431 14.0 0.038796 0.21301 1.0 0
0 0 0 1 45.078500000000005 44.43256 28.0 0.0012881 0.0562885 2.25 0
0 0 0 1 48.329 46.967209999999994 43.0 4.468e-05 0.009773500000000001 2.6 0
0 0 0 1 49.322500000000005 41.986644999999996 15.0 0.028916 0.12486699999999999 1.95 0
0 0 0 1 47.926500000000004 44.091975 18.0 0.015832 0.09318 1.0 0
0 1 0 1 46.4385 55.8558 20.0 0.0099722 0.042 1.0 0
0 0 0 1 46.009 45.774255000000004 21.0 0.0066095 0.049118499999999995 2.3 0
0 0 0 1 48.896 42.880535 13.0 0.044904 0.14890849999999994 1.8 0
0 0 0 1 49.3525 47.774545 17.0 0.018688 0.082974 2.75 0
1 0 0 0 45.2 40.719460000000005 12.4 0.13779439 0.3482 5.0 0
0 0 1 0 48.211 42.837675000000004 24.2 0.03505846457777499 0.00194 1.0 0
1 1 1 1 60.0 60.0 29.0 0.0010513 0.00104 2.0 1
0 1 0 0 50.35447767066693 44.52678267539525 24.651144857041167 0.09658699853529934 0.10095995499099822 3.9706941388277657 0
0 0 0 1 49.827000000000005 43.2898865 15.0 0.029493 0.33689 3.0 0
0 0 0 1 48.582 45.407084999999995 26.0 0.002158 0.06458499999999999 2.25 0
0 0 0 1 49.500499999999995 33.7123 55.0 2.5246e-06 0.0 1.0 0
1 0 1 0 38.77 45.042314999999995 22.8 0.030830879999999998 0.0168 1.0 0
0 0 0 1 49.266000000000005 44.794455 26.0 0.0024048 0.1132155 2.6 0
0 1 0 0 43.07 31.6824 16.6 0.087299178 0.09728149999999999 2.0 0
0 1 1 0 49.945 29.0696 12.0 0.050788 0.00261 1.0 0
1 0 0 0 56.87 58.616385 19.2 0.04290732549999999 0.06284750000000001 1.75 0
0 0 1 0 23.97 37.554235000000006 11.7 0.18796795500000002 0.12069 1.0 0
0 0 0 1 51.076499999999996 42.369305000000004 13.0 0.040875 0.1340455 2.45 0
0 0 0 1 41.65 44.970794999999995 31.0 0.00078147 0.0674295 1.85 0
0 0 0 1 49.914 44.57084 27.0 0.0019512 0.027532499999999998 2.1 0
0 0 0 1 50.64399999999999 46.608035 12.0 0.058021 0.12702549999999999 2.9 0
0 0 0 1 48.4335 42.77831 24.0 0.0039727 0.0039 1.0 0
0 1 1 1 52.062 59.8642 12.0 0.052006 0.00551 3.0 0
0 0 0 1 47.569 19.301065 3.0 0.46076 0.68792 3.0 0
0 0 0 1 50.715999999999994 47.578955 12.0 0.061089 0.12917300000000004 3.85 0
0 0 0 1 45.19949999999999 21.0727 30.0 0.00081494 0.07262 2.0 0
0 0 0 1 45.964 40.25748 9.0 0.1146 0.16720799999999997 3.7 0
0 1 1 0 52.2145 59.7308 16.6 0.09251085899999999 0.01959 6.0 0
0 0 1 0 57.7325 53.65029500000001 4.7 0.4899218 0.0 17.0 0
0 0 0 1 45.2915 44.92384 28.0 0.0013807 0.049020999999999995 2.25 0
0 0 1 0 44.393 41.244924999999995 16.05 0.08594896264999999 0.1272 1.0 0
0 1 0 1 47.41250000000001 62.358 34.0 0.00034703 0.00032 2.0 0
0 0 0 1 50.31699999999999 48.26901 27.0 0.0016315 0.04361149999999999 1.65 0
0 0 0 1 48.28 44.40538 17.0 0.016647 0.07583300000000001 2.45 0
0 0 0 1 48.8105 48.28537 26.0 0.0022898 0.1437 1.6 0
1 0 0 0 43.76 35.875635 22.5 0.01539861239 0.094742 2.0 0
0 0 1 0 57.67999999999999 52.63616499999999 6.3 0.4266906 0.04594 12.0 0
0 0 0 1 52.324 59.7778 22.0 0.0058459 0.11648 3.0 0
0 0 0 1 51.986000000000004 44.011965000000004 13.0 0.041303 0.091903 2.35 0
0 0 0 1 47.0745 46.857043 4.0 0.33963 0.171145 6.6 0
0 1 0 1 47.646 50.8438 10.0 0.087302 0.12534099999999998 2.8 0
0 0 1 1 49.076499999999996 44.71843500000001 13.0 0.043889 0.00383 4.0 0
0 0 0 1 46.399 46.05327 16.0 0.021175 0.0955695 2.05 0
0 0 0 1 49.69500000000001 49.733059999999995 17.0 0.019655 0.11915799999999999 1.7 0
0 0 0 1 50.673 49.3461315 32.0 0.00053091 0.0486345 2.05 0
0 0 1 0 48.134 42.09546 16.65 0.1017060612 0.00899 1.0 0
0 1 0 0 49.605000000000004 17.984 6.0 0.24903 0.03024 3.0 0
0 0 0 1 45.460499999999996 38.4789215 7.0 0.19269 0.18936950000000002 4.8 0
0 0 0 1 47.653000000000006 58.1556 7.0 0.16794 2e-05 2.0 0
0 1 0 0 53.830999999999996 52.8529 16.35 0.08705009599999998 0.06175700000000002 3.2 0
1 1 1 0 60.0 60.0 168.0 1.5383e-17 0.0 1.0 1
0 0 0 1 48.9515 45.399604999999994 11.0 0.07241 0.14981 3.0 0
0 0 1 0 45.31 39.99763 20.75 0.0508581457 0.00605 2.0 0
0 0 0 1 45.2785 42.255799999999994 17.0 0.017435 0.11797499999999998 2.1 0
0 0 0 1 48.59 48.244725 26.0 0.0021721 0.08092599999999998 2.3 0
0 0 0 1 45.460499999999996 38.0803365 7.0 0.19048 0.1754525 4.2 0
0 0 1 0 44.98 43.75790500000001 14.6 0.07301916249999998 0.13636 2.0 0
0 0 1 0 54.56 38.52162 18.3 0.07059451850000001 0.01342 1.0 0
0 1 0 0 38.81 30.380642500000004 18.3 0.048601006999999995 0.0692845 1.4 0
0 0 0 1 50.21 48.051930000000006 37.0 0.00018841 0.029941000000000002 2.95 0
0 0 1 0 47.363 44.127374999999994 22.4 0.03869729905000001 0.00252 2.0 0
0 0 1 0 57.7325 46.61688 6.35 0.353542165 0.0 28.0 0
0 0 0 1 45.440999999999995 37.81796 9.0 0.11667 0.1337195 4.05 0
0 0 0 1 57.56 60.0 52.0 5.7163e-06 0.1370435 3.55 0
0 0 0 1 46.672000000000004 32.211856000000004 20.0 0.0097842 0.26039 2.0 0
0 0 1 0 50.1 48.54572 17.6 0.2498306853 0.00067 3.0 0
0 0 0 1 45.854000000000006 43.923610000000004 14.0 0.033665 0.13760750000000002 2.55 0
1 1 0 1 43.83 38.1009 19.0 0.010317 0.02864 3.0 0
0 0 0 1 51.37949999999999 49.103875 14.0 0.037736 0.26667 1.0 0
0 1 0 0 50.35447767066693 44.52678267539525 24.651144857041167 0.09658699853529934 0.10095995499099822 3.9706941388277657 0
0 0 0 1 47.547000000000004 43.842135 23.0 0.0048481 0.06576499999999999 2.2 0
0 0 0 1 50.50099999999999 49.672875000000005 14.0 0.037953 0.05252 2.0 0
0 0 0 1 49.577 45.552015000000004 14.0 0.038176 0.13548900000000003 2.85 0
0 0 1 0 54.61 44.68952 16.65 0.102138905 0.01422 1.0 0
0 0 0 1 47.370000000000005 43.70045650000001 10.0 0.091597 0.12538749999999999 5.25 0
0 0 1 0 48.00450000000001 58.6905 34.8 0.12366459712092077 1e-05 1.0 0
0 0 0 1 48.61150000000001 48.94193 19.0 0.010468 0.055023 2.95 0
0 0 0 1 43.938500000000005 49.352375 13.0 0.046628 0.1364425 3.6 0
0 0 0 1 49.10449999999999 42.532107 18.0 0.013082 0.102037 2.9 0
0 1 0 0 49.4095 45.3699 19.8 0.093204207003 0.10666600000000001 3.05 0
0 0 0 1 23.57 43.94012 14.0 0.039267 0.13661449999999997 3.65 0
0 1 0 0 57.64 57.7842 14.5 0.21680618944500005 0.00049 2.0 0
0 0 1 1 52.8 43.396685 26.0 0.0024127 0.00264 3.0 0
1 0 0 0 52.44 42.364380000000004 16.7 0.120374733444 0.48361 2.0 0
0 0 0 1 47.8625 41.64707 23.0 0.0048182 0.09847 4.0 0
0 0 0 1 57.24 42.8118555 15.0 0.025364 0.15030300000000002 1.65 0
0 0 0 1 55.26 34.8065 20.0 0.0095062 0.12309400000000001 3.65 0
0 0 1 0 47.771499999999996 46.211295 16.4 0.07232543649999999 0.01495 2.0 0
0 0 1 0 39.11 37.745875 8.0 0.14297 0.03031 1.0 0
0 0 0 1 43.7 47.516870000000004 31.0 0.00072016 0.0344495 1.75 0
0 0 1 0 45.77 37.48276 20.3 0.0245668275 0.00587 3.0 0
0 0 1 0 49.8825 48.024395000000005 0.0 0.97272 0.0 1.0 0
0 1 0 0 53.96 42.75937 8.0 0.14329 0.12406249999999999 4.15 0
0 1 0 0 50.35447767066693 44.52678267539525 24.651144857041167 0.09658699853529934 0.10095995499099822 3.9706941388277657 0
0 0 0 1 46.7435 52.1497 29.0 0.0011604 0.36267 5.0 0
0 1 0 0 50.73 50.7297 9.0 0.11001 0.13272 1.0 0
0 0 0 1 47.448 42.92539 22.0 0.0050714 0.05145050000000001 2.2 0
0 0 0 1 43.2595 35.33468 5.0 0.2619 0.17696099999999998 5.8 0
1 0 0 0 41.15 28.225425 38.05 0.07574534278306551 0.094177 2.0 0
0 0 0 1 46.295500000000004 41.49228000000001 6.0 0.25039 0.0900525 4.2 0
0 0 0 1 50.8435 45.149105000000006 14.0 0.034956 0.1638085 2.95 0
0 0 0 1 48.46849999999999 44.828315 23.0 0.0046131 0.047215999999999994 1.95 0
0 0 1 0 59.19500000000001 58.63666500000001 54.2 0.21766662893659486 0.0 3.0 0
0 0 0 1 39.04 43.229490000000006 24.0 0.0037244 0.11657849999999999 2.25 0
0 0 0 1 45.5685 37.94454 16.0 0.023311 0.0369335 3.3 0
0 0 0 1 49.861999999999995 40.8862765 15.0 0.028759 0.07784 1.0 0
0 0 1 0 38.82 46.948731499999994 15.05 0.05808733650000001 0.03506 2.0 0
0 0 0 1 51.37949999999999 46.544610000000006 14.0 0.037813 0.343 2.0 0
0 0 1 0 55.5875 60.0 0.0 0.98431 0.0 8.0 0
0 0 1 0 49.789 50.70869 3.0 0.40751 0.0 3.0 0
1 0 0 0 48.72 43.516225 18.3 0.071427359 0.062229 1.7 0
1 1 1 1 60.0 60.0 19.0 0.010069 0.00785 1.0 1
0 0 0 1 46.0235 26.5 9.0 0.12339 0.20289849999999995 4.3 0
1 0 0 0 58.01 58.37111500000001 18.15 0.049419358248700015 0.0462205 2.7 0
0 0 0 1 50.52850000000001 37.1667925 22.0 0.0055609 0.19252 2.0 0
0 1 0 0 44.161500000000004 43.1429 14.4 0.08179767049999999 0.07696 1.0 0
0 0 0 1 49.777 47.687105 24.0 0.0036647 0.10239849999999999 3.1 0
0 0 0 1 48.812 44.15959000000001 33.0 0.00047816 0.022029000000000003 2.1 0
0 0 0 1 46.523 43.60680000000001 9.0 0.10752 0.15128350000000002 3.6 0
0 1 0 0 43.2045 0.0 5.85 0.45836299 1.0 2.0 0
0 0 0 1 47.16 37.39059 18.0 0.013622 0.12328900000000001 2.2 0
1 0 0 0 52.79 49.061995 19.05 0.051684909050000005 0.0340705 2.1 0
1 0 0 0 49.75 41.771351499999994 10.0 0.09434 0.12724549999999998 3.3 0
0 0 0 1 48.48049999999999 44.407065 21.0 0.0064239 0.105065 2.05 0
0 0 0 1 45.659499999999994 46.763605 5.0 0.29605 0.2243 5.0 0
0 0 0 1 48.94799999999999 45.058295 22.0 0.0058623 0.086996 1.95 0
0 0 1 1 45.099000000000004 46.1966 28.0 0.0015513 1e-05 3.0 0
0 0 1 0 48.495000000000005 22.8852 2.0 0.5126 0.0 1.0 0
0 0 1 0 47.220000000000006 46.63414999999999 15.2 0.09225184 0.02716 3.0 0
0 0 1 0 49.863 42.0588 7.05 0.2950855 0.0 20.0 0
0 0 0 1 50.6035 48.19167 12.0 0.05558 0.16351500000000002 4.55 0
0 0 0 1 51.97099999999999 60.0 18.0 0.014123 0.02558 2.0 0
0 0 0 1 48.7185 46.659515000000006 31.0 0.00067426 0.0240815 2.05 0
0 0 0 1 54.545 57.16633 69.0 1.0641e-07 0.024712500000000002 2.65 0
0 0 1 0 49.8825 48.024395000000005 5.0 0.31384 0.0 1.0 0
0 1 0 0 46.0235 58.6984 9.0 0.12277 0.1959125 4.0 0
0 0 0 1 48.02900000000001 50.531819999999996 39.0 0.00012437 0.052817499999999996 2.1 0
0 0 0 1 48.7415 40.62337 15.0 0.03116 0.10212600000000001 2.45 0
0 0 1 0 47.407000000000004 18.7297 0.0 0.91494 0.0 2.0 0
0 0 0 1 49.177 49.17433 51.0 7.8122e-06 0.021107999999999995 1.7 0
1 1 1 0 60.0 60.0 117.0 1.7334e-12 0.0 2.0 1
0 0 1 0 51.992000000000004 41.344335 16.0 0.10529999699999999 0.00415 3.0 0
0 1 0 1 50.25750000000001 50.53062 22.0 0.005159 0.02452 5.0 0
0 0 1 0 49.902 58.7432 1.0 0.63348 0.00429 1.0 0
0 0 0 1 45.3955 42.56227 13.0 0.047106 0.39949 4.0 0
0 0 0 1 41.0 47.475705000000005 15.0 0.026625 0.09558350000000002 2.4 0
0 1 1 0 48.889500000000005 57.4274 64.0 3.5408e-07 0.0 1.0 0
0 1 0 0 50.35447767066693 44.52678267539525 24.651144857041167 0.09658699853529934 0.10095995499099822 3.9706941388277657 0
0 0 0 1 52.1435 41.61915850000001 22.0 0.0057092 0.10306200000000001 1.95 0
0 0 0 1 40.429500000000004 59.795015 255.0 1.7244e-32 0.0 1.95 0
0 0 1 0 49.575 36.1982 11.0 0.078254 0.0 1.0 0
0 1 0 0 50.35447767066693 44.52678267539525 24.651144857041167 0.09658699853529934 0.10095995499099822 3.9706941388277657 0
0 0 0 1 45.0785 44.43256 28.0 0.0013279 0.057797999999999995 2.35 0
0 0 1 0 49.59649999999999 56.1034 8.35 0.30241435499999997 0.10722 8.0 0
0 0 0 1 52.027 45.105565 15.0 0.028598 0.0905185 2.4 0
0 0 0 1 45.4165 41.30401500000001 9.0 0.125 0.23194649999999997 4.55 0
0 0 0 1 48.813 47.34916 8.0 0.13412 0.18424000000000001 4.5 0
0 1 1 1 46.6865 48.6 39.0 0.00010428 2e-05 2.0 0
0 0 0 1 49.52 49.741465000000005 17.0 0.019855 0.13831549999999998 1.6 0
0 0 0 1 49.02 47.42439999999999 27.0 0.0019274 0.02013 3.0 0
0 0 0 1 50.9485 42.534195 23.0 0.0041719 0.12655499999999997 1.85 0
0 0 0 1 45.8395 48.94029999999999 13.0 0.04628 0.09998199999999999 2.6 0
0 0 0 1 46.9255 56.3559 27.0 0.0018198 0.15386 1.0 0
0 0 0 1 48.06 48.02199 14.0 0.037795 0.1378795 3.7 0
0 0 0 1 46.8 44.282125 27.0 0.0019426 0.029791 2.25 0
0 0 0 1 45.0415 42.6057 13.0 0.049791 0.07506949999999998 2.4 0
0 0 0 1 44.593 45.994985 5.0 0.29915 0.1872975 4.35 0
0 0 1 1 53.5 49.04091000000001 21.0 0.0071746 0.00307 1.0 0
0 0 0 1 43.11 40.4483 35.0 0.00031606 0.014069500000000002 2.7 0
1 1 1 0 59.82 59.6596 116.0 2.4174e-12 0.0 3.0 1
1 0 0 0 60.0 59.99189 98.0 0.016234179471986653 4.2000000000000004e-05 1.85 0
0 0 0 1 47.714999999999996 32.166055 20.0 0.0081305 0.31303 2.0 0
0 0 0 1 50.247 43.63706 14.0 0.03791 0.00337 1.0 0
1 0 1 1 54.84 50.72529000000001 19.0 0.010871 0.03948 5.0 0
0 0 0 1 49.914 44.57084 27.0 0.0019316 0.027532499999999998 2.1 0
1 1 1 0 59.82 59.5323 111.0 7.0827e-12 0.0 1.0 1
0 0 0 1 57.41 46.22766000000001 21.0 0.0063477 0.0984445 2.05 0
0 0 1 0 48.824 53.19762000000001 1.0 0.69616 0.0 16.0 0
1 0 0 0 46.54 37.757169999999995 20.3 0.048937228000000006 0.050361500000000003 1.65 0
0 0 0 1 40.429500000000004 59.795015 255.0 4.2039000000000005e-45 0.0 1.95 0
0 0 0 1 44.593 44.65961 5.0 0.31429 0.10199399999999999 4.5 0
1 0 0 0 45.78 37.069354999999995 17.35 0.0885420477 0.05125300000000001 1.6 0
0 0 0 1 45.332499999999996 51.172779999999996 14.0 0.031877 0.01825 2.0 0
0 1 0 1 57.28 60.0 21.0 0.0079071 0.2215405 4.35 0
1 0 0 0 55.21 55.75707000000001 22.1 0.0394203510222325 0.05092150000000001 1.65 0
0 0 0 1 48.608000000000004 49.741805 52.0 5.6907e-06 0.021266 2.35 0
0 0 0 1 50.05800000000001 40.461511 24.0 0.0036282 0.20817 2.0 0
0 0 0 1 50.14449999999999 40.730786499999994 15.0 0.028033 0.22949 5.0 0
0 0 0 1 45.3405 42.751324999999994 25.0 0.0030005 0.01882 1.0 0
0 0 0 1 46.2415 46.650245 16.0 0.020776 0.1268265 2.15 0
0 0 0 1 46.083 43.122245 17.0 0.016779 0.123062 1.85 0
0 1 0 0 45.984 7.410655 8.15 0.241328885 1.0 0.0 0
0 0 0 1 53.199 45.51297000000001 24.0 0.0035179 0.1638315 2.8 0
1 0 1 0 42.49 50.059555 16.7 0.09524694774999999 0.05058 5.0 0
0 0 0 1 48.054500000000004 48.52642 17.0 0.01876 0.0915045 2.55 0
0 0 0 1 58.088 57.110545 91.0 6.6757e-10 5.000000000000001e-07 1.8 0
0 0 0 1 43.898500000000006 44.579840000000004 14.0 0.031884 0.11566999999999998 2.35 0
0 0 1 0 50.1625 50.240505 17.95 0.148560335 0.01053 4.0 0
0 1 0 0 50.35447767066693 44.52678267539525 24.651144857041167 0.09658699853529934 0.10095995499099822 3.9706941388277657 0
1 0 0 0 59.82 59.67523 80.1 0.0032453058039539767 0.0116125 2.7 0
0 1 0 0 53.7 49.6117 18.95 0.0707486447 0.07314399999999999 2.25 0
0 0 0 1 51.842999999999996 41.123715 6.0 0.23569 0.17039 5.0 0
0 0 1 0 46.527 46.79895499999999 15.4 0.0642191885 0.01257 2.0 0
1 0 0 0 60.0 59.99189 98.0 0.016234179471986653 4.2000000000000004e-05 1.85 1
0 0 0 1 50.308 47.227594999999994 14.0 0.035234 0.139207 2.65 0
0 0 0 1 45.964 41.128835 9.0 0.11424 0.1411665 3.8 0
0 0 0 1 46.976 45.378235000000004 31.0 0.0007621 0.05538150000000001 1.6 0
1 1 1 0 60.0 60.0 75.0 2.7745e-08 0.0 2.0 1
0 0 0 1 48.424499999999995 31.6651 15.0 0.025189 0.0787535 1.75 0
0 0 0 1 49.19800000000001 48.5426265 15.0 0.027855 0.0722095 3.1 0
1 0 0 0 58.8 58.998985000000005 15.4 0.06817577500000001 0.11453949999999999 2.4 0
0 0 1 1 50.122499999999995 40.869645 24.0 0.0034064 0.0038 3.0 0
0 0 0 1 48.516999999999996 49.4761615 15.0 0.027425 0.087971 2.75 0
0 1 0 0 44.48 29.0175 10.0 0.081023 0.04499 4.0 0
0 0 0 1 45.719 44.50730800000001 16.0 0.020333 0.149265 3.05 0
1 0 0 0 60.0 59.99189 98.0 0.016234179471986653 4.2000000000000004e-05 1.85 0
0 0 0 1 47.209 45.261655000000005 35.0 0.00029745 0.0132555 2.55 0
0 0 0 1 55.574 58.23561000000001 57.0 1.9411e-06 0.019403 1.95 0
0 0 1 0 47.650999999999996 43.0775 5.0 0.30621 0.18809 1.0 0
0 0 0 1 51.51649999999999 60.0 17.0 0.016887 0.09244 1.0 0
1 0 1 1 60.0 51.15959 22.0 0.0057347 0.00153 5.0 1
1 0 0 0 51.17 48.964945 20.25 0.061075498549999996 0.046915000000000005 1.95 0
0 0 1 1 47.38649999999999 35.608689999999996 20.0 0.0096333 0.15314 4.0 0
0 0 1 0 44.82 39.658805 17.7 0.043559520000000004 0.008 2.0 0
0 0 0 1 50.0365 45.389900000000004 14.0 0.038211 0.135042 2.9 0
0 0 0 1 56.33149999999999 54.99870000000001 87.0 1.8276e-09 9.8e-05 1.85 0
1 0 0 1 51.91 47.51868650000001 15.0 0.028137 0.11618049999999999 2.65 0
0 0 1 1 51.468500000000006 48.61959 13.0 0.041166 0.00494 2.0 0
0 0 0 1 56.37 42.8118555 15.0 0.025218 0.150303 1.65 0
0 0 0 1 49.198 48.6820615 15.0 0.027959 0.09213 2.75 0
0 1 0 0 45.929 44.982414999999996 11.0 0.074049 0.01415 1.0 0
0 0 1 0 48.03 40.044059999999995 10.0 0.082664 0.02034 1.0 0
1 0 0 0 60.0 59.99189 98.0 0.016234179471986653 4.2000000000000004e-05 1.85 0
0 0 1 0 57.7325 47.21576 6.15 0.34756381500000005 0.0 26.0 0
0 1 0 1 50.19200000000001 38.0282 26.0 0.0022944 0.00012 2.0 0
0 0 0 1 49.665000000000006 44.400904999999995 24.0 0.0037917 0.050066 2.75 0
0 0 0 1 50.384 44.85242000000001 21.0 0.0072565 0.11137249999999999 2.15 0
0 0 1 0 46.254 56.401025000000004 5.9 0.6651451235279999 0.0 7.0 0
0 0 1 0 46.86 32.05258250000001 4.0 0.39574 0.24211 2.0 0
1 0 0 0 60.0 59.99189 98.0 0.016234179471986653 4.2000000000000004e-05 1.85 0
0 1 0 0 45.864000000000004 10.333932 7.15 0.40509988999999996 1.0 2.0 0
0 0 0 1 52.15 60.0 21.0 0.0063895 0.00821 1.0 0
0 0 1 0 52.224000000000004 60.0 6.0 0.22262 0.0 2.0 0
0 0 0 1 48.7185 46.659515 31.0 0.00067204 0.027671 2.05 0
0 0 0 1 50.036500000000004 45.552015000000004 14.0 0.038183 0.1363185 2.85 0
0 0 0 1 43.39 35.68054 20.0 0.0095471 0.122368 2.45 0
0 0 0 1 50.81349999999999 48.91009999999999 14.0 0.037594 0.48398 18.0 0
0 0 0 1 49.83 43.86928 13.0 0.041948 0.0946055 1.9 0
0 0 0 1 50.21 48.05193 37.0 0.00019937 0.029941000000000002 2.95 0
0 0 0 1 51.1325 43.55947999999999 23.0 0.0043719 0.31165 5.0 0
1 1 1 0 60.0 60.0 110.0 9.9685e-12 0.0 4.0 1
0 1 0 0 50.35447767066693 44.52678267539525 24.651144857041167 0.09658699853529934 0.10095995499099822 3.9706941388277657 0
0 0 0 1 48.048 41.035650000000004 18.0 0.014437 0.12621500000000002 2.15 0
0 0 0 1 51.38250000000001 46.30606 46.0 2.1314e-05 0.020937000000000004 2.0 0
0 0 0 1 49.50599999999999 39.90839 19.0 0.01202 0.00449 3.0 0
0 0 0 1 46.981 42.39003 16.0 0.023816 0.16607100000000002 3.85 0
0 0 1 0 49.71399999999999 44.352297500000006 2.0 0.55468 0.0 16.0 0
0 0 0 1 50.6365 44.291290000000004 13.0 0.041687 0.08286349999999998 2.05 0
0 0 0 1 45.67 34.444255000000005 3.0 0.4213 0.2649 4.0 0
0 0 0 1 47.648 24.0909 20.0 0.0093888 0.19254 1.0 0
0 0 0 1 48.518 36.246845 2.0 0.55456 0.1458455 5.05 0
0 0 0 1 50.236999999999995 41.899311499999996 15.0 0.02658 0.02434 1.0 0
0 0 1 0 49.88249999999999 48.024395000000005 73.0 4.9177e-08 0.0 1.0 0
0 1 1 1 52.330000000000005 40.4755 22.0 0.0058357 0.00027 1.0 0
0 0 0 1 44.4295 46.799474999999994 13.0 0.046813 0.16942849999999998 3.75 0
0 0 0 1 38.96 44.188655 24.0 0.0039536 0.122367 2.25 0
0 0 0 1 48.7945 46.916039999999995 19.0 0.010203 0.0905115 2.4 0
0 0 1 0 47.1935 48.071015 11.0 0.075513 0.00471 2.0 0
0 0 1 1 45.82449999999999 50.5439 5.0 0.25206 0.00016 20.0 0
0 0 0 1 50.062000000000005 43.369405 19.0 0.011468 0.10855999999999999 2.05 0
0 0 0 1 48.851 39.43267000000001 10.0 0.099223 0.0972315 3.25 0
0 0 1 0 44.08650000000001 44.049465 0.0 1.0 0.0117 7.0 0
0 1 0 0 43.2045 0.0 5.85 0.45836299 1.0 2.0 0
0 0 0 1 53.93 42.4951935 13.0 0.048327 0.1584815 3.05 0
1 0 0 0 54.63 56.3107 2.0 0.51497 0.30954 2.0 0
0 0 0 1 49.858000000000004 51.584105 34.0 0.00035256 0.022613499999999998 3.05 0
0 0 0 1 49.298500000000004 44.11989500000001 22.0 0.0059604 0.0689745 2.0 0
0 0 0 1 59.26649999999999 56.536654999999996 129.0 1.171e-13 0.00025 1.55 0
0 0 0 1 41.06 38.248256000000005 19.0 0.010727 0.38162 2.0 0
1 1 1 0 60.0 60.0 110.0 8.4595e-12 0.0 3.0 1
0 0 0 1 48.96999999999999 45.754055 15.0 0.030916 0.08596849999999999 2.15 0
0 0 1 0 43.455499999999994 40.660954499999995 1.0 0.73896 0.07399 2.0 0
0 0 0 1 45.0415 42.6057 13.0 0.049274 0.13176249999999998 1.45 0
0 0 1 0 47.0865 48.70276 10.75 0.17703125 0.24265 7.0 0
1 0 0 0 59.2 58.975159999999995 38.9 0.1228249006891898 0.0946835 3.1 0
1 0 0 0 60.0 59.99189 98.0 0.016234179471986653 4.2000000000000004e-05 1.85 0
0 1 1 1 49.8755 48.313278 16.0 0.024745 0.00013 12.0 0
0 0 0 1 47.553000000000004 46.49662 19.0 0.012144 0.0545795 2.8 0
0 0 1 0 47.216499999999996 48.584185000000005 29.0 0.0010201 0.0 1.0 0
0 0 0 1 43.854 32.4146 7.0 0.1957 0.2506765000000001 3.65 0
0 0 0 1 49.495000000000005 43.65493 16.0 0.022172 0.10474649999999999 2.2 0
0 0 1 0 46.804 46.956149499999995 13.45 0.1420912985 0.09166 2.0 0
0 0 0 1 50.7905 44.2643985 13.0 0.047879 0.1709505 2.55 0
0 0 0 1 45.460499999999996 38.0803365 7.0 0.19021 0.17192850000000004 4.2 0
0 0 1 0 58.682 47.3891 24.25 0.14578062833 2e-05 3.0 0
0 0 0 1 50.8865 59.9818 15.0 0.027019 0.01229 3.0 0
0 0 0 1 44.0545 46.92425000000001 13.0 0.046696 0.14979599999999998 3.6 0
0 0 0 1 53.04 46.32733499999999 21.0 0.0076155 0.10144149999999999 2.7 0
0 1 1 1 52.04 46.5669 35.0 0.00025329 0.0005 1.0 0
0 0 0 1 55.73 45.79475999999999 22.0 0.0058734 0.02335 3.0 0
0 0 0 1 47.534499999999994 42.707273 16.0 0.020614 0.21824 4.0 0
0 0 0 1 51.452999999999996 49.614125 16.0 0.025015 0.1014105 2.1 0
0 1 0 1 53.89 51.456295 45.0 2.6421e-05 0.00053 3.0 0
1 0 0 0 44.85 45.659785 4.0 0.35715 0.2921205 6.3 0
0 1 0 0 43.7385 34.9713 3.0 0.44647 0.00975 1.0 0
1 0 0 0 60.0 59.99189 98.0 0.016234179471986653 4.2000000000000004e-05 1.85 0
1 1 1 0 59.61 59.9068 128.0 1.3165e-13 0.0 1.0 1
0 0 0 1 48.4805 44.407065 21.0 0.006462 0.102732 2.15 0
0 1 1 0 56.42750000000001 52.63757 7.85 0.394491615 0.01531 10.0 0
0 0 0 1 51.3625 44.356019999999994 13.0 0.039968 0.21057 1.0 0
0 0 1 0 51.0915 59.6154 9.3 0.4409977559225 0.00021 7.0 0
0 0 1 0 46.4985 31.5455 9.0 0.11629 0.23529 2.0 0
1 0 0 0 60.0 59.99189 98.0 0.016234179471986653 4.2000000000000004e-05 1.85 0
0 1 0 0 50.35447767066693 44.52678267539525 24.651144857041167 0.09658699853529934 0.10095995499099822 3.9706941388277657 0
0 0 0 1 45.6635 48.1455 28.0 0.0015693 0.053280499999999995 2.05 0
0 0 1 0 49.1605 50.453855 21.0 0.0073706 5e-05 3.0 0
0 0 0 1 46.29549999999999 41.49228000000001 6.0 0.25076 0.0900525 4.2 0
0 0 0 1 49.9735 48.41493 15.0 0.025713 0.0904615 2.05 0
1 0 0 0 56.31 58.09465 15.55 0.10531915 0.05833049999999999 2.3 0
0 0 0 1 46.66 38.330595 4.0 0.32386 0.27778 3.0 0
0 0 1 0 54.324 36.8333 12.0 0.059497 0.0 11.0 0
0 0 0 1 45.4165 41.30401500000001 9.0 0.12392 0.16587000000000002 4.45 0
1 0 0 0 47.25 38.372975 22.6 0.017763084342000003 0.031739 2.4 0
0 0 1 0 48.0105 38.3333 7.0 0.17492 0.00704 5.0 0
1 0 0 1 39.97 44.65674 19.0 0.011327 0.04567 4.0 0
0 0 1 0 47.72599999999999 47.1856475 1.0 0.74912 9e-05 22.0 0
0 0 0 1 46.192 41.3518535 13.0 0.049048 0.181201 1.65 0
0 0 0 1 40.429500000000004 59.795015 255.0 5.7546e-28 0.0 1.95 0
0 0 0 1 48.7185 46.659515 31.0 0.00065894 0.039011 1.95 0
0 0 1 0 56.42750000000001 53.762635 7.0 0.493507549 0.00033 10.0 0
0 0 0 1 46.28150000000001 45.44723499999999 14.0 0.033814 0.11671600000000001 3.25 0
0 0 0 1 48.63699999999999 49.614125 16.0 0.024668 0.10667149999999999 2.75 0
0 0 0 1 48.288 43.634215 13.0 0.043799 0.12821 4.0 0
0 0 0 1 50.8435 45.149105000000006 14.0 0.034918 0.15353499999999998 2.4 0
0 0 1 0 50.881499999999996 51.25729 15.7 0.16178222135 0.00246 6.0 0
0 0 1 0 47.90650000000001 50.708690000000004 2.0 0.50868 0.0 3.0 0
0 0 0 1 49.546499999999995 41.43290499999999 24.0 0.0037138 0.04883 1.0 0
0 0 0 1 49.266 44.79445499999999 26.0 0.0024635 0.11450700000000003 2.7 0
0 0 0 1 40.429500000000004 59.795015 255.0 0.0 0.0 1.95 0
0 0 0 1 50.6795 47.708325 14.0 0.035848 0.50175 2.0 0
0 0 0 1 48.719 48.1678 21.0 0.0076383 0.0149 1.0 0
0 0 1 0 47.925000000000004 48.991795 7.0 0.17247 0.00028 2.0 0
0 0 1 0 58.5745 55.91438000000001 42.85 0.060801599244363014 1e-05 1.0 0
0 0 0 1 49.9505 35.22343600000001 18.0 0.013809 0.09497 2.0 0
0 0 0 1 47.278499999999994 42.159463 16.0 0.020749 0.02634 3.0 0
0 0 0 1 49.26950000000001 60.0 17.0 0.017668 0.07462 5.0 0
0 0 0 1 50.08149999999999 51.584105 34.0 0.00037679 0.0347495 2.2 0
0 0 0 1 49.4745 60.0 36.0 0.00023438 0.03865 1.0 0
0 0 1 0 49.156499999999994 39.10059 27.85 0.010007038090500001 0.0056 2.0 0
0 0 1 0 46.120000000000005 44.105470000000004 15.1 0.10231452185 0.175 2.0 0
0 0 1 0 53.36350000000001 60.0 13.0 0.047759 0.0 2.0 0
0 0 0 1 58.03649999999999 59.048204999999996 95.0 2.9956e-10 0.0 2.35 0
0 0 1 0 48.7335 50.70869 3.0 0.46032 0.0 3.0 0
1 0 0 0 60.0 59.99189 98.0 0.016234179471986653 4.2000000000000004e-05 1.85 0
0 0 0 1 23.77 45.764803 16.0 0.020735 0.13177 2.25 0
0 1 0 1 43.06 27.0435 18.0 0.013079 0.07733450000000001 2.9 0
0 0 0 1 48.0645 40.339075 15.0 0.02967 0.217047 2.05 0
0 0 1 0 44.60399999999999 43.270585000000004 12.75 0.09584533000000002 0.16368 1.0 0
0 0 1 0 42.0815 26.229107499999998 3.0 0.48681 0.16643 2.0 0
0 1 0 0 42.922 1.0 3.0 0.48488 0.19418200000000002 7.25 0
0 0 0 1 45.29 48.27330499999999 23.0 0.004711 0.038314499999999994 2.25 0
0 0 0 1 57.88 40.92296999999999 19.0 0.012033 0.02395 1.0 0
0 0 0 1 54.028 54.250275 67.0 1.8494e-07 0.024769000000000003 1.85 0
0 0 0 1 46.23 39.41271 17.0 0.017209 0.10451350000000001 2.75 0
1 0 0 0 45.13 35.086115 14.35 0.12826961 0.11636 1.0 0
0 0 0 1 49.96 47.307734999999994 34.0 0.00039133 0.00046 1.0 0
0 0 1 0 50.5785 50.70869 4.0 0.39369 0.00013 3.0 0
0 1 0 0 46.126999999999995 41.267166499999995 10.0 0.092211 0.02729 2.0 0
0 0 0 1 46.1315 45.722494999999995 11.0 0.07675 0.0732025 4.9 0
0 0 0 1 48.533 49.015460000000004 29.0 0.0011677 0.10785199999999999 1.6 0
0 0 0 1 49.53699999999999 45.674365 21.0 0.0074273 0.11573 3.2 0
0 1 0 0 45.45 30.8288 20.95 0.20401186963 0.00012 3.0 0
0 0 0 1 56.42 46.99126650000001 15.0 0.028238 0.1453695 2.15 0
1 0 1 0 52.93 43.116519999999994 14.6 0.16369408265000002 0.12477 1.0 0
0 1 0 1 48.0235 11.0 12.0 0.052316 1.0 1.0 0
0 0 1 0 46.08 39.231739999999995 24.9 0.06668368395 0.00097 1.0 0
0 0 0 1 50.30800000000001 47.227595 14.0 0.035255 0.13631049999999997 2.55 0
1 1 1 0 59.98 59.9176 120.0 9.9055e-13 0.0 2.0 1
0 0 0 1 47.055499999999995 51.00682 17.0 0.018109 0.01683 4.0 0
0 0 0 1 49.222500000000004 40.99992999999999 6.0 0.22414 0.22643799999999997 5.4 0
0 0 0 1 45.0065 43.132889 7.0 0.16484 0.161086 5.65 0
0 0 1 0 57.7325 46.63335 5.8 0.375840915 0.0 30.0 0
0 0 0 1 49.67649999999999 43.240695 18.0 0.0131 0.102037 2.9 0
0 0 1 0 57.75999999999999 53.662915 2.1 0.65096265 1e-05 15.0 0
0 0 1 1 21.5 47.84989 14.0 0.033676 0.26214 1.0 0
1 0 0 0 45.34 34.919585 20.2 0.048027556549806005 0.060792500000000006 2.1 0
0 0 0 1 49.393499999999996 49.05979999999999 19.0 0.011891 0.194667 1.95 0
0 1 0 0 48.49849999999999 36.1519 12.0 0.055023 0.15943849999999998 5.15 0
0 0 0 1 51.03849999999999 45.149105000000006 14.0 0.034874 0.13193850000000001 3.15 0
1 0 0 0 51.85 48.88202 19.45 0.04776633099999999 0.04523 2.05 0
0 0 0 1 48.275999999999996 47.53085 21.0 0.0078974 0.06963749999999999 2.45 0
1 0 0 0 50.37 46.271114999999995 20.4 0.04654347799999999 0.07946149999999999 1.75 0
1 0 0 0 48.78 42.24684499999999 19.25 0.0265692535 0.047843000000000004 1.7 0
0 0 0 1 51.4005 50.954584999999994 32.0 0.00058224 0.067993 2.5 0
0 0 0 1 48.1495 45.747675 11.0 0.070209 0.11294549999999999 5.25 0
0 0 0 1 46.5915 45.261655 35.0 0.00026114 0.029213 2.6 0
0 0 0 1 45.14149999999999 45.95666 13.0 0.043517 0.21742650000000002 2.9 0
0 0 0 1 45.32449999999999 45.42774 3.0 0.47027 0.07500000000000001 4.85 0
1 0 1 1 60.0 49.517365 18.0 0.014333 0.01079 1.0 1
1 0 0 0 58.32 58.649469999999994 25.8 0.04216891500369539 0.1002585 3.05 0
0 0 1 0 46.518 42.629685 16.65 0.076273856 0.01157 2.0 0
0 0 0 1 46.13 40.970479999999995 15.0 0.02912 0.21587249999999997 2.45 0
1 0 0 1 54.52 41.846855 18.0 0.015786 0.0377345 1.7 0
1 0 0 0 41.71 31.088414999999998 18.55 0.06547531046499999 0.09392800000000001 2.0 0
1 0 0 0 59.9 59.774829999999994 94.4 0.0037221092589340816 0.015568000000000002 1.6 0
0 0 0 1 47.41 47.154412 18.0 0.014812 0.07247 3.0 0
0 0 0 1 47.0745 46.857043 4.0 0.33978 0.16814 6.6 0
0 0 0 1 51.976 45.557460000000006 23.0 0.0044712 0.0978875 2.15 0
1 0 0 0 59.67 59.459075000000006 57.65 0.0319132066121459 0.055534000000000014 3.15 0
0 0 0 1 48.0245 25.7692 6.0 0.21212 0.54545 2.0 0
0 0 1 0 39.88 37.661105 26.3 0.008951478890500002 0.00552 2.0 0
0 0 1 0 46.688500000000005 48.41588 25.0 0.0026316 0.0 23.0 0
0 0 1 0 49.93050000000001 58.18008000000001 8.2 0.44494393500000007 6e-05 6.0 0
0 0 0 1 52.760000000000005 60.0 13.0 0.040317 0.00896 1.0 0
0 0 1 0 52.0065 42.233965000000005 6.0 0.21008 0.0 12.0 0
0 1 0 0 49.9415 25.3028 44.0 3.9716e-05 0.0 1.0 0
0 1 1 1 50.2615 49.071195 71.0 6.7733e-08 1e-05 1.0 0
0 0 1 0 46.742000000000004 39.180005 18.5 0.0454881325 0.0676 4.0 0
1 0 0 0 58.96 59.076049999999995 18.45 0.13444853865378997 0.11142850000000001 2.1 0
0 0 0 1 49.495000000000005 42.418255 16.0 0.022196 0.09876099999999999 2.25 0
0 0 1 0 47.764500000000005 40.29332 0.0 1.0 0.0 2.0 0
0 0 0 1 48.081 46.500835 22.0 0.0062541 0.118592 2.15 0
0 0 1 0 24.24 26.7931 2.0 0.51814 0.0814 1.0 0
0 0 0 1 48.703 17.36 16.0 0.022898 0.24551 2.0 0
0 0 1 0 58.03 41.17140500000001 18.15 0.10773094400000001 0.00695 2.0 0
0 0 0 1 51.4005 50.707995 32.0 0.00058683 0.044444 2.4 0
0 0 0 1 45.32449999999999 45.148045 3.0 0.48718 0.12732 7.45 0
0 0 1 0 47.6745 44.127374999999994 21.05 0.039082119500000005 0.00254 2.0 0
0 0 0 1 52.592499999999994 45.872758 16.0 0.022018 0.27586 1.0 0
0 0 1 0 49.463 54.164455 1.0 0.72765 0.0 15.0 0
0 1 0 1 48.311 59.7273 19.0 0.012 0.01308 2.0 0
0 0 0 1 47.03350000000001 40.474905 11.0 0.068728 0.03787 1.0 0
0 0 0 1 47.04 49.052175 7.0 0.18176 0.0 6.0 0
0 0 0 1 58.09 46.854789999999994 16.0 0.021784 0.14200450000000003 1.95 0
0 0 1 0 56.42750000000001 53.762635 4.95 0.54174129 4e-05 10.0 0
0 1 1 1 47.105000000000004 48.5733 36.0 0.00023783 0.00021 1.0 0
0 0 1 0 43.1345 51.94785950000001 35.0 0.0003039 0.0 8.0 0
0 0 0 1 51.4005 50.2906065 32.0 0.00057491 0.06824250000000001 2.5 0
0 1 0 0 47.861 59.378 17.0 0.019622 0.00255 2.0 0
0 1 0 0 49.349999999999994 46.5 11.5 0.169350695 0.00119 22.0 0
0 0 0 1 48.605000000000004 42.1403 33.0 0.00044849 0.00506 1.0 0
0 0 0 1 59.593 53.44665500000001 72.0 6.225e-08 7.7e-05 2.05 0
0 0 0 1 48.1875 42.406274999999994 13.0 0.048342 0.47692 1.0 0
1 1 1 1 60.0 60.0 47.0 1.7373e-05 1e-05 1.0 1
0 0 1 0 50.45649999999999 46.833805000000005 17.5 0.10412700800000001 0.01234 4.0 0
0 1 0 0 45.093999999999994 7.182544499999999 11.9 0.233295838 1.0 3.0 0
1 0 0 0 55.92 57.04680499999999 20.0 0.0415730763 0.05129 2.95 0
0 0 0 1 47.181 43.414895 18.0 0.014842 0.066634 2.0 0
0 0 0 1 50.94599999999999 42.76506499999999 24.0 0.0034621 0.1679155 2.35 0
0 0 1 0 52.242000000000004 47.090050000000005 29.95 0.030371971517049994 0.00017 2.0 0
0 0 1 0 47.4505 48.086383 16.0 0.021089 7e-05 6.0 0
0 0 0 1 45.81150000000001 44.764450000000004 8.0 0.12616 0.12276 3.0 0
0 0 0 1 48.2555 42.18761 6.0 0.22857 0.144724 7.2 0
0 0 0 1 47.54550000000001 39.64856999999999 18.0 0.014501 0.12232600000000002 2.3 0
0 0 0 1 48.275999999999996 47.53085 21.0 0.0078789 0.0696375 2.45 0
0 1 1 0 36.25 27.4909 14.0 0.036104 0.02122 1.0 0
0 0 0 1 45.3245 44.066885 3.0 0.47798 0.0974445 3.85 0
0 0 0 1 50.45099999999999 42.67779 24.0 0.0035398 0.10546 1.0 0
1 0 0 0 44.42 35.150945 22.35 0.019162943060000003 0.061977500000000005 2.4 0
0 0 0 1 47.42 41.57338849999999 13.0 0.04859 0.12876349999999998 3.1 0
0 0 0 1 45.539 41.3966 13.0 0.045845 0.06795 1.0 0
0 0 1 0 47.9885 40.628395 19.25 0.06296535003 0.02114 2.0 0
0 0 0 1 56.27 42.8118555 15.0 0.025485 0.07745899999999999 1.6 0
0 0 0 1 49.89699999999999 40.91606 13.0 0.0449 0.02174 1.0 0
0 0 0 1 49.799499999999995 45.86222 30.0 0.00079816 0.05577399999999999 2.25 0
0 0 0 1 47.4755 44.474579999999996 6.0 0.23341 0.1208035 3.35 0
0 0 0 1 45.12349999999999 38.493730000000006 28.0 0.001369 0.03588 1.0 0
0 0 1 0 57.59100000000001 56.19512999999999 5.6 0.51598246 1e-05 11.0 0
0 0 0 1 47.169 42.050667000000004 4.0 0.383 0.0682085 5.0 0
0 0 0 1 46.3745 45.758284999999994 21.0 0.0067106 0.049524 2.95 0
0 0 0 1 49.44499999999999 47.8161 21.0 0.0072453 0.04801 1.0 0
0 0 1 0 50.6805 42.87218 13.1 0.11318022000000001 0.15649 5.0 0
0 0 1 1 48.9285 40.6782265 15.0 0.027986 0.01839 1.0 0
0 0 0 1 47.395 45.4599 13.0 0.048933 0.5649 3.0 0
0 0 0 1 53.46 46.322 16.0 0.024191 0.04038 2.0 0
1 0 0 0 34.24 43.08326 2.0 0.50641 0.2153175 5.3 0
0 0 0 1 44.7815 44.342425 17.0 0.017624 0.1160125 2.2 0
0 0 0 1 48.302499999999995 40.78689 16.0 0.022895 0.0599905 3.45 0
0 0 1 0 45.974000000000004 44.05957999999999 17.55 0.031522264999999994 0.02412 2.0 0
0 0 0 1 48.812999999999995 43.698665000000005 8.0 0.13153 0.121353 4.15 0
0 0 1 0 46.38 44.53297499999999 21.15 0.04612028518205 0.01468 1.0 0
0 0 0 1 45.670500000000004 40.50163 14.0 0.039066 0.1724715 2.55 0
0 1 0 0 57.38249999999999 53.22854500000001 27.1 0.175751271155 3e-05 1.0 0
0 0 0 1 49.274 47.96205 40.0 9.0469e-05 0.0245315 2.25 0
0 0 0 1 50.21 48.051930000000006 37.0 0.00018997 0.029941000000000002 2.95 0
0 0 0 1 47.39149999999999 47.210195000000006 19.0 0.012115 0.095154 2.55 0
0 0 0 1 57.107499999999995 59.11505999999999 116.0 2.3113e-12 0.0 2.2 0
0 0 0 1 46.8685 45.7120615 10.0 0.088935 0.00492 5.0 0
0 0 0 1 49.959500000000006 42.72288 18.0 0.013195 0.12424750000000002 2.95 0
0 0 1 0 50.7555 45.99785 16.45 0.052198501499999994 0.01302 6.0 0
0 0 0 1 48.779999999999994 45.934715000000004 13.0 0.041876 0.11389149999999999 2.0 0
1 0 0 0 55.23 55.75707000000001 22.45 0.0361388510222325 0.050921499999999995 1.65 0
0 0 1 0 42.18050000000001 42.8510145 13.85 0.12656956 0.38436 2.0 0
0 0 0 1 49.81550000000001 33.20735 6.0 0.21536 0.48652 2.0 0
0 0 1 0 41.663000000000004 13.4091 8.55 0.22594775 0.36667 1.0 0
0 0 0 1 52.72 45.84621299999999 16.0 0.020404 0.163049 3.05 0
0 0 0 1 49.8755 43.885143 16.0 0.024852 0.13586 1.0 0
0 0 0 1 48.2625 59.6066 18.0 0.014671 0.0246 1.0 0
1 0 0 0 60.14 60.02325499999999 51.4 0.013008606874062852 0.0262225 2.35 0
0 0 0 1 43.32 48.50799 17.0 0.019287 0.13145250000000003 1.9 0
0 0 0 1 45.2915 45.845755000000004 28.0 0.001378 0.049020999999999995 2.25 0
1 0 0 0 60.0 59.99189 98.0 0.016234179471986653 4.2000000000000004e-05 1.85 0
0 0 0 1 56.46 42.4688285 13.0 0.04895 0.1678715 1.7 0
0 0 1 0 45.821 46.253295 17.05 0.044071085 0.0247 2.0 0
0 0 0 1 46.676 59.4449 23.0 0.0049679 0.00214 2.0 0
0 0 0 1 46.682 35.038475 7.0 0.18435 0.42672 2.0 0
0 0 0 1 51.48 46.07977150000001 15.0 0.025741 0.0477 2.0 0
0 0 0 1 45.4165 41.30401500000001 9.0 0.12587 0.2319465 4.55 0
0 0 1 0 57.7325 47.21576000000001 6.15 0.347563815 1e-05 26.0 0
0 0 1 0 47.40700000000001 11.1914 0.0 0.9947 0.0002 2.0 0
0 0 0 1 45.0065 43.132889 7.0 0.16438 0.18650200000000003 5.55 0
1 0 0 0 24.36 24.285625000000003 26.55 0.09874923920999998 0.21194200000000002 2.5 0
0 0 0 1 55.7355 59.952465000000004 98.0 1.5101e-10 0.0 2.3 0
0 0 0 1 49.033500000000004 44.365735 16.0 0.022009 0.148094 3.05 0
0 1 1 0 46.829 33.4759 14.15 0.36614074955599996 0.0 2.0 0
0 0 0 1 44.89 48.52551000000001 17.0 0.019354 0.1182365 1.8 0
0 0 0 1 49.483999999999995 49.015460000000004 29.0 0.0012432 0.0333155 1.6 0
0 0 0 1 49.06699999999999 45.811175 20.0 0.0083982 0.028587999999999995 2.45 0
0 0 0 1 47.1545 43.99717 2.0 0.51 0.134411 5.25 0
0 0 0 1 46.498000000000005 40.1399135 13.0 0.048812 0.16727399999999998 2.05 0
0 0 0 1 47.8335 48.286109999999994 29.0 0.0010386 0.030861999999999994 2.15 0
0 0 0 1 45.565999999999995 39.412710000000004 17.0 0.017218 0.109809 2.8 0
0 0 0 1 46.884 39.429880000000004 20.0 0.0092716 0.08819099999999999 1.7 0
0 0 0 1 43.7655 37.67251 3.0 0.42118 0.23705250000000003 7.2 0
1 0 0 0 56.12 58.308035 17.75 0.0366610825 0.06104550000000001 2.45 0
0 0 0 1 47.3625 38.65261 3.0 0.40895 0.11319 0.0 0
0 0 0 1 49.035999999999994 46.687025 15.0 0.026844 0.092043 1.65 0
0 1 0 0 42.924499999999995 0.0 3.0 0.42534 0.950168 2.25 0
0 0 0 1 49.054 41.926855 33.0 0.00042935 0.030642499999999996 2.05 0
0 0 0 1 44.309999999999995 23.4912 31.0 0.00063104 0.21726 2.0 0
0 0 1 0 44.867999999999995 20.4717 7.0 0.17727 0.52419 2.0 0
0 0 0 1 45.14149999999999 45.95666 13.0 0.043467 0.1861145 3.35 0
0 0 0 1 49.502 46.39644500000001 14.0 0.038262 0.135042 2.9 0
0 0 0 1 49.411 46.941675 14.0 0.033692 0.5595 2.0 0
0 0 0 1 50.272 44.73118000000001 14.0 0.03666 0.098216 2.3 0
0 0 1 0 46.08200000000001 26.0667 10.0 0.097952 0.02202 2.0 0
0 0 0 1 45.415 19.5887 31.0 0.0006899 0.00825 2.0 0
0 0 0 1 51.601 46.813705 14.0 0.037448 0.15071199999999998 4.0 0
0 1 0 0 47.27199999999999 49.8684 18.0 0.015264 0.01645 1.0 0
0 0 0 1 53.152 53.607285000000005 60.0 9.4967e-07 0.023294500000000003 2.0 0
0 0 0 1 46.5125 45.131654999999995 13.0 0.047448 0.10024750000000002 2.4 0
0 0 0 1 49.2705 56.0268 17.0 0.016234 0.00397 2.0 0
0 0 0 1 47.208999999999996 45.261655000000005 35.0 0.0003138 0.0132555 2.55 0
1 0 0 1 31.97 46.951755000000006 31.0 0.00072453 0.037782500000000004 1.7 0
0 0 0 1 50.368 47.955020000000005 20.0 0.0081071 0.11327849999999999 1.85 0
0 0 0 1 49.858000000000004 51.584105 34.0 0.00033673 0.016096500000000003 2.75 0
0 0 1 0 46.5435 37.822844999999994 17.15 0.05027226294999999 0.02228 2.0 0
0 1 1 0 48.889500000000005 57.9706 71.0 6.4196e-08 0.0 1.0 1
0 1 0 0 41.421499999999995 33.3929 22.9 0.028085303370000002 0.053845500000000004 1.85 0
0 0 1 1 56.44 45.189975 14.0 0.037505 0.0215 1.0 0
1 0 0 0 60.0 59.99189 98.0 0.016234179471986653 4.2000000000000004e-05 1.85 0
0 0 0 1 48.637 49.614125 16.0 0.024675 0.10667149999999999 2.75 0
0 0 0 1 56.763 58.60997 178.0 1.4134e-18 0.0 1.9 0
1 0 0 0 57.94 58.43168999999999 20.85 0.0331139175001357 0.053434999999999996 2.95 0
0 0 0 1 48.72 47.084095 15.0 0.030229 0.166358 1.9 0
1 0 0 0 58.15 58.732854999999994 19.6 0.042145647648700005 0.0842115 2.3 0
0 0 1 0 55.61550000000001 50.673225 10.35 0.54048419281079 3e-05 9.0 0
0 0 0 1 57.34 41.63599 24.0 0.0036825 0.02556 1.0 0
0 0 0 1 44.9735 48.330619999999996 31.0 0.00078687 0.0015 3.0 0
0 0 0 1 47.97700000000001 40.223183999999996 16.0 0.021088 0.25022 2.0 0
0 0 0 1 54.028 57.62235999999999 68.0 1.5612e-07 0.024768500000000002 2.55 0
0 0 0 1 48.426500000000004 33.1921 20.0 0.0089732 0.17492 2.0 0
0 0 0 1 47.8635 50.137775 31.0 0.00069771 0.021785500000000003 2.0 0
0 1 0 0 48.137 34.7059 21.0 0.0070712 0.00129 2.0 0
0 0 0 1 47.20899999999999 45.261655000000005 35.0 0.00029062 0.010095 2.6 0
0 0 0 1 46.9105 45.192854999999994 23.0 0.0048908 0.00298 2.0 0
0 0 1 0 41.627 38.39755500000001 0.0 0.79631 0.13115 1.0 0
0 1 0 0 46.5505 58.391 17.2 0.1267616585 0.00328 2.0 0
0 0 0 1 46.9215 46.01512 23.0 0.0047694 0.0343185 2.6 0
0 0 0 1 54.802499999999995 56.640769999999996 56.0 2.1089e-06 0.005773499999999999 2.05 0
0 1 0 1 58.54350000000001 60.0 13.0 0.042188 0.15081949999999997 3.35 0
0 1 0 0 48.54 41.604 18.4 0.0688476465 0.06661550000000001 2.35 0
0 0 1 0 46.254 56.401025000000004 5.9 0.6651451235279999 0.0 7.0 0
0 0 0 1 47.169 42.050667 4.0 0.38505 0.0761995 4.95 0
1 1 1 0 60.0 59.7931 189.0 1.0595000000000001e-19 0.0 2.0 1
0 1 1 0 49.834999999999994 13.537 13.0 0.045261 0.00058 2.0 0
0 0 1 0 52.497 47.620105 26.25 0.10199261045 7e-05 2.0 0
0 0 0 1 53.327999999999996 46.250925 47.0 1.9154e-05 0.024225999999999998 1.85 0
0 0 0 1 43.2595 35.33468 5.0 0.2619 0.17696099999999998 5.8 0
0 0 0 1 48.40849999999999 46.676915 15.0 0.030344 0.19808749999999997 1.95 0
0 0 1 0 44.765 49.092505 0.0 0.88327 0.0 8.0 0
0 0 0 1 48.00599999999999 45.173674999999996 18.0 0.015461 0.1009965 1.45 0
0 0 0 1 51.782 46.907995 20.0 0.0087953 0.0687885 2.7 0
0 0 0 1 49.4945 45.1838805 15.0 0.02517 0.15134150000000002 1.55 0
0 0 1 0 45.8345 40.261905 1.0 0.74876 0.1314 4.0 0
0 0 1 0 46.206999999999994 56.9221 5.0 0.26156 0.0 16.0 0
0 0 0 1 48.9315 47.6038 17.0 0.0186 0.09105549999999998 2.8 0
0 0 0 1 48.8875 47.944480000000006 20.0 0.0081973 0.131585 1.7 0
0 0 0 1 49.414 45.829701500000006 15.0 0.028577 0.10619 8.0 0
0 0 0 1 54.16 41.99155 18.0 0.015527 0.42565 3.0 0
0 0 0 1 45.440999999999995 37.81796 9.0 0.11667 0.1337195 4.05 0
0 0 0 1 49.400999999999996 38.044645 6.0 0.2122 0.1445685 4.75 0
0 0 0 1 48.7855 45.199775 21.0 0.007019 0.059299500000000005 1.75 0
0 0 1 0 47.764500000000005 40.29332 0.0 1.0 0.0 2.0 0
0 1 0 0 41.6775 31.375 16.1 0.118977950260085 0.08489550000000001 2.35 0
1 0 0 0 49.67 43.43961499999999 19.15 0.1290525276235 0.060174499999999985 2.0 0
0 0 0 1 52.339999999999996 60.0 20.0 0.0081114 0.00339 3.0 0
0 0 0 1 47.415499999999994 42.26964149999999 10.0 0.092741 0.09144600000000001 5.0 0
0 1 0 0 55.77750000000001 56.7746 19.25 0.081697905345 0.03608750000000001 3.3 0
0 0 0 1 58.543499999999995 60.0 31.0 0.0006816 0.2453385 2.8 0
0 0 0 1 48.1855 40.6984 24.0 0.0031959 0.03762 1.0 0
0 0 0 1 52.1375 47.726635 12.0 0.059432 0.19936 1.0 0
0 0 1 0 56.649 52.922630000000005 39.1 0.15198136552499997 7e-05 4.0 0
1 1 1 0 60.0 60.0 64.0 3.4282e-07 0.0 1.0 1
0 0 0 1 50.2685 42.44712 24.0 0.0034394 0.09903350000000001 2.45 0
0 0 0 1 49.587 44.019180000000006 20.0 0.0088853 0.10618349999999999 2.6 0
0 0 0 1 48.14950000000001 58.8868 17.0 0.019629 0.43959 2.0 0
0 0 0 1 51.25 44.58248000000001 23.0 0.0044874 0.11948449999999997 2.2 0
0 0 0 1 54.171499999999995 60.0 13.0 0.041593 0.31413 2.0 0
0 0 1 0 47.2695 48.51733500000001 3.0 0.46641 1e-05 2.0 0
1 0 0 0 60.0 59.99189 98.0 0.016234179471986653 4.2000000000000004e-05 1.85 1
0 0 1 0 56.50750000000001 49.86643 15.75 0.21622030155 0.00147 5.0 0
0 0 0 1 44.593 44.65961 5.0 0.31218 0.10729649999999999 3.4 0
0 0 0 1 45.01050000000001 14.7619 29.0 0.0011689 0.29902 1.0 0
0 0 0 1 49.997499999999995 47.83896 14.0 0.035178 0.15637750000000003 2.6 0
0 0 0 1 45.763 36.7083425 10.0 0.083411 0.16556 2.0 0
0 0 0 1 47.0345 44.053555 20.0 0.0097647 0.08529550000000001 2.35 0
0 0 0 1 47.553000000000004 46.78679999999999 8.0 0.1391 0.08308099999999999 2.25 0
0 0 1 0 46.917500000000004 38.6667 4.0 0.38889 0.0 5.0 0
0 1 0 0 50.35447767066693 44.52678267539525 24.651144857041167 0.09658699853529934 0.10095995499099822 3.9706941388277657 0
0 1 0 0 48.9235 27.3927 11.0 0.068446 0.0465 2.0 0
1 0 0 0 60.0 59.99189 98.0 0.016234179471986653 4.2000000000000004e-05 1.85 0
0 0 0 1 43.7655 36.108055 3.0 0.42288 0.2862625 5.9 0
0 0 1 0 44.011 40.668225 6.0 0.20852 0.01975 2.0 0
0 0 0 1 49.264500000000005 41.83580500000001 7.0 0.16541 0.55048 18.0 0
0 0 0 1 46.295500000000004 39.369095 6.0 0.24 0.1292415 6.25 0
0 0 0 1 48.2205 55.7968 17.0 0.019584 0.01708 1.0 0
0 0 0 1 50.71 39.2964215 23.0 0.0042096 0.14634 2.0 0
1 0 0 0 60.0 59.99189 98.0 0.016234179471986653 4.2000000000000004e-05 1.85 0
1 0 0 0 59.43 59.222719999999995 50.15 0.06668375856890643 0.07658200000000001 4.05 0
0 0 1 0 50.235499999999995 46.21709499999999 0.0 0.95337 0.0 11.0 0
0 0 1 0 49.945 47.98933 12.1 0.139516025 0.30744 6.0 0
0 0 1 0 45.428 41.777775000000005 8.0 0.13713 0.02748 1.0 0
0 0 1 1 51.68 49.233695000000004 45.0 2.9654e-05 0.00635 2.0 0
0 1 0 0 42.922000000000004 29.6515 3.0 0.47595 0.11152899999999999 4.75 0
0 0 0 1 47.169 45.111525 4.0 0.37369 0.1562155 4.15 0
0 0 0 1 44.24249999999999 42.452635 3.0 0.46009 0.1218075 5.55 0
0 0 1 0 48.217999999999996 42.980821500000005 16.05 0.0715909915 0.10327 2.0 0
0 0 1 0 49.328500000000005 53.68411 6.2 0.58414086 0.0 8.0 0
0 1 0 0 50.35447767066693 44.52678267539525 24.651144857041167 0.09658699853529934 0.10095995499099822 3.9706941388277657 0
0 0 0 1 49.266 44.79445499999999 26.0 0.0024959 0.114507 2.7 0
0 0 0 1 41.98 46.939545 17.0 0.019781 0.154534 1.65 0
0 0 0 1 50.321 49.468035 17.0 0.019344 0.08033100000000001 1.65 0
0 0 0 1 42.15 46.71059 68.0 1.4959e-07 0.0 1.0 0
1 0 0 0 43.77 35.875635 22.1 0.04766826239 0.09492350000000001 2.0 0
0 0 0 1 48.7185 46.659515 31.0 0.00066337 0.028420999999999995 1.95 0
0 0 0 1 44.843500000000006 48.855194999999995 25.0 0.0027241 0.00164 2.0 0
1 0 0 0 46.72 37.940765 18.95 0.053408317000000004 0.06971899999999999 2.25 0
1 0 0 0 42.86 41.19326650000001 12.65 0.114313115 0.33688 3.0 0
0 0 0 1 48.403000000000006 47.5972005 19.0 0.010721 0.104352 1.65 0
0 0 0 1 43.143499999999996 34.916355 3.0 0.43478 0.1717435 2.6 0
0 0 1 0 46.983 59.6552 5.0 0.28006 0.0 5.0 0
0 0 0 1 44.953500000000005 44.461014 7.0 0.16844 0.1732595 3.9 0
0 0 0 1 47.7255 58.7179 10.0 0.091304 0.49318 4.0 0
0 0 0 1 50.278 42.1768115 15.0 0.026831 0.06256 1.0 0
0 0 0 1 44.07 43.86928 13.0 0.041985 0.09479099999999999 1.8 0
0 0 0 1 48.61399999999999 46.226055 20.0 0.0091278 0.074358 2.2 0
0 0 0 1 46.4485 43.802393 4.0 0.33158 0.0938145 3.6 0
0 0 0 1 48.383500000000005 25.2992 23.0 0.004571 0.07995 1.0 0
0 0 0 1 49.79949999999999 46.28599 30.0 0.00086831 0.030080000000000003 2.15 0
0 0 0 1 51.076499999999996 42.68864000000001 13.0 0.040807 0.16074700000000003 2.75 0
0 0 0 1 47.395 43.97260999999999 13.0 0.049216 0.29525 1.0 0
0 0 0 1 52.31 46.2385 15.0 0.029979 0.06306 1.0 0
0 1 0 0 48.16 55.2209 39.0 0.00010386 0.00022 1.0 0
0 0 1 0 50.50149999999999 60.0 0.0 1.0 0.0 7.0 0
0 0 0 1 47.1545 43.99717 2.0 0.51242 0.195251 4.15 0
0 0 0 1 48.44 42.81185550000001 15.0 0.02543 0.10396699999999999 1.8 0
0 0 0 1 49.5365 49.344595 19.0 0.011853 0.19797399999999998 2.0 0
0 0 1 0 41.893 40.735055 5.0 0.29946 0.04196 1.0 0
0 0 0 1 48.538 44.19255 13.0 0.047988 0.54715 3.0 0
0 0 0 1 48.015 47.27903500000001 11.0 0.072088 0.11501199999999998 3.45 0
0 0 0 1 47.644000000000005 46.911215 18.0 0.01528 0.16426899999999997 2.75 0
1 0 0 0 60.0 59.99189 98.0 0.016234179471986653 4.2000000000000004e-05 1.85 0
0 0 0 1 44.8625 30.349678500000003 2.0 0.51913 0.27778 2.0 0
0 0 0 1 49.3515 45.2669 21.0 0.0073623 0.10835849999999998 2.1 0
0 0 0 1 39.34 48.959529999999994 17.0 0.019026 0.04491 3.0 0
0 0 0 1 50.809999999999995 48.815675 24.0 0.0034183 0.00343 2.0 0
0 0 0 1 48.275999999999996 47.53085 21.0 0.0077925 0.05872100000000001 2.25 0
0 0 0 1 48.812999999999995 43.698665000000005 8.0 0.13158 0.121353 4.15 0
0 0 0 1 50.56250000000001 40.580323500000006 22.0 0.0057703 0.0742535 1.8 0
0 1 0 0 35.6625 0.0 4.05 0.6211383300000001 0.9 1.8 0
0 1 0 0 35.6625 0.0 4.05 0.6211383300000001 0.9 1.8 0
0 0 0 1 49.447500000000005 49.860155 14.0 0.033097 0.1013 2.0 0
0 0 0 1 49.851 37.43088 6.0 0.21404 0.1657725 3.4 0
0 0 1 0 47.331 42.796640000000004 8.0 0.13458 0.37333 1.0 0
0 0 1 0 48.1965 40.82989500000001 9.0 0.11705 0.0237 4.0 0
0 0 0 1 45.32449999999999 45.148045 3.0 0.48467 0.140216 7.3 0
0 0 0 1 49.278000000000006 43.06255 22.0 0.0062455 0.04639 1.0 0
0 0 0 1 52.76 46.871045 13.0 0.040645 0.15937400000000002 2.6 0
0 0 1 0 45.30800000000001 36.98235999999999 4.0 0.33499 0.0834 1.0 0
0 1 0 0 50.35447767066693 44.52678267539525 24.651144857041167 0.09658699853529934 0.10095995499099822 3.9706941388277657 0
0 0 0 1 49.65 48.811965 29.0 0.0010084 0.053059999999999996 2.1 0
0 1 0 0 50.35447767066693 44.52678267539525 24.651144857041167 0.09658699853529934 0.10095995499099822 3.9706941388277657 0
0 0 1 0 57.56 54.17863 3.7 0.5274955000000001 0.0 16.0 0
0 0 0 1 45.979 45.357285000000005 17.0 0.017058 0.10583 1.0 0
0 0 0 1 48.4065 44.400905 24.0 0.0038163 0.06009549999999999 2.35 0
0 0 0 1 49.69200000000001 49.345555000000004 24.0 0.0033104 0.038456500000000005 2.85 0
0 0 1 0 44.3385 42.53191 15.2 0.064026995 0.08998 1.0 0
0 0 0 1 47.287 33.4762005 5.0 0.26923 0.18989699999999998 5.35 0
0 0 1 0 49.375499999999995 49.63043 15.05 0.0691097715 0.04339 6.0 0
0 0 0 1 48.106 46.659515000000006 31.0 0.00068265 0.0234315 2.05 0
0 1 0 0 43.2045 0.0 5.85 0.45836299 1.0 2.0 0
0 0 0 1 46.807 39.25953500000001 16.0 0.023205 0.046526 3.3 0
0 0 0 1 43.989999999999995 38.343469999999996 40.0 8.9525e-05 0.03534 1.0 0
0 0 0 1 48.9125 45.943349999999995 31.0 0.00072773 0.017759 1.75 0
0 0 0 1 49.848 22.4828 14.0 0.034509 0.10934 1.0 0
0 0 0 1 52.592999999999996 60.0 16.0 0.021246 0.01429 1.0 0
0 0 1 0 54.980999999999995 51.6667 6.15 0.55131678 0.0 12.0 0
1 0 0 0 52.2 48.35047 31.35 0.060516489771299996 0.05489499999999999 2.2 0
0 0 0 1 46.20200000000001 36.036964 10.0 0.091036 0.15731 2.0 0
0 0 1 0 57.641 52.244274999999995 12.65 0.4605287938001161 0.00094 12.0 0
0 0 0 1 48.609 50.284119999999994 18.0 0.015814 0.0002 2.0 0
0 0 0 1 50.925 42.22426 6.0 0.2293 0.61224 7.0 0
0 0 0 1 49.708 47.915499999999994 14.0 0.03468 0.103079 3.35 0
0 0 1 0 57.59100000000001 56.195130000000006 7.15 0.5187618781500001 0.00305 11.0 0
1 1 1 0 60.0 60.0 74.0 3.2426e-08 0.0 1.0 1
1 0 0 0 29.47 48.5132315 10.0 0.089564 0.14267749999999998 2.8 0
0 0 0 1 49.819500000000005 44.674705 11.0 0.066606 0.142095 5.6 0
0 0 1 0 53.04 41.241545 20.85 0.0721956495 0.00232 1.0 0
0 0 0 1 48.463 47.3603 23.0 0.0047722 0.01441 2.0 0
0 0 0 1 49.555 43.05355 19.0 0.011592 0.08654 4.0 0
0 0 0 1 47.472500000000004 46.161295 18.0 0.015122 0.14195 2.2 0
0 0 0 1 60.025999999999996 59.995835 109.0 1.1233e-11 0.0 2.25 0
0 0 0 1 49.524 50.360405 17.0 0.015895 0.474 2.0 0
1 0 0 0 50.37 46.271114999999995 20.4 0.04654347799999999 0.07946149999999999 1.75 0
0 0 0 1 47.1875 58.9546 13.0 0.042254 0.22518 1.0 0
0 0 1 0 44.542 42.502159999999996 18.9 0.072433330435375 0.11093 3.0 0
1 0 0 0 60.0 59.99189 98.0 0.016234179471986653 4.2000000000000004e-05 1.85 0
0 0 0 1 55.10949999999999 58.814544999999995 100.0 8.7886e-11 0.0 1.95 0
0 0 1 0 44.8055 34.67268 14.95 0.09533280499999999 0.04277 1.0 0
0 1 0 1 45.460499999999996 38.7753565 7.0 0.18556 0.16354600000000002 3.5 0
0 0 0 1 47.18599999999999 42.291602999999995 16.0 0.020134 0.40946 4.0 0
0 0 0 1 49.239 45.13709849999999 13.0 0.048392 0.12502600000000003 3.05 0
0 0 0 1 45.813 35.86193 9.0 0.1212 0.11118 3.0 0
0 0 0 1 47.51 46.802355000000006 15.0 0.030691 0.1834045 1.95 0
0 1 0 0 43.2045 0.0 5.85 0.45836299 1.0 2.0 0
1 0 0 1 34.57 45.64023000000001 14.0 0.032398 0.12525 1.0 0
0 0 1 0 50.099999999999994 48.54572 17.6 0.2498306853 0.00066 3.0 0
1 0 0 0 60.0 59.99189 98.0 0.016234179471986653 4.2000000000000004e-05 1.85 0
0 0 0 1 48.2595 43.91426 21.0 0.0074841 0.12689999999999999 3.85 0
0 0 0 1 50.52650000000001 47.050399999999996 14.0 0.035107 0.01062 2.0 0
0 0 0 1 50.273500000000006 46.19929 23.0 0.0045537 0.098083 1.85 0
1 0 0 0 48.85 42.496615 18.95 0.0302199335 0.040447 1.9 0
0 0 0 1 46.3105 44.57984 14.0 0.032588 0.11533650000000002 2.2 0
0 0 1 0 49.3945 50.708690000000004 12.0 0.050143 0.0 3.0 0
0 0 0 1 46.0295 44.507308 16.0 0.020417 0.135392 3.1 0
0 0 0 1 48.738 49.614124999999994 16.0 0.024515 0.0889205 2.45 0
0 0 0 1 50.212500000000006 47.0081 11.0 0.073306 0.32887 1.0 0
0 0 1 0 49.95100000000001 51.0 0.0 1.0 0.0 15.0 0
0 0 1 0 57.5595 51.514790000000005 6.3 0.42669060000000003 0.03291 12.0 0
0 1 0 1 49.679 55.6893 30.0 0.00085155 0.00325 1.0 0
0 0 1 0 46.025 50.0 0.0 1.0 0.0 4.0 0
0 0 0 1 49.528999999999996 49.00384999999999 19.0 0.010681 0.12050599999999997 1.55 0
0 0 1 0 43.9865 47.93085 3.0 0.43072 0.0 8.0 0
0 0 0 1 46.91 40.673044999999995 8.0 0.15384 0.17651199999999997 2.45 0
1 0 0 0 40.45 30.04157 18.85 0.053672662999999995 0.092423 2.4 0
0 1 0 0 38.07 36.8286 36.0 0.00021579 0.00399 2.0 0
0 0 1 0 46.254 57.83892999999999 7.3 0.5590973559225001 0.0001 7.0 0
0 0 0 1 40.429500000000004 59.795015 255.0 0.0 0.0 1.95 0
0 0 0 1 47.4865 46.450715 19.0 0.012563 0.0961425 2.3 0
0 0 1 0 44.8165 42.351591500000005 5.0 0.25701 0.33088 3.0 0
0 0 0 1 59.932500000000005 59.148435000000006 111.0 6.38e-12 0.0 2.05 0
1 0 0 0 57.78 58.56114 26.75 0.06200638931105941 0.059008000000000005 2.15 0
0 0 0 1 49.108 46.390675 21.0 0.0073855 0.1212855 2.0 0
0 0 0 1 50.190000000000005 47.93954500000001 13.0 0.040219 0.182245 2.15 0
0 1 0 1 49.7975 49.8472 24.0 0.0034217 0.00538 1.0 0
1 0 0 0 59.93 59.81247499999999 69.1 0.0032861379081199995 0.015573 1.6 0
0 0 1 0 57.7325 48.48648 8.6 0.254397035 0.0 22.0 0
0 1 0 0 50.297 58.6774 13.4 0.10147997499999999 0.04597 6.0 0
0 0 0 1 51.38249999999999 48.20143 46.0 2.3771e-05 0.0202485 2.2 0
0 0 0 1 47.5865 46.69119499999999 13.0 0.043826 0.21262850000000003 2.35 0
0 0 0 1 51.78 45.846213 16.0 0.02041 0.163049 3.05 0
0 1 0 1 37.72 49.08646 11.0 0.078137 0.106677 3.05 0
1 0 0 1 48.21 47.160565 17.0 0.01608 0.12290450000000001 3.9 0
0 0 0 1 45.84 42.040940000000006 22.0 0.0054691 0.16431 2.0 0
1 1 1 0 60.0 60.0 112.0 5.6047e-12 0.0 1.0 1
0 0 0 1 49.7995 45.57375499999999 30.0 0.00087562 0.029593500000000012 2.35 0
0 0 0 1 49.914 44.57084 27.0 0.0019801 0.027532499999999998 2.1 0
1 0 0 0 36.38 29.700435 19.5 0.10225437195 0.0961065 1.55 0
0 0 0 1 50.31699999999999 44.620005000000006 27.0 0.0016958 0.03736450000000001 2.3 0
0 0 1 0 56.427499999999995 52.40888500000001 7.45 0.40897656499999996 0.01812 10.0 0
0 0 1 0 51.029 57.607115 3.7 0.52156275 0.0 6.0 0
0 0 0 1 48.7415 42.25186 15.0 0.031236 0.098456 2.5 0
0 0 0 1 48.329 45.36192 43.0 4.7818e-05 0.008214500000000001 2.6 0
0 0 1 0 44.4365 43.888169999999995 16.65 0.049759824999999994 0.07074 1.0 0
0 0 0 1 44.745 44.732 5.0 0.29247 0.11331050000000001 3.6 0
0 1 0 0 47.478500000000004 39.6 17.8 0.041876618000000004 0.02736 3.0 0
1 0 0 0 60.0 59.99189 98.0 0.016234179471986653 4.2000000000000004e-05 1.85 0
0 0 0 1 48.915000000000006 53.9554 23.0 0.0044768 0.44148 4.0 0
0 0 1 0 34.72 43.86519 17.4 0.0746970175 0.06606 1.0 0
1 0 0 0 54.42 54.6068 18.05 0.032448322 0.026370000000000005 2.1 0
0 0 0 1 47.9645 44.10158 13.0 0.0457 0.41152 1.0 0
0 0 0 1 47.54700000000001 43.842135 23.0 0.0048871 0.07628800000000001 2.05 0
0 0 1 0 57.4625 59.05 6.05 0.5727360693099999 0.0 11.0 0
0 0 1 0 50.153000000000006 59.8148 15.45 0.17347158199999999 0.00026 4.0 0
0 0 0 1 53.24250000000001 58.62346 58.0 1.3613e-06 0.028680500000000005 1.95 0
0 0 0 1 49.621500000000005 41.027305 15.0 0.028851 0.0730675 1.9 0
0 0 1 1 47.7495 35.407889000000004 7.0 0.1903 0.38423 1.0 0
0 0 1 0 51.714 48.12736 44.0 3.7086e-05 0.0 1.0 0
0 0 0 1 47.8335 38.487058000000005 10.0 0.085915 0.55884 4.0 0
0 0 1 0 57.7325 47.017250000000004 8.5 0.27074713499999997 0.0 24.0 0
0 0 0 1 49.662 48.18495 11.0 0.068111 0.10864650000000001 3.05 0
0 0 0 1 38.64 45.743405 14.0 0.032595 0.1568295 2.35 0
0 0 1 0 56.42750000000001 53.762635 3.5 0.677560634 0.0 10.0 0
0 0 1 0 43.457 49.0698 11.8 0.33285476740000003 0.00427 7.0 0
1 0 0 0 50.9 47.658145000000005 23.4 0.047213020499999994 0.0412985 1.85 0
0 0 1 1 51.1415 36.206255 6.0 0.20798 0.39286 3.0 0
0 1 0 0 51.38 49.010614999999994 16.8 0.09185343500000001 0.05305 2.2 0
0 1 1 1 44.0375 23.7887 33.0 0.00045026 0.00361 6.0 0
0 0 0 1 48.794500000000006 46.916039999999995 19.0 0.010105 0.1027415 2.9 0
0 1 0 0 58.70050000000001 59.697 17.8 0.151712487555 0.07715300000000001 2.95 0
1 0 0 0 60.0 59.99189 98.0 0.016234179471986653 4.2000000000000004e-05 1.85 0
0 0 1 0 48.919000000000004 45.14772 20.85 0.0966513485 0.00383 1.0 0
1 0 0 0 53.0 49.73885 19.4 0.035611214 0.065607 2.6 0
1 0 0 0 48.06 41.136625 27.3 0.0288435587849675 0.0363415 1.65 0
0 0 0 1 48.275999999999996 47.53085 21.0 0.0078972 0.06963749999999999 2.45 0
0 0 0 1 45.078500000000005 44.43256 28.0 0.0012678 0.0562885 2.25 0
0 0 1 0 48.481500000000004 46.81673 18.5 0.0878421878 0.00753 1.0 0
0 0 0 1 49.4945 45.1838805 15.0 0.025259 0.10158649999999998 1.55 0
1 0 0 0 60.0 59.99189 98.0 0.016234179471986653 4.2000000000000004e-05 1.85 0
0 0 0 1 40.429500000000004 59.795015 255.0 4.7879000000000005e-30 0.0 1.95 0
0 0 0 1 43.7655 40.137750000000004 3.0 0.4 0.1206855 4.35 0
0 0 0 1 42.5 47.33968 36.0 0.00022647 0.03776 3.0 0
0 0 0 1 46.0075 39.60239 20.0 0.009714 0.079502 1.95 0
0 1 0 1 50.0065 45.40805499999999 32.0 0.00060226 0.00097 1.0 0
0 0 0 1 45.2535 40.39155749999999 2.0 0.59477 0.12452 3.0 0
0 0 0 1 48.49550000000001 36.3787155 19.0 0.011146 0.08791700000000001 2.8 0
0 0 0 1 50.553000000000004 44.85242000000001 21.0 0.0072456 0.11704950000000003 2.05 0
0 0 0 1 49.629 39.69923 18.0 0.013731 0.090436 2.05 0
0 0 1 0 49.597500000000004 40.50422999999999 20.8 0.06566091854999999 0.0046 1.0 0
0 0 0 1 48.871500000000005 33.633 17.0 0.018204 0.00502 1.0 0
0 0 0 1 46.4485 44.776898 4.0 0.32164 0.189252 7.25 0
0 0 0 1 48.552 47.52174 21.0 0.006935 0.07852699999999999 1.4 0
0 0 0 1 47.276 45.816425 21.0 0.0075633 0.135472 3.8 0
1 0 0 0 46.55 37.757169999999995 19.45 0.06565487299999999 0.06996649999999999 1.7 0
0 1 0 0 49.509 44.635605 0.0 0.96266 0.04527 16.0 0
0 0 0 1 51.2315 48.7546 15.0 0.028394 0.13190200000000002 2.45 0
0 0 0 1 52.69850000000001 60.0 14.0 0.033746 0.06532 1.0 0
0 0 0 1 53.7885 52.25962 49.0 1.2272e-05 0.0040750000000000005 1.7 0
0 0 0 1 42.7715 36.691 35.0 0.00025983 0.02799 6.0 0
0 0 0 1 50.4 50.473555 16.0 0.024843 0.13965999999999998 2.35 0
0 0 0 1 52.030499999999996 44.09800499999999 6.0 0.23529 0.07759 10.0 0
0 0 0 1 43.7655 40.13775 3.0 0.41681 0.18168849999999998 7.9 0
0 0 0 1 44.852 43.937605000000005 14.0 0.03951 0.09254749999999999 3.45 0
0 1 0 1 48.516000000000005 39.402879999999996 16.0 0.023094 0.0314425 2.45 0
0 0 0 1 46.51199999999999 44.071290000000005 8.0 0.14757 0.10083899999999998 2.3 0
0 0 0 1 47.183499999999995 43.8615145 36.0 0.00024371 0.076805 1.85 0
0 0 0 1 50.966 54.6701 22.0 0.0059764 0.15056 1.0 0
0 0 1 1 48.261 43.824948000000006 16.0 0.02136 0.04323 2.0 0
0 0 1 1 41.5 41.073495 13.0 0.039829 0.10512 1.0 0
0 1 0 0 47.65149999999999 30.1818 31.0 0.0006865 0.022112 2.1 0
0 0 1 0 56.48350000000001 49.74688999999999 43.55 0.09674010418884413 1e-05 4.0 0
0 0 0 1 45.164500000000004 40.3523 31.0 0.00076233 0.00987 2.0 0
0 0 0 1 44.39 37.22282 53.0 4.5612e-06 0.08103149999999999 1.85 0
0 0 0 1 49.413500000000006 45.03031 14.0 0.035604 0.11043500000000002 2.15 0
0 0 0 1 46.60849999999999 38.0479175 10.0 0.089226 0.52252 2.0 0
1 0 0 0 57.96 58.38220000000001 15.55 0.0465285275 0.053441499999999996 2.7 0
0 0 0 1 48.894 56.7 19.0 0.010967 0.00248 2.0 0
0 0 0 1 46.6195 47.112190000000005 9.0 0.11077 0.16171249999999998 3.5 0
0 0 1 0 49.498000000000005 50.708690000000004 1.0 0.71105 0.0 3.0 0
0 0 0 1 49.55650000000001 46.02748 15.0 0.030064 0.151668 2.2 0
0 0 0 1 49.06699999999999 46.1476 20.0 0.008388 0.028588000000000002 2.45 0
0 0 1 0 58.302 52.8424 54.45 0.13475244650142015 0.0 2.0 0
0 0 0 1 48.294 49.79875 41.0 7.4164e-05 0.076824 1.85 0
0 0 0 1 47.395 27.3944 13.0 0.049236 0.42781 4.0 0
0 0 0 1 48.98 44.755185000000004 13.0 0.044179 0.18183850000000001 3.05 0
0 1 1 1 47.934 51.0671 37.0 0.00016215 0.0 5.0 0
1 0 0 0 59.6 59.34647000000001 57.45 0.033186819949106404 0.0616085 2.8 0
0 0 1 1 49.096999999999994 47.562599999999996 46.0 2.3368e-05 0.0 1.0 0
0 0 0 1 52.62 39.103539999999995 15.0 0.029308 0.217675 2.35 0
0 1 1 0 45.8505 25.8448 8.0 0.14109 0.00408 8.0 0
0 0 0 1 47.072 39.5234705 5.0 0.28111 0.10395550000000002 2.7 0
0 0 0 1 45.671499999999995 41.133 14.0 0.038684 0.40875 2.0 0
0 0 0 1 49.2645 44.63539 7.0 0.16774 0.33089 12.0 0
0 0 0 1 46.4485 44.776898 4.0 0.32308 0.13238100000000003 5.05 0
0 0 0 1 46.448499999999996 44.776898 4.0 0.31642 0.25155050000000007 6.75 0
0 0 0 1 47.0385 48.32505999999999 17.0 0.016198 0.0735015 2.1 0
1 0 0 0 59.6 59.34647000000001 57.45 0.033186819949106404 0.0616085 2.8 0
0 0 0 1 50.356500000000004 50.21257 17.0 0.018479 0.10110899999999998 1.9 0
0 0 0 1 47.9585 36.247234999999996 26.0 0.0020131 0.17781 4.0 0
0 0 0 1 45.0415 42.6057 13.0 0.049443 0.142158 1.7 0
0 0 0 1 50.09300000000001 38.17857 18.0 0.013788 0.0890585 2.15 0
0 0 1 0 48.994499999999995 56.6786 3.0 0.49629 0.0 10.0 0
0 1 0 1 50.299 59.9919 36.0 0.00023981 0.0336645 2.7 0
0 0 0 1 44.1395 55.25 31.0 0.00074491 0.05959 2.0 0
0 0 1 0 43.26800000000001 43.23307499999999 12.25 0.126998325 0.25088 4.0 0
0 0 0 1 50.17100000000001 42.68081000000001 14.0 0.035801 0.145121 2.05 0
1 0 0 0 44.58 16.5 13.5 0.0929951725 0.23077 3.0 0
0 1 1 0 56.574 49.53754 19.65 0.1975131672 6e-05 3.0 0
0 0 0 1 47.031499999999994 45.67636 4.0 0.36635 0.19955149999999997 3.5 0
0 0 0 1 49.795 45.660465 22.0 0.0055665 0.06982 2.0 0
0 0 0 1 46.33 36.096138 10.0 0.082193 0.12885 2.0 0
0 0 0 1 47.3495 44.00493 14.0 0.038554 0.149809 2.55 0
0 0 0 1 47.797000000000004 49.883505 17.0 0.018124 0.0447605 2.05 0
0 0 0 1 48.957 46.94507 13.0 0.045597 0.00171 1.0 0
0 0 0 1 51.81 42.706805 25.0 0.0029182 0.0667615 2.15 0
0 0 0 1 47.993 40.8976825 25.0 0.0030691 0.091702 1.8 0
1 0 0 0 60.0 59.99189 98.0 0.016234179471986653 4.2000000000000004e-05 1.85 0
0 0 0 1 47.2295 44.96175 50.0 8.1332e-06 0.01019 2.0 0
1 1 0 1 44.1 40.0296 36.0 0.00020342 0.00588 2.0 0
0 0 0 1 46.64150000000001 46.919773000000006 4.0 0.33766 0.0795105 5.55 0
0 0 0 1 46.976 45.378235000000004 31.0 0.00076141 0.05538150000000001 1.6 0
0 0 0 1 40.429500000000004 59.795015 255.0 2.1413e-32 0.0 1.95 0
0 0 0 1 45.8135 46.79390499999999 25.0 0.0027259 0.02858 3.0 0
0 0 0 1 50.31699999999999 48.26901 27.0 0.0016597 0.0437785 1.8 0
1 0 0 0 51.62 48.93823999999999 17.55 0.0550545627 0.05162850000000001 2.3 0
0 1 0 0 42.2065 0.0 0.0 1.0 1.0 2.0 0
0 1 0 0 46.185500000000005 22.0 9.0 0.1145 0.875 1.0 0
0 0 0 1 47.73 46.871045 13.0 0.040598 0.15636000000000003 2.6 0
0 0 1 0 50.186 55.920065 1.0 0.68109 0.0 10.0 0
0 0 0 1 50.927499999999995 60.0 47.0 1.9129e-05 0.08248 1.0 0
1 0 0 0 59.84 59.71248999999999 82.25 0.003243261507273977 0.011612500000000001 2.65 0
1 0 1 0 47.14 45.7256 9.0 0.1081 0.01067 2.0 0
0 0 0 1 49.5365 49.344595 19.0 0.011858 0.19797399999999998 2.0 0
0 0 0 1 49.882000000000005 43.612455 30.0 0.00091265 0.015210499999999997 2.05 0
0 0 1 0 47.8335 46.221885 20.65 0.031018205182050007 0.01526 1.0 0
0 0 0 1 51.083 46.256495 20.0 0.0088514 0.09002199999999999 2.55 0
0 0 1 0 58.302 52.8424 54.45 0.13475244650142015 0.0 2.0 0
0 0 0 1 48.403000000000006 47.5972005 19.0 0.010727 0.10553200000000003 1.65 0
0 0 0 1 46.280499999999996 48.94029999999999 13.0 0.046345 0.12466199999999998 2.6 0
0 0 0 1 48.847 4.0 13.0 0.048067 0.25374850000000004 2.3 0
1 0 0 1 31.63 43.69566999999999 13.0 0.041345 0.07626 3.0 0
0 0 1 0 45.6645 44.553430000000006 0.0 0.85311 0.04522 2.0 0
0 0 1 1 49.584999999999994 48.329455 14.0 0.036841 0.00141 1.0 0
1 0 0 0 58.9 59.052009999999996 19.6 0.10593260865378999 0.0982705 2.3 0
0 0 0 1 49.06699999999999 46.1476 20.0 0.0083841 0.0285775 2.3 0
0 0 1 0 44.17700000000001 46.421105 4.0 0.36395 0.00955 1.0 0
0 0 0 1 58.795 57.385475 81.0 6.5446e-09 0.0058275 2.1 0
0 0 0 1 50.726000000000006 43.074135 19.0 0.010446 0.33367 4.0 0
0 1 0 0 50.15 48.52 13.0 0.040248 0.14387 9.0 0
0 1 0 0 48.915000000000006 59.3456 22.8 0.032778032900000004 0.00587 2.0 0
0 0 1 0 55.547000000000004 59.8654 1.0 0.76697 0.0 10.0 0
0 0 1 0 40.78 38.109139000000006 20.15 0.03288003869999999 0.02589 1.0 0
0 0 0 1 47.79299999999999 38.5290795 16.0 0.020334 0.11296 2.0 0
1 0 0 0 60.0 59.99189 98.0 0.016234179471986653 4.2000000000000004e-05 1.85 0
0 0 0 1 47.286 48.8927 26.0 0.0022054 0.38256 3.0 0
0 0 1 0 56.48350000000001 49.74688999999999 43.55 0.09674010418884413 1e-05 4.0 0
0 0 0 1 48.824 48.122065000000006 26.0 0.0021948 0.057957 2.05 0
0 0 0 1 47.17 7.54545 2.0 0.57826 0.07881200000000002 7.3 0
0 1 0 1 58.54350000000001 60.0 16.0 0.024215 0.1917915 3.45 0
0 0 0 1 47.407000000000004 32.791 72.0 5.8412e-08 0.0 2.0 0
0 0 1 0 49.23700000000001 50.2927 1.0 0.74135 5e-05 3.0 0
0 0 0 1 44.8685 39.701010000000004 3.0 0.45283 0.09827399999999997 4.35 0
1 0 0 0 50.9 47.658145000000005 23.4 0.047213020499999994 0.0412985 1.85 0
1 0 0 0 45.02 45.130606500000006 10.0 0.087954 0.00564 2.0 0
0 0 0 1 52.806000000000004 59.795015 211.0 7.2919e-22 0.0 1.95 0
0 0 0 1 46.608999999999995 41.6354135 13.0 0.04891 0.17031499999999997 1.6 0
1 0 0 0 56.36 58.209680000000006 15.45 0.09282247499999999 0.06786600000000001 2.45 0
0 0 1 0 46.922999999999995 43.525786499999995 15.95 0.07183456149999999 0.10389 2.0 0
0 1 0 1 51.4005 49.713274999999996 32.0 0.00061583 0.04898400000000001 1.8 0
0 0 1 0 42.592999999999996 41.71514 5.0 0.28063 0.15791 2.0 0
0 0 1 0 49.8825 48.024395000000005 4.0 0.33496 0.0 1.0 0
0 1 0 0 49.90599999999999 22.4412 10.0 0.085438 0.00355 1.0 0
0 1 0 0 56.0425 57.0345 15.35 0.130021518 0.055801500000000004 4.45 0
0 0 0 1 47.3415 44.400904999999995 24.0 0.0039393 0.1218195 2.3 0
0 0 0 1 47.51350000000001 45.389860000000006 26.0 0.0020417 0.070483 2.75 0
0 0 0 1 47.560500000000005 38.521535 18.0 0.014612 0.07307050000000001 2.1 0
0 0 0 1 51.2025 46.784479999999995 14.0 0.037303 0.118617 2.25 0
0 0 1 0 40.96 43.851620000000004 20.8 0.025160319450000003 0.03784 1.0 0
1 1 1 0 60.0 60.0 114.0 3.6095e-12 0.0 1.0 1
0 0 0 1 47.177499999999995 37.083510000000004 20.0 0.0093762 0.0615425 3.45 0
0 0 0 1 49.0055 45.415485000000004 21.0 0.0070509 0.060584000000000006 2.3 0
0 0 0 1 49.2665 43.42501 22.0 0.0054986 0.167138 1.65 0
0 0 0 1 51.37299999999999 60.0 20.0 0.0098657 0.02738 1.0 0
0 0 0 1 50.55300000000001 44.85242000000001 21.0 0.0072355 0.11704949999999999 2.05 0
0 0 0 1 48.516000000000005 40.30439499999999 16.0 0.023086 0.0314425 2.45 0
0 0 0 1 49.51 45.823274999999995 24.0 0.0036445 0.10040049999999998 3.2 0
0 0 1 1 50.8305 45.47240799999999 16.0 0.021754 0.00102 5.0 0
0 0 0 1 58.63 45.424670000000006 21.0 0.0070194 0.08311850000000001 2.2 0
0 1 0 0 50.35447767066693 44.52678267539525 24.651144857041167 0.09658699853529934 0.10095995499099822 3.9706941388277657 0
0 0 0 1 47.947 44.57863 26.0 0.0021306 0.051057 2.5 0
0 0 0 1 47.17200000000001 49.85038 21.0 0.006866 0.13119350000000002 1.4 0
0 0 0 1 50.368 47.955020000000005 20.0 0.0081104 0.11327849999999999 1.85 0
0 0 0 1 56.64 44.67592 27.0 0.0016863 0.01109 3.0 0
1 0 0 0 34.87 27.90648 27.65 0.0778225760506 0.08683949999999999 1.65 0
0 0 0 1 47.974500000000006 37.8679305 19.0 0.010936 0.029990999999999997 2.3 0
0 0 0 1 50.830000000000005 49.467595 14.0 0.037392 0.0545 2.0 0
0 0 1 0 44.89149999999999 37.5144725 2.0 0.53413 0.18116 3.0 0
0 0 0 1 50.31949999999999 46.80476 19.0 0.011681 0.11858500000000001 1.9 0
0 0 0 1 48.51349999999999 41.610656500000005 15.0 0.031535 0.39975 3.0 0
0 0 0 1 46.131499999999996 45.722494999999995 11.0 0.077248 0.09428349999999999 4.45 0
0 0 0 1 47.395 42.406275 13.0 0.049002 0.50387 1.0 0
0 0 0 1 47.169 47.24955 4.0 0.37579 0.15184100000000003 4.2 0
1 0 0 0 60.0 59.99189 98.0 0.016234179471986653 4.2000000000000004e-05 1.85 0
0 0 0 1 42.585 39.907554999999995 3.0 0.44094 0.17289300000000002 2.25 0
0 0 0 1 44.8685 39.831540000000004 3.0 0.45396 0.1252545 4.55 0
0 0 0 1 47.232 33.630395 20.0 0.0094258 0.06051599999999999 3.35 0
0 0 1 0 47.626 41.93804 0.0 0.98421 0.0 5.0 0
0 1 0 0 48.2645 43.197 21.0 0.0071283 0.00362 2.0 0
0 0 0 1 47.529999999999994 50.472455000000004 42.0 5.1907e-05 0.038407000000000004 2.95 0
0 0 1 0 43.473 40.401386 13.5 0.12345057699999999 0.21504 2.0 0
0 0 0 1 40.962500000000006 15.875 39.0 0.0001234 0.65017 2.0 0
0 0 0 1 54.29 41.499175 25.0 0.0031077 0.05569100000000001 2.15 0
0 0 1 0 50.692 48.6986 10.3 0.209128655 1e-05 22.0 0
1 0 0 0 58.79 58.99898499999999 15.2 0.088462275 0.11453949999999999 2.4 0
1 1 1 1 60.0 60.0 34.0 0.0003769 4e-05 1.0 1
0 0 0 1 44.852 43.937605 14.0 0.039577 0.09316450000000001 2.45 0
0 0 0 1 51.4005 49.713274999999996 32.0 0.00062144 0.04898400000000001 1.8 0
0 1 0 0 57.72399999999999 53.659755 7.0 0.44916641 0.01656 13.0 0
0 1 0 1 46.34250000000001 34.6623705 5.0 0.27778 0.14043100000000003 3.0 0
0 0 1 0 49.5595 59.8722 16.0 0.02468 0.0 2.0 0
0 1 0 0 46.75699999999999 39.40350500000001 20.0 0.0082676 0.05145 1.0 0
1 0 0 0 47.82 40.147544999999994 16.45 0.11434697299999999 0.069011 1.55 0
0 1 0 0 49.347500000000004 58.5902 17.35 0.15669951299999998 0.00926 4.0 0
0 0 0 1 45.4165 41.30401500000001 9.0 0.12565 0.23194649999999997 4.55 0
1 0 0 0 57.21 58.91441 19.3 0.013425519999999996 0.074258 2.4 0
0 0 0 1 49.28949999999999 49.4706 15.0 0.028876 0.03321 2.0 0
0 1 0 0 44.30649999999999 39.2 11.25 0.18908739449999998 1.0 3.0 0
0 0 0 1 46.979499999999994 43.600764999999996 13.0 0.043553 0.16014 1.0 0
0 0 1 0 48.49150000000001 47.051245 16.5 0.05721501 0.05851 1.0 0
0 1 0 1 50.978 59.8333 15.0 0.028416 0.01184 2.0 0
0 0 1 0 56.50750000000001 48.84459499999999 15.25 0.19624191275 0.00374 5.0 0
0 0 0 1 49.16 37.065509999999996 19.0 0.011969 0.15181 1.0 0
0 0 0 1 51.859 44.29129 13.0 0.041593 0.08632 2.0 0
0 0 0 1 45.4165 41.30401500000001 9.0 0.12481 0.23194649999999997 4.55 0
0 0 1 0 45.4135 57.7833 0.0 0.84661 5e-05 8.0 0
1 0 0 0 60.0 59.99189 98.0 0.016234179471986653 4.2000000000000004e-05 1.85 0
0 0 0 1 36.18 44.654714999999996 15.0 0.03059 0.21092299999999997 1.9 0
0 0 0 1 45.0065 43.132889 7.0 0.16358 0.19753700000000002 5.55 0
0 1 0 0 51.8205 45.423555 23.0 0.0043066 0.12985150000000004 2.35 0
1 0 0 0 59.74 59.637119999999996 78.0 0.0009855650026289393 0.024571 2.8 1
0 0 0 1 50.5295 45.94699000000001 14.0 0.032941 0.20254499999999998 2.45 0
0 0 0 1 48.0595 44.747274999999995 21.0 0.0075096 0.1315865 3.8 0
0 0 0 1 47.081500000000005 48.847041499999996 10.0 0.088724 0.100339 2.35 0
0 1 0 0 50.35447767066693 44.52678267539525 24.651144857041167 0.09658699853529934 0.10095995499099822 3.9706941388277657 0
0 0 0 1 48.197500000000005 59.4208 23.0 0.0046118 0.01002 2.0 0
1 0 0 0 48.6 30.9777675 2.0 0.59518 0.16438 1.0 0
0 0 0 1 47.378499999999995 48.969485000000006 38.0 0.00015491 0.0376875 2.25 0
0 0 1 1 46.214000000000006 44.40907 13.0 0.043 0.00387 2.0 0
0 1 0 0 46.0275 45.8555745 36.0 0.00022374 0.094204 2.6 0
0 0 1 1 51.086 42.9482 23.0 0.0041149 0.01309 1.0 0
0 0 1 0 42.28 45.7703 18.45 0.031398826000000005 0.01673 2.0 0
0 0 0 1 48.723 50.2937 32.0 0.00062535 0.00114 2.0 0
0 0 0 1 51.195 43.39054 13.0 0.041015 0.13426900000000003 2.45 0
0 0 0 1 50.655 47.29811500000001 46.0 2.5045e-05 0.020248500000000003 2.2 0
0 0 0 1 48.9125 45.943349999999995 31.0 0.00072691 0.017759 1.75 0
0 0 0 1 44.852 41.793504999999996 14.0 0.03924 0.11967950000000001 3.2 0
0 0 0 1 49.858000000000004 51.584105 34.0 0.00033528 0.0160965 2.75 0
0 0 1 0 44.08650000000001 53.72277499999999 0.0 0.88463 0.0 7.0 0
1 0 0 0 57.75 58.56114 21.45 0.0677157393109237 0.05900799999999999 2.15 0
0 0 1 1 52.44 47.8423815 15.0 0.029217 0.01239 3.0 0
0 0 0 1 49.484 49.015460000000004 29.0 0.0011979 0.033348 1.65 0
0 0 0 1 52.3725 47.473800000000004 44.0 3.7668e-05 0.031429 2.05 0
0 0 0 1 50.099500000000006 44.696105 19.0 0.010714 0.00626 2.0 0
1 0 0 0 60.0 59.99189 98.0 0.016234179471986653 4.2000000000000004e-05 1.85 0
0 0 0 1 47.22 42.43236 18.0 0.014919 0.08164699999999998 2.1 0
0 0 1 0 44.7165 41.42693500000001 12.9 0.137256415 0.4217 2.0 0
0 1 0 0 35.6625 0.0 4.05 0.6211383300000001 0.9 1.8 0
0 0 1 0 48.556000000000004 41.41647999999999 15.0 0.108634046 0.0611 1.0 0
1 0 0 0 58.3 58.649469999999994 25.9 0.03779241500369539 0.1002585 3.05 0
0 0 0 1 43.975 22.1579 3.0 0.43137 0.24118 3.0 0
0 0 0 1 57.82 46.16436 22.0 0.0060232 0.14972049999999998 1.95 0
0 0 0 1 46.732 42.263045 20.0 0.0098747 0.049752000000000005 2.9 0
0 0 1 0 57.7325 52.7124 8.7 0.32098735165000003 0.0 20.0 0
0 0 0 1 49.0335 44.365734999999994 16.0 0.021975 0.17186849999999998 3.05 0
0 1 0 0 50.35447767066693 44.52678267539525 24.651144857041167 0.09658699853529934 0.10095995499099822 3.9706941388277657 0
0 0 0 1 50.19 47.93954500000001 13.0 0.040502 0.17177650000000003 2.25 0
0 0 0 1 46.34250000000001 34.6623705 5.0 0.27778 0.14043100000000003 3.0 0
1 0 0 0 47.47 39.638615 20.6 0.07000535151050001 0.08006100000000001 2.3 0
1 0 0 0 44.37 35.632915000000004 22.75 0.01789773806 0.0525935 2.25 0
0 0 1 0 59.947500000000005 58.182465 81.15 0.05852936627391324 0.0 1.0 0
1 0 1 0 52.42 42.066025 23.55 0.0678565045 0.00101 1.0 0
0 0 0 1 44.17 47.160565000000005 17.0 0.016085 0.12290450000000001 3.9 0
0 0 1 0 53.24799999999999 60.0 1.0 0.64064 0.00036 1.0 0
0 0 1 0 45.641 44.291815 5.0 0.27693 0.04126 2.0 0
0 0 0 1 47.371 46.959918 16.0 0.020965 0.37126 1.0 0
0 0 0 1 47.409499999999994 43.299834999999995 14.0 0.033263 0.1460875 2.6 0
0 1 0 1 49.3155 58.1392 15.0 0.026157 0.1656525 2.55 0
1 0 0 0 42.39 30.779295 33.4 0.0186469217 0.08387250000000002 2.3 0
0 0 0 1 49.548500000000004 44.58367 14.0 0.033572 0.02753 1.0 0
1 0 0 0 51.2 49.250225 19.95 0.062259448550000006 0.0492265 2.0 0
0 0 1 0 44.211 32.41058650000001 14.15 0.14785829849999998 0.10849 2.0 0
1 0 0 0 30.65 24.698855000000002 15.9 0.1009041535 0.17312100000000002 1.95 0
1 0 0 0 52.58 48.25446 16.6 0.0983804125 0.05010749999999999 2.05 0
0 0 0 1 53.37 49.097295 17.0 0.01947 0.13962349999999998 1.75 0
0 0 0 1 47.96 47.11732 19.0 0.010365 0.0833895 2.85 0
0 0 0 1 45.529 48.694475 13.0 0.043179 0.1082635 3.15 0
0 0 0 1 50.102 48.58145 17.0 0.016503 0.0970355 3.2 0
0 0 0 1 51.38250000000001 46.30606 46.0 2.099e-05 0.020937000000000004 2.0 0
0 0 1 0 50.2395 48.731719500000004 19.0 0.012369 1e-05 10.0 0
0 0 1 0 46.254 54.63356500000001 14.05 0.26032072092249997 0.00112 7.0 0
0 0 0 1 52.447500000000005 42.30995849999999 22.0 0.0057381 0.07918 1.75 0
0 0 0 1 47.183499999999995 43.861514500000006 36.0 0.0002369 0.07683749999999999 1.85 0
1 0 0 0 38.31 28.051127499999996 30.1 0.05092078275249999 0.0898115 1.85 0
0 1 0 0 50.35447767066693 44.52678267539525 24.651144857041167 0.09658699853529934 0.10095995499099822 3.9706941388277657 0
0 0 1 0 57.641000000000005 52.727845 13.0 0.48482393000011614 0.0 12.0 0
1 0 0 1 43.13 49.1093 15.0 0.028288 0.1457855 2.35 0
0 0 0 1 54.98 44.654714999999996 15.0 0.030614 0.20006549999999995 2.0 0
0 0 0 1 45.99899999999999 43.876505 25.0 0.0028449 0.0846695 1.9 0
0 1 0 1 49.76 43.179022999999994 16.0 0.024903 0.07032 2.0 0
0 0 1 0 48.62599999999999 35.633396999999995 4.0 0.33485 0.18167 1.0 0
0 0 0 1 47.894499999999994 44.751144999999994 14.0 0.038455 0.128884 2.45 0
0 0 1 0 48.7665 40.153220000000005 18.5 0.118708389 0.0022 1.0 0
0 0 1 0 46.42 37.822845 18.0 0.03640597795000001 0.0225 2.0 0
0 0 1 0 44.572500000000005 30.6667 11.1 0.4874176843000001 0.0 3.0 0
1 0 0 0 48.14 41.537725 37.25 0.025790576025730354 0.04417800000000001 1.7 0
0 1 0 0 48.868 59.922 23.4 0.011113070199999998 0.00241 1.0 0
0 0 0 1 51.68649999999999 46.454605 15.0 0.02853 0.10390999999999999 2.55 0
0 0 0 1 51.95649999999999 45.060595 13.0 0.041178 0.06415 3.0 0
1 0 0 0 60.0 59.99189 98.0 0.016234179471986653 4.2000000000000004e-05 1.85 0
0 0 1 0 49.328500000000005 53.68411 8.6 0.4039075449999999 1e-05 8.0 0
0 0 0 1 48.842 45.943349999999995 31.0 0.00073078 0.017759 1.75 0
0 0 0 1 44.759 44.579840000000004 14.0 0.03213 0.1263905 2.0 0
0 0 0 1 47.3175 49.293009999999995 10.0 0.087313 0.09307399999999999 3.6 0
1 0 0 0 60.0 60.0 64.2 0.08598963207266613 0.004196500000000001 2.7 0
0 1 0 0 50.35447767066693 44.52678267539525 24.651144857041167 0.09658699853529934 0.10095995499099822 3.9706941388277657 0
1 0 0 0 47.55 41.5741 12.0 0.0583 0.17796 1.0 0
0 1 0 0 47.8495 59.5714 15.9 0.0813400505 0.01659 2.0 0
0 0 1 0 47.185500000000005 44.811065 17.2 0.0639470751 0.01612 3.0 0
0 1 0 0 48.2275 21.86 20.0 0.0088383 0.01637 1.0 0
1 0 1 1 52.52 46.669235 17.0 0.019533 0.00643 1.0 0
0 1 0 0 57.5 58.70059 14.85 0.11476938000000003 0.0725075 1.9 0
0 0 1 0 49.926 45.199215 0.0 0.83187 0.0 10.0 0
0 0 0 1 50.21 48.051930000000006 37.0 0.00019121 0.029941000000000002 2.95 0
0 0 0 1 52.584500000000006 44.05285500000001 23.0 0.0043546 0.1325055 2.2 0
0 0 0 1 48.2625 33.1395 20.0 0.0093749 0.01195 1.0 0
0 0 0 1 49.9895 33.1968 18.0 0.012985 0.05898 1.0 0
0 0 0 1 51.2105 42.823485 13.0 0.041 0.13426900000000003 2.45 0
1 0 0 0 54.35 54.02522499999999 18.55 0.026271002000000005 0.0610835 2.1 0
0 0 0 1 51.0 46.48271 14.0 0.034991 0.11842 2.0 0
0 0 0 1 56.47 59.3922 24.0 0.0032566 0.042717 2.55 0
0 1 0 0 48.8895 41.9104 95.0 2.795e-10 0.0 1.0 0
0 0 0 1 45.854 43.127089999999995 14.0 0.033595 0.17122600000000002 2.55 0
0 0 0 1 50.384499999999996 41.098443499999995 22.0 0.0058044 0.027628999999999997 1.65 0
1 0 0 0 55.81 57.174855 19.3 0.026456913050000003 0.042517000000000006 2.4 0
0 0 0 1 48.79249999999999 40.6641865 15.0 0.027695 0.05221 1.0 0
0 0 0 1 53.129999999999995 48.205349999999996 45.0 3.1475e-05 0.004857499999999999 2.85 0
1 0 0 0 47.24 38.372975 22.85 0.016296434342000003 0.031739 2.4 0
0 0 0 1 47.894499999999994 44.751144999999994 14.0 0.038456 0.128884 2.45 0
1 0 0 0 60.0 59.99189 98.0 0.016234179471986653 4.2000000000000004e-05 1.85 0
0 1 0 0 48.7185 46.659515 31.0 0.00063376 0.039011 1.95 0
0 0 0 1 43.855000000000004 45.258275000000005 17.0 0.017324 0.10145 1.0 0
0 0 0 1 49.2535 42.18761000000001 6.0 0.22704 0.1435735 7.15 0
0 0 1 1 49.548500000000004 48.471070000000005 14.0 0.033549 0.02392 4.0 0
0 1 0 1 49.42399999999999 54.3491 18.0 0.012825 0.02734 3.0 0
0 0 0 1 49.266000000000005 49.26786500000001 12.0 0.057792 0.29618 1.0 0
0 0 0 1 46.5915 45.261655000000005 35.0 0.00026824 0.0322755 2.7 0
1 0 1 1 55.45 46.001594999999995 26.0 0.002147 0.00027 1.0 0
0 0 0 1 46.0075 32.955245 6.0 0.21429 0.23077 1.0 0
1 0 0 0 45.64 36.703555 22.8 0.040613531502336604 0.050332 2.0 0
0 1 0 1 49.6595 51.576465 18.0 0.015707 0.01371 3.0 0
0 0 0 1 44.0 37.22043000000001 20.0 0.0084871 0.01316 1.0 0
0 0 0 1 48.275999999999996 47.53085 21.0 0.0077251 0.0752545 2.25 0
1 0 1 0 55.31 47.501639999999995 17.35 0.041220396000000006 0.02788 2.0 0
0 0 1 0 57.7325 48.48648000000001 8.6 0.254397035 0.00015 22.0 0
0 0 0 1 48.1565 50.786145 15.0 0.02618 0.159113 2.55 0
0 0 0 1 46.0235 60.4557 9.0 0.12077 0.1158655 4.9 0
1 0 0 0 50.27 46.52216 17.65 0.0742459925 0.08685200000000001 1.8 0
0 0 0 1 45.6635 48.1455 28.0 0.0015404 0.053280499999999995 2.05 0
0 0 0 1 47.75 44.93785999999999 20.0 0.0081264 0.1401635 2.05 0
0 1 0 0 50.35447767066693 44.52678267539525 24.651144857041167 0.09658699853529934 0.10095995499099822 3.9706941388277657 0
0 0 1 0 54.997 59.6491 1.0 0.68429 0.0 11.0 0
1 0 0 0 47.96 40.51182000000001 21.15 0.083254256760085 0.06375549999999999 1.55 0
0 1 0 1 47.114 60.1754 8.0 0.14969 0.11725499999999997 3.8 0
0 0 0 1 49.35 47.695265 14.0 0.037769 0.14384049999999998 4.45 0
0 0 0 1 49.708000000000006 48.16878 14.0 0.034711 0.0955235 3.45 0
0 0 0 1 49.483999999999995 43.8662585 13.0 0.04812 0.17709650000000002 2.2 0
0 0 0 1 48.59 45.583935000000004 14.0 0.036143 0.05311 1.0 0
0 1 1 1 51.84400000000001 60.0 24.0 0.0037256 0.00039 8.0 1
0 0 1 0 49.155 44.7457285 13.6 0.0941191765 0.05169 3.0 0
0 0 0 1 53.405499999999996 45.51297000000001 24.0 0.0035331 0.14363299999999998 2.6 0
0 0 0 1 49.401 36.969015 6.0 0.20468 0.1047185 6.2 0
0 0 0 1 49.652 41.26784 16.0 0.022764 0.0995975 3.9 0
0 0 0 1 58.088 57.110545 91.0 7.591e-10 5.000000000000001e-07 1.8 0
0 0 0 1 43.898500000000006 44.579840000000004 14.0 0.031632 0.11566999999999998 2.35 0
0 0 0 1 50.578500000000005 49.261044999999996 21.0 0.0073422 0.40072 5.0 0
0 0 0 1 50.655 47.29811500000001 46.0 2.5011e-05 0.0202485 2.2 0
0 1 0 0 50.35447767066693 44.52678267539525 24.651144857041167 0.09658699853529934 0.10095995499099822 3.9706941388277657 0
0 0 0 1 48.18650000000001 49.359660000000005 19.0 0.010531 0.07310050000000001 2.25 0
0 0 0 1 45.278499999999994 42.2558 17.0 0.017454 0.12282249999999999 2.1 0
0 1 1 1 47.348499999999994 41.508514999999996 9.0 0.11985 0.0101 12.0 0
0 0 0 1 28.45 44.45381999999999 17.0 0.017679 0.1040965 3.7 0
0 1 0 1 49.2605 20.2 18.0 0.012602 1.0 1.0 0
0 0 1 0 48.0715 46.611385 19.2 0.03934914328499999 0.01786 1.0 0
0 0 0 1 47.8335 48.286109999999994 29.0 0.0010591 0.037789 2.45 0
0 0 0 1 49.906 44.94503 21.0 0.0071452 0.051415 2.5 0
0 0 0 1 50.181000000000004 40.237126 21.0 0.007279 0.21649 2.0 0
0 1 0 0 56.26 58.09465 16.35 0.05961609 0.06337899999999999 2.35 0
0 0 1 0 49.192499999999995 44.896905 3.0 0.44175 0.0001 1.0 0
0 0 0 1 40.429500000000004 59.795015 255.0 1.82169e-44 0.0 1.95 0
0 0 0 1 48.2565 47.084095 15.0 0.030185 0.148863 1.85 0
0 0 0 1 50.37949999999999 40.134035 18.0 0.013387 0.05204 1.0 0
0 0 0 1 49.035999999999994 46.687025 15.0 0.026824 0.089072 2.05 0
0 0 0 1 47.2435 41.20560000000001 23.0 0.0048862 0.03807 1.0 0
0 0 0 1 48.2 44.119895 22.0 0.0059333 0.089784 1.75 0
0 0 1 0 48.963499999999996 60.8871 4.0 0.37684 0.00622 4.0 0
0 0 0 1 46.7475 36.913 20.0 0.009655 0.1581355 2.0 0
0 0 0 1 50.31699999999999 48.26901 27.0 0.001653 0.03758199999999999 1.9 0
0 0 0 1 45.460499999999996 38.4789215 7.0 0.19231 0.189847 4.05 0
0 0 0 1 50.013000000000005 46.45652500000001 14.0 0.036794 0.0714275 2.35 0
0 0 1 1 48.45100000000001 47.196605 46.0 2.4861e-05 0.00163 1.0 0
0 0 0 1 48.534000000000006 47.82562 18.0 0.01554 0.01815 1.0 0
0 0 0 1 50.8085 40.6088165 15.0 0.026301 0.16556 1.0 0
1 1 0 1 52.74 40.2959 38.0 0.00013523 0.00401 2.0 0
0 0 0 1 49.4945 49.000005 15.0 0.02553 0.066696 1.65 0
0 0 1 0 57.7325 50.522505 5.6 0.36967010000000006 3e-05 21.0 0
0 0 0 1 48.251000000000005 36.24725550000001 19.0 0.011243 0.13048949999999998 2.4 0
1 1 0 1 49.47 43.2793 16.0 0.021808 0.03563 2.0 0
0 0 0 1 40.429500000000004 59.795015 255.0 4.3857e-34 0.0 1.95 0
0 0 0 1 48.8275 48.73482500000001 11.0 0.071378 0.098684 3.7 0
0 1 0 1 46.964 23.7873 20.0 0.0096436 0.00191 1.0 0
1 0 0 0 60.0 59.99189 98.0 0.016234179471986653 4.2000000000000004e-05 1.85 0
0 0 0 1 44.3825 38.384335 4.0 0.32971 0.12644 1.0 0
1 0 0 0 46.32 37.326025 18.7 0.052406695149999995 0.0746685 2.0 0
0 1 0 0 50.566 54.5915 12.0 0.061186 0.00319 1.0 0
1 0 0 0 43.59 43.519524999999994 11.45 0.19832651500000004 0.14722 3.0 0
0 0 1 0 46.3 39.65457 16.75 0.06641975850000001 0.02887 1.0 0
0 0 0 1 50.672999999999995 50.3386565 32.0 0.00055246 0.05310349999999999 2.45 0
1 0 0 0 48.8 42.496615 19.05 0.029361103499999996 0.043112500000000005 1.7 0
0 0 0 1 49.103 24.6333 18.0 0.012614 0.22332 2.0 0
0 0 0 1 44.852 43.937605000000005 14.0 0.039532 0.092798 3.55 0
0 0 0 1 45.460499999999996 38.7753565 7.0 0.18581 0.16354600000000002 3.5 0
0 0 0 1 44.852 43.937605000000005 14.0 0.039652 0.09316450000000001 2.45 0
0 0 0 1 47.1545 34.626729999999995 2.0 0.53016 0.17223950000000002 4.35 0
1 0 0 0 42.38 30.779295 32.6 0.0190912832 0.08218 2.15 0
1 0 0 0 43.56 33.984930000000006 31.6 0.08179456469999999 0.090816 2.1 0
0 0 0 1 57.666 58.69863 79.0 1.0284e-08 0.0058275 2.15 0
0 0 0 1 48.783500000000004 49.668980000000005 17.0 0.018247 0.0712515 2.05 0
0 0 1 0 49.026 44.86201249999999 2.0 0.58623 0.0 17.0 0
1 1 1 0 49.01 39.5253 102.0 6.217e-11 0.0 1.0 1
0 0 0 1 44.852 43.937605000000005 14.0 0.039592 0.09316450000000001 2.45 0
0 0 0 1 45.8135 48.674974999999996 25.0 0.0026589 0.0216 3.0 0
0 0 1 0 57.7325 47.21576 6.15 0.34756381500000005 0.0 26.0 0
0 0 1 0 57.760000000000005 54.77026500000001 7.85 0.41341468764 0.0 14.0 0
0 0 0 1 45.6635 48.1455 28.0 0.0015692 0.053280499999999995 2.05 0
0 0 0 1 49.524 49.1674 17.0 0.015987 0.03982 23.0 0
0 1 0 0 56.61450000000001 57.4756 17.3 0.150089127704 0.05931300000000002 4.25 0
0 1 1 0 50.403 23.28 15.0 0.027509 0.00089 5.0 0
0 0 0 1 46.98100000000001 42.39003000000001 16.0 0.02381 0.1531575 3.8 0
0 0 1 0 47.764500000000005 40.29332 0.0 1.0 0.0 2.0 0
0 0 1 0 41.42400000000001 49.218182 16.4 0.08958899449999999 0.24265 1.0 0
0 0 0 1 48.989 46.659515000000006 31.0 0.00068018 0.0234315 2.05 0
0 0 0 1 46.295500000000004 41.49228000000001 6.0 0.2486 0.09005250000000001 4.2 0
0 0 0 1 48.9315 47.6038 17.0 0.018601 0.09105550000000001 2.8 0
0 0 0 1 48.349 49.445515 24.0 0.0032847 0.06606999999999999 2.35 0
0 0 0 1 47.514 24.48707 4.0 0.34724 0.77778 1.0 0
0 0 1 0 43.74049999999999 49.5017175 2.0 0.61953 0.0 7.0 0
0 1 0 1 46.8925 46.22976 19.0 0.012201 0.06098450000000001 3.2 0
0 0 1 0 44.853500000000004 45.311325 14.65 0.072726385 0.07466 1.0 0
0 0 0 1 48.1745 49.339330000000004 17.0 0.016335 0.0760285 1.55 0
0 0 0 1 48.731500000000004 40.671299999999995 18.0 0.014159 0.117835 2.35 0
0 0 0 1 43.2595 35.334680000000006 5.0 0.25758 0.1999545 4.35 0
0 0 0 1 47.797 49.883505 17.0 0.018076 0.067695 2.0 0
0 0 0 1 51.266999999999996 41.245543500000004 22.0 0.0055753 0.19196149999999998 1.8 0
1 0 0 0 59.96 59.890919999999994 92.95 0.0008446801967192911 0.014302500000000001 1.4 0
1 1 0 0 50.02 47.102 18.45 0.07299858745000001 0.02951 2.0 0
0 0 0 1 47.24899999999999 45.617070000000005 13.0 0.045539 0.083874 2.65 0
1 1 1 0 60.0 60.0 144.0 3.1678e-15 0.0 1.0 1
0 0 0 1 45.4165 41.304015 9.0 0.1228 0.157266 4.9 0
0 0 0 1 45.460499999999996 38.4789215 7.0 0.19369 0.202006 5.05 0
0 0 0 1 51.47149999999999 47.653225 62.0 5.1925e-07 0.009673999999999999 2.3 0
0 0 0 1 47.726 45.819925 17.0 0.018947 0.103382 2.65 0
0 0 0 1 58.32 46.873635 21.0 0.0069347 0.12783099999999997 1.45 0
0 0 0 1 46.768499999999996 46.43769 4.0 0.35885 0.3043415 4.25 0
0 0 0 1 48.564 44.405964999999995 14.0 0.032775 0.17668450000000002 1.95 0
0 0 1 1 46.963499999999996 50.023058 16.0 0.023294 0.10307 8.0 0
0 0 1 0 58.5745 55.91438000000001 42.85 0.060801599244363014 1e-05 1.0 0
0 0 1 0 49.87 43.048175 7.0 0.19097 0.0 23.0 0
1 0 1 0 58.59 51.35360000000001 5.0 0.281 0.01017 5.0 0
0 1 0 0 53.89 56.913 20.25 0.09002142994999998 0.042808 5.05 0
0 0 0 1 45.0785 44.43256 28.0 0.0013339 0.057797999999999995 2.35 0
0 1 0 1 47.7435 45.389860000000006 26.0 0.0021167 0.03641900000000001 2.55 0
0 0 0 1 48.932 50.63125 15.0 0.025959 0.1293615 2.35 0
0 0 0 1 50.79 44.21161 18.0 0.014067 0.12658300000000003 1.9 0
0 0 0 1 47.763 59.9259 24.0 0.003938 0.03878 1.0 0
0 0 0 1 49.858000000000004 51.584105 34.0 0.00032744 0.016096500000000003 2.75 0
0 0 0 1 58.36 47.774545 17.0 0.018683 0.08200299999999999 2.7 0
0 0 0 1 51.41600000000001 45.75574999999999 23.0 0.0045017 0.092007 2.1 0
0 1 1 0 57.760000000000005 54.3495 6.45 0.5276387490000001 5e-05 13.0 0
0 0 1 0 49.24900000000001 43.907405000000004 12.0 0.057322 0.01127 2.0 0
0 0 0 1 51.282999999999994 53.63971 50.0 9.7279e-06 0.034492 1.55 0
0 0 1 0 47.75 46.40776999999999 10.0 0.094115 0.00099 3.0 0
0 0 1 0 51.231500000000004 35.69900399999999 16.3 0.062528904 0.02765 1.0 0
0 1 0 0 49.322500000000005 47.962050000000005 40.0 9.8865e-05 0.024267499999999997 2.3 0
1 0 0 0 60.0 59.99189 98.0 0.016234179471986653 4.2000000000000004e-05 1.85 0
1 0 0 1 58.13 46.222145000000005 17.0 0.01934 0.07278 2.0 0
0 1 0 0 49.6125 54.0634 12.0 0.056643 0.03036 1.0 0
0 0 0 1 45.9745 51.06358 25.0 0.0025739 0.09309049999999999 4.15 0
0 0 0 1 43.93599999999999 39.831540000000004 3.0 0.45614 0.11237600000000003 5.4 0
0 0 0 1 57.8335 56.52828999999999 82.0 5.1947e-09 0.0003655 1.9 0
1 0 0 0 60.0 59.99189 98.0 0.016234179471986653 4.2000000000000004e-05 1.85 0
0 0 0 1 56.85 47.835355 14.0 0.038587 0.00105 2.0 0
0 0 0 1 46.217 45.3448 18.0 0.014206 0.15287 2.0 0
0 0 1 0 52.58800000000001 44.787715 16.0 0.10416967879999998 0.02011 5.0 0
0 0 0 1 48.75 50.47355499999999 16.0 0.02458 0.10054100000000002 2.5 0
0 0 0 1 43.506 44.579840000000004 14.0 0.032318 0.096025 2.85 0
0 0 0 1 51.220000000000006 44.465683000000006 16.0 0.021918 0.24242 1.0 0
0 0 1 1 45.1725 45.168899999999994 4.0 0.3956 0.04187 3.0 0
0 0 1 0 48.775000000000006 43.961102999999994 20.25 0.07741326095 0.00346 2.0 0
0 0 0 1 55.089 51.066050000000004 65.0 2.8612e-07 0.024508 2.7 0
0 0 0 1 46.815 45.953419999999994 21.0 0.0066491 0.03382149999999999 2.2 0
1 0 0 0 60.0 59.99189 98.0 0.016234179471986653 4.2000000000000004e-05 1.85 0
1 0 0 0 60.0 59.99189 98.0 0.016234179471986653 4.2000000000000004e-05 1.85 0
0 0 0 1 49.662 48.18495 11.0 0.068133 0.10864650000000001 3.05 0
0 1 0 1 43.01 48.03345 17.0 0.017839 0.0522 2.0 0
0 0 0 1 37.69 38.0532 19.0 0.010414 0.18489 1.0 0
0 0 0 1 45.347 45.835903 16.0 0.020595 0.149488 2.35 0
0 0 0 1 47.8775 49.654081500000004 15.0 0.027362 0.08797100000000001 2.75 0
0 0 0 1 53.161500000000004 46.396015 63.0 4.4484e-07 0.0001015 1.95 0
0 0 1 1 48.209500000000006 49.244440000000004 33.0 0.00042367 0.00075 2.0 0
0 0 1 0 50.072500000000005 44.24757999999999 22.2 0.16020991874499999 0.00068 1.0 0
0 0 1 0 57.7325 47.120895 7.1 0.30368318000000005 0.0 25.0 0
0 0 0 1 47.590999999999994 40.175855 4.0 0.3167 0.5 4.0 0
0 0 1 0 50.1 47.15823999999999 17.6 0.24076500029999998 0.00054 3.0 0
0 0 0 1 45.67050000000001 40.50162999999999 14.0 0.03907 0.1724715 2.55 0
1 1 1 1 60.0 60.1064 35.0 0.00025389 0.00013 2.0 1
0 0 0 1 57.666 58.69863 79.0 1.1546e-08 0.0058275 2.15 0
0 0 0 1 45.721999999999994 24.0376 30.0 0.00096062 0.00844 1.0 0
1 1 1 0 59.06 59.0 81.0 6.6758e-09 0.0 1.0 1
0 0 0 1 49.495000000000005 43.65492999999999 16.0 0.022157 0.1065375 2.35 0
0 0 0 1 51.0735 48.6692015 15.0 0.028132 0.09000250000000003 2.4 0
0 0 0 1 45.57900000000001 38.289604999999995 7.0 0.17449 0.13072849999999997 4.2 0
0 0 1 0 59.947500000000005 58.182465 81.15 0.05852936627391324 0.0 1.0 0
0 0 0 1 50.31699999999999 44.89373499999999 27.0 0.0017295 0.07021649999999999 2.4 0
0 0 0 1 51.393499999999996 51.359 6.0 0.22793 1e-05 21.0 0
0 0 0 1 44.50500000000001 44.34242499999999 17.0 0.017631 0.1160125 2.2 0
0 0 0 1 51.0 45.065250000000006 14.0 0.035007 0.34672 2.0 0
0 0 0 1 50.21 48.05193 37.0 0.00019616 0.029941000000000002 2.95 0
0 0 0 1 49.38349999999999 40.008095 13.0 0.044761 0.02667 1.0 0
0 0 0 1 51.5705 41.44262500000001 23.0 0.0042153 0.104266 2.0 0
0 0 1 0 50.702 43.271654999999996 23.55 0.015256051400000002 0.00335 1.0 0
1 0 0 0 54.79 55.23614 19.35 0.045726037000000004 0.0464635 1.8 0
0 0 0 1 43.765499999999996 34.31001500000001 3.0 0.43134 0.205328 3.4 0
1 0 0 0 60.0 59.99189 98.0 0.016234179471986653 4.2000000000000004e-05 1.85 0
1 0 0 0 37.3 28.6716925 14.65 0.1292217623 0.15435 2.15 0
1 0 0 0 60.0 59.99189 98.0 0.016234179471986653 4.2000000000000004e-05 1.85 0
0 1 0 1 47.411500000000004 25.6923 21.0 0.0070928 0.02242 1.0 0
0 0 0 1 48.49550000000001 36.3787155 19.0 0.011148 0.08791000000000002 2.95 0
0 1 0 1 39.99 41.23209000000001 39.0 0.00010914 0.0571605 2.15 0
0 0 0 1 45.44800000000001 42.6905 17.0 0.017082 0.10266099999999997 2.55 0
0 0 0 1 51.172 60.0 29.0 0.0011275 0.00195 1.0 0
0 0 0 1 45.854000000000006 43.923610000000004 14.0 0.033642 0.13760750000000002 2.55 0
0 0 0 1 50.674499999999995 46.13010499999999 14.0 0.035454 0.12514999999999998 2.25 0
0 0 1 0 49.8825 48.024395000000005 1.0 0.76074 0.0 1.0 0
0 0 0 1 45.6635 48.1455 28.0 0.0015182 0.0459985 1.95 0
0 0 1 0 57.7325 45.555165 8.5 0.272908985 0.0 23.0 0
0 0 0 1 43.61900000000001 44.579840000000004 14.0 0.032268 0.08972250000000001 2.7 0
0 0 0 1 47.472 39.84261000000001 22.0 0.0053086 0.08598549999999999 1.8 0
1 0 0 0 57.36 58.859429999999996 16.95 0.068105185 0.08613950000000001 2.1 0
0 0 0 1 48.2555 42.18761 6.0 0.22836 0.14472400000000002 7.2 0
0 0 1 1 49.181999999999995 46.30632 26.0 0.002427 0.00233 2.0 0
0 0 0 1 55.52650000000001 54.66567 55.0 2.9517e-06 0.004218 2.3 0
1 0 0 0 59.67 59.459075000000006 57.65 0.0319132066121459 0.055534000000000014 3.15 0
0 0 0 1 51.47149999999999 47.626949999999994 62.0 6.046e-07 0.000101 2.25 0
0 1 0 0 56.64 58.02429000000001 20.35 0.035461027215 0.086135 1.8 0
1 0 0 0 59.5 59.38663499999999 57.55 0.03305532994910641 0.07054549999999998 3.65 0
1 1 1 0 60.0 60.0 129.0 1.0575e-13 0.0 2.0 1
1 0 0 0 60.0 59.99189 98.0 0.016234179471986653 4.2000000000000004e-05 1.85 0
0 1 0 0 51.254000000000005 48.8451 16.35 0.1490360335 0.0746125 4.95 0
0 0 0 1 49.7715 46.4821 9.0 0.12477 0.0 3.0 0
0 0 0 1 49.054 41.926855 33.0 0.00041189 0.026631500000000002 2.0 0
1 1 1 0 60.0 60.0 96.0 2.1811e-10 0.0 1.0 1
0 0 0 1 45.525 44.507308 16.0 0.020458 0.14649399999999999 3.0 0
0 1 0 0 58.84250000000001 58.9422 26.3 0.11888654263885501 0.07822649999999999 5.05 0
0 0 0 1 52.04 46.959917999999995 16.0 0.021815 0.5071 1.0 0
0 0 1 0 57.7325 50.52250500000001 5.6 0.36967010000000006 0.0 21.0 0
0 0 0 1 47.169 42.050667 4.0 0.38774 0.12908199999999997 4.85 0
1 0 0 0 60.0 59.99189 98.0 0.016234179471986653 4.2000000000000004e-05 1.85 0
0 0 1 0 47.0375 44.364155 7.0 0.16499 0.00021 8.0 0
0 0 0 1 46.96300000000001 47.969919999999995 17.0 0.019136 0.139552 2.15 0
0 0 1 0 57.7325 52.7124 8.7 0.32098735165000003 0.0 20.0 0
1 0 0 0 59.97 60.0 25.7 0.029398193309 0.08682 1.0 0
1 0 0 0 55.35 55.41948500000001 20.1 0.0415086845 0.048302 1.55 0
0 1 0 0 49.509 54.16445500000001 1.0 0.77036 0.04713 15.0 0
0 0 0 1 51.340999999999994 46.256494999999994 20.0 0.0088147 0.08759049999999999 2.75 0
0 0 0 1 49.980000000000004 46.501524999999994 37.0 0.00018125 0.02508 2.7 0
0 0 0 1 41.68 36.85167 22.0 0.0057541 0.0385 1.0 0
0 0 0 1 47.183499999999995 43.8615145 36.0 0.00024155 0.076805 1.85 0
0 0 0 1 50.317 42.72288 18.0 0.013297 0.1137505 2.85 0
0 0 1 0 47.827999999999996 43.182435 21.4 0.019783259150000003 0.0184 1.0 0
0 1 0 0 60.064499999999995 60.4 27.5 0.0953736379151835 0.020627500000000003 4.1 0
0 0 1 0 49.926 45.199214999999995 0.0 0.8212 0.0 10.0 0
0 0 1 0 59.19500000000001 58.63666500000001 54.2 0.21766662893659486 0.0 3.0 0
1 1 1 1 60.0 60.0 68.0 1.5332e-07 0.0 1.0 1
0 0 1 1 47.504 54.6061 7.0 0.17679 0.00362 6.0 0
0 0 0 1 47.42 41.7878535 13.0 0.048656 0.1331625 3.2 0
0 1 0 1 49.9695 58.8679 23.0 0.0044317 0.0154 4.0 0
0 0 1 0 47.72950000000001 39.43816149999999 18.8 0.1035002357 0.00952 1.0 0
0 0 0 1 48.382000000000005 45.80293999999999 23.0 0.0044892 0.00709 2.0 0
0 0 0 1 48.194 45.633849999999995 18.0 0.014585 0.00803 2.0 0
0 0 0 1 46.147000000000006 44.507308 16.0 0.020481 0.1268325 2.85 0
0 0 0 1 40.429500000000004 59.795015 250.0 8.5147e-26 0.0 1.95 0
1 0 0 0 59.22 58.975159999999995 38.9 0.12282490068918983 0.0946835 3.1 0
0 0 0 1 45.719 44.507308 16.0 0.020142 0.1260915 2.65 0
0 0 0 1 46.515499999999996 44.648160000000004 9.0 0.11141 0.168297 4.35 0
0 0 0 1 48.6875 43.86625850000001 13.0 0.048219 0.16699199999999997 2.75 0
0 0 0 1 48.83449999999999 43.390176000000004 14.0 0.034371 0.21225 2.0 0
0 0 0 1 58.795 57.385475 81.0 6.775e-09 0.0058275 2.1 0
0 0 0 1 53.36 48.427679999999995 17.0 0.018377 0.0840565 1.85 0
0 0 0 1 45.6635 48.145500000000006 28.0 0.0014872 0.03940199999999999 2.05 0
0 0 0 1 50.94349999999999 49.26688 61.0 6.4201e-07 0.009674 2.0 0
0 1 0 1 45.72 24.2644 16.0 0.021147 0.00098 2.0 0
0 0 0 1 55.089 51.066050000000004 65.0 3.1008e-07 0.024508 2.7 0
0 0 0 1 51.452999999999996 49.614125 16.0 0.025056 0.1014105 2.1 0
0 0 0 1 47.154999999999994 46.586 23.0 0.0048239 0.04367 2.0 0
0 0 1 0 44.05050000000001 43.103191499999994 12.4 0.12397421999999998 0.30194 3.0 0
0 0 0 1 45.111999999999995 32.9773805 5.0 0.26573 0.20888150000000003 3.9 0
0 0 0 1 48.48049999999999 44.407065 21.0 0.0063922 0.1114425 2.0 0
0 1 0 0 49.09000000000001 48.419575 17.0 0.019192 0.01504 2.0 0
0 0 1 0 57.7325 50.52250500000001 5.6 0.36967010000000006 0.0 21.0 0
0 0 0 1 48.4815 49.245940000000004 17.0 0.01923 0.11173449999999999 2.0 0
0 0 0 1 49.4945 47.173935 15.0 0.025641 0.0894435 2.05 0
1 0 0 0 47.69 40.147544999999994 18.5 0.05269213899999999 0.0937695 1.55 0
0 0 0 1 55.45 43.2829385 13.0 0.048188 0.1726305 2.1 0
0 0 0 1 47.57 42.841435000000004 22.0 0.0051513 0.05196400000000001 2.1 0
0 0 0 1 46.5915 45.261655000000005 35.0 0.00027591 0.010541500000000002 3.15 0
1 0 0 0 58.11 58.732854999999994 19.3 0.050465512648699994 0.0842115 2.85 0
0 0 1 0 42.95100000000001 38.292065 17.2 0.07589884999999999 0.3083 1.0 0
0 0 0 1 47.804 43.432915 30.0 0.00081365 0.04058 2.0 0
1 0 0 0 60.0 59.99189 98.0 0.016234179471986653 4.2000000000000004e-05 1.85 0
0 0 0 1 52.027 45.105565 15.0 0.028601 0.0905185 2.4 0
0 0 1 0 47.3865 37.619095 27.8 0.05975118556129999 0.00182 2.0 0
0 0 0 1 44.745 43.805944999999994 5.0 0.29139 0.128075 4.1 0
0 0 0 1 45.56250000000001 49.11716500000001 13.0 0.042595 0.180896 2.6 0
0 0 0 1 45.32449999999999 41.96834500000001 3.0 0.47895 0.11603400000000001 3.8 0
0 0 1 0 52.25749999999999 60.0 9.0 0.10929 0.0 5.0 0
0 1 0 0 48.5605 46.838604999999994 15.0 0.030651 0.18157049999999997 1.95 0
0 0 1 0 57.641 52.244275 10.85 0.5331354500001161 0.00035 12.0 0
0 0 0 1 42.32 45.457615 22.0 0.0058834 0.093811 1.85 0
0 1 0 1 48.28 46.30691 17.0 0.016634 0.07766900000000002 2.35 0
0 0 1 1 50.198499999999996 46.931945 13.0 0.041607 0.01265 2.0 0
0 0 0 1 57.568000000000005 55.359455000000004 74.0 3.9557e-08 0.00026999999999999995 1.7 0
0 1 0 0 49.4095 45.4495 19.25 0.10005300700299999 0.10619399999999998 2.55 0
0 0 0 1 56.6 50.473555 16.0 0.024568 0.10054100000000002 2.5 0
1 0 0 0 60.0 59.99189 98.0 0.016234179471986653 4.2000000000000004e-05 1.85 1
1 0 0 0 60.0 59.99189 98.0 0.016234179471986653 4.2000000000000004e-05 1.85 0
0 1 0 1 49.235 59.8374 20.0 0.0084453 0.01341 2.0 0
0 1 0 0 43.1925 8.0708335 0.0 0.95322 1.0 2.0 0
0 0 0 1 47.9435 47.16898 8.0 0.13788 0.08692899999999999 2.9 0
0 0 0 1 50.76 42.771985 14.0 0.034208 0.1080305 1.8 0
0 0 0 1 47.51350000000001 45.389860000000006 26.0 0.0020634 0.08218850000000001 2.7 0
1 0 0 1 43.52 47.775651499999995 32.0 0.00054021 0.044485 2.6 0
0 0 1 0 48.889500000000005 59.5639 1.0 0.66221 2e-05 1.0 0
0 0 0 1 23.18 45.082139999999995 17.0 0.016169 0.12444 4.0 0
0 0 1 0 43.766000000000005 53.993005 1.0 0.78707 0.00056 7.0 0
0 0 0 1 48.174499999999995 17.009047000000002 14.0 0.038135 1.0 3.0 0
0 0 0 1 45.0415 42.6057 13.0 0.049834 0.07506949999999998 2.4 0
0 0 1 0 45.92 41.17195 3.0 0.46465 0.00018 24.0 0
0 0 1 0 57.7325 50.10141 9.0 0.3534949640285 4e-05 18.0 0
0 0 0 1 44.089999999999996 41.255901 8.0 0.13725 0.16484 2.0 0
0 0 1 1 46.406499999999994 44.915878 16.0 0.020571 0.00599 2.0 0
1 0 0 0 54.43 44.59511 19.05 0.0201368845 0.03669 1.0 0
0 0 0 1 48.552 47.52174 21.0 0.0069304 0.07852699999999999 1.4 0
0 0 0 1 53.55 47.075464999999994 16.0 0.024243 0.098283 3.2 0
0 1 0 1 48.6525 59.7459 21.0 0.0077792 0.02058 1.0 0
0 0 0 1 49.167 11.7647 20.0 0.0089364 0.2495 3.0 0
0 0 0 1 45.6995 42.3187165 5.0 0.27586 0.55424 3.0 0
0 0 0 1 48.969999999999985 45.754055 15.0 0.030929 0.0859685 2.15 0
0 0 0 1 47.169 42.050667 4.0 0.38834 0.15671200000000002 4.75 0
0 0 1 0 49.759499999999996 44.215379999999996 0.0 0.92308 2e-05 13.0 0
0 0 1 0 45.3215 46.79564499999999 3.0 0.5 0.0 13.0 0
0 0 1 0 46.8035 36.369395 9.0 0.12006 0.05146 4.0 0
0 0 0 1 52.387000000000015 42.74467 23.0 0.004412 0.11874799999999999 2.35 0
0 1 0 0 46.54 37.663 19.2 0.2481286147998 0.00014 1.0 0
0 0 0 1 45.366 42.99231999999999 14.0 0.039735 0.05037 1.0 0
0 0 0 1 50.418499999999995 50.790075 51.0 7.0193e-06 0.019540000000000002 1.9 0
0 0 0 1 48.842 45.943349999999995 31.0 0.00073065 0.017759 1.75 0
0 1 0 0 48.7555 57.5739 16.7 0.04431807 0.02189 1.0 0
0 0 0 1 48.714999999999996 48.042989999999996 24.0 0.0032898 0.048529 2.65 0
0 0 0 1 53.15200000000001 53.607285000000005 60.0 8.1352e-07 0.023294500000000003 2.0 0
0 0 0 1 48.732 47.09762500000001 13.0 0.045342 0.0960825 3.05 0
0 0 1 0 46.368 44.883089999999996 16.5 0.044907151 0.01113 2.0 0
0 0 1 0 45.458999999999996 41.2671665 10.0 0.090462 0.02677 2.0 0
0 0 0 1 46.241499999999995 46.650245 16.0 0.020751 0.13404149999999998 2.15 0
0 0 1 0 45.864000000000004 42.18670999999999 10.9 0.15279252000000001 0.72727 2.0 0
0 0 0 1 50.31699999999999 45.38406500000001 27.0 0.0017472 0.0708145 2.35 0
1 0 0 1 51.1 47.898019999999995 14.0 0.034637 0.1020825 3.4 0
0 0 0 1 53.1845 47.352885 20.0 0.0086501 0.045007000000000005 2.2 0
0 0 0 1 49.322500000000005 47.96205 40.0 9.5449e-05 0.024267499999999997 2.3 0
0 0 0 1 47.081500000000005 48.8470415 10.0 0.088859 0.11586350000000001 2.3 0
0 0 0 1 48.2865 51.99142500000001 29.0 0.0010838 0.04096999999999999 2.45 0
0 0 1 0 57.7325 50.99003 9.0 0.3534949640285 0.0 18.0 0
1 0 0 0 60.0 59.99189 98.0 0.016234179471986653 4.2000000000000004e-05 1.85 0
0 0 0 1 47.275999999999996 45.800625000000004 21.0 0.0075664 0.135472 3.8 0
0 0 0 1 48.687999999999995 41.55142 10.0 0.083787 0.076398 3.65 0
0 0 0 1 49.497 44.053700000000006 22.0 0.0061742 0.09881 1.0 0
0 1 1 0 46.34750000000001 16.3704 19.05 0.0756785335 0.0444 2.0 0
0 0 0 1 50.317 44.620005000000006 27.0 0.0017042 0.0339445 2.45 0
1 0 0 0 52.49 44.293420000000005 4.0 0.35635 0.24924049999999998 6.15 0
0 0 0 1 47.544500000000006 48.51365 23.0 0.0046894 0.020118499999999997 2.35 0
0 0 1 1 49.426 45.07572499999999 24.0 0.003388 0.0009 1.0 0
0 0 0 1 46.79350000000001 41.7878535 13.0 0.04871 0.1559585 2.8 0
0 0 0 1 48.37499999999999 46.8397865 10.0 0.089909 0.1581945 3.95 0
0 0 0 1 47.3785 32.4096 15.0 0.031076 0.05206 1.0 0
0 0 0 1 47.534499999999994 45.450638000000005 16.0 0.020089 0.08461 1.0 0
0 0 0 1 45.854 33.04725 7.0 0.18053 0.141578 5.65 0
0 0 1 0 43.545 50.788745 11.2 0.23940462000000004 0.28173 2.0 0
0 0 0 1 46.6205 41.32918 13.0 0.047475 0.1043 3.0 0
0 0 0 1 50.016000000000005 30.688146 6.0 0.22497 0.29147 2.0 0
0 0 1 0 46.82099999999999 9.17647 13.0 0.048457 0.05294 3.0 0
0 0 1 1 46.14950000000001 32.1818 36.0 0.00019996 0.00133 2.0 0
1 0 0 0 60.0 59.99189 98.0 0.016234179471986653 4.2000000000000004e-05 1.85 0
0 0 0 1 47.9275 37.0017 9.0 0.10294 0.1153545 3.8 0
0 0 0 1 49.068999999999996 32.3469 24.0 0.0037263 0.00311 2.0 0
0 0 1 0 49.614 47.81631499999999 11.0 0.073264 0.00022 1.0 0
0 0 0 1 48.2 44.119895 22.0 0.0059051 0.0864125 1.95 0
0 0 0 1 45.7265 52.44333 17.0 0.017837 0.01206 4.0 0
0 0 1 1 50.249500000000005 44.0977215 15.0 0.028551 0.02671 5.0 0
0 0 0 1 47.501999999999995 46.532803 16.0 0.02136 0.02166 2.0 0
0 0 0 1 46.6055 45.925665 16.0 0.020873 0.11482800000000001 2.15 0
0 0 0 1 43.46 42.460049999999995 50.0 8.5211e-06 0.1032835 1.75 0
0 1 1 1 50.5315 57.3118 30.0 0.00084612 0.00107 1.0 0
0 0 1 0 49.8825 45.57522 4.0 0.3528 0.00012 1.0 0
0 0 1 0 59.947500000000005 58.182465 81.15 0.05852936627391324 0.0 1.0 0
0 0 0 1 49.30149999999999 48.83295 24.0 0.0033604 0.01627 5.0 0
0 0 0 1 49.0355 48.8166 13.0 0.047986 0.16974499999999998 2.25 0
0 0 0 1 45.376999999999995 39.943884999999995 16.0 0.023523 0.1311045 3.15 0
0 0 0 1 47.4875 44.400904999999995 24.0 0.00382 0.10994000000000001 2.35 0
0 0 1 0 47.11550000000001 46.822720000000004 17.55 0.039809699999999996 0.02252 3.0 0
0 1 0 0 58.84 60.0 7.0 0.19036 0.05751 2.0 0
0 1 0 1 53.595000000000006 60.0 24.0 0.0035893 0.00194 2.0 0
0 0 0 1 46.672000000000004 37.481235000000005 20.0 0.0099824 0.11877 1.0 0
1 0 0 0 46.31 37.757935 18.7 0.052406695149999995 0.07446150000000001 2.1 0
0 0 0 1 49.4945 45.1838805 15.0 0.025236 0.15134150000000002 1.55 0
0 0 0 1 45.9695 38.06263 6.0 0.21163 0.03439 2.0 0
0 0 0 1 46.49 44.10971 39.0 0.00012406 0.061112500000000014 2.15 0
1 1 1 1 55.01 56.75 32.0 0.00054898 0.00028 2.0 0
0 0 0 1 55.7355 59.952465000000004 98.0 1.5219e-10 0.0 2.3 0
0 0 0 1 50.34 36.1393 22.0 0.0056271 0.00651 2.0 0
1 0 0 0 45.23 35.10654 25.1 0.06437486021184101 0.097068 2.05 0
0 0 0 1 37.63 38.312219500000005 20.0 0.0080987 0.0882 2.0 0
0 0 0 1 52.2315 60.0 33.0 0.00047769 0.00439 1.0 0
0 0 0 1 50.0535 46.456305 13.0 0.040673 0.16513950000000002 2.65 0
0 0 1 0 27.18 41.644594999999995 13.5 0.15968686999999998 0.14864 2.0 0
0 0 0 1 45.509499999999996 42.31241 16.0 0.023721 0.19319649999999997 2.4 0
0 0 0 1 48.751 48.719285 24.0 0.003235 0.079731 2.0 0
0 0 0 1 47.352 47.13532 15.0 0.030406 0.192045 2.0 0
0 0 0 1 50.366 40.986101000000005 15.0 0.026623 0.09293 2.0 0
0 0 0 1 46.399 48.233574999999995 16.0 0.021145 0.11304949999999998 2.0 0
0 0 0 1 47.23 41.499175 25.0 0.0030695 0.04545149999999999 1.9 0
0 0 1 0 47.878499999999995 50.70869 3.0 0.44096 0.0 3.0 0
0 1 0 0 42.68 44.1691 18.2 0.06631572960000001 0.07931700000000001 2.55 0
0 0 1 0 59.947500000000005 58.182465 81.15 0.05852936627391324 0.0 1.0 0
0 0 0 1 45.55 45.48253 14.0 0.03647 0.127346 2.75 0
0 0 0 1 41.68 42.793045 20.0 0.0089121 0.11314500000000001 2.5 0
0 0 0 1 48.96999999999999 40.526025000000004 15.0 0.031069 0.055937499999999994 2.6 0
0 0 0 1 50.5025 45.638415 12.0 0.05814 0.1253015 2.85 0
0 0 0 1 53.327999999999996 46.49914 47.0 1.8954e-05 0.024226000000000004 1.85 0
0 0 1 0 55.6155 48.6728645 14.95 0.4390855217345 0.0 9.0 0
0 0 0 1 47.032999999999994 44.67267 14.0 0.033451 0.16095050000000002 2.1 0
0 0 0 1 55.35 60.0 37.0 0.00016437 0.00493 2.0 0
0 0 0 1 51.83399999999999 57.6923 15.0 0.025887 0.00562 1.0 0
1 0 0 0 52.44 48.04329499999999 16.75 0.07484798399999999 0.0651555 1.85 0
1 0 0 0 48.39 42.830020000000005 22.1 0.05012693259793501 0.068277 1.95 0
0 0 1 0 46.960499999999996 44.23984 18.9 0.07837771229999999 0.0261 3.0 0
0 0 0 1 46.79449999999999 48.306084999999996 17.0 0.016117 0.11909650000000001 3.0 0
0 0 1 0 51.778499999999994 60.0 29.0 0.0010271 0.0 4.0 0
0 0 1 0 44.49900000000001 53.069045 1.0 0.72673 0.0 7.0 0
0 1 0 1 44.593 44.65961 5.0 0.30587 0.15339150000000001 7.05 0
0 0 0 1 47.195499999999996 26.2909 20.0 0.0096215 0.05914 1.0 0
0 0 1 0 46.9275 47.771055000000004 20.15 0.13501333599999998 0.00107 3.0 0
0 0 1 0 58.302 52.8424 54.45 0.13475244650142015 0.0 2.0 0
0 1 0 0 53.58 49.7712 17.15 0.12170031849999999 0.042995500000000006 3.75 0
0 0 0 1 50.08149999999999 51.584105 34.0 0.00036407 0.034951499999999996 2.75 0
0 0 0 1 53.161500000000004 46.396015 63.0 4.2849e-07 0.0001015 1.95 0
1 0 0 0 60.0 59.99189 98.0 0.016234179471986653 4.2000000000000004e-05 1.85 0
0 0 0 1 49.31 50.267624999999995 26.0 0.0022511 0.15758500000000003 1.9 0
0 0 0 1 45.527499999999996 44.403122999999994 16.0 0.020681 0.11661849999999999 2.3 0
0 0 0 1 50.1 43.26739 23.0 0.0041308 0.1365225 1.7 0
0 0 0 1 44.4295 46.799475 13.0 0.046782 0.1696695 3.7 0
0 0 1 0 48.2485 46.7619 20.05 0.050524775 0.00324 3.0 0
1 0 0 0 54.32 54.02522499999999 18.55 0.026207602000000003 0.055859000000000006 2.15 0
0 0 1 1 27.59 38.594605 19.0 0.010205 0.11223 1.0 0
1 0 0 0 39.06 31.554214999999992 29.5 0.0440011005 0.0428895 1.8 0
0 0 0 1 50.3855 49.345975 20.0 0.0085532 0.051869 2.65 0
0 0 0 1 47.169 41.678444999999996 4.0 0.38182 0.0685195 5.0 0
0 0 0 1 47.6005 49.104904999999995 20.0 0.0082421 0.132071 1.95 0
0 0 1 0 58.682 47.3891 24.25 0.14578062833 2e-05 3.0 0
0 0 0 1 48.677499999999995 43.6567 16.0 0.021765 0.1278845 1.9 0
0 0 0 1 44.76349999999999 46.478085 14.0 0.032673 0.03967 2.0 0
0 1 0 0 59.8845 60.0 51.4 0.13680397870097638 0.061791 2.85 0
0 0 0 1 47.341499999999996 44.400904999999995 24.0 0.0038594 0.14115850000000002 2.45 0
0 0 1 0 50.7555 45.095285000000004 16.05 0.10676915949999999 0.01163 6.0 0
0 0 0 1 44.92 39.232105 19.0 0.011906 0.32121 3.0 0
0 0 1 0 56.42750000000001 53.762635 3.5 0.677560634 0.0 10.0 0
0 0 0 1 47.19 37.485 20.0 0.0096063 0.13532850000000002 1.9 0
0 0 0 1 47.8125 33.91 13.0 0.04959 0.04847 3.0 0
0 0 0 1 50.458 47.72943 14.0 0.03678 0.27668 5.0 0
0 0 1 0 45.199 39.0606 11.9 0.18490851949999998 0.0 28.0 0
0 0 1 0 41.30350000000001 14.5208 1.0 0.75716 0.2416 1.0 0
0 0 1 0 49.279999999999994 48.0606 9.0 0.29456905499999997 0.00092 6.0 0
0 0 0 1 49.882 43.326805 30.0 0.00093903 0.018840499999999996 1.85 0
1 0 0 0 58.69 59.22204000000001 14.65 0.11721334500000002 0.10673300000000001 3.4 0
0 0 0 1 53.15200000000001 53.607285000000005 60.0 8.0469e-07 0.023294500000000003 2.0 0
0 0 0 1 51.4005 49.713274999999996 32.0 0.00059459 0.046544999999999996 1.95 0
0 0 0 1 58.088 57.110545 91.0 6.9339e-10 5.000000000000001e-07 1.8 0
0 0 0 1 48.133500000000005 50.478899999999996 41.0 7.1442e-05 0.0773665 1.9 0
0 0 0 1 47.9275 37.0017 9.0 0.1021 0.11056350000000001 3.85 0
0 0 0 1 49.0945 41.57338849999999 13.0 0.048517 0.13891950000000003 2.95 0
0 0 1 0 42.83 41.460165 14.7 0.10846935499999999 0.02008 1.0 0
0 0 0 1 53.327999999999996 46.49914 47.0 1.8935e-05 0.024226000000000004 1.85 0
0 0 0 1 45.2025 38.45 35.0 0.00027326 0.00717 2.0 0
1 0 0 0 53.21 50.244885 20.1 0.08073624455 0.056834000000000016 2.5 0
0 0 0 1 49.266 44.79445499999999 26.0 0.0025014 0.114507 2.7 0
0 0 0 1 48.02900000000001 50.531819999999996 39.0 0.00012383 0.052817499999999996 2.1 0
0 1 0 0 45.864000000000004 42.186710000000005 10.9 0.15279252 0.66667 2.0 0
0 0 0 1 48.553999999999995 49.614125 16.0 0.024626 0.09312500000000001 3.05 0
0 1 0 1 49.5395 31.9649 15.0 0.028154 0.1078585 2.5 0
0 0 1 0 49.9405 42.276689999999995 13.6 0.11482577499999999 0.19708 5.0 0
0 0 0 1 48.0635 49.390339999999995 20.0 0.0082646 0.08282149999999999 2.2 0
0 0 0 1 53.161500000000004 46.396015 63.0 4.8497e-07 1e-05 2.75 0
0 0 0 1 51.42 47.72334 22.0 0.0059024 0.46545 1.0 0
0 0 0 1 47.42 41.5733885 13.0 0.048603 0.12876350000000003 3.1 0
0 0 0 1 51.104 49.614125 16.0 0.024771 0.1310415 2.65 0
0 0 0 1 51.669999999999995 60.0 21.0 0.006922 0.05791 1.0 0
0 0 0 1 47.37849999999999 48.71898 38.0 0.00014355 0.04706499999999999 2.25 0
0 0 1 0 41.501 41.484815000000005 14.35 0.15149980700000004 0.27368 1.0 0
0 0 1 0 50.09349999999999 44.37201 25.4 0.04519624485 4e-05 2.0 0
0 0 0 1 47.534499999999994 54.9916 16.0 0.020177 0.45889 1.0 0
0 0 0 1 44.5975 36.8651565 7.0 0.18406 0.189906 5.7 0
0 1 0 1 48.5135 59.5298 15.0 0.031543 0.01792 6.0 0
1 1 1 0 60.0 60.0 139.0 1.0663e-14 0.0 1.0 1
0 0 0 1 48.28 46.96579 21.0 0.0071081 0.04342 2.0 0
0 0 0 1 48.812999999999995 44.98228 8.0 0.12821 0.1624625 3.1 0
1 1 0 1 56.91 54.531 18.0 0.015848 0.10786 1.0 0
0 0 0 1 47.2995 46.179 17.0 0.01884 0.10138150000000001 2.85 0
0 0 0 1 45.460499999999996 39.6153315 7.0 0.19188 0.1808775 4.05 0
0 0 0 1 43.66 45.473324999999996 26.0 0.00206 0.085175 2.75 0
1 1 1 1 60.0 60.0 53.0 4.8571e-06 0.0 2.0 1
0 1 0 1 45.306 36.0508 5.0 0.27266 0.155956 3.75 0
0 0 0 1 53.4015 60.0 17.0 0.019644 0.36513 2.0 0
0 0 1 0 48.16600000000001 42.05828 16.25 0.071956885 0.02996 1.0 0
0 0 0 1 52.080999999999996 48.68959 45.0 2.704e-05 0.0047175 2.45 0
0 1 1 1 46.842 45.4364 52.0 5.4847e-06 0.0 2.0 0
0 0 0 1 47.159000000000006 47.493905 13.0 0.042363 0.1814745 2.75 0
1 0 0 0 38.43 41.519875 13.75 0.16760391849999998 0.59006 2.0 0
0 0 0 1 48.751 48.719285 24.0 0.0032438 0.069746 2.1 0
0 0 0 1 43.25950000000001 35.334680000000006 5.0 0.26049 0.181589 5.9 0
0 0 0 1 49.5745 43.369405 19.0 0.011443 0.10089300000000001 2.15 0
0 0 0 1 45.370000000000005 46.521405 13.0 0.046916 0.189883 3.7 0
0 0 0 1 46.149 17.7045 27.0 0.0017606 0.5989 2.0 0
0 0 0 1 52.0595 47.97706 48.0 1.5847e-05 0.025160499999999995 1.7 0
0 1 0 0 41.18 33.2 8.0 0.13644 0.02722 2.0 0
0 0 0 1 48.49650000000001 51.8333 12.0 0.062937 0.41667 1.0 0
1 0 0 0 43.12 32.94016 17.15 0.085141288 0.1216345 2.3 0
1 0 0 0 57.09 58.738789999999995 17.9 0.066701349 0.043677 2.65 0
0 0 0 1 56.61 39.802761000000004 19.0 0.011812 0.52079 2.0 0
0 0 0 1 46.1595 41.8467135 13.0 0.049188 0.17243999999999998 1.55 0
0 0 0 1 45.6635 48.1455 28.0 0.0015018 0.028444499999999994 2.0 0
0 0 0 1 53.327999999999996 46.49914 47.0 1.8651e-05 0.0243365 1.9 0
1 0 0 0 60.0 59.99189 98.0 0.016234179471986653 4.2000000000000004e-05 1.85 0
0 0 1 0 45.215999999999994 43.8333 5.0 0.27273 0.0 25.0 0
0 0 0 1 47.74249999999999 49.78732 29.0 0.0011136 0.07280549999999998 2.3 0
0 0 1 0 43.1485 41.60796 12.15 0.14531655999999998 0.13561 4.0 0
1 0 0 0 46.11 44.602565 21.6 0.028231138682050006 0.0154 1.0 0
0 0 0 1 45.719 44.507308 16.0 0.019988 0.12806599999999999 2.75 0
0 0 0 1 44.852 43.937605000000005 14.0 0.039306 0.08371500000000001 3.3 0
0 0 1 0 43.36900000000001 37.0 19.25 0.056767514750000005 0.0 39.0 0
1 0 0 0 50.68 47.49826 18.6 0.07014338500133456 0.057907 2.1 0
0 1 0 0 59.39 60.0 15.5 0.299947823378 0.0439125 3.45 0
1 0 0 0 45.93 37.59731000000001 18.4 0.0600876277 0.032341 1.85 0
0 0 0 1 48.536500000000004 47.53085 21.0 0.007667 0.0927625 2.7 0
0 0 1 0 43.471999999999994 35.82766 0.0 0.82343 0.23683 1.0 0
0 1 0 0 49.044500000000006 44.98904 14.0 0.033225 0.08442 4.0 0
0 0 0 1 46.5915 45.261655000000005 35.0 0.00027345 0.0106905 3.25 0
0 0 0 1 49.483999999999995 49.015460000000004 29.0 0.0012158 0.0333155 1.6 0
0 0 0 1 51.212 47.287659999999995 12.0 0.051692 0.11854499999999998 2.5 0
0 0 1 0 44.260000000000005 41.81061 13.9 0.07326868 0.13683 2.0 0
0 1 1 0 51.998000000000005 28.1489 19.55 0.0257252645 0.00542 3.0 0
0 0 0 1 42.7 48.50226 24.0 0.0031987 0.01115 2.0 0
1 0 0 0 57.7 43.802393 4.0 0.31965 0.22885000000000005 6.8 0
1 0 0 0 53.81 52.57301 21.65 0.024400876355000004 0.047487 2.15 0
0 0 0 1 50.484500000000004 48.450199999999995 8.0 0.13636 0.11116 10.0 0
0 0 1 0 49.456 48.024395000000005 1.0 0.7455 0.0 1.0 0
0 0 0 1 46.758500000000005 49.37259999999999 17.0 0.016297 0.076545 1.6 0
0 0 0 1 47.9105 52.6875 41.0 7.286e-05 3e-05 2.0 0
0 0 0 1 51.41399999999999 46.859314999999995 14.0 0.037195 0.146147 2.2 0
0 0 0 1 45.2845 48.55441000000001 14.0 0.038964 0.12931 2.0 0
0 0 1 0 51.029 57.607115 3.7 0.52156275 0.0 6.0 0
0 0 0 1 49.167 58.8789 20.0 0.0089183 0.49751 1.0 0
0 0 0 1 51.06999999999999 47.145484999999994 19.0 0.011625 0.08892100000000001 1.8 0
0 0 0 1 50.84 45.637829999999994 51.0 7.24e-06 0.036762500000000004 1.65 0
0 0 0 1 47.169 42.295435000000005 4.0 0.38086 0.049374499999999995 5.6 0
0 0 0 1 46.4485 43.802392999999995 4.0 0.33088 0.1148875 3.65 0
1 0 0 0 39.53 31.06755 33.75 0.03660360175000009 0.054369499999999994 2.0 0
0 0 1 0 49.8825 34.246515 0.0 1.0 0.0 1.0 0
0 1 0 0 41.0325 0.0 4.35 0.5742076399999999 1.0 1.0 0
0 0 0 1 40.429500000000004 59.795015 255.0 0.0 0.0 1.95 0
0 0 0 1 47.397999999999996 41.9796625 25.0 0.0029275 0.060585999999999994 2.35 0
0 1 0 0 52.318000000000005 18.0488 23.6 0.02482556331965 0.0064 3.0 0
1 0 0 1 50.59 43.94012000000001 14.0 0.039354 0.121983 3.8 0
0 0 0 1 51.47149999999999 47.653225 62.0 5.2838e-07 0.009673999999999999 2.3 0
1 0 0 0 60.0 59.99189 98.0 0.016234179471986653 4.2000000000000004e-05 1.85 1
0 0 0 1 48.4435 37.0532 26.0 0.0022566 0.00426 2.0 0
0 0 0 1 53.59 44.931906500000004 15.0 0.028417 2e-05 5.0 0
0 0 0 1 51.101 46.585094999999995 14.0 0.037386 0.12076150000000001 2.95 0
0 0 1 0 56.42750000000001 53.762635 4.95 0.54174129 4e-05 10.0 0
0 0 0 1 40.429500000000004 59.795015 255.0 3.3374999999999997e-32 0.0 1.95 0
0 0 1 0 44.505500000000005 35.7763 16.9 0.07750381508000001 0.12238 2.0 0
0 0 0 1 46.846000000000004 47.1546 13.0 0.044265 0.01947 1.0 0
0 0 0 1 49.266 44.79445499999999 26.0 0.0024382 0.114507 2.7 0
0 0 0 1 46.295500000000004 41.49228000000001 6.0 0.24242 0.1549105 4.15 0
0 0 0 1 50.3035 42.862999999999985 13.0 0.041926 0.0614 1.0 0
0 0 0 1 50.413500000000006 46.343275 19.0 0.011574 0.0709 1.7 0
0 1 1 1 45.10800000000001 31.6543 25.0 0.0031371 0.0 0.0 0
0 0 0 1 48.48049999999999 44.407065 21.0 0.0064127 0.105065 2.05 0
0 0 0 1 49.413999999999994 43.9835 18.0 0.013949 0.02535 1.0 0
0 0 1 0 49.328500000000005 53.68411 6.2 0.58414086 0.0 8.0 0
0 0 1 0 46.506499999999996 38.34820499999999 15.8 0.12982895154000001 0.10986 1.0 0
0 0 1 1 44.59 45.437740000000005 25.0 0.0030546 0.00048 1.0 0
1 0 0 0 48.53 44.086635 21.15 0.069940811847935 0.06317500000000001 1.8 0
0 0 0 1 48.2 44.119895 22.0 0.0059321 0.089784 1.75 0
0 0 0 1 50.56250000000001 40.580323500000006 22.0 0.0057714 0.0742535 1.8 0
1 0 0 1 57.1 35.66265 20.0 0.009626 0.12182400000000002 2.45 0
0 0 0 1 51.265 60.0 23.0 0.0050068 0.07556 2.0 0
0 0 0 1 48.0595 45.35647 21.0 0.0075237 0.1323315 3.75 0
0 0 0 1 40.63 40.309794999999994 18.0 0.015616 0.039542 1.7 0
1 0 0 0 60.08 59.934565 121.55 0.00341834501629108 0.005693 2.1 0
0 0 1 0 53.148 49.80287 12.0 0.059179 0.00241 4.0 0
0 1 0 1 50.9485 45.480785000000004 23.0 0.004144 0.09851549999999999 1.85 0
0 0 0 1 45.719 44.507308 16.0 0.020258 0.13412549999999998 2.65 0
0 0 0 1 47.1545 34.797385 2.0 0.53417 0.19694450000000002 5.4 0
0 0 0 1 49.053999999999995 46.429649999999995 33.0 0.00044321 0.036568 2.0 0
0 0 1 0 49.5015 56.814 7.0 0.19049 0.00225 3.0 0
0 1 0 0 50.35447767066693 44.52678267539525 24.651144857041167 0.09658699853529934 0.10095995499099822 3.9706941388277657 0
0 0 1 0 50.037 44.3783 17.35 0.09555934625000001 0.00302 4.0 0
0 0 0 1 47.7995 46.981563 4.0 0.33868 0.13629700000000003 5.95 0
0 0 0 1 44.1 42.546848 16.0 0.021447 0.11128 1.0 0
0 0 1 0 57.7325 52.7124 8.7 0.32098735165000003 0.0 20.0 0
0 0 1 0 47.7255 45.5442915 10.0 0.090909 0.0 22.0 0
0 1 0 0 49.69250000000001 41.980915 23.7 0.06774629595000001 0.00092 1.0 0
0 0 0 1 49.831 42.4007 26.0 0.0023948 0.04856 1.0 0
0 0 1 0 47.05800000000001 46.7913815 10.0 0.099319 0.07899 3.0 0
0 0 0 1 43.87949999999999 44.579840000000004 14.0 0.032433 0.1012335 2.65 0
1 0 1 0 40.62 44.58647500000001 17.45 0.0368052825 0.03986 2.0 0
0 0 0 1 53.342499999999994 45.19469 20.0 0.0087009 0.05598750000000001 2.3 0
0 1 0 0 56.26 54.8645 14.65 0.04686061000000001 0.0341525 5.85 0
0 0 0 1 49.914 44.57084 27.0 0.0019211 0.027532499999999998 2.1 0
0 0 1 1 46.6385 46.106685000000006 18.0 0.014827 0.01907 2.0 0
0 0 0 1 41.16 39.50202 25.0 0.0027219 0.03428 1.0 0
0 0 1 0 50.50149999999999 60.0 0.0 1.0 0.0 7.0 0
1 0 0 0 35.99 39.097950000000004 5.0 0.28134 0.48214 1.0 0
0 0 0 1 40.429500000000004 59.795015 255.0 4.3255e-37 0.0 1.95 0
0 0 0 1 46.6905 46.52187 13.0 0.04611 0.106042 3.0 0
0 0 0 1 47.169 42.050667 4.0 0.38746 0.129082 4.85 0
1 0 0 0 60.0 59.99189 98.0 0.016234179471986653 4.2000000000000004e-05 1.85 0
0 0 0 1 52.27 41.56347 13.0 0.047398 0.1504045 3.2 0
0 0 1 0 50.044000000000004 48.024395000000005 43.0 4.8911e-05 0.0 1.0 0
0 0 0 1 43.938500000000005 46.92425000000001 13.0 0.046646 0.13661049999999997 3.65 0
1 0 0 0 57.52 58.691455 14.65 0.11539150499999999 0.046991500000000005 1.9 1
0 0 0 1 49.9485 40.5 16.0 0.021524 0.12601899999999996 1.65 0
1 1 1 1 60.0 60.0 45.0 3.1102e-05 2e-05 2.0 1
0 0 0 1 48.232000000000006 49.66898 17.0 0.01823 0.07125150000000001 2.05 0
0 0 1 0 48.96950000000001 36.481820000000006 0.0 1.0 0.0 4.0 0
0 0 0 1 50.1175 49.66856 17.0 0.019218 0.52381 1.0 0
0 0 0 1 49.17100000000001 45.936465000000005 8.0 0.15587 0.0698 13.0 0
0 1 0 0 48.8895 47.4343 65.0 2.6255e-07 1e-05 1.0 0
0 0 0 1 57.27 49.34682000000001 19.0 0.010209 0.09595899999999999 2.55 0
0 0 0 1 47.993 40.8976825 25.0 0.0030318 0.07156749999999999 2.05 0
1 0 0 0 60.0 59.99189 98.0 0.016234179471986653 4.2000000000000004e-05 1.85 0
0 0 1 0 46.341 45.04536499999999 15.15 0.074490211 0.011 2.0 0
0 0 1 0 49.8825 48.024395000000005 5.0 0.31375 0.0 1.0 0
0 0 0 1 54.028 54.250275 67.0 1.8334e-07 0.024769000000000003 1.85 0
0 0 0 1 50.1155 46.687025 15.0 0.026777 0.08936849999999999 2.05 0
0 0 0 1 44.931999999999995 43.81929 17.0 0.017534 0.12411900000000001 2.3 0
0 0 1 0 49.328500000000005 53.68411 9.3 0.44829274495 3e-05 8.0 0
0 0 0 1 39.02 45.096455 26.0 0.002414 0.12784600000000002 2.55 0
0 0 0 1 47.8335 48.286109999999994 29.0 0.0010532 0.046552500000000004 2.1 0
0 0 0 1 44.45399999999999 46.203269999999996 13.0 0.043326 0.16280900000000004 3.15 0
0 0 0 1 52.60699999999999 53.563625 49.0 1.0251e-05 0.0176195 1.6 0
1 0 0 0 46.62 37.757169999999995 21.2 0.047385037 0.08726549999999998 1.7 0
0 0 0 1 48.29 41.858180000000004 15.0 0.029723 0.227891 1.95 0
1 0 0 0 60.0 59.99189 98.0 0.016234179471986653 4.2000000000000004e-05 1.85 0
0 0 0 1 50.11749999999999 47.081239999999994 17.0 0.019165 0.40329 2.0 0
0 1 1 0 52.0785 48.17196 27.6 0.05189486520000001 6e-05 2.0 0
0 0 0 1 48.2 44.119895 22.0 0.0059436 0.063526 2.0 0
0 0 0 1 45.527499999999996 44.403122999999994 16.0 0.020675 0.12651500000000002 2.35 0
0 0 0 1 44.8 40.943226499999994 15.0 0.026556 0.03444 2.0 0
0 0 0 1 47.564499999999995 31.8765 44.0 3.1862e-05 0.0503575 2.4 0
1 0 0 0 21.41 24.285625000000003 30.75 0.0914400830587335 0.20507650000000002 1.95 0
0 0 0 1 56.84 59.8442 17.0 0.019605 0.33322 1.0 0
0 0 1 0 41.567499999999995 11.5263 11.9 0.19167392195 0.18132 3.0 0
0 0 0 1 50.190000000000005 47.93954500000001 13.0 0.040466 0.17875900000000003 2.65 0
1 1 1 0 60.0 60.0 102.0 6.2519e-11 0.0 2.0 1
0 0 1 0 48.597500000000004 51.552265 18.5 0.0860952993 0.05668 2.0 0
0 1 0 0 47.519 59.3456 17.1 0.09505906019999999 0.00807 1.0 0
0 0 1 0 48.013999999999996 14.3333 3.0 0.44777 0.0 3.0 0
0 0 0 1 45.078500000000005 44.43256 28.0 0.001274 0.0562885 2.25 0
0 0 1 0 44.4745 46.013760000000005 13.7 0.1796927311 0.13514 3.0 0
0 0 0 1 47.9615 48.6783115 15.0 0.027283 0.095878 2.45 0
0 1 1 1 47.939499999999995 50.732775 37.0 0.00016588 2e-05 3.0 0
0 0 1 1 49.33 19.0976 18.0 0.015827 0.00415 1.0 0
0 0 1 0 51.693999999999996 50.97058499999999 18.0 0.24669480574999994 0.00042 3.0 0
0 1 0 0 45.4055 59.2927 13.4 0.101082075 0.08956 3.0 0
1 0 0 0 33.85 26.42751 17.75 0.09110097936 0.0874345 1.8 0
0 0 0 1 45.843 50.186 5.0 0.25167 0.25522 17.0 0
0 0 0 1 47.052499999999995 45.819925 17.0 0.019048 0.13860100000000003 2.95 0
0 0 0 1 48.812 44.159589999999994 33.0 0.00049887 0.022029 2.1 0
0 0 0 1 44.5975 33.88976649999999 7.0 0.18333 0.14113099999999998 5.9 0
0 0 0 1 47.8635 50.137775 31.0 0.00069517 0.018979499999999996 2.05 0
0 1 1 0 45.863 32.7544 3.0 0.49141 0.00608 5.0 0
0 0 0 1 49.482499999999995 53.8487 17.0 0.016463 0.02328 1.0 0
0 0 0 1 49.256499999999996 44.34134999999999 14.0 0.034431 0.091002 3.2 0
0 0 0 1 52.523 47.726635 12.0 0.057692 0.18182 1.0 0
0 0 0 1 47.547 43.842135000000006 23.0 0.0049252 0.09846600000000001 1.9 0
0 0 0 1 48.2865 49.621950000000005 29.0 0.0010757 0.0399735 2.45 0
0 0 1 0 50.4085 45.9970845 12.0 0.062763 0.09113 2.0 0
0 0 0 1 44.505 44.342425 17.0 0.017642 0.1160125 2.2 0
0 0 1 0 47.407000000000004 59.8642 0.0 0.8487 0.0 2.0 0
0 0 0 1 51.859 43.64018 13.0 0.041478 0.07831099999999999 2.05 0
0 0 0 1 48.794500000000006 46.916039999999995 19.0 0.01009 0.10274150000000001 2.9 0
0 1 0 1 48.83400000000001 14.8704 30.0 0.00094888 0.00072 2.0 0
0 0 1 0 45.39199999999999 42.90766500000001 16.1 0.08056709499999999 0.03931 2.0 0
0 1 0 0 35.6625 8.0 14.45 0.185753628 0.598537 2.6 0
0 0 0 1 48.741499999999995 42.25186 15.0 0.031484 0.167372 3.05 0
0 0 0 1 53.89 43.989535000000004 20.0 0.0083801 0.01415 2.0 0
0 0 1 0 48.989 39.141180000000006 24.25 0.0157715313905 0.00549 2.0 0
0 0 0 1 45.9745 51.06358 25.0 0.0025762 0.0930905 4.15 0
1 0 0 0 44.14 46.633125 5.0 0.29376 0.12009500000000002 4.0 0
0 0 0 1 47.209 45.261655000000005 35.0 0.0002962 0.0132555 2.55 0
0 0 0 1 49.1595 44.755264999999994 18.0 0.015498 0.01228 1.0 0
0 0 0 1 47.6565 42.5745305 19.0 0.010863 0.07352500000000001 2.05 0
1 0 0 0 60.0 59.99189 98.0 0.016234179471986653 4.2000000000000004e-05 1.85 0
0 1 0 0 46.4855 41.0959 3.0 0.46973 0.01267 1.0 0
0 0 0 1 47.327 43.335262500000006 3.0 0.47895 0.48828 10.0 0
1 0 0 0 57.51 42.60211 12.55 0.11018315000000001 0.09952 2.0 0
0 0 0 1 45.4165 41.30401500000001 9.0 0.12566 0.23194649999999997 4.55 0
0 0 0 1 47.993 40.8976825 25.0 0.0031265 0.10614100000000001 2.2 0
0 0 0 1 47.4865 46.450715 19.0 0.012399 0.08277949999999999 2.5 0
0 0 0 1 53.18449999999999 47.344755000000006 20.0 0.0086196 0.068815 2.55 0
0 1 0 0 44.0515 3.0 9.7 0.20286855999999998 1.0 3.0 0
0 0 1 1 47.049 45.93163 21.0 0.0066058 0.01064 1.0 0
0 0 0 1 45.9745 51.06358 25.0 0.0026048 0.07647400000000001 3.45 0
0 0 0 1 46.131499999999996 45.722494999999995 11.0 0.079011 0.11623100000000001 2.8 0
1 1 1 0 58.09 57.8427 78.0 1.4974e-08 0.0 2.0 1
0 0 0 1 47.8335 48.28611 29.0 0.0010372 0.031265499999999995 2.1 0
0 0 1 0 57.75999999999999 59.2987 4.95 0.5984042740000001 0.00127 10.0 0
0 0 0 1 49.102 39.32662 13.0 0.044554 0.1157665 1.95 0
1 0 0 1 50.63 43.87445999999999 105.0 2.6691e-11 0.047852000000000006 1.85 1
0 0 0 1 45.4165 40.859690000000015 9.0 0.12174 0.10798949999999996 4.05 0
0 0 0 1 49.266 44.794455 26.0 0.0024814 0.114507 2.7 0
0 0 0 1 50.35 46.406780000000005 24.0 0.0034609 0.00939 3.0 0
1 0 0 0 40.24 30.266679999999997 19.65 0.058643507019999985 0.0644145 1.85 0
0 0 0 1 50.323 42.54351999999999 13.0 0.040797 0.1676915 2.75 0
0 0 0 1 50.22250000000001 35.803975 6.0 0.21765 0.15390850000000003 3.75 0
0 0 0 1 46.348499999999994 43.70045650000001 10.0 0.091905 0.116119 5.45 0
1 0 0 0 53.77 52.57301 22.5 0.024120401355 0.05486550000000001 2.15 0
0 0 0 1 48.13350000000001 50.4789 41.0 7.0606e-05 0.07736950000000001 1.9 0
0 0 0 1 54.78099999999999 56.647665 56.0 2.3237e-06 0.005773499999999999 2.05 0
0 0 0 1 48.5715 50.606649999999995 15.0 0.026138 0.17085999999999998 2.35 0
0 0 0 1 17.17 41.938545 16.0 0.023368 0.09384749999999999 3.3 0
0 0 0 1 51.8045 42.658855 13.0 0.039886 0.14351 5.0 0
0 1 1 1 48.0805 47.25273000000001 12.0 0.057855 0.03285 1.0 0
0 1 0 1 50.9485 45.480785000000004 23.0 0.0041497 0.10581399999999999 1.65 0
0 0 0 1 52.3725 47.41092 44.0 3.8728e-05 0.031429 2.05 0
0 0 0 1 56.83 40.1959485 22.0 0.005595 0.19403199999999998 1.8 0
0 0 1 0 48.2935 50.947154999999995 17.85 0.0853566614 0.05605 2.0 0
0 0 0 1 51.8205 45.423555 23.0 0.0043063 0.12985150000000004 2.35 0
0 0 0 1 41.473499999999994 30.273276 3.0 0.4547 0.35897 2.0 0
0 0 1 0 35.78 36.4479065 16.05 0.0940237285 0.10502 2.0 0
0 1 0 0 53.568999999999996 53.3269 15.7 0.14842467389999997 0.11420999999999999 4.2 0
0 0 0 1 47.832 48.987784999999995 17.0 0.017987 0.059387 2.7 0
0 0 0 1 50.19000000000001 47.939544999999995 13.0 0.040389 0.16853350000000003 2.4 0
0 1 0 0 55.5505 56.0256 14.55 0.16856533184999997 0.0230665 4.7 0
0 0 1 0 56.50750000000001 55.33380999999999 39.6 0.27223963912045207 0.0 4.0 0
1 0 0 0 51.7 48.61403500000001 17.0 0.0577826127 0.04707750000000001 2.05 0
0 0 0 1 40.429500000000004 59.795015 255.0 0.0 0.0 1.95 0
0 0 0 1 49.005500000000005 45.415485000000004 21.0 0.0070625 0.061179000000000004 2.35 0
1 0 0 0 48.3 42.4346 17.85 0.06354157375000001 0.05107250000000001 1.95 0
0 0 0 1 45.078500000000005 44.43256 28.0 0.0012764 0.0562885 2.25 0
0 0 0 1 44.593 44.65961 5.0 0.31036 0.11853799999999999 4.8 0
0 0 0 1 49.858000000000004 51.584105 34.0 0.00033316 0.016096500000000003 2.75 0
1 0 0 0 47.78 50.82068000000001 16.5 0.055236447499999994 0.05382 2.0 0
0 0 0 1 49.52 49.741465000000005 17.0 0.019888 0.13831549999999998 1.6 0
0 0 0 1 40.429500000000004 59.795015 255.0 0.0 0.0 1.95 0
1 0 0 0 51.58 48.93823999999999 16.75 0.06831565 0.071335 2.3 0
0 1 0 0 50.35447767066693 44.52678267539525 24.651144857041167 0.09658699853529934 0.10095995499099822 3.9706941388277657 0
0 1 0 0 56.35 59.6164 13.9 0.16297115 0.081635 2.4 0
0 1 0 1 50.332499999999996 28.4545 17.0 0.019036 0.0131 1.0 0
0 0 1 0 46.257999999999996 36.4479065 15.15 0.071976032 0.10486 2.0 0
0 0 1 0 51.4225 44.182759999999995 19.2 0.24817409290000003 0.00012 1.0 0
0 0 0 1 50.3695 48.017450000000004 12.0 0.056625 0.11309799999999996 4.85 0
0 0 0 1 47.056999999999995 35.81125 9.0 0.12406 0.62539 1.0 0
1 1 0 0 56.23 59.4889 16.9 0.17590290241 0.036676 3.05 0
0 0 1 0 46.8155 53.235884999999996 37.0 0.00017748 0.0 12.0 0
0 0 0 1 46.732 42.26304499999999 20.0 0.0099044 0.055896 2.55 0
1 0 0 0 55.59 57.299789999999994 20.55 0.027698511 0.0659375 1.9 0
0 0 0 1 50.19000000000001 47.939544999999995 13.0 0.04037 0.1666875 2.6 0
0 0 0 1 51.463 55.5 7.0 0.17137 0.25332 16.0 0
1 0 0 0 53.02 49.73885 19.7 0.07103289405 0.065607 2.6 0
0 0 0 1 48.055 49.712129999999995 2.0 0.6059 0.076483 6.35 0
0 0 0 1 47.4865 46.450715 19.0 0.012323 0.0716065 2.35 0
0 0 1 0 49.713 49.657906999999994 2.0 0.57036 0.0 10.0 0
0 0 0 1 47.5565 43.7945515 10.0 0.091025 0.13175 5.9 0
0 0 0 1 50.674499999999995 46.13010499999999 14.0 0.035456 0.12515 2.25 0
0 0 0 1 49.445499999999996 45.4696815 15.0 0.027103 0.097979 1.95 0
0 0 1 0 57.7325 50.522505 5.6 0.36967010000000006 1e-05 21.0 0
0 1 0 1 46.933499999999995 46.912608000000006 16.0 0.021242 0.01809 1.0 0
0 0 0 1 49.507 43.362455 24.0 0.0037771 0.00271 3.0 0
1 0 0 0 60.0 60.0929 11.0 0.066942 0.07684 3.0 0
0 0 1 0 44.516000000000005 34.76155949999999 0.0 0.98789 0.00409 9.0 0
0 0 0 1 46.672 36.087235 20.0 0.0097589 0.08324 4.0 0
0 0 1 1 47.175999999999995 40.472789999999996 20.0 0.0086283 0.01005 1.0 0
0 0 0 1 51.956500000000005 44.50847 13.0 0.041216 0.01342 5.0 0
0 0 0 1 47.378499999999995 48.969485000000006 38.0 0.00015464 0.0376875 2.25 0
0 0 0 1 47.208999999999996 45.261655000000005 35.0 0.00030877 0.0132555 2.55 0
1 0 0 0 53.29 50.499625 17.6 0.0402118305 0.061268 2.45 0
0 1 0 0 47.429 57.1567 33.0 0.00045264 0.00078 2.0 0
0 0 0 1 45.8615 42.972559999999994 5.0 0.28947 0.0898675 5.25 0
0 0 0 1 48.7185 46.659515 31.0 0.00064644 0.039011 1.95 0
0 0 0 1 49.2535 42.18761000000001 6.0 0.22704 0.1435735 7.15 0
0 0 1 1 47.74400000000001 50.023058 16.0 0.022932 0.00204 8.0 0
0 1 0 0 45.2505 0.0 2.0 0.57275 1.0 1.0 0
0 1 0 0 50.35447767066693 44.52678267539525 24.651144857041167 0.09658699853529934 0.10095995499099822 3.9706941388277657 0
0 0 0 1 48.02300000000001 49.359660000000005 19.0 0.010498 0.05532349999999999 2.95 0
0 0 0 1 49.3935 49.059799999999996 19.0 0.011903 0.19466699999999998 1.95 0
0 0 0 1 47.275999999999996 47.906895000000006 21.0 0.0075838 0.13547199999999998 3.8 0
0 0 0 1 46.833 39.29215 18.0 0.014437 0.27125 3.0 0
0 0 0 1 54.58 45.809233000000006 16.0 0.023588 0.10535 1.0 0
0 0 1 0 57.98 47.636085 11.0 0.066794 0.0 12.0 0
0 0 0 1 46.732 42.26304499999999 20.0 0.0098951 0.055218 2.75 0
0 0 0 1 50.554 49.24121500000001 20.0 0.0085744 0.051792000000000005 2.6 0
0 0 1 0 42.672 35.47712 15.9 0.07792409239999999 0.12468 2.0 0
0 1 0 0 50.35447767066693 44.52678267539525 24.651144857041167 0.09658699853529934 0.10095995499099822 3.9706941388277657 0
0 0 0 1 48.416 48.684430000000006 16.0 0.024305 0.108353 2.3 0
0 0 0 1 49.133500000000005 42.13268 22.0 0.0052549 0.03903 1.0 0
0 0 0 1 48.751 48.515085 24.0 0.0032634 0.07063549999999999 2.35 0
0 0 0 1 48.51349999999999 45.094106499999995 15.0 0.031395 0.00809 6.0 0
0 1 0 0 48.574 43.0795 13.25 0.15807876445000002 0.00017 28.0 0
0 0 0 1 41.57 43.895345 34.0 0.00034712 0.033692 2.85 0
0 0 0 1 47.90399999999999 37.584445 15.0 0.029353 0.1429555 2.5 0
0 1 0 0 45.127500000000005 5.0 9.0 0.11436 0.20433649999999998 3.45 0
0 0 0 1 49.575 49.73306 17.0 0.019591 0.152559 1.75 0
0 0 1 0 57.7325 44.018835 5.8 0.375840915 1e-05 34.0 0
1 0 0 0 60.0 59.99189 98.0 0.016234179471986653 4.2000000000000004e-05 1.85 0
0 0 1 0 52.4575 45.625024999999994 23.25 0.172996181115 0.00034 2.0 0
0 0 0 1 48.51800000000001 38.5119375 2.0 0.5665 0.1987935 6.2 0
1 0 0 0 55.33 55.75707 20.1 0.0413545845 0.044226 1.6 0
0 1 0 1 47.144 35.0455 20.0 0.0090897 0.01782 1.0 0
0 0 1 0 48.5895 46.706126499999996 10.0 0.08067 0.06721 3.0 0
0 0 1 1 51.05200000000001 47.06378 14.0 0.03771 0.0 25.0 0
0 0 1 0 45.290499999999994 45.17591 16.05 0.05398193 0.07326 1.0 0
0 0 1 0 41.068 20.45 11.0 0.16821611 0.38396 2.0 0
0 1 1 0 50.0355 60.7037 18.75 0.1192963475 0.00408 1.0 0
0 0 1 0 45.728 36.50188149999999 19.2 0.031900148 0.01055 1.0 0
0 0 0 1 57.83 50.93061 19.0 0.010365 0.084759 3.2 0
0 0 0 1 53.1845 47.344755 20.0 0.0086272 0.068815 2.55 0
0 0 0 1 52.69199999999999 46.01562 24.0 0.0035568 0.064635 3.35 0
0 0 0 1 48.0655 41.400446 23.0 0.004579 0.2777 2.0 0
0 0 0 1 49.233999999999995 46.80025499999999 23.0 0.0045895 0.07676350000000001 1.8 0
1 0 0 0 60.0 59.99189 98.0 0.016234179471986653 4.2000000000000004e-05 1.85 0
0 0 0 1 53.24249999999999 58.62346 58.0 1.4068e-06 0.028680500000000005 2.0 0
0 0 1 0 57.7325 46.63335 5.8 0.375840915 0.0 30.0 0
1 0 0 0 55.53 55.817240000000005 17.8 0.0715606565 0.0648455 1.7 0
0 0 1 0 43.955 43.37 16.8 0.051656770500000004 0.09238 1.0 0
0 0 0 1 51.08799999999999 52.662065000000005 15.0 0.02826 0.14739050000000004 2.45 0
0 0 0 1 49.135000000000005 36.211735999999995 19.0 0.012126 0.1043 2.0 0
0 1 0 1 51.976 45.55746 23.0 0.0044579 0.10017949999999998 2.2 0
0 0 1 0 55.6155 47.4679895 8.15 0.5082478402999999 2e-05 9.0 0
1 1 0 0 40.49 37.8973 20.8 0.027983698500000004 0.11443999999999999 2.0 0
1 0 1 1 25.76 46.320904999999996 12.0 0.050376 0.2089 3.0 0
1 0 0 0 60.0 59.99189 98.0 0.016234179471986653 4.2000000000000004e-05 1.85 0
0 0 0 1 46.8565 43.38663500000001 20.0 0.0082624 0.01981 2.0 0
0 1 0 0 41.370999999999995 29.5686 15.9 0.153957214 0.0360295 2.25 0
0 0 0 1 45.2915 46.35799999999999 28.0 0.0013862 0.048887 2.25 0
1 0 0 0 48.45 43.15175000000001 21.15 0.05203028784793501 0.066964 1.9 0
0 0 0 1 44.74 48.18398 22.0 0.0061061 0.02129 4.0 0
0 0 0 1 52.5 49.696250000000006 53.0 4.5639e-06 0.021241500000000003 3.3 0
0 0 0 1 48.7535 46.51569500000001 26.0 0.0023333 0.10372999999999996 2.45 0
0 0 0 1 50.3445 47.078455 14.0 0.036994 0.16967 1.0 0
0 0 1 0 41.2 39.9919 17.15 0.07858703500000001 0.03036 1.0 0
0 0 0 1 51.044 56.75 12.0 0.060034 0.14628 5.0 0
1 0 0 0 54.8 55.23614 19.35 0.045726037000000004 0.0492915 1.8 0
0 0 1 0 55.3445 60.0 6.0 0.23938 0.0 9.0 0
0 0 1 0 45.364999999999995 42.1445705 17.3 0.0374312715 0.03828 3.0 0
0 0 0 1 35.95 45.96874799999999 16.0 0.020817 0.01591 2.0 0
1 0 0 0 49.05 45.55957500000001 4.0 0.36652 0.14450949999999999 4.35 0
0 0 0 1 51.5705 41.442625 23.0 0.0042207 0.1043125 2.05 0
0 0 0 1 50.023 48.25815 17.0 0.018769 0.09412 7.0 0
0 0 0 1 51.454499999999996 45.19918 14.0 0.037129 0.13037 2.25 0
0 0 1 0 28.19 40.1518545 5.0 0.27043 0.08435 2.0 0
1 1 1 0 59.38 60.0 27.0 0.03181963806450001 0.0751 2.0 0
0 0 1 0 49.8825 48.024395000000005 0.0 0.9524 0.0 1.0 0
0 0 0 1 51.452999999999996 49.614125 16.0 0.024989 0.1014105 2.1 0
0 0 0 1 48.687999999999995 41.517375 10.0 0.083578 0.0763075 3.75 0
0 0 0 1 51.056 23.76 18.0 0.013407 0.18176 1.0 0
1 0 0 0 59.31 58.97516 41.15 0.12201086229918982 0.0787785 3.7 0
0 0 0 1 46.3975 32.652875 20.0 0.0091486 0.25347 1.0 0
0 0 0 1 47.448 42.92539 22.0 0.0050123 0.05145050000000001 2.2 0
0 0 0 1 47.237500000000004 39.84261 22.0 0.0053271 0.08673649999999998 1.95 0
0 0 0 1 47.797000000000004 49.883505 17.0 0.018073 0.067695 2.0 0
0 1 0 0 53.569 53.35 15.3 0.18832817389999998 0.11420999999999999 4.2 0
0 0 0 1 45.0065 43.132889 7.0 0.16484 0.161086 5.65 0
0 0 0 1 47.836 40.437490999999994 4.0 0.38436 0.62776 5.0 0
0 1 0 0 54.24 52.3807 16.5 0.07181899 0.0576785 4.4 0
0 0 1 0 45.9005 45.076135 22.7 0.05245473449999999 0.00143 2.0 0
0 0 0 1 48.0545 48.52642 17.0 0.018751 0.09150449999999999 2.55 0
0 1 0 0 51.212 47.419005 12.0 0.052681 0.11368450000000001 4.1 0
0 0 1 0 39.17 53.452414999999995 12.1 0.2963338705 0.06863 7.0 0
0 0 0 1 48.752500000000005 49.263040000000004 21.0 0.0066491 0.04593 4.0 0
1 1 0 1 47.67 37.0606 19.0 0.011921 0.02067 1.0 0
0 0 0 1 51.255500000000005 50.222815000000004 12.0 0.059579 0.21805 5.0 0
0 0 0 1 46.2255 40.103655 17.0 0.017161 0.106169 2.6 0
0 1 0 0 53.859500000000004 52.3548 15.65 0.1299695 0.0352955 4.95 0
0 0 1 0 57.7325 50.52250500000001 5.6 0.36967010000000006 0.0 21.0 0
0 0 0 1 49.102 42.832815 13.0 0.044369 0.137937 2.7 0
0 0 1 1 46.6725 45.61100499999999 20.0 0.0095196 0.0 13.0 0
0 0 0 1 50.47 48.364375 19.0 0.01177 0.17348449999999999 2.2 0
0 1 0 0 49.7815 50.208054999999995 14.1 0.10397269150000002 0.07734 6.0 0
0 0 0 1 44.90499999999999 45.66615 3.0 0.46371 0.0986575 6.0 0
1 0 0 0 45.71 37.2718 19.8 0.0692812500023366 0.0483645 2.0 0
0 0 1 1 46.654500000000006 47.211819999999996 33.0 0.0004398 0.00659 2.0 0
0 0 0 1 48.7785 44.365735 16.0 0.021949 0.156667 3.1 0
0 0 0 1 50.062 38.920854999999996 19.0 0.011377 0.62851 1.0 0
0 0 1 0 49.328500000000005 53.68411 10.4 0.316741771 0.00123 8.0 0
0 0 0 1 55.62 41.41662999999999 13.0 0.047368 0.09808 5.0 0
0 0 0 1 47.547 43.842135 23.0 0.0049178 0.07368899999999999 1.85 0
1 0 0 0 51.69 58.0325 6.0 0.22701 0.2717555 6.3 0
0 0 0 1 48.812 44.15959000000001 33.0 0.00049448 0.022029000000000003 2.1 0
0 0 0 1 49.298500000000004 44.079405 17.0 0.019319 0.04416 1.0 0
0 0 1 0 45.072 37.543155 1.0 0.65252 0.42288 4.0 0
0 0 1 0 45.784499999999994 44.9751 3.0 0.5 2e-05 5.0 0
0 0 0 1 50.715999999999994 47.57895499999999 12.0 0.061843 0.1743545 2.5 0
0 0 0 1 45.377 38.97821499999999 16.0 0.023512 0.1311045 3.15 0
0 0 0 1 43.898500000000006 44.579840000000004 14.0 0.031636 0.11566999999999998 2.35 0
0 0 0 1 48.96999999999999 43.72046 15.0 0.031004 0.09829550000000001 2.65 0
0 0 0 1 48.451 42.420115 18.0 0.013968 0.08142600000000001 1.9 0
0 1 0 0 50.35447767066693 44.52678267539525 24.651144857041167 0.09658699853529934 0.10095995499099822 3.9706941388277657 0
0 0 1 0 46.519999999999996 41.365705000000005 15.45 0.07023753999999999 0.04658 1.0 0
0 0 0 1 46.23 39.412710000000004 17.0 0.017213 0.109809 2.8 0
0 0 0 1 46.4715 45.194524999999985 18.0 0.014914 0.23267 1.0 0
0 1 0 0 50.35447767066693 44.52678267539525 24.651144857041167 0.09658699853529934 0.10095995499099822 3.9706941388277657 0
0 0 0 1 50.023 49.750415000000004 17.0 0.018775 0.08294 5.0 0
0 0 1 0 49.8875 50.70869 1.0 0.7554 0.0 3.0 0
0 0 0 1 47.218 41.068495 13.0 0.04918 0.08683 1.0 0
0 0 0 1 52.69699999999999 60.0 21.0 0.0074973 0.0157 1.0 0
0 0 0 1 51.612 48.508345 14.0 0.037711 0.13724850000000002 4.45 0
0 0 1 1 49.328 41.625425 13.0 0.048447 0.00474 2.0 0
0 0 0 1 47.448 42.183544999999995 22.0 0.00524 0.037591000000000006 2.05 0
1 0 0 0 44.63 35.00975 20.6 0.034203325 0.05633900000000001 2.15 0
0 1 0 0 46.73549999999999 44.340795 16.75 0.10764758344400001 0.48749 2.0 0
0 0 0 1 51.212 49.21569 12.0 0.052533 0.1061815 4.35 0
0 0 1 1 47.892 46.5086165 10.0 0.085984 0.06456 7.0 0
1 0 0 1 45.97 48.67339 17.0 0.016477 0.10522799999999999 3.1 0
0 0 0 1 48.54600000000001 46.48948 18.0 0.01266 0.03478 2.0 0
0 0 0 1 44.2185 46.008575 28.0 0.0013159 0.05252 2.0 0
0 0 0 1 50.843500000000006 46.159955000000004 14.0 0.035057 0.15688249999999998 3.0 0
0 0 1 1 47.818 43.019214999999996 13.0 0.043928 0.62961 2.0 0
0 0 0 1 45.626 47.577819999999996 28.0 0.0014429 0.054826 2.3 0
0 0 0 1 53.3405 53.606629999999996 54.0 3.6127e-06 0.0039675 3.55 0
0 0 0 1 44.2185 45.006890000000006 28.0 0.0013463 0.07625 4.0 0
0 0 0 1 45.522999999999996 44.432559999999995 28.0 0.0013666 0.045928000000000004 2.1 0
0 0 0 1 49.2375 43.24556199999999 18.0 0.012911 0.090998 2.9 0
0 0 0 1 45.5235 39.14408 28.0 0.0015329 0.01441 1.0 0
0 0 1 0 50.61200000000001 49.146955000000005 16.0 0.09217806949999999 0.08271 5.0 0
0 0 1 0 44.109500000000004 37.047090000000004 11.25 0.163190195 0.32312 1.0 0
0 0 0 1 45.460499999999996 38.4789215 7.0 0.19632 0.20668249999999996 3.8 0
0 0 0 1 52.5 41.680285 18.0 0.01314 0.03688 1.0 0
0 0 0 1 52.336 59.8175 16.0 0.021937 0.43888 3.0 0
0 0 0 1 48.812999999999995 44.98228 8.0 0.13008 0.19058049999999999 3.1 0
0 1 0 0 44.0515 0.0 8.35 0.36288547 1.0 3.0 0
0 1 0 0 47.441 59.3218 13.9 0.11461865000000004 0.01518 2.0 0
0 0 0 1 40.429500000000004 59.795015 255.0 0.0 0.0 1.95 0
0 0 1 0 50.12250000000001 47.33735 0.0 0.88348 0.00103 4.0 0
0 0 0 1 52.3725 46.462745 44.0 3.6534e-05 0.031429 2.05 0
0 0 0 1 50.367000000000004 59.9864 41.0 7.1282e-05 0.00018 3.0 0
0 0 0 1 49.660999999999994 25.5689 14.0 0.033532 0.16203 1.0 0
0 0 1 0 57.7325 46.61688 6.35 0.353542165 0.0 28.0 0
0 0 0 1 48.7165 49.35116 16.0 0.024461 0.092172 2.3 0
0 0 0 1 49.490500000000004 59.7917 12.0 0.055365 0.13208 3.0 0
0 0 0 1 47.4865 46.450715 19.0 0.012429 0.08119 2.35 0
0 1 0 1 47.961 42.0507 18.0 0.014797 0.00485 2.0 0
0 0 1 0 48.2735 47.904070000000004 21.2 0.018335797299999998 0.02422 3.0 0
0 0 1 0 52.1015 44.63273500000001 15.85 0.19014170400000002 0.0016 4.0 0
0 0 0 1 48.584500000000006 45.82357 15.0 0.030569 0.2007495 2.0 0
0 0 0 1 51.8205 45.423555 23.0 0.0042988 0.1542835 2.2 0
0 0 0 1 47.928000000000004 45.13709849999999 13.0 0.04843 0.12806450000000003 3.05 0
0 0 1 0 47.423 50.153670000000005 10.0 0.097567 0.00151 2.0 0
0 0 0 1 50.427499999999995 47.973885 11.0 0.064279 0.00215 6.0 0
0 0 1 0 49.807 50.347515 1.0 0.77974 0.03514 4.0 0
0 0 1 1 44.99 46.61883 25.0 0.0026442 0.02587 3.0 0
0 0 0 1 40.429500000000004 59.795015 255.0 0.0 0.0 1.95 0
0 1 0 0 35.6625 3.88679 13.7 0.13347582299999997 0.814611 2.05 0
0 0 0 1 50.7905 44.2643985 13.0 0.04788 0.1709505 2.55 0
0 0 0 1 50.7155 49.16955 14.0 0.037795 0.1378795 3.7 0
0 1 0 0 46.829 52.8455 18.3 0.20030585811500004 3e-05 2.0 0
0 0 0 1 40.429500000000004 59.795015 255.0 2.8007e-26 0.0 1.95 0
0 1 0 0 44.0165 27.3168 9.0 0.12023 0.0477 1.0 0
0 0 0 1 49.6015 49.741805 52.0 5.1085e-06 0.021266 2.35 0
0 0 0 1 47.278000000000006 36.780615 20.0 0.0093545 0.06258899999999998 2.85 0
0 1 1 0 46.6375 51.9867 40.0 8.3233e-05 0.0 19.0 0
1 0 0 0 47.32 38.15184000000001 19.95 0.024941281141999998 0.051544 2.5 0
0 1 0 0 50.35447767066693 44.52678267539525 24.651144857041167 0.09658699853529934 0.10095995499099822 3.9706941388277657 0
1 1 1 0 60.0 60.0 80.0 8.0755e-09 0.0 1.0 1
0 1 0 1 56.69 47.2395815 32.0 0.00058784 0.051602 2.3 0
0 0 0 1 59.55 38.048320000000004 3.0 0.40472 0.10199649999999998 5.1 0
0 0 0 1 49.792500000000004 45.03031 14.0 0.035577 0.12159199999999999 2.1 0
1 0 0 0 34.71 39.55021000000001 16.65 0.03378141999999999 0.15329 1.0 0
1 0 0 0 58.05 42.166645 5.0 0.28537 0.1319855 5.65 0
0 0 0 1 47.569 15.246275 3.0 0.4701 0.8 3.0 0
1 0 0 0 52.26 48.35047 29.35 0.052940458499999996 0.059858 2.2 0
0 0 0 1 45.56100000000001 41.931435 29.0 0.0011275 0.27695 3.0 0
0 0 0 1 48.741499999999995 42.25186 15.0 0.031516 0.167372 3.05 0
0 0 0 1 49.26950000000001 37.984345000000005 6.0 0.2164 0.12764999999999999 3.4 0
0 0 0 1 47.99300000000001 40.8976825 25.0 0.0030406 0.07304850000000002 2.0 0
1 1 1 1 60.0 60.0 65.0 3.0828e-07 0.0 1.0 1
0 0 1 0 47.221000000000004 40.301435 16.15 0.0429415365 0.06933 2.0 0
0 1 0 0 35.6625 11.9167 14.75 0.1380165075 0.4067925 2.35 0
0 0 0 1 49.401 36.969015 6.0 0.20532 0.12447699999999999 5.35 0
0 0 1 0 44.516000000000005 34.7615595 0.0 0.99817 0.0 9.0 0
0 0 0 1 48.751 48.719285 24.0 0.0032493 0.06971550000000001 2.2 0
0 0 1 0 59.947500000000005 58.182465 81.15 0.05852936627391324 0.0 1.0 0
1 0 0 0 55.39 55.25443 17.65 0.0486952385 0.06941850000000001 1.55 0
0 0 1 0 56.50750000000001 55.33380999999999 39.6 0.27223963912045207 0.0 4.0 0
0 0 1 0 47.5905 47.9921825 2.0 0.53185 0.0 12.0 0
0 0 0 1 37.71 44.35504 16.0 0.023709 0.148332 3.4 0
0 0 1 0 51.38250000000001 41.56875 17.45 0.10358132700000003 0.00448 3.0 0
0 1 0 0 45.57900000000001 38.00177 7.0 0.17447 0.13072849999999997 4.2 0
0 0 0 1 48.812999999999995 45.999835000000004 8.0 0.13265 0.1321735 4.55 0
0 0 0 1 52.576499999999996 41.876345 13.0 0.041251 0.091903 2.35 0
0 0 0 1 47.183499999999995 43.86151450000001 36.0 0.00023441 0.07683749999999999 1.85 0
0 0 0 1 50.367999999999995 47.955020000000005 20.0 0.007957 0.0866085 2.0 0
0 0 1 0 49.093500000000006 24.1296 18.0 0.013851 0.00616 2.0 0
0 0 0 1 46.245 43.90062 23.0 0.0048233 0.055852500000000006 2.3 0
0 0 1 0 46.527 46.935215 16.25 0.044998688499999995 0.01275 2.0 0
0 0 0 1 49.40100000000001 36.969015 6.0 0.20993 0.17959099999999997 4.95 0
1 0 0 0 46.76 39.119805 16.5 0.03898351 0.15552 1.0 0
0 1 1 0 49.7705 44.3909 10.15 0.16377584 0.00097 0.0 0
0 0 0 1 48.538500000000006 27.0427 14.0 0.034715 0.02309 2.0 0
0 0 1 0 56.50750000000001 55.747569999999996 16.0 0.32074221730541996 0.0 5.0 0
0 0 1 0 57.7325 47.017250000000004 8.5 0.27074713499999997 0.0 24.0 0
0 0 0 1 45.854 36.196535 7.0 0.17881 0.17716500000000002 5.0 0
0 0 1 0 44.0865 46.979049999999994 0.0 1.0 0.0 7.0 0
1 1 1 0 60.0 60.0 99.0 1.0315e-10 0.0 2.0 1
0 0 0 1 40.429500000000004 59.795015 255.0 1.5011e-30 0.0 1.95 0
0 0 1 0 47.909499999999994 44.422520000000006 5.0 0.306 0.00986 2.0 0
0 0 1 0 57.59100000000001 57.122910000000005 10.45 0.43940917745999997 0.00771 11.0 0
0 0 1 0 47.407000000000004 59.6667 0.0 0.92316 0.00023 2.0 0
0 0 0 1 47.169 47.952389999999994 4.0 0.36923 0.1720445 4.35 0
0 1 0 0 35.6625 0.0 4.05 0.6211383300000001 0.9 1.8 0
0 0 0 1 48.279 44.47891499999999 18.0 0.015848 0.029111500000000002 1.95 0
0 1 0 1 55.52 59.5789 34.0 0.00032033 0.01635 1.0 0
0 0 0 1 49.876999999999995 44.40507 3.0 0.48352 0.00289 4.0 0
0 0 0 1 45.0415 42.6057 13.0 0.04937 0.14407300000000003 1.75 0
0 0 0 1 49.4945 45.1838805 15.0 0.025499 0.08005250000000001 1.6 0
0 0 1 1 48.7205 50.221895 19.0 0.011758 0.00569 1.0 0
0 0 0 1 47.9265 43.208315 18.0 0.015291 0.49094 1.0 0
0 0 0 1 46.272000000000006 36.074225 7.0 0.19002 0.60828 3.0 0
0 0 0 1 46.99950000000001 43.234405 8.0 0.13316 0.1087 4.0 0
0 0 1 0 57.56 54.17863 3.7 0.5274955000000001 0.0 16.0 0
0 0 0 1 59.278499999999994 58.622945 132.0 5.7188e-14 0.0 1.65 0
0 1 0 0 57.267500000000005 52.156335 10.15 0.16672291000000003 0.45368 13.0 0
0 0 0 1 45.528999999999996 46.20326999999999 13.0 0.043255 0.1508 3.2 0
1 0 0 0 56.08 39.878330000000005 13.0 0.046553 0.02495 2.0 0
0 0 0 1 47.7045 37.584445 15.0 0.029281 0.1713645 2.35 0
0 0 0 1 44.620999999999995 46.49284 17.0 0.017786 0.077804 4.05 0
0 0 0 1 44.75900000000001 44.579840000000004 14.0 0.032159 0.11203300000000001 2.05 0
0 0 0 1 48.851 39.43267 10.0 0.09755 0.09065999999999999 4.4 0
1 0 0 0 45.91 36.501245000000004 18.5 0.059867727699999984 0.0358015 1.8 0
0 0 0 1 52.34000000000001 47.090954999999994 14.0 0.037578 0.1763335 4.45 0
0 0 1 0 45.1065 55.790245000000006 14.3 0.28264230739999996 0.00468 7.0 0
0 0 0 1 50.5495 39.70710650000001 15.0 0.029565 0.07956 4.0 0
0 0 0 1 48.949 44.834405000000004 14.0 0.035672 0.124183 2.15 0
0 0 0 1 49.401 36.969015 6.0 0.20242 0.0767115 5.0 0
0 0 0 1 51.076499999999996 42.82348499999999 13.0 0.040962 0.129831 2.4 0
0 0 1 0 47.764500000000005 47.46267 2.0 0.51842 0.00069 2.0 0
0 0 0 1 40.429500000000004 59.795015 255.0 6.324100000000001e-30 0.0 1.95 0
1 1 1 1 60.0 60.0 32.0 0.0006177 0.00033 2.0 1
0 0 0 1 48.665499999999994 46.10668500000001 18.0 0.013138 0.01931 2.0 0
0 0 0 1 50.4705 47.827020000000005 14.0 0.036324 0.22325 1.0 0
1 0 0 0 60.0 59.99189 98.0 0.016234179471986653 4.2000000000000004e-05 1.85 0
0 0 0 1 48.03750000000001 40.30439500000001 16.0 0.022994 0.055945 2.7 0
0 0 0 1 51.283 53.639709999999994 50.0 9.3995e-06 0.03451 1.55 0
0 0 1 1 49.39 47.586495 33.0 0.00043361 0.00392 1.0 0
0 1 0 1 47.384499999999996 20.093 20.0 0.0092103 0.04609 4.0 0
0 1 0 0 49.8405 48.79233 27.0 0.0016654 0.00096 2.0 0
0 0 0 1 47.665 47.217020000000005 18.0 0.014634 0.02259 2.0 0
1 0 0 0 58.57 44.19544499999999 1.0 0.64656 0.41106 3.0 0
0 0 0 1 47.534499999999994 49.04 16.0 0.020563 0.034 2.0 0
1 0 0 0 52.46 48.043295 16.75 0.086842979 0.0651555 1.85 0
1 0 0 0 56.14 58.308035 17.95 0.0344252625 0.07799700000000001 2.0 0
1 0 0 0 42.74 43.08326 2.0 0.5086 0.15634150000000002 5.7 0
0 0 0 1 45.266999999999996 44.05941500000001 16.0 0.023682 0.1931945 2.15 0
0 0 0 1 47.11999999999999 46.178999999999995 17.0 0.018875 0.07708949999999999 3.5 0
0 0 1 0 57.7325 53.65029500000001 4.7 0.4899218 0.0 17.0 0
0 0 0 1 45.112 32.9773805 5.0 0.26625 0.18698150000000005 3.65 0
0 0 1 0 59.19500000000001 58.63666500000001 54.2 0.21766662893659486 0.0 3.0 0
1 0 0 0 54.73 55.601659999999995 17.7 0.086896877 0.045599499999999994 1.9 0
0 0 1 0 49.146499999999996 45.45334999999999 8.0 0.12593 0.0002 1.0 0
0 1 1 1 50.089000000000006 48.767109999999995 19.0 0.010005 7e-05 18.0 0
0 0 0 1 45.62 39.5426 20.0 0.0097749 0.00447 2.0 0
0 0 0 1 54.024 60.0 17.0 0.019514 0.50163 1.0 0
0 0 0 1 47.547 43.842135 23.0 0.0049153 0.07368899999999999 1.85 0
0 1 0 1 49.715999999999994 45.42737 16.0 0.021372 0.091761 1.75 0
0 0 0 1 50.285000000000004 49.54974500000001 17.0 0.019483 0.13175150000000002 1.7 0
0 0 0 1 48.51350000000001 44.1212115 15.0 0.030852 0.55993 2.0 0
0 0 0 1 47.341499999999996 44.400905 24.0 0.0038887 0.12491700000000001 2.25 0
0 0 0 1 48.367 37.58807 15.0 0.029386 0.14538800000000002 2.6 0
0 0 1 0 48.8895 0.0 0.0 1.0 0.0 1.0 0
0 1 0 0 49.88 52.897725 1.0 0.74392 0.02312 10.0 0
1 0 0 0 49.07 43.1778 23.65 0.06814915309375849 0.053785000000000006 2.15 0
1 0 0 0 50.9 47.658145000000005 23.4 0.047213020499999994 0.0412985 1.85 0
1 0 0 1 39.62 42.730554999999995 22.0 0.0055668 0.0234 1.0 0
0 0 0 1 50.006 60.0 31.0 0.00074706 0.01691 2.0 0
0 0 1 0 47.626 41.938039999999994 0.0 1.0 0.0 5.0 0
0 0 1 0 46.849500000000006 50.0117 5.0 0.28456 0.0 5.0 0
1 0 0 0 34.2 27.934679999999997 24.6 0.11179479579705973 0.08304 1.75 0
0 0 0 1 47.253 43.41489500000001 18.0 0.014855 0.066634 2.0 0
0 0 0 1 48.275999999999996 47.53085 21.0 0.0079326 0.06963749999999999 2.45 0
0 0 1 0 22.22 45.647195 15.35 0.13174926409999999 0.13317 3.0 0
0 0 0 1 50.187499999999986 44.674705 11.0 0.06588 0.12316149999999997 5.85 0
0 0 0 1 46.9855 45.637665 16.0 0.023885 0.16277650000000002 3.9 0
0 1 0 0 50.593 57.0976 13.0 0.040002 0.01334 1.0 0
0 0 0 1 54.61 41.11099 19.0 0.01144 0.10637349999999998 2.1 0
0 0 0 1 46.732000000000006 42.26304499999999 20.0 0.0099876 0.05589599999999999 2.55 0
0 0 0 1 55.089 51.066050000000004 65.0 2.9499e-07 0.024507499999999998 2.65 0
0 1 1 1 48.314 57.0889 19.0 0.012188 0.00704 1.0 0
0 0 1 0 43.073 18.3571 3.0 0.49877 0.04053 1.0 0
0 0 0 1 45.5495 38.3672 9.0 0.11302 0.17378 7.0 0
0 0 0 1 47.052499999999995 45.819925000000005 17.0 0.019037 0.09180550000000001 2.85 0
0 0 0 1 40.429500000000004 59.795015 255.0 3.119e-35 0.0 1.95 0
1 0 0 0 46.35 37.326025 18.6 0.06333222814999999 0.08036000000000001 1.85 0
0 0 0 1 45.59149999999999 51.7778 3.0 0.4 0.05523 6.0 0
0 0 0 1 46.732 40.65962 20.0 0.0098019 0.065198 2.45 0
0 0 0 1 50.089000000000006 31.825822 19.0 0.010014 0.68391 3.0 0
0 0 0 1 46.482 35.741616 18.0 0.014403 0.10141 2.0 0
0 0 0 1 50.2265 51.798500000000004 22.0 0.0056578 0.01235 3.0 0
0 0 0 1 49.0 42.468828499999994 13.0 0.049894 0.06869 2.25 0
0 0 1 1 49.378 44.01746 18.0 0.013118 0.00224 4.0 0
0 0 0 1 47.278000000000006 36.780615 20.0 0.0093546 0.06258899999999999 2.85 0
0 0 0 1 57.27 60.0 140.0 9.2828e-15 0.0 1.9 0
0 1 0 1 48.916000000000004 59.75 15.0 0.026665 0.01881 1.0 0
0 0 0 1 45.0065 43.132889 7.0 0.16534 0.19806849999999998 4.8 0
0 0 0 1 53.327999999999996 46.250925 47.0 1.9157e-05 0.024225999999999998 1.85 0
0 0 0 1 46.46249999999999 50.96 12.0 0.057887 0.03323 1.0 0
1 0 0 0 53.84 52.326240000000006 21.0 0.040888276355 0.046683 2.2 0
0 0 1 0 48.9695 49.667115 0.0 0.97999 0.00828 4.0 0
1 0 0 0 57.95 58.43169 16.1 0.0335135775 0.0497085 2.85 0
1 0 0 0 60.0 59.99189 98.0 0.016234179471986653 4.2000000000000004e-05 1.85 0
0 0 1 0 46.3245 39.56248 7.0 0.19089 0.12822 3.0 0
0 0 0 1 49.96 41.499175 25.0 0.0031394 0.055691000000000004 2.15 0
0 0 0 1 49.799499999999995 45.86222 30.0 0.00082629 0.055774000000000004 2.25 0
0 0 0 1 48.812999999999995 44.98228 8.0 0.12975 0.20402650000000003 3.2 0
1 0 0 0 52.36 48.043295 16.95 0.054462393500000005 0.07362149999999998 2.0 0
0 0 0 1 46.94 46.903715 21.0 0.0075546 0.1375435 3.8 0
0 0 0 1 49.1535 49.15729 38.0 0.00013796 0.0358925 2.5 0
1 1 1 0 59.71 59.2667 72.0 5.5504e-08 0.0 5.0 1
0 0 0 1 44.93500000000001 47.84229 13.0 0.042782 0.133254 2.05 0
0 0 0 1 31.31 49.22263 17.0 0.019208 0.1127035 2.1 0
1 0 0 0 52.18 48.773579999999995 31.35 0.06051648977129999 0.05489499999999999 2.2 0
0 0 0 1 47.3415 44.400905 24.0 0.0039194 0.1218195 2.3 0
0 0 0 1 45.460499999999996 37.56173149999999 7.0 0.18959 0.1232075 4.15 0
0 0 0 1 46.264500000000005 49.867525 21.0 0.006803 0.09745449999999997 2.25 0
0 0 0 1 44.487500000000004 41.7506815 10.0 0.086167 0.10447 1.0 0
0 0 0 1 47.4865 46.450715 19.0 0.012411 0.08277949999999999 2.5 0
0 0 0 1 48.688 37.670715 10.0 0.081109 0.1524555 2.9 0
0 0 0 1 51.284499999999994 56.32 15.0 0.025807 0.04338 2.0 0
0 0 0 1 50.07 45.78436 15.0 0.02668 0.07442850000000001 2.3 0
0 0 1 0 47.046499999999995 57.7097 2.0 0.5117 0.0 2.0 0
0 0 0 1 57.04 51.4636 15.0 0.026933 0.00496 1.0 0
1 0 0 0 49.95 46.890918 4.0 0.34144 0.16055950000000002 5.55 0
0 0 0 1 47.5245 56.1379 9.0 0.12318 0.0631 5.0 0
0 0 0 1 49.926 39.79185 18.0 0.013666 0.10168 4.0 0
0 0 1 0 50.566 50.70869 0.0 0.82483 0.0 3.0 0
0 1 0 0 50.35447767066693 44.52678267539525 24.651144857041167 0.09658699853529934 0.10095995499099822 3.9706941388277657 0
0 0 0 1 49.735 39.029893 15.0 0.030023 0.1038 2.0 0
0 0 0 1 48.40849999999999 46.676915 15.0 0.03035 0.19808749999999997 1.95 0
0 0 0 1 50.7695 42.249204999999996 22.0 0.0057461 0.02877 1.0 0
0 0 1 0 40.97 46.770765000000004 8.0 0.15795 0.01451 3.0 0
0 0 0 1 46.6195 47.112190000000005 9.0 0.11068 0.16171249999999998 3.5 0
0 1 0 0 58.379000000000005 59.7895 29.45 0.12309993895349503 0.0557885 2.75 0
0 0 0 1 48.78 47.56721499999999 13.0 0.042004 0.11494 1.9 0
0 0 0 1 50.224000000000004 40.580323500000006 22.0 0.0057837 0.0300775 1.85 0
0 0 0 1 55.7355 59.952465000000004 98.0 1.3874e-10 0.0 2.3 0
0 0 0 1 47.9585 39.483875 26.0 0.0020113 0.10733 1.0 0
0 0 1 0 48.8735 27.2581 0.0 0.92614 0.00257 3.0 0
0 0 0 1 48.783500000000004 49.11243 17.0 0.018268 0.070892 2.05 0
0 0 1 0 52.24399999999999 59.3488 11.0 0.065958 0.0 12.0 0
0 0 0 1 43.41 46.327335 21.0 0.0076373 0.113358 2.8 0
0 0 0 1 48.416 48.26727 16.0 0.02436 0.12314099999999997 2.55 0
0 0 1 0 46.7195 42.157565 16.35 0.02874447 0.03406 3.0 0
0 0 0 1 48.516999999999996 49.4761615 15.0 0.027424 0.087971 2.75 0
0 0 1 0 50.92 41.66193 17.8 0.09722495125 0.00254 4.0 0
0 0 0 1 53.330499999999994 53.563625 49.0 1.0778e-05 0.016318999999999997 1.7 0
1 0 0 0 58.15 58.732854999999994 19.6 0.042145647648700005 0.0842115 2.3 0
0 0 0 1 45.32449999999999 45.148044999999996 3.0 0.49542 0.094014 7.25 0
0 0 0 1 51.195 43.382540000000006 13.0 0.041049 0.130318 2.45 0
0 0 0 1 46.9915 42.38492000000001 14.0 0.038659 0.1534375 2.65 0
0 0 0 1 43.54 48.61306 21.0 0.0067023 0.04922799999999999 2.85 0
0 0 0 1 49.61399999999999 48.122065 26.0 0.0022085 0.113903 1.95 0
0 0 0 1 51.0535 42.396240999999996 11.0 0.069922 0.19856 2.0 0
0 0 0 1 42.42 46.594925 28.0 0.0012984 0.0820135 2.25 0
0 0 0 1 49.400999999999996 36.969015 6.0 0.20824 0.1610635 6.15 0
0 0 0 1 53.803999999999995 51.714470000000006 64.0 3.4012e-07 1e-05 2.85 0
0 0 0 1 40.429500000000004 59.795015 255.0 1.4164e-31 0.0 1.95 0
0 0 0 1 45.540000000000006 42.403999999999996 14.0 0.03241 0.02983 1.0 0
1 1 1 1 60.0 60.0 22.0 0.0057452 0.00464 1.0 1
0 0 0 1 43.93599999999999 39.831540000000004 3.0 0.45614 0.11237600000000003 5.4 0
0 0 0 1 50.66550000000001 48.19569500000001 12.0 0.054634 0.2066 1.0 0
0 0 0 1 47.7255 44.683871499999995 10.0 0.093588 0.12488 5.0 0
0 0 0 1 44.438500000000005 44.99182499999999 5.0 0.31048 0.29601 1.0 0
0 0 0 1 45.36 47.961535000000005 17.0 0.017834 0.099938 3.95 0
1 0 0 0 60.0 59.99189 98.0 0.016234179471986653 4.2000000000000004e-05 1.85 0
1 0 1 1 46.17 48.009114999999994 38.0 0.00013591 0.00035 4.0 0
0 0 0 1 50.2735 60.0 25.0 0.002572 0.17502 1.0 0
0 1 0 0 50.35447767066693 44.52678267539525 24.651144857041167 0.09658699853529934 0.10095995499099822 3.9706941388277657 0
0 1 0 0 46.829 55.1667 18.45 0.23505953785999995 1e-05 2.0 0
0 0 1 0 49.0445 49.35878 14.0 0.033138 0.0 14.0 0
0 0 1 0 46.254 56.401025000000004 5.9 0.6651451235279999 0.0 7.0 0
0 0 1 0 49.50599999999999 59.5102 8.0 0.14589 0.0 5.0 0
0 1 0 1 50.847 46.68192499999999 30.0 0.00082411 0.0011 1.0 0
1 0 0 0 39.26 31.30251 17.85 0.04920765907000001 0.052992 2.0 0
0 0 0 1 49.406 49.87785 20.0 0.008497 0.04849 2.8 0
0 0 0 1 47.1 47.6532555 19.0 0.010708 0.074072 1.8 0
0 0 1 0 48.0045 59.1304 30.1 0.40257564011588676 0.0 1.0 0
0 0 0 1 48.564 44.405964999999995 14.0 0.032784 0.17668450000000002 1.95 0
0 0 0 1 50.148500000000006 39.632720000000006 18.0 0.01383 0.111103 1.95 0
1 0 0 0 60.0 59.99189 98.0 0.016234179471986653 4.2000000000000004e-05 1.85 0
1 0 0 0 60.0 59.99189 98.0 0.016234179471986653 4.2000000000000004e-05 1.85 0
0 0 0 1 45.8395 47.04228 13.0 0.046254 0.1091105 2.55 0
1 0 0 0 57.17 58.888305 18.35 0.06373818 0.07455549999999998 2.45 0
1 0 0 1 51.46 44.505399999999995 13.0 0.044226 0.18530349999999998 2.8 0
0 1 0 1 49.84349999999999 57.339 16.0 0.022815 0.02332 1.0 0
1 0 0 0 55.83 57.174855 19.9 0.028965342750000005 0.03920849999999999 2.4 0
1 0 0 0 35.4 28.015585000000005 17.9 0.07737476408500002 0.08059949999999998 1.7 0
0 0 0 1 47.1495 46.531185 23.0 0.004673 0.025729000000000002 2.25 0
0 1 0 1 50.525999999999996 51.4286 15.0 0.025369 0.0197 1.0 0
1 0 0 0 60.0 59.99189 98.0 0.016234179471986653 4.2000000000000004e-05 1.85 0
0 0 0 1 44.4945 44.579840000000004 14.0 0.032539 0.10335399999999999 2.6 0
0 0 0 1 47.797 48.98232 17.0 0.01802 0.06757749999999998 2.45 0
0 1 0 0 35.6625 7.0 14.9 0.154907184 0.735332 2.05 0
0 0 1 0 48.7525 39.792375 25.4 0.0626244304 0.00074 2.0 0
0 0 0 1 47.422999999999995 46.890918 4.0 0.34286 0.184862 5.4 0
0 0 1 0 46.254 56.401025000000004 5.9 0.6651451235279999 0.0 7.0 0
0 0 0 1 47.7425 50.04821 29.0 0.0011055 0.05229199999999999 2.4 0
0 0 0 1 54.04 53.5882 19.0 0.011627 0.0565 1.0 0
0 0 0 1 45.0775 44.26835799999999 16.0 0.023735 0.57143 3.0 0
0 1 0 0 49.777 18.3333 15.0 0.02657 0.01902 1.0 0
0 0 0 1 50.58 39.69923000000001 18.0 0.01369 0.1409575 1.85 0
0 0 0 1 49.1535 49.15729 38.0 0.00013232 0.03589250000000001 2.5 0
0 0 0 1 46.4485 44.776898 4.0 0.3245 0.120936 4.3 0
0 0 0 1 47.977 59.9138 16.0 0.021106 0.51524 2.0 0
0 0 0 1 47.027499999999996 47.89512499999999 10.0 0.087669 0.0570045 3.75 0
1 0 0 0 54.37 54.025225 18.55 0.026271001999999998 0.059936 2.15 0
0 1 0 0 34.962500000000006 23.1814 17.35 0.1008274275 0.11941500000000001 3.25 0
0 1 0 1 47.6745 42.298185000000004 18.0 0.015036 0.00305 3.0 0
0 0 1 0 52.224000000000004 60.0 0.0 1.0 0.0 2.0 0
0 0 0 1 48.4685 45.460300000000004 23.0 0.0046022 0.047215999999999994 1.95 0
0 0 0 1 49.153499999999994 49.15729 38.0 0.00013199 0.03589250000000001 2.5 0
0 0 0 1 56.93 43.940055 17.0 0.017132 0.06979 4.0 0
0 0 0 1 46.384 43.537955 14.0 0.033523 0.159408 1.9 0
0 0 0 1 59.977999999999994 57.548465 124.0 3.537e-13 0.00025 1.65 0
0 0 0 1 45.12799999999999 40.05806 7.0 0.1714 0.15481550000000005 5.7 0
0 0 1 0 46.66199999999999 35.50839 19.15 0.027267926999999997 0.01154 1.0 0
0 1 0 0 53.07 48.96308 5.0 0.273 0.09918 3.0 0
0 0 0 1 45.1035 33.88976649999999 7.0 0.18315 0.141131 5.9 0
0 0 0 1 52.5 49.69625 53.0 4.2472e-06 0.025158000000000003 3.4 0
0 0 1 0 43.9635 44.493655 9.0 0.11822 0.00912 1.0 0
0 0 1 0 57.7325 51.922645 3.7 0.5274955 0.00014 16.0 0
0 0 0 1 48.779999999999994 45.934715000000004 13.0 0.041888 0.10223750000000001 1.95 0
0 0 0 1 50.08149999999999 51.584105 34.0 0.00036943 0.034609999999999995 2.55 0
0 1 0 1 50.37199999999999 52.4682 14.0 0.036716 0.0161 3.0 0
0 0 0 1 48.63699999999999 49.614125 16.0 0.024671 0.10667149999999999 2.75 0
0 0 0 1 46.081 38.32601050000001 5.0 0.28 0.12677100000000002 2.7 0
0 0 0 1 45.4165 38.730019999999996 9.0 0.12121 0.118802 4.05 0
0 0 1 0 48.495000000000005 49.52786 16.9 0.0946792236 0.01338 3.0 0
0 0 0 1 49.201 42.5337 20.0 0.0084567 0.00514 2.0 0
1 0 0 0 58.36 58.745870000000004 25.8 0.04852181000369539 0.10202800000000001 3.0 0
0 0 0 1 51.343500000000006 43.909440000000004 13.0 0.04153 0.2531 3.0 0
0 0 1 0 47.52300000000001 48.517335 4.0 0.37085 0.0 2.0 0
0 0 1 0 57.760000000000005 53.102999999999994 4.4 0.598075439 0.0 13.0 0
0 0 0 1 49.1865 49.79318500000001 20.0 0.0085106 0.04848999999999999 2.8 0
0 0 0 1 47.9465 28.39905000000001 2.0 0.59669 0.24211 2.0 0
0 0 0 1 46.7475 36.913 20.0 0.0096403 0.159355 2.0 0
0 0 1 0 44.8175 47.35983 4.0 0.39501 0.07558 3.0 0
0 0 0 1 50.3695 46.59591999999999 12.0 0.056739 0.1045545 3.8 0
1 1 1 0 60.0 60.0 90.0 9.7567e-10 0.0 2.0 1
0 0 0 1 50.083000000000006 40.609179999999995 13.0 0.044597 0.13697199999999998 1.95 0
0 1 0 0 48.276500000000006 36.3662 15.55 0.09024288500000001 0.02951 1.0 0
0 0 0 1 46.874 45.774255000000004 21.0 0.006603 0.049118499999999995 2.3 0
1 0 0 0 53.47 52.13408499999999 17.6 0.0746848172 0.047355999999999995 1.7 0
0 0 1 0 50.15400000000001 50.70869 2.0 0.59815 0.0 3.0 0
0 0 0 1 45.14149999999999 46.21020499999999 13.0 0.043414 0.18071950000000003 3.25 0
0 0 0 1 46.768499999999996 46.423170000000006 4.0 0.35948 0.2818825 4.2 0
0 0 1 0 47.492999999999995 38.591435000000004 9.0 0.10886 0.17489 1.0 0
1 0 0 0 58.65 59.10594 14.65 0.11691789500000001 0.10673300000000001 3.4 0
0 0 0 1 48.146 42.38492 14.0 0.038648 0.1534375 2.65 0
0 0 0 1 50.4845 48.450199999999995 8.0 0.13333 0.19857 10.0 0
0 0 0 1 50.148500000000006 39.63272 18.0 0.013813 0.08340250000000002 1.95 0
1 0 0 0 59.21 58.975159999999995 38.9 0.1228249006891898 0.0946835 3.1 0
0 0 0 1 49.266 44.794455 26.0 0.0024204 0.11321600000000002 2.75 0
1 0 0 0 60.0 59.99189 98.0 0.016234179471986653 4.2000000000000004e-05 1.85 0
1 0 0 0 60.0 59.99189 98.0 0.016234179471986653 4.2000000000000004e-05 1.85 0
0 0 0 1 47.195499999999996 19.8302 20.0 0.0096286 0.2253 2.0 0
0 0 1 0 46.930499999999995 37.970142 4.0 0.35715 0.33957 1.0 0
1 0 0 0 48.66 44.5317 18.35 0.0715886695 0.0600865 1.85 0
0 0 0 1 40.97 28.928649999999998 255.0 0.0 0.0894475 1.9 0
0 1 0 0 56.1305 58.0984 9.55 0.1983335 0.00139 22.0 0
0 0 0 1 56.763 58.60997 184.0 3.401e-19 0.0 1.9 0
0 0 0 1 57.864 58.78884000000001 159.0 1.0592e-16 0.0 1.65 0
0 0 0 1 47.183499999999995 43.8615145 36.0 0.00024578 0.076805 1.85 0
0 0 1 0 45.7665 30.459252499999998 2.0 0.52812 0.19458 1.0 0
0 0 0 1 51.65249999999999 52.662065000000005 15.0 0.028267 0.14739050000000004 2.45 0
0 0 0 1 49.89450000000001 59.694 32.0 0.00055876 0.54758 4.0 0
0 0 0 1 47.2415 50.45355 42.0 6.2715e-05 0.033758500000000004 3.45 0
0 0 1 1 42.93 47.46954 24.0 0.0033338 0.00334 2.0 0
0 0 0 1 52.4 48.9554665 32.0 0.00056472 0.06455849999999999 2.55 0
0 0 1 0 43.75950000000001 25.4 2.0 0.51117 0.69231 1.0 0
0 0 1 0 49.275 41.797065 20.9 0.0871409987 0.00664 2.0 0
0 0 0 1 45.460499999999996 38.40718149999999 7.0 0.18665 0.14903650000000002 3.4 0
0 0 0 1 56.327 56.147164999999994 86.0 2.4159e-09 0.0008414999999999999 1.85 0
1 0 0 0 60.0 59.99189 98.0 0.016234179471986653 4.2000000000000004e-05 1.85 0
0 0 0 1 56.763 59.795015 193.0 4.2399e-20 0.0 1.9 0
0 0 0 1 54.21 45.743405 14.0 0.032743 0.207428 1.8 0
0 0 0 1 48.02900000000001 50.531819999999996 39.0 0.00012399 0.052817499999999996 2.1 0
0 0 0 1 49.4945 45.1838805 15.0 0.025322 0.097117 1.55 0
0 0 0 1 48.7185 46.659515 31.0 0.00065796 0.039011 1.95 0
0 0 1 0 50.417500000000004 47.35059 1.0 0.68182 0.00573 4.0 0
0 0 0 1 48.340999999999994 36.5909 17.0 0.019389 0.08451 1.0 0
1 0 0 0 60.0 59.99189 98.0 0.016234179471986653 4.2000000000000004e-05 1.85 0
0 0 0 1 40.429500000000004 59.795015 251.0 6.5604e-26 0.0 1.95 0
0 0 0 1 49.2375 42.242617 18.0 0.012598 0.134853 2.2 0
0 0 1 0 47.72599999999999 40.301435 16.3 0.04994753149999999 0.06806 2.0 0
1 0 0 0 56.36 44.279295 0.0 0.95502 0.05918 2.0 0
0 0 0 1 45.964499999999994 43.876504999999995 25.0 0.0028364 0.064464 1.95 0
1 0 0 0 60.0 59.99189 98.0 0.016234179471986653 4.2000000000000004e-05 1.85 0
0 0 1 0 47.407000000000004 29.0323 0.0 0.96722 0.0 2.0 0
0 0 0 1 51.53850000000001 49.066534999999995 13.0 0.041419 0.00434 2.0 0
1 1 1 0 60.0 60.0 101.0 6.3717e-11 0.0 2.0 1
0 0 1 0 55.61550000000001 44.018899499999996 10.95 0.5074877090107901 0.00013 9.0 0
1 0 0 0 42.34 31.10908 31.2 0.020588073499999995 0.089209 2.35 0
0 0 1 0 49.402 48.02439500000001 7.0 0.18038 0.0 1.0 0
0 0 1 0 50.804 40.257415 16.9 0.10295522699999997 0.004 3.0 0
0 0 0 1 40.429500000000004 59.795015 255.0 1.17769e-40 0.0 1.95 0
0 0 1 0 46.829 52.8571 23.4 0.20064613660015002 2e-05 2.0 0
0 0 1 0 49.563 53.6429 15.25 0.09175157049999999 0.02214 4.0 0
0 0 1 0 49.709 38.45142499999999 21.65 0.11042056350001013 0.00484 2.0 0
0 0 0 1 60.025999999999996 59.995835 109.0 1.1292e-11 0.0 2.25 0
0 0 0 1 47.1885 45.94335 31.0 0.00073532 0.025684999999999996 1.8 0
0 0 0 1 56.763 59.795015 201.0 6.839299999999999e-21 0.0 1.9 0
0 0 0 1 48.690000000000005 47.734116499999985 15.0 0.027752 0.0713095 3.25 0
0 0 1 0 43.326 41.6019 4.0 0.3223 0.0091 1.0 0
0 0 0 1 45.964000000000006 37.825745 9.0 0.11527 0.193339 3.55 0
0 0 1 0 47.2135 49.09482 17.1 0.055473073500000004 0.01312 2.0 0
0 0 1 1 48.777499999999996 48.898605 22.0 0.0059947 0.0 2.0 0
0 0 1 0 41.84 40.856275000000004 18.75 0.08893386965000001 0.00896 2.0 0
1 0 0 0 38.05 28.750327499999997 22.75 0.085195641829 0.13718850000000002 2.35 0
0 0 0 1 43.79 38.26833 13.0 0.046575 0.02759 3.0 0
1 0 0 0 47.87 40.147545 17.75 0.11430137550000001 0.0662635 1.65 0
0 0 0 1 47.832 48.987784999999995 17.0 0.017989 0.05938699999999998 2.7 0
0 0 1 0 50.773999999999994 49.2727 14.1 0.09719037999999999 0.04025 5.0 0
0 0 1 0 57.59100000000001 55.368835000000004 11.8 0.20982755815000004 0.07607 11.0 0
0 0 1 0 58.411 54.88215 54.4 0.07921545788794804 1e-05 2.0 0
0 0 0 1 47.48949999999999 39.482490000000006 8.0 0.12945 0.39383 0.0 0
0 0 0 1 45.239000000000004 41.935500000000005 5.0 0.28537 0.13533650000000003 5.55 0
0 0 1 0 59.947500000000005 58.182465 81.15 0.05852936627391324 0.0 1.0 0
0 0 1 0 57.7325 47.120895 7.1 0.30368318000000005 0.0 25.0 0
0 0 1 0 57.56 54.17863 3.7 0.5274955000000001 0.0 16.0 0
0 0 0 1 49.401 36.969015 6.0 0.20168 0.071042 4.8 0
0 1 0 0 50.35447767066693 44.52678267539525 24.651144857041167 0.09658699853529934 0.10095995499099822 3.9706941388277657 0
0 0 0 1 46.5915 45.261655000000005 35.0 0.00025449 0.029213 2.6 0
0 1 1 0 48.889500000000005 58.9435 86.0 2.1213e-09 0.0 1.0 0
0 0 0 1 42.585 39.907554999999995 3.0 0.44156 0.17614849999999999 2.2 0
0 0 0 1 46.295500000000004 41.49228000000001 6.0 0.24404 0.16897299999999998 3.35 0
0 0 0 1 49.378 39.308882000000004 18.0 0.012875 0.22464 3.0 0
0 0 0 1 45.964 41.128834999999995 9.0 0.11429 0.1487945 3.1 0
1 0 0 0 43.41 33.38382500000001 23.65 0.06049060725500001 0.08627199999999999 1.75 0
0 0 0 1 45.3245 41.96834499999999 3.0 0.48003 0.1597035 5.3 0
0 0 0 1 49.494499999999995 47.17393500000001 15.0 0.025657 0.08944349999999998 2.05 0
0 0 0 1 45.71 42.739050000000006 15.0 0.029824 0.21638249999999998 2.3 0
0 0 1 0 48.0715 46.611385 19.9 0.03700410328499999 0.0179 1.0 0
0 0 0 1 44.593 44.65961 5.0 0.3082 0.10952500000000003 4.4 0
0 0 0 1 50.843500000000006 45.149105000000006 14.0 0.034955 0.1638085 2.95 0
0 0 1 0 50.084500000000006 54.7419 0.0 0.82765 0.0 20.0 0
1 0 0 0 51.03 49.062945 24.45 0.021876352105000003 0.026464499999999995 1.95 0
1 0 0 0 49.32 43.44758 28.0 0.03430994175 0.06776399999999999 1.65 0
0 0 0 1 49.2375 42.242617 18.0 0.012748 0.07696549999999999 2.5 0
1 0 0 0 60.0 59.99189 98.0 0.016234179471986653 4.2000000000000004e-05 1.85 1
1 0 1 0 56.64 41.9086 16.7 0.139658483 0.002 1.0 0
0 0 0 1 45.813500000000005 47.52200500000001 25.0 0.0028516 0.18311 1.0 0
0 0 0 1 45.9745 45.411415 25.0 0.0026927 0.05244599999999999 2.15 0
0 0 0 1 50.668 47.67469 21.0 0.007306 0.02613 2.0 0
0 0 0 1 48.2 45.66098 22.0 0.0058906 0.087285 1.95 0
0 0 1 0 49.191500000000005 44.62757 24.0 0.0032344 0.0 4.0 0
0 0 0 1 48.4895 47.269940000000005 33.0 0.00044773 0.0323045 2.0 0
0 0 1 0 48.70249999999999 41.30453000000001 17.05 0.03935278500000001 0.01863 2.0 0
0 0 0 1 46.1315 47.39403 11.0 0.076084 0.0940255 5.1 0
0 0 0 1 44.593 44.65961 5.0 0.31264 0.10729649999999999 3.4 0
1 0 0 0 58.49 58.922025000000005 13.35 0.142788765 0.1286475 3.65 0
0 1 0 1 49.05199999999999 48.048305 53.0 4.8222e-06 0.0 1.0 0
1 0 0 0 34.1 22.1 6.0 0.25071 0.04569 1.0 0
0 0 1 0 43.619 11.0 13.15 0.111756137 0.11111 2.0 0
0 0 1 0 51.590999999999994 46.057705 11.0 0.068747 0.02752 4.0 0
0 0 0 1 40.429500000000004 59.795015 255.0 3.2604e-30 0.0 1.95 0
0 0 1 0 49.156 45.220240000000004 15.35 0.05355434499999999 0.01601 6.0 0
0 0 0 1 48.559000000000005 59.9896 26.0 0.0022737 0.23714 1.0 0
1 1 0 0 54.2 53.9798 14.9 0.07514942999999999 0.076176 5.8 0
0 0 0 1 53.7885 52.25962 49.0 1.2355e-05 0.004075 1.7 0
0 1 0 0 43.58800000000001 32.05 5.0 0.30149 0.02577 2.0 0
1 0 0 0 58.87 59.052009999999996 17.5 0.10981355533379 0.11880799999999998 2.4 0
1 1 1 0 60.0 60.0 104.0 3.6278e-11 0.0 3.0 1
0 0 0 1 50.241 44.370771000000005 14.0 0.03728 0.19336 2.0 0
0 0 1 0 46.817 44.0978 8.0 0.15147 0.01054 2.0 0
0 0 0 1 44.57 48.811965 29.0 0.0010043 0.053059999999999996 2.1 0
0 0 0 1 50.3565 50.21257 17.0 0.01845 0.0958775 1.95 0
1 0 0 0 52.69 47.799015000000004 17.8 0.07586238349999999 0.0349175 2.05 0
0 0 1 0 48.262499999999996 49.235575000000004 5.0 0.30247 0.01911 3.0 0
0 0 1 0 48.7625 48.9211 0.0 0.98803 0.0 3.0 0
0 0 1 0 25.81 44.09942500000001 20.1 0.12314839600000063 0.14736 4.0 0
1 0 0 0 60.33 46.28312150000001 10.0 0.094875 0.05224 3.0 0
0 0 1 0 47.559000000000005 43.98807000000001 20.55 0.029657068749999998 0.00393 2.0 0
0 0 0 1 50.549499999999995 39.2321765 15.0 0.029668 0.40339 2.0 0
0 0 1 0 48.7025 40.189280000000004 17.9 0.08518512850000001 0.01351 1.0 0
0 0 0 1 56.334 56.185285 89.0 1.1777e-09 9.8e-05 1.6 0
0 0 0 1 45.572 55.6324 32.0 0.00062494 0.46802 1.0 0
0 0 0 1 47.094500000000004 47.138715000000005 23.0 0.004752 0.0331485 2.65 0
0 0 1 0 48.995 41.268325 19.45 0.0885216027 0.00643 2.0 0
1 0 0 0 59.04 59.13624000000001 17.8 0.13892224365378997 0.08706850000000001 2.05 0
0 0 0 1 49.2225 49.614125 16.0 0.024502 0.086006 2.45 0
1 0 0 0 57.63 58.831925 18.95 0.0679197950009237 0.067301 1.6 0
0 1 0 1 48.643499999999996 49.605 21.0 0.0075514 0.00585 2.0 0
0 0 0 1 38.21 31.2972 16.0 0.022252 0.01286 2.0 0
0 0 1 0 49.85850000000001 50.70869 0.0 0.9037 0.0 3.0 0
0 1 0 0 48.1185 57.52 11.55 0.3763797174 0.02583 7.0 0
1 0 0 0 60.0 59.99189 98.0 0.016234179471986653 4.2000000000000004e-05 1.85 0
0 1 0 0 50.35447767066693 44.52678267539525 24.651144857041167 0.09658699853529934 0.10095995499099822 3.9706941388277657 0
0 0 1 0 56.50750000000001 55.747569999999996 16.0 0.32074221730541996 0.0 5.0 0
1 1 1 0 60.0 60.0 131.0 6.9878e-14 0.0 1.0 1
0 0 1 0 57.7325 48.48648 8.6 0.254397035 0.0 22.0 0
1 0 0 0 60.0 59.99189 98.0 0.016234179471986653 4.2000000000000004e-05 1.85 0
0 0 0 1 50.31699999999999 46.502255 27.0 0.0017843 0.06872249999999999 2.1 0
0 0 1 1 50.128 44.002824999999994 17.0 0.018888 0.00626 3.0 0
0 1 0 1 50.485 41.166075 37.0 0.00019239 0.00769 3.0 0
1 0 0 0 57.52 34.68835 6.0 0.20629 0.1327205 5.4 0
0 0 0 1 45.6635 48.1455 28.0 0.001525 0.05137200000000001 2.05 0
0 0 0 1 45.794 38.81977 9.0 0.10922 0.0938 3.0 0
0 0 0 1 49.238499999999995 46.467304999999996 24.0 0.0037358 0.0885445 2.25 0
0 0 0 1 43.855 57.9919 17.0 0.017311 0.03322 4.0 0
1 0 0 0 53.84 52.326240000000006 21.0 0.040888276355 0.046683 2.2 0
0 1 0 0 51.611000000000004 49.7963 14.45 0.16081538992600003 0.00261 28.0 0
0 0 0 1 50.278 42.9443415 15.0 0.02688 0.28571 1.0 0
0 0 0 1 49.401 36.969015 6.0 0.2 0.07104200000000001 4.8 0
0 0 1 0 45.73549999999999 39.942855 17.95 0.12303740964999998 0.00895 2.0 0
0 0 0 1 48.969999999999985 45.754055 15.0 0.030928 0.0859685 2.15 0
0 0 0 1 49.4335 43.565035 11.0 0.072018 0.5172 4.0 0
0 0 0 1 51.373000000000005 50.3876115 32.0 0.00056809 0.06365849999999999 2.5 0
0 0 0 1 48.693 39.402879999999996 16.0 0.023106 0.0314425 2.45 0
0 0 1 0 51.66 44.82617 22.3 0.03497509905000001 0.00248 2.0 0
0 0 0 1 57.586 58.70408 138.0 1.5147e-14 0.0 1.9 0
0 1 0 0 46.170500000000004 39.18373999999999 14.5 0.13785695200000003 0.0753 2.0 0
1 0 0 0 56.71 58.57633499999999 21.95 0.024496790215000005 0.07710950000000001 1.75 0
0 0 0 1 45.460499999999996 38.4789215 7.0 0.19908 0.20124499999999998 3.8 0
0 0 1 0 56.50750000000001 47.04394 14.55 0.13194666875 0.00758 5.0 0
0 0 0 1 46.4485 44.776898 4.0 0.32308 0.13238100000000003 5.05 0
0 0 0 1 48.457 36.5794 19.0 0.012356 0.01418 2.0 0
0 1 0 0 34.465999999999994 22.3889 13.05 0.1765588125 0.10188350000000002 2.9 0
1 0 0 0 57.9 58.225019999999994 20.65 0.029965855000135704 0.0446235 3.0 0
0 0 0 1 51.5 46.34027 24.0 0.0032094 0.0784875 2.15 0
0 0 0 1 43.7655 40.137750000000004 3.0 0.40966 0.10244849999999998 6.3 0
0 0 1 0 46.855500000000006 48.517335 2.0 0.51626 0.0 2.0 0
0 0 1 0 56.50750000000001 49.81784 17.75 0.17040723154999998 0.00296 5.0 0
1 1 0 0 52.98 47.6807 17.3 0.06743658500000001 0.0297 1.0 0
0 0 0 1 43.898500000000006 44.579840000000004 14.0 0.031933 0.11477650000000002 2.4 0
0 0 0 1 46.708000000000006 44.390730000000005 14.0 0.032629 0.1568265 1.9 0
0 0 0 1 46.12050000000001 47.82827 11.0 0.074052 0.13375499999999999 4.25 0
0 0 0 1 53.78 46.951755000000006 31.0 0.00077608 0.060708 1.95 0
0 0 0 1 49.8795 49.821335 26.0 0.0022518 0.14989349999999999 1.95 0
0 1 0 0 52.943000000000005 50.2727 17.25 0.13141111847600004 0.06092199999999999 5.95 0
0 1 0 1 47.967999999999996 44.005325000000006 18.0 0.014606 0.01302 2.0 0
1 1 1 1 60.0 60.0 24.0 0.0033906 0.00125 7.0 1
0 0 0 1 48.1 44.05406 15.0 0.031589 0.167372 3.05 0
0 0 1 0 44.646 37.062905 18.35 0.04747228065 0.00847 2.0 0
0 0 0 1 50.93 42.347719999999995 24.0 0.0036141 0.120416 3.3 0
0 0 0 1 48.56400000000001 44.405965 14.0 0.032843 0.15954100000000002 2.0 0
0 0 0 1 40.429500000000004 59.795015 255.0 2.0777e-36 0.0 1.95 0
1 0 0 0 50.06 44.65318 24.95 0.014102883921500001 0.068556 1.95 0
0 0 0 1 47.419999999999995 41.7878535 13.0 0.048651 0.1331625 3.2 0
0 0 0 1 47.27 47.545154999999994 13.0 0.042442 0.1730725 2.7 0
0 1 0 1 57.18 60.0 25.0 0.0029407 0.183889 4.25 0
0 1 0 0 50.35447767066693 44.52678267539525 24.651144857041167 0.09658699853529934 0.10095995499099822 3.9706941388277657 0
0 0 0 1 45.8395 48.94029999999999 13.0 0.046286 0.09998199999999999 2.6 0
0 0 1 0 48.647499999999994 44.40981 20.95 0.02742808345000001 0.00382 2.0 0
1 0 0 0 60.0 59.99189 98.0 0.016234179471986653 4.2000000000000004e-05 1.85 0
0 0 1 0 49.328500000000005 53.68411 10.85 0.310939571 0.00313 8.0 0
0 1 1 1 48.834 26.8879 30.0 0.00091885 0.0 2.0 0
0 0 0 1 55.19 46.2769 13.0 0.042867 0.04722 1.0 0
0 0 0 1 48.665 48.836875000000006 15.0 0.026411 0.144788 2.8 0
0 1 0 0 40.719500000000004 24.0 0.0 1.0 1.0 1.0 0
0 0 0 1 46.891 39.80378499999999 18.0 0.014979 0.41147 2.0 0
0 0 0 1 49.5455 41.592141500000004 15.0 0.028948 0.02234 1.0 0
0 0 0 1 43.765499999999996 34.31001500000001 3.0 0.43137 0.205328 3.4 0
0 0 0 1 58.534000000000006 60.0 42.0 5.9656e-05 0.16103150000000002 4.25 0
0 0 0 1 50.31699999999999 48.26901 27.0 0.0015999 0.043785000000000004 1.75 0
0 0 0 1 46.732 42.263045 20.0 0.0098164 0.0651625 2.5 0
0 0 1 0 45.3275 28.859550000000002 1.0 0.71398 0.61905 1.0 0
0 0 0 1 55.949 56.12874000000001 75.0 2.7732e-08 0.00026750000000000005 1.55 0
1 0 0 0 41.5 44.859575 4.0 0.3588 0.04191 2.0 0
0 0 1 0 51.9415 60.0 1.0 0.64248 0.0 6.0 0
0 1 0 0 44.572500000000005 53.6212 15.3 0.33312164575000003 0.00032 3.0 0
1 0 0 0 59.44 59.222719999999995 50.15 0.06668375856890643 0.07391400000000001 4.1 0
0 0 0 1 46.400000000000006 45.456925 13.0 0.04714 0.1404105 2.95 0
0 0 0 1 45.2845 36.8651565 7.0 0.18462 0.16384250000000003 3.55 0
0 0 0 1 42.540499999999994 8.15789 36.0 0.00021889 0.36515 2.0 0
0 0 0 1 54.028 57.62235999999999 68.0 1.5098e-07 0.024768500000000002 2.55 0
0 0 0 1 49.882000000000005 43.612455000000004 30.0 0.00090918 0.0393965 2.0 0
0 0 1 0 43.977 7.44444 4.0 0.39753 0.22222 1.0 0
0 0 0 1 43.766000000000005 36.8022 34.0 0.00033962 0.00127 8.0 0
0 0 0 1 50.31699999999999 48.26901000000001 27.0 0.0016553 0.0477105 1.9 0
0 0 0 1 48.232000000000006 50.73579500000001 17.0 0.018184 0.052902500000000005 2.1 0
1 0 0 1 46.55 35.639651 29.0 0.0012216 0.09195 2.0 0
0 0 0 1 28.94 42.4688285 13.0 0.049109 0.16678500000000002 1.6 0
0 0 1 0 43.46900000000001 39.4781 15.55 0.042701075 0.15426 1.0 0
0 0 0 1 47.807 45.36334 11.0 0.072331 0.09294500000000001 3.65 0
0 0 0 1 48.059999999999995 42.886489999999995 21.0 0.0068408 0.05082 1.0 0
0 0 0 1 46.309999999999995 41.8467135 13.0 0.049154 0.17243999999999998 1.55 0
0 1 1 1 58.02 59.5111 39.0 0.00012215 4e-05 1.0 0
0 0 0 1 48.51349999999999 43.394516499999995 15.0 0.031344 0.0361 3.0 0
0 0 0 1 51.68649999999999 48.151325 15.0 0.028456 0.130256 2.55 0
0 0 0 1 49.274499999999996 44.85242000000001 21.0 0.007271 0.11137250000000001 2.15 0
0 0 0 1 48.4895 47.087345000000006 33.0 0.00044998 0.0323045 2.0 0
0 0 0 1 44.86450000000001 33.934380499999996 5.0 0.27368 0.152113 4.65 0
0 0 1 0 47.726 37.145432500000005 1.0 0.7759 0.0 24.0 0
0 0 1 0 49.495999999999995 41.80399499999999 19.1 0.117413674 0.00223 1.0 0
0 0 0 1 46.7935 41.48607349999999 13.0 0.048733 0.15595849999999997 2.8 0
0 1 0 0 35.6625 0.0 4.05 0.6211383300000001 0.9 1.8 0
0 0 1 0 43.921499999999995 44.240815 13.0 0.11545600999999998 0.07563 1.0 0
0 0 0 1 49.4945 45.1838805 15.0 0.025189 0.15134150000000002 1.55 0
0 0 0 1 40.429500000000004 59.795015 255.0 0.0 0.0 1.95 0
0 0 0 1 49.873000000000005 48.83781 40.0 8.1544e-05 0.0244635 2.85 0
0 0 0 1 58.54350000000001 60.0 16.0 0.020976 0.0891015 3.85 0
0 0 0 1 53.1845 46.843205 20.0 0.008662 0.05335249999999999 2.25 0
0 0 0 1 50.08149999999999 51.584105 34.0 0.00036197 0.034951499999999996 2.75 0
0 0 0 1 40.429500000000004 59.795015 255.0 0.0 0.0 1.95 0
0 0 0 1 48.279 44.478915 18.0 0.015626 0.0689935 1.5 0
0 0 1 0 45.02 45.72809500000001 16.95 0.08698705466 0.01035 2.0 0
0 0 0 1 49.55149999999999 46.500834999999995 22.0 0.0060598 0.09138750000000001 2.15 0
0 1 0 1 51.82 45.9375 17.0 0.016217 0.00513 3.0 0
1 0 0 0 60.0 59.99189 98.0 0.016234179471986653 4.2000000000000004e-05 1.85 0
0 0 1 0 55.5875 60.0 0.0 1.0 0.0 8.0 0
0 0 0 1 48.155 41.25634 7.0 0.16911 0.29721 5.0 0
1 0 0 0 60.0 59.99189 98.0 0.016234179471986653 4.2000000000000004e-05 1.85 0
0 0 1 0 55.61550000000001 44.3008545 19.0 0.46303731794529013 0.00061 9.0 0
0 0 0 1 48.7185 46.659515 31.0 0.00065635 0.039011 1.95 0
0 0 0 1 49.05399999999999 41.926855 33.0 0.00042434 0.0331955 2.0 0
0 0 0 1 46.9855 43.708615 16.0 0.023906 0.15125649999999996 3.9 0
0 0 1 1 50.8035 42.5888345 8.0 0.15614 0.0 9.0 0
0 1 1 1 45.59 47.8978 7.0 0.16281 0.05239 2.0 0
1 0 0 0 49.18 43.292245 20.7 0.06283364859065001 0.07507849999999999 2.2 0
0 0 1 1 47.152499999999996 41.13668249999999 16.0 0.02105 0.08006 2.0 0
0 0 0 1 46.498000000000005 40.1399135 13.0 0.048815 0.167274 2.05 0
0 0 0 1 51.195 43.382540000000006 13.0 0.041061 0.105056 2.4 0
0 0 0 1 38.85 39.825109999999995 13.0 0.045772 0.14395 1.0 0
0 0 0 1 45.625499999999995 42.97256 5.0 0.28855 0.1142115 5.4 0
0 0 0 1 57.096500000000006 54.341085 83.0 4.2516e-09 0.001109 1.7 0
0 0 0 1 51.78099999999999 46.940340000000006 20.0 0.0087545 0.07455799999999999 2.7 0
0 0 1 0 57.7325 53.65029500000001 4.7 0.4899218 0.0 17.0 0
0 0 0 1 45.6 49.346819999999994 19.0 0.010291 0.10410000000000001 2.55 0
0 0 1 0 49.29 59.877 1.0 0.70669 0.00017 3.0 0
0 0 0 1 45.676500000000004 47.011918 16.0 0.023544 0.6987 2.0 0
0 0 1 0 57.56 55.250545 2.55 0.61980895 6e-05 15.0 0
0 0 0 1 52.5 49.573969999999996 53.0 4.427e-06 0.025163 3.05 0
0 0 1 0 47.394000000000005 45.267405000000004 18.95 0.0320514415 0.01689 2.0 0
0 0 0 1 49.799499999999995 45.86222 30.0 0.00082337 0.055774000000000004 2.25 0
0 0 0 1 49.858000000000004 51.58410499999999 34.0 0.00032502 0.016096500000000003 2.75 0
0 0 1 0 46.403000000000006 47.871244999999995 18.8 0.04659663 0.01415 2.0 0
0 0 0 1 40.429500000000004 59.795015 255.0 0.0 0.0 1.95 0
0 0 0 1 56.52 48.11826000000001 23.0 0.0045504 0.00628 2.0 0
1 0 0 0 60.0 59.99189 98.0 0.016234179471986653 4.2000000000000004e-05 1.85 0
0 0 0 1 45.3415 43.117549999999994 13.0 0.045845 0.35521 6.0 0
0 0 0 1 48.1585 33.4806 20.0 0.0098161 0.00463 2.0 0
0 0 0 1 47.8625 43.989864999999995 23.0 0.0050066 0.45796 3.0 0
0 0 0 1 52.584500000000006 44.05285500000001 23.0 0.0043539 0.1325055 2.2 0
0 0 0 1 49.1535 49.15729 38.0 0.00013626 0.0358925 2.5 0
0 0 1 0 46.682 34.3237325 2.0 0.6015 0.46371 3.0 0
1 0 0 0 48.46 43.938624999999995 20.85 0.05206438634793501 0.06127649999999999 1.85 0
0 1 0 0 57.38 57.8358 17.3 0.07131906860000001 0.0145 3.0 0
0 0 0 1 45.8535 45.131655 13.0 0.047341 0.1123035 2.6 0
0 0 0 1 58.543499999999995 60.0 15.0 0.028857 0.1391015 3.85 0
1 0 0 0 60.0 59.99189 98.0 0.016234179471986653 4.2000000000000004e-05 1.85 0
0 0 0 1 47.48649999999999 46.450715 19.0 0.012439 0.08429250000000002 2.25 0
0 0 0 1 51.104 49.614125 16.0 0.024763 0.1310415 2.65 0
0 0 0 1 56.763 58.60997 177.0 1.6333e-18 0.0 1.9 0
0 0 0 1 49.799499999999995 45.86222 30.0 0.00082357 0.055774000000000004 2.25 0
0 0 0 1 49.4835 48.364375 19.0 0.011829 0.184357 2.2 0
0 0 0 1 47.529999999999994 48.76845999999999 42.0 5.5514e-05 0.038407000000000004 2.95 0
0 0 0 1 47.0385 48.306084999999996 17.0 0.01615 0.09267800000000001 3.0 0
1 0 0 0 48.96 43.105255 20.3 0.05771947000310851 0.04139 2.2 0
1 0 0 0 40.45 48.496449999999996 15.65 0.08285338849999999 0.05352 1.0 0
0 0 0 1 40.429500000000004 59.795015 255.0 0.0 0.0 1.95 0
0 0 0 1 46.733000000000004 49.16623 19.0 0.010591 0.048943 1.8 0
0 0 1 0 52.3855 43.1622 4.6 0.5621396240000001 0.0 12.0 0
0 0 0 1 42.74 38.006605 46.0 2.1212e-05 0.045411 2.15 0
1 0 0 0 58.48 60.0 29.65 0.0280113060525 0.42108 1.0 0
0 0 1 0 48.0345 40.741685000000004 9.0 0.11739 0.00042 14.0 0
0 0 1 0 48.8895 49.6452 1.0 0.74014 0.0 1.0 0
0 0 0 1 46.295500000000004 41.49228000000001 6.0 0.2451 0.15719500000000003 3.15 0
0 0 0 1 49.154 45.065574999999995 17.0 0.018235 0.08694 1.0 0
1 0 0 0 49.8 43.581635 17.75 0.05179152060000001 0.0670535 1.8 0
0 0 0 1 49.091499999999996 49.663444999999996 15.0 0.025743 0.10116750000000001 2.05 0
0 0 0 1 48.751 48.719285 24.0 0.003225 0.08068499999999999 2.0 0
0 0 0 1 50.5205 43.7482 17.0 0.018917 0.0627 1.0 0
0 0 1 0 57.59100000000001 56.19512999999999 5.55 0.52163746 0.00041 11.0 0
0 0 0 1 57.1 43.007945 13.0 0.045921 0.12451849999999998 3.3 0
0 0 0 1 45.6635 48.1455 28.0 0.0015686 0.053280499999999995 2.05 0
0 0 0 1 49.57299999999999 41.81451 15.0 0.028882 0.091021 1.95 0
0 0 0 1 48.291999999999994 49.654081500000004 15.0 0.02741 0.087971 2.75 0
0 0 0 1 45.772 49.847539999999995 5.0 0.31264 0.22841 16.0 0
0 0 1 0 51.029 57.607115 3.7 0.52156275 0.0 6.0 0
0 0 0 1 47.491 47.13532 15.0 0.030414 0.19204499999999997 2.0 0
0 1 0 0 45.0 31.8248 19.2 0.0496590773 0.01008 1.0 0
0 0 0 1 46.5915 45.261655000000005 35.0 0.00025741 0.029213 2.6 0
0 0 0 1 56.29 47.72796999999999 17.0 0.019518 0.02483 4.0 0
0 0 0 1 47.927499999999995 43.153085 9.0 0.10553 0.06871050000000001 4.2 0
0 0 1 0 57.7325 46.61688 6.35 0.353542165 0.0 28.0 0
0 1 1 0 59.405499999999996 54.074625000000005 45.7 0.09876838038798472 1e-05 3.0 0
1 0 0 0 54.59 55.852019999999996 18.0 0.07968486735 0.047224999999999996 1.65 0
0 1 0 0 59.8845 60.0 51.4 0.13680397870097638 0.061791 2.85 0
0 0 0 1 51.052 49.802290000000006 14.0 0.037704 0.58788 1.0 0
0 0 0 1 51.41600000000001 45.125885000000004 23.0 0.004508 0.09126000000000001 2.0 0
0 0 0 1 48.3455 45.057390000000005 20.0 0.0091507 0.070103 2.25 0
0 0 0 1 46.4 45.456925 13.0 0.047148 0.1354045 2.75 0
0 0 0 1 45.0415 42.6057 13.0 0.04944 0.142158 1.7 0
0 0 1 0 49.237 55.1084 1.0 0.76928 0.0007 3.0 0
0 0 0 1 56.53 41.78824999999999 13.0 0.045047 0.09602 2.0 0
0 0 0 1 48.202 37.05593999999999 18.0 0.014692 0.0366975 2.0 0
0 0 0 1 46.544 48.319050000000004 11.0 0.079076 0.03252 2.0 0
0 0 0 1 46.448499999999996 44.776898 4.0 0.31746 0.25251950000000006 6.8 0
0 0 0 1 40.429500000000004 59.795015 255.0 1.4409e-27 0.0 1.95 0
0 0 0 1 57.34 44.09731000000001 18.0 0.013211 0.11963700000000002 3.05 0
0 0 0 1 51.213499999999996 46.860319999999994 23.0 0.0045312 0.09644899999999998 1.85 0
0 0 0 1 52.614 60.0 32.0 0.0005964 0.28869 2.0 0
1 0 0 0 50.98 48.76361 23.45 0.044468172105 0.0353735 2.0 0
0 0 1 0 57.7325 50.99003 9.0 0.3534949640285 0.0 18.0 0
0 0 0 1 44.852 43.937605000000005 14.0 0.039369 0.0797525 3.35 0
0 0 0 1 52.0635 40.654743499999995 22.0 0.0055965 0.149215 1.8 0
0 0 0 1 58.33050000000001 54.08497500000001 73.0 4.9274e-08 0.0002645 1.75 0
0 0 1 0 49.85850000000001 50.708690000000004 0.0 0.83642 0.0 3.0 0
0 0 1 0 49.963499999999996 48.02374 16.75 0.12151878149999998 0.005 4.0 0
0 0 0 1 46.2565 24.25 15.0 0.030825 0.04554 1.0 0
0 1 0 0 50.1065 36.624216000000004 10.65 0.20043736 1.0 5.0 0
0 0 0 1 49.269 45.823275 24.0 0.0036638 0.10239849999999999 3.1 0
0 0 0 1 49.054 41.926855 33.0 0.00040824 0.026631500000000002 2.0 0
0 0 0 1 50.19000000000001 47.939544999999995 13.0 0.040386 0.1685335 2.4 0
0 0 1 1 50.1455 41.376445 6.0 0.23077 3e-05 18.0 0
0 0 1 0 43.0355 8.77273 7.0 0.1863 0.01006 1.0 0
0 0 0 1 43.7655 40.137750000000004 3.0 0.4086 0.10107400000000002 5.6 0
1 0 0 0 53.64 52.320975 18.5 0.057120430199999996 0.047501499999999995 1.95 0
0 1 0 1 48.851 39.43267 10.0 0.09623 0.11573800000000004 3.95 0
0 0 0 1 54.45 46.013951500000005 15.0 0.030941 0.05762 3.0 0
0 0 0 1 50.3565 50.21257 17.0 0.018464 0.1004375 1.8 0
0 1 0 0 45.489000000000004 5.75 5.05 0.53243189 1.0 1.0 0
0 0 1 0 50.918 45.61315 15.4 0.09028963100000001 0.02549 4.0 0
1 1 1 0 60.0 60.0 133.0 4.3122e-14 0.0 3.0 1
0 0 0 1 47.6305 49.787319999999994 29.0 0.0011237 0.11451400000000003 2.2 0
0 0 1 0 58.302 52.8424 54.45 0.13475244650142015 0.0 2.0 0
0 0 0 1 45.9745 51.06358 25.0 0.0025172 0.09309049999999999 4.15 0
0 0 1 0 44.651 57.1263 4.0 0.37088 0.01755 1.0 0
0 0 0 1 48.1565 50.606649999999995 15.0 0.026156 0.159113 2.55 0
0 1 0 0 46.829 53.1695 19.0 0.536669420345 0.0 2.0 0
0 0 0 1 49.2 37.795519999999996 20.0 0.0091236 0.01936 1.0 0
0 0 0 1 48.6015 51.233129999999996 15.0 0.025853 0.098773 2.15 0
0 0 0 1 54.80250000000001 56.64077000000001 56.0 2.2767e-06 0.005773499999999999 2.05 0
0 0 0 1 43.06 46.16436 22.0 0.0060621 0.10955050000000002 2.15 0
0 0 1 0 42.24 42.90324 14.65 0.121939351 0.15137 4.0 0
0 0 0 1 47.371 43.708614999999995 16.0 0.023994 0.1275525 3.8 0
0 0 0 1 50.105000000000004 41.6476585 22.0 0.0058266 0.06506300000000001 1.85 0
0 0 0 1 49.835 59.4486 24.0 0.0035018 0.38174 2.0 0
0 0 0 1 47.2415 50.45355 42.0 6.3045e-05 0.033758500000000004 3.45 0
0 0 0 1 50.367999999999995 47.955020000000005 20.0 0.0080163 0.0866085 2.0 0
0 0 0 1 49.181999999999995 36.3787155 19.0 0.011088 0.060531 2.6 0
0 0 1 0 52.224000000000004 60.0 0.0 1.0 0.0 2.0 0
0 1 0 0 37.33 25.3103 16.2 0.21579467011500003 2e-05 2.0 0
1 1 1 1 60.0 60.0 23.0 0.0045968 0.00402 1.0 1
0 0 0 1 47.448 42.92539000000001 22.0 0.0050997 0.05145050000000001 2.2 0
0 0 0 1 40.13 35.773939999999996 54.0 3.4004e-06 0.084786 2.55 0
0 0 1 0 50.286500000000004 45.917955 0.0 0.93066 0.0007 1.0 0
1 0 0 0 47.0 45.54463500000001 14.6 0.061560199999999995 0.03325 1.0 0
1 0 0 0 59.79 59.615775000000006 74.8 0.0028503205991265053 0.010356 2.9 0
0 0 0 1 48.7525 21.39467 21.0 0.0068371 0.80952 1.0 0
0 0 1 0 46.77400000000001 47.54129999999999 16.6 0.048128875 0.02573 2.0 0
1 1 1 0 60.0 60.0 75.0 2.9205e-08 0.0 1.0 1
0 0 0 1 48.3455 45.057390000000005 20.0 0.0091504 0.070103 2.25 0
0 1 0 1 49.322500000000005 47.96205 40.0 9.8011e-05 0.024267499999999997 2.3 0
0 0 0 1 48.023999999999994 33.95323 20.0 0.0094915 0.114011 3.4 0
1 0 0 0 60.0 60.0 20.1 0.06975322169300001 0.05616 1.0 0
0 0 0 1 49.239 43.271583500000006 13.0 0.048359 0.1222905 3.25 0
0 0 1 0 57.641000000000005 52.727845 13.0 0.48482393000011614 0.0 12.0 0
0 1 0 0 46.254 56.401025000000004 5.9 0.6651451235279999 0.0 7.0 0
0 0 0 1 49.2665 45.033370000000005 22.0 0.0055139 0.18402 1.65 0
0 1 0 1 48.564499999999995 35.0769 33.0 0.00042195 0.0061 4.0 0
0 0 0 1 53.6245 53.838985 48.0 1.3878e-05 0.00451 1.75 0
0 0 0 1 49.847500000000004 44.070565 27.0 0.0018461 0.0317695 2.5 0
0 0 0 1 46.790499999999994 45.823135 31.0 0.00071437 0.0136 1.0 0
0 0 0 1 49.9615 45.5342415 15.0 0.027068 0.077534 1.85 0
0 0 0 1 46.42200000000001 49.31008 14.0 0.03193 0.08826 1.0 0
0 0 0 1 49.2375 42.242617 18.0 0.012651 0.134853 2.2 0
0 0 0 1 40.429500000000004 59.795015 255.0 0.0 0.0 1.95 0
0 0 0 1 51.96050000000001 45.75575 23.0 0.0044915 0.0783415 2.05 0
0 0 0 1 48.147000000000006 38.208214999999996 6.0 0.22 0.163105 6.2 0
0 0 0 1 44.4295 46.799474999999994 13.0 0.046798 0.16966950000000003 3.7 0
0 0 1 0 55.46900000000001 48.844015000000006 19.1 0.23216769345000002 0.00023 3.0 0
0 0 0 1 51.452999999999996 49.614125 16.0 0.024844 0.111121 2.75 0
0 0 1 0 57.7595 52.44644999999999 6.3 0.4266906 0.06479 12.0 0
0 0 0 1 48.146 44.15291 14.0 0.03859 0.150386 2.75 0
0 0 0 1 47.44799999999999 42.183544999999995 22.0 0.0052388 0.037591000000000006 2.05 0
0 0 0 1 47.554500000000004 47.394955 4.0 0.35332 0.14166050000000002 6.55 0
0 0 1 0 48.957499999999996 46.1534015 15.0 0.027652 0.0 8.0 0
1 0 0 0 51.09 49.058975 22.8 0.032796690205 0.022739000000000002 1.7 0
0 1 0 1 48.223 48.94698000000001 19.0 0.010631 0.07107550000000001 1.45 0
0 0 1 0 46.6215 34.424725 9.0 0.11189 0.17398 3.0 0
0 0 0 1 46.6145 46.53777 13.0 0.046047 0.113497 2.85 0
0 0 1 0 50.58 40.60430000000001 17.6 0.04658685650000001 0.00626 1.0 0
1 0 0 0 46.68 37.75717 19.45 0.069087139 0.0845255 1.85 0
0 1 0 1 50.056 24.4756 8.0 0.15399 0.03149 9.0 0
1 0 0 0 50.47 47.613185 19.05 0.056192641 0.0586165 1.85 0
0 0 0 1 45.8395 47.04228 13.0 0.046237 0.1091105 2.55 0
0 0 0 1 48.6735 58.2835 20.0 0.0087658 0.06352 1.0 0
0 0 0 1 49.665000000000006 44.400904999999995 24.0 0.0037803 0.0819945 2.7 0
1 0 0 0 50.61 47.32241500000001 20.05 0.07142457405133454 0.06285900000000001 2.25 0
1 1 1 1 59.95 59.876 48.0 1.3829e-05 1e-05 1.0 1
0 1 0 0 48.028999999999996 50.531819999999996 39.0 0.00011515 0.0528175 2.1 0
0 1 0 0 49.540000000000006 22.4222 18.3 0.15002856549999996 0.00176 4.0 0
0 0 0 1 45.460499999999996 38.7753565 7.0 0.18558 0.163546 3.5 0
0 0 0 1 53.62449999999999 53.838985 48.0 1.3906e-05 0.00451 1.75 0
0 1 0 0 42.03150000000001 29.8846 11.55 0.187387925 0.15556 3.0 0
0 0 0 1 47.4865 46.450715 19.0 0.012583 0.0961425 2.3 0
0 0 0 1 40.23 43.07543 38.0 0.00013491 0.04668099999999999 2.25 0
0 0 0 1 45.3215 44.118045 3.0 0.47895 0.07833 13.0 0
0 0 1 0 48.412 50.059929999999994 51.0 6.3269e-06 0.0 2.0 0
0 0 0 1 48.24199999999999 40.56955 15.0 0.02923 0.20954899999999999 2.4 0
0 0 0 1 46.1565 43.296839999999996 8.0 0.14447 0.1293525 3.2 0
1 0 0 0 41.1 28.782880000000006 31.65 0.0921674566943 0.06027300000000001 2.2 0
0 0 0 1 50.672999999999995 49.3461315 32.0 0.00052782 0.0486345 2.05 0
0 1 0 0 49.919000000000004 50.535520000000005 13.0 0.041609 0.01726 2.0 0
0 0 0 1 49.3035 50.790075 51.0 7.2565e-06 0.0195585 1.9 0
0 0 0 1 50.307 47.48692 11.0 0.069923 0.09751 5.0 0
0 0 1 0 45.11 37.3544 14.65 0.147079065 0.04022 1.0 0
0 0 0 1 48.176 47.097625 13.0 0.045404 0.10094399999999999 2.95 0
0 0 0 1 49.20700000000001 45.94699000000001 14.0 0.032934 0.20254500000000003 2.45 0
1 0 0 0 60.0 59.99189 98.0 0.016234179471986653 4.2000000000000004e-05 1.85 1
0 0 0 1 48.836999999999996 45.460300000000004 23.0 0.004596 0.047215999999999994 1.95 0
0 0 0 1 37.84 46.00153 20.0 0.0088409 0.0986225 2.45 0
0 0 0 1 54.27 44.83679500000001 18.0 0.013133 0.092254 3.0 0
0 0 0 1 48.2 45.66098 22.0 0.0058986 0.087285 1.95 0
0 0 0 1 40.429500000000004 59.795015 255.0 2.5661000000000002e-30 0.0 1.95 0
0 0 0 1 52.5515 54.697795 56.0 2.2356e-06 0.005773499999999999 2.05 0
0 0 0 1 50.089000000000006 44.03169 19.0 0.010072 0.05408 4.0 0
0 0 0 1 52.60699999999999 53.563625 49.0 1.0131e-05 0.016406499999999997 1.6 0
0 0 0 1 46.67099999999999 45.704679999999996 13.0 0.042761 0.09736 2.0 0
0 0 1 0 48.8895 21.4107 5.0 0.31081 0.0 1.0 0
0 0 0 1 55.659000000000006 59.81685 99.0 1.1009e-10 0.0 1.95 0
0 0 1 0 46.775 49.584270000000004 4.0 0.38877 0.0 6.0 0
0 0 1 0 57.56 54.978125 2.45 0.63209895 4e-05 15.0 0
0 0 0 1 45.668000000000006 43.693895 5.0 0.30409 0.25463 31.0 0
0 0 0 1 48.688 37.670715 10.0 0.080755 0.151187 2.85 0
0 0 0 1 48.7185 46.659515 31.0 0.00066005 0.039011 1.95 0
0 1 0 0 57.01 59.5725 12.0 0.061874 0.02365 3.0 0
0 0 0 1 50.9485 45.07096 23.0 0.0041012 0.1219835 1.85 0
0 0 0 1 54.804500000000004 60.0 15.0 0.029984 0.08751 2.0 0
0 0 1 0 49.869 42.75588 24.95 0.06163940745000002 0.00085 1.0 0
0 1 0 0 51.349000000000004 59.5333 22.1 0.018223767000000002 0.01055 3.0 0
0 0 0 1 44.617999999999995 30.719836999999995 28.0 0.0014465 0.15385 2.0 0
0 0 0 1 46.5125 45.131654999999995 13.0 0.047463 0.1128425 2.5 0
0 0 1 0 46.2435 49.08438 31.0 0.00070308 0.0 2.0 0
0 0 0 1 46.73199999999999 42.26304499999999 20.0 0.0099258 0.055896 2.55 0
0 0 0 1 47.183499999999995 43.861514500000006 36.0 0.00023116 0.0801235 2.15 0
0 0 0 1 58.824 59.744885 107.0 1.949e-11 0.0 1.95 0
0 0 0 1 50.19000000000001 47.939544999999995 13.0 0.04033 0.1674505 2.75 0
0 0 0 1 50.222 42.345825000000005 14.0 0.036025 0.11319449999999998 1.9 0
0 0 1 0 47.764500000000005 40.29332 0.0 1.0 0.0 2.0 0
1 0 0 0 60.0 59.99189 98.0 0.016234179471986653 4.2000000000000004e-05 1.85 1
0 0 0 1 44.852 43.937605000000005 14.0 0.039528 0.092798 3.55 0
0 0 0 1 49.131 43.364755 14.0 0.036219 0.10552950000000001 1.75 0
0 0 0 1 47.4665 49.867525 21.0 0.0068077 0.09744299999999999 2.25 0
1 1 1 0 60.0 60.0 122.0 6.1298e-13 0.0 1.0 1
0 0 1 0 50.157500000000006 9.69231 19.0 0.010977 0.04118 3.0 0
0 0 1 1 49.156 46.202075 38.0 0.00012803 1e-05 4.0 0
0 0 0 1 48.836999999999996 46.80025500000001 23.0 0.0045929 0.0769845 1.9 0
0 0 0 1 50.048 56.7793 19.0 0.010505 0.05258 2.0 0
0 0 0 1 48.72 38.17857 18.0 0.013789 0.089246 2.1 0
0 0 0 1 46.807 38.614675 20.0 0.009243 0.01636 1.0 0
0 0 0 1 47.4045 42.406275 13.0 0.042547 0.47056 1.0 0
0 0 1 0 45.951499999999996 39.913015 9.0 0.11038 0.03748 3.0 0
0 0 0 1 48.60350000000001 40.99993 6.0 0.22226 0.2333685 5.9 0
0 0 0 1 48.536500000000004 47.53085 21.0 0.0076619 0.09282249999999999 2.7 0
0 0 0 1 49.322500000000005 47.96205 40.0 9.5524e-05 0.024267499999999997 2.3 0
0 0 0 1 49.658 38.1335955 19.0 0.011059 0.058409 2.55 0
0 0 0 1 49.335 44.29129 14.0 0.033751 0.03569 1.0 0
0 0 0 1 47.9275 41.93191 9.0 0.10523 0.082008 4.2 0
0 0 0 1 48.81699999999999 35.181960999999994 19.0 0.011672 0.10263 2.0 0
1 0 0 0 60.0 59.99189 98.0 0.016234179471986653 4.2000000000000004e-05 1.85 0
1 0 0 0 42.02 36.4284915 15.8 0.050226645 0.11561 2.0 0
0 0 0 1 48.598 47.460195000000006 20.0 0.0086884 5e-05 2.0 0
0 0 0 1 42.25 39.7091815 15.0 0.029976 0.01116 1.0 0
0 0 0 1 45.0065 44.739319 7.0 0.16595 0.23122350000000003 5.5 0
0 0 0 1 46.2885 50.7111 6.0 0.22085 0.09386 2.0 0
0 0 0 1 47.16899999999999 45.20372 4.0 0.37333 0.15479649999999998 4.25 0
0 0 0 1 53.25 41.852500000000006 22.0 0.0057433 0.1207 1.0 0
0 0 1 0 50.221500000000006 49.601425 19.4 0.11262312899999997 0.00855 4.0 0
0 0 0 1 46.91 39.557145 8.0 0.15455 0.17674450000000003 2.4 0
0 0 0 1 47.158 40.945305 20.0 0.0081112 0.03595 1.0 0
0 0 0 1 56.763 58.60997 180.0 8.910300000000001e-19 0.0 1.9 0
0 0 0 1 48.1495 32.8088 17.0 0.019875 0.08453 3.0 0
0 0 0 1 46.5915 45.261655000000005 35.0 0.00027788 0.0110395 3.15 0
0 0 0 1 45.11749999999999 49.45458000000001 13.0 0.042887 0.1119475 2.35 0
1 1 1 1 60.0 60.0 36.0 0.00020967 5e-05 1.0 1
0 0 0 1 50.533 41.632504999999995 19.0 0.011538 0.07039 2.0 0
0 0 1 0 49.982499999999995 39.0 21.0 0.0078835 0.12238 1.0 0
0 0 0 1 48.329 46.967209999999994 43.0 4.1206e-05 0.005247 2.55 0
0 0 0 1 50.187499999999986 44.674705 11.0 0.06588 0.12316149999999997 5.85 0
0 0 0 1 50.5935 48.926105 14.0 0.036546 0.43221 2.0 0
0 0 0 1 40.429500000000004 59.795015 255.0 0.0 0.0 1.95 0
0 0 0 1 47.128 49.022245000000005 17.0 0.017934 0.0667065 3.85 0
0 0 1 0 53.345000000000006 50.901595 25.35 0.18218026557980002 9e-05 1.0 0
1 0 0 0 48.43 43.15175000000001 21.15 0.052062387847935 0.064176 1.95 0
0 0 0 1 50.765499999999996 49.16955 14.0 0.037767 0.1442175 4.45 0
0 1 0 0 51.711 48.655975000000005 31.8 0.08493764126455002 0.00013 2.0 0
0 0 0 1 49.322500000000005 47.962050000000005 40.0 9.9642e-05 0.024267499999999997 2.3 0
0 0 1 0 44.211 32.4926565 13.8 0.1652242485 0.10819 2.0 0
0 0 1 0 49.8825 48.024395000000005 3.0 0.40733 0.0 1.0 0
0 0 0 1 50.94349999999999 49.26688 61.0 6.4143e-07 0.009674 2.0 0
0 0 1 0 43.84 44.35169500000001 18.45 0.06816538004999999 0.03284 2.0 0
0 0 0 1 48.279 44.47891499999999 18.0 0.015791 0.029111500000000002 1.95 0
0 0 1 0 45.6865 34.4713 7.0 0.18993 0.01027 6.0 0
0 0 0 1 58.54350000000001 60.0 15.0 0.02531 0.25026650000000006 4.15 0
0 0 1 0 49.3285 53.68411 12.05 0.288521466 0.00139 8.0 0
0 0 1 0 46.6395 44.228519999999996 11.35 0.20304806949999996 0.43333 3.0 0
0 0 0 1 53.24249999999999 58.62346 58.0 1.4693e-06 0.0191075 2.05 0
0 0 0 1 44.8905 22.75 33.0 0.00040447 0.05595 2.0 0
0 0 0 1 47.434999999999995 38.095265 26.0 0.0022219 0.13022 4.0 0
0 0 0 1 50.4385 48.030085 14.0 0.037884 0.104043 4.65 0
0 0 0 1 51.452999999999996 49.614125 16.0 0.024858 0.1043205 2.45 0
1 0 0 0 45.62 36.633055 22.3 0.042743126502336595 0.0439585 2.0 0
1 1 0 1 52.42 44.6559 15.0 0.027891 0.01425 1.0 0
0 0 0 1 50.09300000000001 38.17856999999999 18.0 0.013784 0.08881649999999999 2.15 0
0 0 0 1 49.0035 45.944505 31.0 0.00072274 0.0176945 1.75 0
0 0 0 1 49.2375 42.242617 18.0 0.012597 0.134853 2.2 0
0 0 1 1 46.366 36.99508 9.0 0.12035 0.03811 2.0 0
0 1 0 0 55.068000000000005 57.2179 8.15 0.42220334899999995 0.00937 9.0 0
1 0 0 1 47.65 41.32240449999999 36.0 0.00024803 0.07765749999999999 1.85 0
0 0 0 1 48.10450000000001 39.40288 16.0 0.023155 0.04242050000000001 2.5 0
1 0 0 0 55.52 50.4677 3.0 0.47825 0.46744 1.0 0
0 0 0 1 49.7305 44.794455000000006 26.0 0.0023852 0.08740099999999999 2.5 0
0 0 0 1 47.547000000000004 43.842135 23.0 0.0048819 0.07628800000000001 2.05 0
0 0 0 1 47.9275 37.0017 9.0 0.10212 0.11056350000000001 3.85 0
0 0 0 1 45.0785 44.43256 28.0 0.0013182 0.073058 2.25 0
0 0 1 0 57.760000000000005 53.102999999999994 4.4 0.598075439 0.0 13.0 0
0 0 0 1 47.997 37.05594 18.0 0.014643 0.0480385 2.1 0
0 0 0 1 47.90399999999999 37.584445 15.0 0.029346 0.14295549999999999 2.5 0
1 1 1 1 60.0 59.8857 30.0 0.00090541 0.00085 1.0 1
0 0 1 0 58.302 52.8424 54.45 0.13475244650142015 0.0 2.0 0
0 0 0 1 50.163 60.1818 11.0 0.067488 0.10053749999999999 4.55 0
0 0 0 1 45.552499999999995 30.970646 3.0 0.39838 0.4893 2.0 0
0 0 1 0 47.82 45.21922500000001 17.2 0.07675028815999999 0.0105 2.0 0
0 0 0 1 48.812999999999995 48.44618 8.0 0.13295 0.1319305 4.45 0
0 0 0 1 56.44 42.765 14.0 0.034156 0.105057 2.1 0
0 0 0 1 52.3725 47.473800000000004 44.0 3.7887e-05 0.031429 2.05 0
0 0 0 1 43.954499999999996 44.579840000000004 14.0 0.032511 0.10378899999999999 2.65 0
0 0 1 0 50.11999999999999 44.004859999999994 0.0 0.97696 0.00089 1.0 0
0 0 0 1 47.097 39.445315 30.0 0.00092722 0.19987 1.0 0
0 0 0 1 57.568000000000005 55.359455000000004 74.0 3.5044e-08 0.00026999999999999995 1.7 0
1 0 0 0 60.0 59.99189 98.0 0.016234179471986653 4.2000000000000004e-05 1.85 1
0 0 0 1 48.024 46.79481 20.0 0.0081172 0.00552 1.0 0
0 0 0 1 51.452999999999996 49.614125 16.0 0.025024 0.1014105 2.1 0
0 1 0 0 50.35447767066693 44.52678267539525 24.651144857041167 0.09658699853529934 0.10095995499099822 3.9706941388277657 0
0 0 0 1 47.05 36.758979999999994 8.0 0.13586 0.70766 2.0 0
0 0 0 1 45.377 41.096824999999995 16.0 0.023571 0.12350499999999998 2.9 0
1 0 0 1 47.6 45.26059 16.0 0.023863 0.1170795 3.9 0
1 0 0 0 56.62 58.02428999999999 19.2 0.034864244 0.1034955 1.85 0
0 0 0 1 47.340999999999994 27.2071 18.0 0.015737 0.02623 1.0 0
0 0 0 1 50.672999999999995 49.3461315 32.0 0.00053537 0.037666 2.2 0
0 0 0 1 48.4525 45.581395 4.0 0.39164 0.20983 5.0 0
0 0 0 1 49.882000000000005 43.32680499999999 30.0 0.00095548 0.021703999999999998 1.8 0
0 0 0 1 50.367999999999995 47.955020000000005 20.0 0.0079694 0.0866085 2.0 0
1 0 0 0 56.93 58.468855000000005 17.25 0.0614164205 0.059448499999999994 2.3 0
1 0 0 0 41.19 42.759799 19.65 0.0779637026943 0.04714 3.0 0
0 0 0 1 48.97 40.526025000000004 15.0 0.031083 0.05985700000000001 2.6 0
0 0 0 1 46.83899999999999 21.5652 29.0 0.0010889 0.04943 4.0 0
1 0 0 0 59.12 59.008245 27.45 0.13624402680379 0.10329250000000001 2.95 0
0 0 0 1 46.897 47.403879999999994 36.0 0.0002416 0.00019 2.0 0
0 0 0 1 50.0365 29.25 15.0 0.029123 0.41298 2.0 0
1 0 0 0 59.03 59.13624 17.8 0.13892224365378997 0.0871695 2.15 0
0 0 1 0 57.7325 47.24541000000001 8.5 0.27290898500000005 0.00014 23.0 0
0 0 0 1 48.76049999999999 39.68802 13.0 0.045306 0.0441 2.0 0
0 0 0 1 47.934 42.98208 20.0 0.0089614 0.09502849999999999 1.7 0
0 0 0 1 51.212 48.354685 12.0 0.052178 0.12290849999999998 3.5 0
0 0 0 1 44.904999999999994 44.11352000000001 3.0 0.46232 0.10174749999999999 5.95 0
0 0 0 1 49.4945 47.173935 15.0 0.025623 0.072141 2.0 0
0 0 0 1 49.877500000000005 49.11243 17.0 0.018289 0.070892 2.05 0
0 0 1 0 50.7145 38.611149 19.3 0.0308656449 0.02606 1.0 0
0 0 0 1 51.083 46.256495 20.0 0.008852 0.090022 2.55 0
0 0 0 1 39.63 42.765 14.0 0.034131 0.10263700000000002 2.05 0
0 1 0 0 35.6625 0.0 4.05 0.6211383300000001 0.9 1.8 0
0 0 0 1 45.699 46.0984 14.0 0.032507 0.29872 4.0 0
0 0 0 1 50.78500000000001 34.9209 19.0 0.010072 0.00436 3.0 0
0 1 0 0 43.69 28.6038 5.0 0.26518 0.05082 1.0 0
0 1 0 0 40.71950000000001 0.0 0.0 1.0 1.0 1.0 0
0 0 0 1 48.29700000000001 45.12932 22.0 0.0060063 0.06389550000000001 2.15 0
0 0 1 0 57.7325 52.719449999999995 3.7 0.5274954999999999 0.0002 16.0 0
0 0 0 1 24.39 42.255799999999994 17.0 0.017433 0.1158725 2.0 0
1 0 0 0 55.3 55.75707 19.55 0.0377920845 0.0581205 1.7 0
0 0 0 1 48.145999999999994 44.00492999999999 14.0 0.038563 0.14980899999999997 2.55 0
1 0 0 0 59.97 59.873815 98.0 0.0008401197680637913 0.014302500000000001 1.55 1
0 1 0 0 50.35447767066693 44.52678267539525 24.651144857041167 0.09658699853529934 0.10095995499099822 3.9706941388277657 0
0 0 1 1 56.81 47.144575 23.0 0.0044447 0.00976 1.0 0
0 0 1 0 57.641000000000005 52.727845 13.0 0.48482393000011614 0.0 12.0 0
0 0 0 1 47.9245 39.459424999999996 8.0 0.15646 0.63333 1.0 0
0 0 0 1 48.779999999999994 45.934715000000004 13.0 0.041881 0.1138915 2.0 0
0 0 0 1 56.18 43.76437 14.0 0.036189 0.11787 1.0 0
0 1 0 0 57.84 59.7463 16.2 0.07524441400000001 0.02128 4.0 0
0 0 1 1 50.07699999999999 45.39063300000001 16.0 0.020088 0.0 1.0 0
0 0 0 1 48.18599999999999 39.50305999999999 24.0 0.0039416 0.1309 1.0 0
0 0 1 0 50.9335 47.572880000000005 27.45 0.04155389126499999 0.00031 1.0 0
0 0 0 1 48.860499999999995 51.5 15.0 0.030521 0.40014 3.0 0
0 0 0 1 45.0065 43.132889 7.0 0.16219 0.187082 3.9 0
1 0 0 1 44.05 40.6088165 15.0 0.028831 0.15588 1.0 0
1 0 0 0 43.06 32.212376 4.0 0.34564 0.47814 2.0 0
0 0 0 1 32.83 43.78639 46.0 2.0093e-05 0.06037950000000001 1.9 0
0 0 1 0 50.472 4.3125 2.0 0.55358 0.00427 3.0 0
0 0 1 0 47.764500000000005 48.51733500000001 4.0 0.32914 0.0 2.0 0
0 0 1 0 50.146 58.765370000000004 9.5 0.34699682549999994 0.00031 6.0 0
1 0 0 0 47.83 40.147545 16.25 0.11572297299999998 0.07136 1.6 0
1 1 1 0 60.0 60.0 99.0 1.0645e-10 0.0 2.0 1
0 0 0 1 48.534499999999994 45.73378999999999 20.0 0.0084331 0.051127500000000006 2.65 0
0 0 1 0 56.38 43.09559 26.05 0.14458476624205002 0.0002 2.0 0
0 0 0 1 49.26650000000001 43.42501 22.0 0.0054977 0.166027 1.75 0
0 0 0 1 55.63 40.361250000000005 23.0 0.0040867 0.02568 1.0 0
0 0 0 1 44.004000000000005 50.411875 13.0 0.046579 0.13527299999999998 3.4 0
1 0 0 0 60.0 59.99189 98.0 0.016234179471986653 4.2000000000000004e-05 1.85 0
0 1 0 1 51.477999999999994 43.8277165 15.0 0.02536 0.14528 2.0 0
0 0 0 1 50.553999999999995 49.24121500000001 20.0 0.0085694 0.05179200000000002 2.6 0
0 0 0 1 48.48049999999999 44.407065 21.0 0.0064103 0.105065 2.05 0
0 0 0 1 48.318000000000005 45.266675 16.0 0.021286 0.11974549999999999 1.75 0
0 0 0 1 47.584 38.67475 15.0 0.029455 0.155268 2.1 0
0 1 0 0 50.35447767066693 44.52678267539525 24.651144857041167 0.09658699853529934 0.10095995499099822 3.9706941388277657 0
0 0 0 1 55.2 41.21507999999999 10.0 0.09811 0.08314400000000001 3.6 0
1 0 0 0 59.91 59.812215 76.45 0.003727597325128034 0.015571500000000002 1.6 0
1 0 0 0 60.0 59.99189 98.0 0.016234179471986653 4.2000000000000004e-05 1.85 0
0 0 0 1 51.4005 50.707995 32.0 0.00058672 0.044444 2.4 0
0 0 0 1 50.21 48.051930000000006 37.0 0.00018833 0.029941000000000002 2.95 0
0 0 0 1 26.93 46.951755000000006 31.0 0.00077759 0.055262500000000006 1.85 0
0 0 0 1 47.4755 44.47458 6.0 0.23366 0.18210900000000002 3.25 0
0 0 1 0 46.915000000000006 47.150785000000006 20.3 0.08759264045000001 0.00124 3.0 0
0 0 0 1 49.057500000000005 42.85311 19.0 0.011348 0.11919399999999998 2.75 0
0 0 0 1 45.377 41.096825 16.0 0.023606 0.1851605 2.45 0
0 0 0 1 49.785 50.4409 21.0 0.0074004 0.01568 2.0 0
0 0 1 0 48.8275 49.835065 6.0 0.227 0.00396 2.0 0
0 0 0 1 48.5605 46.838604999999994 15.0 0.030634 0.1815705 1.95 0
0 0 0 1 56.763 59.795015 202.0 5.3871e-21 0.0 1.9 0
0 0 0 1 47.547000000000004 43.842135 23.0 0.004914 0.07368899999999999 1.85 0
1 0 0 0 60.0 59.99189 98.0 0.016234179471986653 4.2000000000000004e-05 1.85 0
0 0 0 1 46.91 39.467815 8.0 0.15093 0.0896925 3.55 0
0 0 0 1 50.8435 46.159955 14.0 0.035113 0.16086249999999996 3.1 0
0 0 1 0 45.827 53.308994999999996 1.0 0.65934 0.0 8.0 0
0 1 0 1 47.233 43.506 27.0 0.0018588 0.00888 1.0 0
0 0 0 1 47.472 40.140255 22.0 0.0052815 0.08631449999999999 1.9 0
1 0 0 0 58.96 59.076049999999995 18.45 0.13444853865378997 0.11142850000000001 2.1 0
0 1 1 0 44.5725 58.1473 18.6 0.08614741145 0.00121 3.0 0
0 0 1 0 46.3245 53.06328499999999 17.05 0.0540090775 0.08416 3.0 0
0 0 0 1 48.947500000000005 45.747675 11.0 0.069887 0.17022549999999997 5.2 0
0 0 0 1 50.367999999999995 47.955020000000005 20.0 0.0080485 0.08660849999999999 2.0 0
1 0 0 0 51.17 48.964945 20.25 0.061075498549999996 0.046915000000000005 1.95 0
0 0 0 1 46.95 45.317565 13.0 0.047171 0.143645 3.15 0
0 0 0 1 48.375 46.8397865 10.0 0.089975 0.165982 3.9 0
0 0 0 1 49.63 47.095659999999995 31.0 0.00063746 0.046991500000000005 2.0 0
0 0 0 1 43.327999999999996 19.0 39.0 0.0001058 0.06656 3.0 0
0 0 1 1 49.760999999999996 45.34577999999999 16.0 0.021686 0.00159 2.0 0
0 0 1 0 56.674 57.0217 4.25 0.5569891450000001 0.00019 11.0 0
0 1 0 0 48.00450000000001 29.2535 17.75 0.25441661529980003 0.00015 1.0 0
0 0 1 1 46.990500000000004 50.2701 20.0 0.0097435 0.00197 1.0 0
0 0 0 1 45.143 45.9591 14.0 0.039144 0.08125 1.0 0
0 1 0 1 58.31 59.7557 25.0 0.0030943 0.00571 3.0 0
0 0 0 1 56.763 58.60997 177.0 1.8338e-18 0.0 1.9 0
0 0 0 1 50.394 47.727995 14.0 0.035563 0.09307 2.0 0
0 0 0 1 45.0075 44.432559999999995 28.0 0.0013525 0.055783000000000006 2.05 0
0 0 0 1 47.94350000000001 47.82119999999999 8.0 0.1371 0.12856049999999997 3.25 0
0 0 1 0 45.741 37.7724765 19.75 0.025859874499999998 0.01097 1.0 0
0 0 0 1 49.3455 41.511013500000004 13.0 0.047674 0.11441799999999998 2.55 0
0 0 0 1 47.67399999999999 45.61707 13.0 0.045457 0.0749835 2.8 0
1 0 0 1 60.0 50.981055000000005 14.0 0.037106 0.13900800000000002 2.15 0
0 0 1 0 43.0595 41.677884999999996 13.15 0.13142925600000002 0.1713 4.0 0
0 0 0 1 50.5295 45.94699000000001 14.0 0.03295 0.20254499999999998 2.45 0
0 0 1 1 48.335000000000015 47.680009999999996 8.0 0.15731 0.00068 2.0 0
0 0 0 1 59.278499999999994 58.622945 133.0 4.3261e-14 0.0 1.65 0
1 0 0 0 59.39 58.954265 46.9 0.07935336896890642 0.07659750000000001 4.05 0
0 0 1 0 42.075500000000005 15.0 12.25 0.11335639500000001 0.18462 2.0 0
0 0 0 1 46.13 44.161695 21.0 0.0073577 0.11380249999999999 2.0 0
0 0 0 1 46.4485 43.802392999999995 4.0 0.33088 0.1148875 3.65 0
1 0 0 0 59.59 59.31622 57.45 0.033186819949106404 0.061085499999999994 3.85 0
0 0 0 1 47.1835 43.8615145 36.0 0.00023335 0.0768375 1.85 0
0 0 0 1 47.443 40.140255 22.0 0.0052651 0.07966550000000001 2.05 0
0 0 0 1 47.094500000000004 47.138715000000005 23.0 0.0047505 0.0331485 2.65 0
0 0 0 1 49.198 48.5426265 15.0 0.027795 0.07384000000000002 3.4 0
0 0 0 1 53.18 41.912665 33.0 0.00040601 0.04228449999999999 1.95 0
0 0 0 1 47.0275 49.293009999999995 10.0 0.08744 0.06521 3.55 0
0 0 1 0 48.478 46.46618 12.0 0.059527 0.07604 1.0 0
0 0 0 1 48.8875 47.95033500000001 20.0 0.0082141 0.1351035 1.65 0
0 0 0 1 47.3915 46.49662 19.0 0.012129 0.095154 2.55 0
0 1 0 0 47.882 49.1743 22.25 0.057345470180000004 0.00039 1.0 0
0 0 0 1 51.239999999999995 47.33657649999999 15.0 0.025523 0.04318 2.0 0
0 0 1 0 50.109 57.58728 4.5 0.5052807254999999 1e-05 6.0 0
0 0 0 1 47.560500000000005 37.05593999999999 18.0 0.014626 0.0480385 2.1 0
0 0 0 1 46.564 43.59316450000001 36.0 0.00020107 0.0417425 2.2 0
0 0 0 1 46.29350000000001 41.47131 14.0 0.038743 0.1417795 2.15 0
0 0 0 1 49.5865 44.59599 11.0 0.079081 0.31172 2.0 0
0 0 0 1 51.83 39.38750499999999 19.0 0.010164 0.08428 1.0 0
0 0 0 1 48.7185 46.659515 31.0 0.00064139 0.039011 1.95 0
0 0 0 1 50.075 50.22333999999999 22.0 0.0055299 0.31559 1.0 0
0 0 0 1 50.988 48.77186499999999 14.0 0.035227 0.10046 2.0 0
0 0 0 1 49.053999999999995 46.944035 33.0 0.00044261 0.036619500000000006 2.0 0
0 0 0 1 47.554500000000004 48.68552999999999 4.0 0.35 0.157643 6.8 0
0 1 1 1 49.941500000000005 58.2917 44.0 3.343e-05 4e-05 1.0 0
0 0 0 1 49.799499999999995 45.86222 30.0 0.00085919 0.0351835 2.0 0
0 0 1 0 59.947500000000005 58.182465 81.15 0.05852936627391324 0.0 1.0 0
0 0 0 1 49.7515 46.405565 22.0 0.0061819 0.0074 2.0 0
1 0 0 0 60.0 59.99189 98.0 0.016234179471986653 4.2000000000000004e-05 1.85 0
0 0 0 1 50.29100000000001 50.5052015 15.0 0.028192 0.11366649999999998 2.4 0
0 0 0 1 50.948499999999996 45.07096 23.0 0.0041091 0.1219835 1.85 0
1 0 0 0 36.62 49.05141 0.0 0.9367 0.020520500000000004 7.7 0
1 0 0 0 50.29 45.992705 16.25 0.07620038200000001 0.086852 1.8 0
0 0 1 0 56.42750000000001 53.762635 7.45 0.4653695990000001 0.00027 10.0 0
0 0 0 1 45.55650000000001 49.1356 13.0 0.042525 0.162828 2.6 0
0 0 0 1 40.43 50.73397 15.0 0.026204 0.155453 2.95 0
0 0 0 1 47.927499999999995 43.153085 9.0 0.10538 0.06871050000000001 4.2 0
0 0 1 0 59.19500000000001 58.63666500000001 54.2 0.21766662893659486 0.0 3.0 0
0 0 0 1 50.32899999999999 48.91335 14.0 0.038035 0.00872 20.0 0
0 1 0 1 48.2655 34.4047 33.0 0.00045985 0.00062 1.0 0
0 0 1 0 44.516000000000005 34.76155949999999 0.0 1.0 0.0 9.0 0
0 0 0 1 51.4005 49.713274999999996 32.0 0.00060061 0.0400485 1.9 0
0 0 0 1 50.31699999999999 48.26901 27.0 0.0016245 0.043785000000000004 1.75 0
0 0 1 0 58.302 52.8424 54.45 0.13475244650142015 0.0 2.0 0
0 0 0 1 46.295500000000004 41.36656000000001 6.0 0.23913 0.18916550000000001 6.2 0
0 0 0 1 34.15 44.311735 38.0 0.00012721 0.00252 3.0 0
0 0 1 0 47.407000000000004 62.5417 0.0 0.99309 0.00034 2.0 0
0 0 1 0 44.5725 55.8824 17.3 0.28106746075 0.00047 3.0 0
0 0 1 0 52.5415 44.224395 19.8 0.14363225775 0.00097 4.0 0
0 0 0 1 50.31699999999999 48.26901 27.0 0.0015938 0.043785000000000004 1.75 0
0 0 0 1 55.85350000000001 57.38250000000001 76.0 2.0491e-08 0.00019850000000000003 1.7 0
0 0 1 0 40.43 48.20976 17.6 0.14744394800000002 0.01208 4.0 0
0 0 0 1 49.882000000000005 43.326805 30.0 0.00099 0.021703999999999998 1.8 0
0 0 0 1 45.99300000000001 37.944539999999996 16.0 0.023346 0.0837525 3.35 0
0 0 1 1 48.11749999999999 40.724501499999995 15.0 0.025483 0.01114 1.0 0
0 0 1 0 56.46 41.773134999999996 21.05 0.029175599400000002 0.00318 1.0 0
0 0 0 1 51.943000000000005 53.548715 59.0 1.1836e-06 0.023294500000000003 1.95 0
1 0 0 0 60.0 59.99189 98.0 0.016234179471986653 4.2000000000000004e-05 1.85 0
0 1 0 1 50.3245 59.4462 19.0 0.011664 0.15855950000000002 2.1 0
0 0 0 1 51.47149999999999 47.626949999999994 62.0 5.9443e-07 0.000101 2.25 0
0 0 0 1 47.48650000000001 46.450715 19.0 0.012471 0.0961425 2.3 0
0 1 0 0 56.05 57.64962499999999 20.05 0.03698364655 0.05549649999999999 2.8 0
1 0 0 0 40.21 30.26668 21.4 0.057698150785 0.06332600000000001 1.85 0
0 0 0 1 48.438 47.950415 16.0 0.024302 0.01284 1.0 0
1 0 0 0 56.82 58.616385 19.95 0.0159594485 0.0637355 1.75 0
0 1 0 1 44.903 50.659135000000006 35.0 0.00027636 0.00034 3.0 0
0 0 0 1 48.688 37.670715 10.0 0.080348 0.151187 2.85 0
0 0 0 1 49.484 49.015460000000004 29.0 0.0012404 0.03331550000000001 1.6 0
0 0 0 1 57.57600000000001 58.622945 136.0 2.4681e-14 0.0 1.6 0
0 0 0 1 49.53699999999999 44.746179999999995 21.0 0.007437 0.116035 3.2 0
0 0 1 0 49.3285 53.68411 11.8 0.27384138499999994 0.00021 8.0 0
0 0 0 1 47.946 42.6689715 10.0 0.093181 0.09253150000000002 4.05 0
0 0 0 1 47.1545 43.99717 2.0 0.51154 0.195251 4.35 0
0 0 0 1 46.326499999999996 44.668434999999995 21.0 0.0066719 0.035252 2.6 0
0 1 0 1 44.2185 51.4369 28.0 0.0012613 0.00645 7.0 0
0 0 0 1 48.486000000000004 40.8976825 25.0 0.0030242 0.024061 2.15 0
0 0 0 1 49.4945 45.1838805 15.0 0.025146 0.15134150000000002 1.55 0
0 1 0 1 47.78 48.811965 29.0 0.0010105 0.05283449999999999 1.95 0
0 0 0 1 48.660999999999994 50.188179999999996 8.0 0.13308 0.04044 11.0 0
0 0 1 1 44.79 32.3158 23.0 0.0040978 0.07602 2.0 0
1 0 0 0 60.0 59.99189 98.0 0.016234179471986653 4.2000000000000004e-05 1.85 0
0 0 0 1 48.161500000000004 48.940709999999996 17.0 0.019355 0.02232 1.0 0
0 0 0 1 48.43600000000001 32.0688 23.0 0.0047581 0.01338 1.0 0
1 0 0 0 54.66 55.75126500000001 20.35 0.06568943585 0.047279499999999995 1.6 0
0 0 1 0 57.7325 52.69540000000001 3.7 0.5274954999999999 0.00022 16.0 0
0 0 1 0 55.61550000000001 52.62248999999999 9.3 0.5116393642999999 7e-05 9.0 0
0 0 1 0 46.6225 44.64376 20.45 0.04435797544999999 0.00137 3.0 0
1 0 0 0 60.0 59.99189 98.0 0.016234179471986653 4.2000000000000004e-05 1.85 0
0 1 0 0 50.35447767066693 44.52678267539525 24.651144857041167 0.09658699853529934 0.10095995499099822 3.9706941388277657 0
0 0 1 0 50.25599999999999 46.44179499999999 3.0 0.40292 0.00364 1.0 0
1 0 0 0 60.0 59.99189 98.0 0.016234179471986653 4.2000000000000004e-05 1.85 0
0 0 0 1 44.48500000000001 39.15865 9.0 0.1176 0.150387 3.6 0
0 0 0 1 48.5135 40.3367465 15.0 0.031552 0.32155 4.0 0
0 0 0 1 46.408 42.765 14.0 0.034099 0.100061 2.1 0
0 0 1 0 49.38699999999999 60.0 3.0 0.45745 0.0 7.0 0
1 1 1 0 60.0 60.0 150.0 8.046e-16 0.0 2.0 1
0 0 0 1 49.1295 45.77901 15.0 0.026596 0.10311949999999999 2.45 0
0 0 0 1 40.429500000000004 59.795015 251.0 7.4617e-26 0.0 1.95 0
0 0 1 0 50.61200000000001 50.21511500000001 15.3 0.1054896995 0.07466 5.0 0
0 0 0 1 49.3165 47.955020000000005 20.0 0.0081438 0.12858150000000002 1.9 0
1 0 0 0 60.0 59.99189 98.0 0.016234179471986653 4.2000000000000004e-05 1.85 0
0 0 0 1 48.701499999999996 48.836875 15.0 0.02649 0.11596550000000001 2.95 0
0 0 0 1 50.9815 48.508345 14.0 0.037721 0.14421750000000003 4.45 0
0 0 0 1 23.16 41.536345 14.0 0.038929 0.18811049999999999 2.45 0
0 0 0 1 46.62050000000001 43.634215 13.0 0.04745 0.12787 4.0 0
0 0 1 0 50.318 44.3686 0.0 1.0 0.0 12.0 0
0 0 0 1 49.882000000000005 43.612455000000004 30.0 0.00090982 0.0393965 2.0 0
0 0 0 1 45.980500000000006 24.8214 8.0 0.14818 0.29826 3.0 0
0 1 0 0 53.682500000000005 51.3804 16.25 0.11317947440000001 0.11171199999999999 5.4 0
0 0 0 1 47.341499999999996 44.400904999999995 24.0 0.003834 0.12789299999999998 2.4 0
0 0 0 1 50.20899999999999 42.1481 22.0 0.0057345 0.0032 2.0 0
0 0 0 1 45.347 45.835903 16.0 0.020598 0.149488 2.35 0
0 1 0 1 47.18150000000001 33.0 18.0 0.014612 0.01783 2.0 0
1 0 0 0 37.93 28.014937500000002 21.45 0.11555281777649999 0.142924 2.05 0
1 0 0 0 58.22 58.59389500000001 17.55 0.0381444119 0.11622200000000002 2.4 0
0 1 1 1 51.13 59.5125 19.0 0.010409 0.00409 1.0 0
0 0 1 0 57.56 54.17863 3.7 0.5274955000000001 0.0 16.0 0
0 0 0 1 45.278499999999994 42.255799999999994 17.0 0.017438 0.11797500000000001 2.1 0
0 0 0 1 46.156499999999994 42.233934999999995 8.0 0.14276 0.12094 4.2 0
0 0 0 1 48.2005 41.16412550000001 19.0 0.010876 0.0544145 2.15 0
0 0 0 1 51.81 45.758625 38.0 0.00014951 0.00712 2.0 0
1 0 0 0 60.0 59.99189 98.0 0.016234179471986653 4.2000000000000004e-05 1.85 0
0 0 0 1 51.976 45.75575 23.0 0.0044776 0.09788749999999999 2.15 0
0 0 0 1 48.968 49.24653 16.0 0.02465 0.00517 1.0 0
0 0 1 0 47.096999999999994 56.8913 20.8 0.02720629 0.00295 3.0 0
0 0 0 1 49.679500000000004 49.026855 19.0 0.011746 0.17267649999999998 1.95 0
0 0 0 1 45.238 54.9466 17.0 0.017864 0.01032 1.0 0
0 0 1 0 45.7 39.6495865 15.8 0.1283287502 0.00941 1.0 0
0 1 1 0 46.829 45.7939 25.0 0.12213578237 0.00039 2.0 0
1 0 0 0 46.32 37.326025 18.7 0.052406695149999995 0.0746685 2.0 0
0 0 0 1 43.898500000000006 44.579840000000004 14.0 0.031724 0.11566999999999998 2.35 0
0 0 0 1 40.429500000000004 59.795015 255.0 9.6433e-33 0.0 1.95 0
0 0 0 1 45.0065 43.132889 7.0 0.16567 0.2162135 5.0 0
0 0 0 1 50.885000000000005 46.169435 12.0 0.057585 0.08024899999999999 2.95 0
0 0 0 1 47.96 47.11732 19.0 0.01037 0.0825695 2.95 0
0 0 0 1 50.948499999999996 45.07096 23.0 0.00404 0.10860599999999998 2.0 0
1 1 1 1 59.13 60.0 59.0 1.0664e-06 0.0 1.0 1
0 0 0 1 42.7595 44.579840000000004 14.0 0.032282 0.087039 2.85 0
1 1 1 0 45.82 42.9074 23.9 0.26923148943665004 2e-05 1.0 0
0 1 0 0 56.3575 54.8846 7.25 0.5395511299999999 6e-05 12.0 0
1 0 0 0 58.01 58.37111500000001 18.15 0.049419358248700015 0.0462205 2.7 0
0 0 0 1 49.587 44.019180000000006 20.0 0.0088971 0.0905665 1.65 0
0 0 1 0 55.6155 48.6728645 14.95 0.4390855217345 0.0 9.0 0
0 0 0 1 50.11750000000001 50.7952 17.0 0.019081 0.03745 2.0 0
0 1 0 1 49.7615 25.6484 22.0 0.0054977 0.00132 2.0 0
0 1 0 1 49.564 33.5 19.0 0.011208 0.05355 3.0 0
0 0 0 1 47.85900000000001 41.444455 22.0 0.0054234 0.11586250000000002 2.0 0
0 0 0 1 46.295500000000004 41.30228 6.0 0.24122 0.1387825 4.8 0
0 1 0 0 44.617999999999995 0.0 6.7 0.34582199 1.0 4.0 0
0 0 0 1 49.858000000000004 51.584105 34.0 0.00035363 0.0217925 2.9 0
0 0 0 1 49.2375 42.242617 18.0 0.01267 0.134853 2.2 0
0 0 0 1 51.212 47.28766 12.0 0.051138 0.055032499999999984 2.25 0
1 0 0 0 60.0 60.0 64.2 0.08598963207266613 0.004196500000000001 2.7 0
0 0 0 1 50.461 46.443775 14.0 0.034771 0.05446 1.0 0
0 1 0 1 49.411 55.473 14.0 0.033846 0.01304 6.0 0
0 0 1 0 57.56 54.17863 3.7 0.5274955000000001 0.0 16.0 0
0 1 1 1 50.044 31.9579 19.0 0.010442 0.00052 4.0 0
0 1 0 0 47.8865 31.7368 25.0 0.0031592 0.03178299999999999 2.3 0
0 0 0 1 46.442499999999995 42.086505 8.0 0.14664 0.10417900000000002 2.1 0
0 0 0 1 50.674499999999995 46.130105 14.0 0.035464 0.12515 2.25 0
0 1 0 1 45.581 49.80604999999999 14.0 0.032601 0.03229 2.0 0
0 0 0 1 43.68 44.01918 20.0 0.0089043 0.11314500000000002 2.5 0
0 1 0 1 49.174 48.719055000000004 22.0 0.0054726 0.02306 2.0 0
0 0 1 0 49.8505 44.917584999999995 14.0 0.036781 0.16231 1.0 0
0 0 1 0 36.73 35.45937 16.8 0.10768482500000001 0.30485 1.0 0
0 0 0 1 50.31699999999999 48.26901 27.0 0.0016348 0.039706000000000005 1.65 0
1 0 0 0 60.0 59.99189 98.0 0.016234179471986653 4.2000000000000004e-05 1.85 0
0 0 0 1 59.286 58.622945 131.0 7.6278e-14 0.0 1.65 0
1 1 1 0 59.52 57.2929 55.0 2.7776e-06 1e-05 4.0 0
0 0 0 1 46.834999999999994 43.122245 17.0 0.016764 0.116375 1.85 0
1 0 0 0 47.73 47.88618000000001 11.0 0.072094 0.09816250000000001 3.65 0
0 0 1 0 51.640499999999996 38.57554 17.7 0.103166197 0.00442 3.0 0
0 1 0 0 46.0515 34.3488 13.0 0.043638 0.23267449999999995 3.1 0
0 0 0 1 49.529 50.46124 19.0 0.010698 0.12050599999999997 1.55 0
0 0 1 0 46.262 38.880120000000005 4.0 0.36766 0.127 4.0 0
0 0 0 1 47.5605 38.521535 18.0 0.014619 0.0730705 2.1 0
0 0 0 1 50.224000000000004 40.580323500000006 22.0 0.0057737 0.0300775 1.85 0
1 1 1 0 60.0 60.0 61.0 6.7488e-07 0.0 2.0 1
0 0 1 0 57.760000000000005 55.169055 8.2 0.38586318763999994 2e-05 14.0 0
0 1 0 0 48.279500000000006 28.0862 21.5 0.03127485025 0.00438 2.0 0
0 0 0 1 42.922 63.2558 3.0 0.45238 0.17302099999999998 4.9 0
0 1 0 1 43.545 59.197 35.0 0.00030547 0.0186 1.0 0
0 0 0 1 51.26700000000001 42.518033499999994 22.0 0.0055654 0.165011 1.6 0
0 0 0 1 50.315999999999995 31.483874999999994 6.0 0.23077 0.51296 0.0 0
0 0 0 1 49.665000000000006 43.89879 24.0 0.0037772 0.0819945 2.7 0
0 1 0 0 44.77550000000001 37.7252 21.75 0.080126832 0.0683175 2.05 0
0 0 0 1 43.898500000000006 44.579840000000004 14.0 0.03185 0.11566999999999998 2.35 0
0 0 1 1 50.0295 46.894369999999995 11.0 0.071739 0.00942 3.0 0
0 0 0 1 49.727500000000006 50.7769 11.0 0.070911 0.26425 2.0 0
0 0 1 0 57.59100000000001 56.195130000000006 8.0 0.52057898881 0.0 11.0 0
1 0 0 0 44.08 34.96955000000001 21.2 0.0443963285 0.09108400000000001 1.7 0
0 1 0 1 47.9275 41.704265 9.0 0.10493 0.099036 4.2 0
0 0 1 1 47.723499999999994 7.77778 7.0 0.16366 0.2 1.0 0
0 1 0 0 42.2065 0.0 0.0 1.0 1.0 2.0 0
0 0 1 0 57.76000000000001 53.82062499999999 6.45 0.5276387490000001 0.00042 13.0 0
0 0 0 1 46.732 42.26304499999999 20.0 0.0098613 0.0649975 2.55 0
0 0 0 1 45.92 43.708614999999995 16.0 0.024045 0.14447950000000004 4.15 0
1 0 0 0 60.0 59.99189 98.0 0.016234179471986653 4.2000000000000004e-05 1.85 0
0 0 1 0 40.433 38.934039999999996 14.75 0.06523698595 0.21429 3.0 0
1 0 0 0 54.19 54.2053 17.7 0.04575313755 0.06938649999999999 2.05 0
0 0 1 0 49.81849999999999 45.32207 0.0 0.98169 0.0 14.0 0
0 0 0 1 57.096500000000006 54.341085 83.0 4.2497e-09 0.001109 1.7 0
1 0 0 0 56.93 58.468855000000005 17.25 0.0614164205 0.059448499999999994 2.3 0
0 1 0 0 57.56 52.11679499999999 8.75 0.38391693763999996 0.00208 14.0 0
0 0 0 1 46.598 29.4543 20.0 0.009564 0.02636 1.0 0
0 1 0 0 41.102500000000006 27.7042 2.0 0.50998 0.26791 1.0 0
0 0 0 1 48.36 46.94482 13.0 0.046671 0.14234149999999998 3.7 0
0 1 0 0 54.0 50.4925 20.05 0.10367400968 0.00043 1.0 0
0 0 1 0 49.563 43.614165 17.9 0.030761498499999994 0.02419 1.0 0
1 0 0 0 60.0 59.99189 98.0 0.016234179471986653 4.2000000000000004e-05 1.85 0
0 0 0 1 51.2315 48.7546 15.0 0.028392 0.1337285 2.4 0
0 0 1 0 48.86449999999999 42.373948 20.4 0.071136492 0.00313 2.0 0
0 0 0 1 45.528999999999996 46.700644999999994 13.0 0.043249 0.1200845 3.15 0
0 0 0 1 33.76 48.811965 29.0 0.0010667 0.05369349999999999 2.4 0
0 0 1 0 50.66850000000001 47.2973 11.45 0.17162905 1e-05 19.0 0
0 1 0 0 58.669 59.6822 26.9 0.1681233224103319 0.104693 3.15 0
1 0 0 0 60.0 59.99189 98.0 0.016234179471986653 4.2000000000000004e-05 1.85 1
1 0 0 0 60.0 59.99189 98.0 0.016234179471986653 4.2000000000000004e-05 1.85 0
0 1 1 0 47.8685 35.0727 44.0 3.4032e-05 0.00015 2.0 0
0 0 1 0 42.444500000000005 14.8 5.0 0.2803 0.1455 2.0 0
0 0 1 1 49.301500000000004 48.96637 24.0 0.0033658 0.0044 6.0 0
1 0 0 0 50.73 47.49826 19.85 0.06562268500133456 0.043247999999999995 2.0 0
0 1 0 0 47.49849999999999 39.1743 15.0 0.031246 0.00146 1.0 0
0 0 0 1 50.35 48.02199 14.0 0.037775 0.14384049999999998 4.45 0
0 0 0 1 46.53549999999999 35.571997499999995 10.0 0.085668 0.37682 2.0 0
0 0 0 1 48.562999999999995 45.811175000000006 20.0 0.0084101 0.0568895 2.5 0
1 0 0 0 52.4 48.04329499999999 15.9 0.0763362935 0.073432 1.9 0
0 0 0 1 49.882000000000005 43.326805 30.0 0.00095146 0.021111 2.0 0
0 0 0 1 45.0065 43.132889 7.0 0.16115 0.2168045 3.55 0
0 0 0 1 49.5565 46.02748 15.0 0.030049 0.15166800000000003 2.2 0
0 0 0 1 52.123000000000005 42.27224 22.0 0.005771 0.06132 1.0 0
1 0 0 0 60.0 59.99189 98.0 0.016234179471986653 4.2000000000000004e-05 1.85 0
0 0 0 1 51.061499999999995 41.027305 15.0 0.028725 0.0626495 2.25 0
0 0 0 1 46.295500000000004 41.49228000000001 6.0 0.24606 0.17786300000000002 3.35 0
1 0 0 0 59.76 59.604395 78.1 0.0009855650026265052 0.010386 2.8 0
0 0 0 1 45.0415 42.6057 13.0 0.049891 0.07506949999999998 2.4 0
0 0 0 1 43.17 45.074403000000004 16.0 0.024294 0.22469 1.0 0
0 0 0 1 48.17450000000001 49.339330000000004 17.0 0.016346 0.07602849999999998 1.55 0
0 1 0 0 48.284000000000006 27.15 8.0 0.15717 0.00488 2.0 0
0 0 0 1 49.273999999999994 44.500825 22.0 0.0062216 0.03966 2.0 0
1 0 0 0 51.66 48.93823999999999 17.05 0.05781423769999998 0.046942500000000005 2.15 0
0 0 0 1 48.931999999999995 51.23313 15.0 0.025933 0.11742299999999999 2.35 0
0 0 0 1 49.3255 50.88462 39.0 0.00010411 0.022619 1.95 0
0 1 0 0 58.184000000000005 59.6389 15.6 0.17183349091999997 0.11268 3.75 0
0 0 0 1 45.103500000000004 33.1431415 7.0 0.18255 0.11379999999999998 5.5 0
0 0 1 0 42.3855 27.036220000000004 2.0 0.56704 0.15032 2.0 0
0 0 1 0 51.4225 44.182759999999995 19.2 0.24817409290000003 0.00012 1.0 0
0 0 0 1 48.24300000000001 40.134 16.0 0.022597 0.1027245 3.35 0
0 0 0 1 52.387 42.74467 23.0 0.0044136 0.11874799999999999 2.35 0
0 0 0 1 46.9615 16.5 17.0 0.016917 0.9 1.0 0
0 0 0 1 43.2595 32.09793549999999 5.0 0.26441 0.16910799999999998 3.9 0
0 0 0 1 47.169 42.050667 4.0 0.3956 0.18400249999999999 3.75 0
0 0 0 1 51.878 44.493790000000004 23.0 0.0043184 0.12311100000000001 2.25 0
0 0 0 1 47.3415 44.400905 24.0 0.0039019 0.12162450000000002 2.3 0
0 0 0 1 45.964 40.23863000000001 9.0 0.114 0.13767500000000002 4.25 0
0 0 0 1 46.1405 55.4228 18.0 0.014198 0.39004 2.0 0
0 0 0 1 56.1 47.453829999999996 24.0 0.0031693 0.0784445 2.1 0
0 0 0 1 45.6635 48.1455 28.0 0.0015105 0.028444499999999994 2.0 0
1 0 0 0 44.52 35.020309999999995 18.9 0.03748471 0.046756000000000006 2.15 0
0 0 0 1 49.131 43.36475500000001 14.0 0.03619 0.0813915 1.95 0
0 0 1 0 49.157500000000006 41.0938 4.0 0.34947 0.0 10.0 0
1 0 0 0 54.65 55.751265000000004 20.1 0.06622721585 0.047279499999999995 1.6 0
0 0 1 0 42.2025 40.69034 13.65 0.18514874 0.29579 1.0 0
1 1 1 0 60.0 60.0 95.0 3.0755e-10 0.0 2.0 1
1 0 0 1 57.67 42.0901765 15.0 0.031088 0.0964 2.0 0
0 0 0 1 46.732000000000006 42.26304499999999 20.0 0.0098414 0.064649 2.5 0
0 0 0 1 47.209 45.261655000000005 35.0 0.00030237 0.0132555 2.55 0
0 0 0 1 49.959500000000006 43.1574615 15.0 0.028444 0.02876 2.0 0
0 0 0 1 47.1545 43.99717 2.0 0.50429 0.22492300000000004 5.9 0
0 0 0 1 50.048 50.7324 19.0 0.010269 0.02151 3.0 0
0 0 1 0 56.34 34.11776999999999 15.35 0.09068685200000001 0.0428 1.0 0
1 0 0 0 59.47 59.227194999999995 52.25 0.03946073961890641 0.07118200000000001 4.0 0
0 0 0 1 50.4905 46.388845 18.0 0.013245 0.29897 5.0 0
0 0 0 1 47.534499999999994 30.5271 16.0 0.020256 0.41703 6.0 0
1 0 0 0 43.93 35.20969 17.3 0.15389642599999998 0.0860085 1.75 0
0 0 1 1 48.894000000000005 43.3013 9.0 0.11647 0.00034 4.0 0
0 0 0 1 46.4495 48.30608500000001 17.0 0.01589 0.15525000000000003 3.4 0
0 0 1 0 46.459500000000006 52.1527 16.0 0.024046 0.0 2.0 0
1 0 0 0 60.0 59.99189 98.0 0.016234179471986653 4.2000000000000004e-05 1.85 0
0 0 1 0 49.8435 48.024395000000005 4.0 0.34388 1e-05 1.0 0
1 0 0 0 54.84 55.23614 19.6 0.04161391700000001 0.0335235 1.9 0
0 0 0 1 47.916 40.8152 18.0 0.012644 0.13132 1.0 0
0 0 0 1 50.18749999999999 44.674705 11.0 0.063662 0.10465150000000001 4.65 0
1 0 0 0 46.97 38.355000000000004 18.15 0.063299388 0.0641295 2.3 0
1 0 0 0 60.0 59.99189 98.0 0.016234179471986653 4.2000000000000004e-05 1.85 1
0 1 0 1 47.167500000000004 32.875 11.0 0.07313 0.0816 1.0 0
0 0 0 1 45.9745 51.06358 25.0 0.0025163 0.09309049999999999 4.15 0
0 0 1 0 27.5 48.16528699999999 12.55 0.17210439200000002 0.22942 1.0 0
0 0 0 1 49.862500000000004 44.0444585 13.0 0.048054 0.18188200000000002 1.8 0
0 0 0 1 48.56400000000001 44.405964999999995 14.0 0.032803 0.1766845 1.95 0
0 0 0 1 58.54350000000001 60.0 5.0 0.29549 0.1900095 2.6 0
0 0 0 1 44.852 43.937605000000005 14.0 0.039691 0.09316450000000001 2.45 0
0 0 0 1 55.04 47.227595 14.0 0.03531 0.107697 2.8 0
1 0 0 0 60.0 59.99189 98.0 0.016234179471986653 4.2000000000000004e-05 1.85 0
1 0 0 0 60.0 59.99189 98.0 0.016234179471986653 4.2000000000000004e-05 1.85 0
0 0 1 0 49.8825 34.246515 0.0 1.0 0.0 1.0 0
0 0 0 1 50.9485 45.07096 23.0 0.0040896 0.14961750000000001 1.95 0
0 0 0 1 49.494 50.53589999999999 15.0 0.026079 0.15933049999999999 1.95 0
0 0 0 1 49.4765 45.752635000000005 21.0 0.0070961 0.049725000000000005 2.5 0
1 0 0 0 60.0 59.99189 98.0 0.016234179471986653 4.2000000000000004e-05 1.85 0
0 0 1 0 49.56099999999999 43.24086 21.6 0.02603378455 0.00496 1.0 0
1 0 0 0 59.1 59.008245 19.05 0.13922322680379 0.10609450000000001 3.05 0
0 0 1 0 49.288 50.306445 19.8 0.142302225 0.00749 4.0 0
0 0 0 1 47.9275 39.99249999999999 9.0 0.10417 0.11253250000000001 3.9 0
0 0 0 1 50.3115 47.63264 23.0 0.0042971 0.0157 2.0 0
1 0 0 0 45.99 36.966055000000004 24.6 0.02759917270000265 0.0350775 2.05 0
0 0 0 1 57.52 44.188655 24.0 0.0038958 0.12236699999999998 2.25 0
0 0 0 1 44.852 43.937605000000005 14.0 0.039463 0.08777599999999999 3.5 0
0 0 0 1 42.36 33.64703999999999 20.0 0.0094453 0.1041085 3.35 0
0 1 0 0 50.35447767066693 44.52678267539525 24.651144857041167 0.09658699853529934 0.10095995499099822 3.9706941388277657 0
0 0 0 1 48.556999999999995 46.822275000000005 15.0 0.026328 0.1844115 2.5 0
1 0 0 0 41.31 28.749815 28.15 0.1037723657240655 0.063368 1.85 0
0 0 0 1 48.808499999999995 43.3333 6.0 0.23701 0.42033 19.0 0
0 1 1 0 46.9715 65.2614 91.0 7.4103e-10 0.0 2.0 0
1 0 0 0 39.32 44.163054 7.0 0.15943 0.19324399999999997 4.35 0
0 0 1 0 46.5065 37.86678 17.3 0.09428867153999998 0.11068 1.0 0
0 0 0 1 48.851 39.43267 10.0 0.096154 0.11573800000000001 3.95 0
0 0 0 1 49.34 41.526239999999994 157.0 1.7756e-16 0.037278500000000006 1.5 0
0 0 0 1 44.759 44.579840000000004 14.0 0.032227 0.09403349999999999 2.8 0
1 0 0 0 60.0 59.99189 98.0 0.016234179471986653 4.2000000000000004e-05 1.85 0
0 0 0 1 46.742 33.626096000000004 4.0 0.375 0.45833 2.0 0
0 1 1 1 52.35 44.3986 15.0 0.031239 0.00542 3.0 0
0 0 0 1 40.429500000000004 59.795015 255.0 3.6941999999999996e-28 0.0 1.95 0
0 0 0 1 49.2375 42.242617 18.0 0.012658 0.134853 2.2 0
0 0 1 0 57.59100000000001 56.195130000000006 8.0 0.46612042931 6e-05 11.0 0
0 0 0 1 49.54699999999999 45.29028 14.0 0.034605 0.10327800000000001 3.2 0
1 0 0 0 60.0 59.99189 98.0 0.016234179471986653 4.2000000000000004e-05 1.85 0
0 0 0 1 35.21 51.18837499999999 25.0 0.0026114 0.080419 3.35 0
0 1 0 0 39.738 22.0 7.7 0.33197111500000004 1.0 1.0 0
0 0 0 1 50.0815 51.584105 34.0 0.00039366 0.0347495 2.2 0
0 0 0 1 50.135 59.1818 24.0 0.0032605 0.52761 2.0 0
1 0 0 0 44.6 34.403645 19.75 0.035591955 0.046241000000000004 2.25 0
0 0 0 1 50.02999999999999 46.45652500000001 14.0 0.03685 0.10904849999999999 2.2 0
0 0 1 0 42.808499999999995 10.0741 3.0 0.46533 0.18333 2.0 0
1 1 0 0 37.63 46.2171 17.1 0.0939024905 0.1457905 2.1 0
1 0 0 0 47.77 35.4747895 9.0 0.10374 0.09007 2.0 0
0 0 0 1 46.6195 49.28219 9.0 0.11101 0.1619985 3.45 0
0 0 0 1 48.523 46.161295 18.0 0.01515 0.12140600000000001 2.25 0
0 0 0 1 49.266 44.79445499999999 26.0 0.0024221 0.11321600000000002 2.75 0
0 0 0 1 48.541999999999994 47.567215000000004 13.0 0.042067 0.1292315 1.9 0
0 0 0 1 48.947500000000005 9.442263500000001 12.0 0.056158 1.0 2.0 0
0 1 0 0 46.44249999999999 42.46317 8.0 0.14653 0.104179 2.1 0
0 0 1 0 45.402499999999996 39.879225000000005 29.1 0.01038352915075 0.00125 1.0 0
0 0 0 1 49.858000000000004 51.584105 34.0 0.00032809 0.016096500000000003 2.75 0
0 1 0 0 44.296 35.9605 19.35 0.062986469765 0.0626795 3.4 0
0 0 0 1 49.519999999999996 49.741465 17.0 0.019764 0.13831549999999998 1.6 0
0 0 0 1 45.4165 40.616924999999995 9.0 0.11947 0.1091335 4.2 0
0 0 0 1 48.8875 47.944480000000006 20.0 0.0081896 0.14723 1.75 0
0 0 0 1 46.28150000000001 43.445235 14.0 0.033883 0.10941750000000001 3.6 0
0 0 0 1 47.921499999999995 51.99142499999999 29.0 0.001086 0.04097 2.45 0
0 0 0 1 55.87 44.233149999999995 11.0 0.064296 0.12368699999999999 5.5 0
0 0 0 1 57.0875 55.32023 85.0 2.8243e-09 0.0007435 1.85 0
0 0 1 0 49.328500000000005 53.68411 6.2 0.58414086 0.0 8.0 0
0 0 0 1 47.287 33.4762005 5.0 0.26923 0.18989699999999998 5.35 0
0 0 1 0 47.322500000000005 20.25 20.0 0.0099524 0.0 9.0 0
0 0 0 1 47.3415 44.400905 24.0 0.0039266 0.12181949999999994 2.3 0
0 0 0 1 40.429500000000004 59.795015 236.0 2.2192e-24 0.0 1.95 0
0 1 0 0 47.1545 43.99717 2.0 0.50508 0.22492300000000004 5.9 0
0 1 0 0 50.35447767066693 44.52678267539525 24.651144857041167 0.09658699853529934 0.10095995499099822 3.9706941388277657 0
0 0 0 1 47.23100000000001 49.354845 29.0 0.0011303 0.00024 2.0 0
0 0 0 1 46.56400000000001 43.59316450000001 36.0 0.00021502 0.04551499999999999 2.65 0
0 0 0 1 52.607000000000006 53.563625 49.0 1.0811e-05 0.016319 1.7 0
1 0 0 0 56.06 57.649625 20.05 0.03695569155 0.055496500000000004 2.8 0
0 0 0 1 49.102 42.832815 13.0 0.044306 0.1386365 2.75 0
0 1 0 1 58.543499999999995 60.0 25.0 0.0025219 0.18910149999999998 3.55 0
0 0 0 1 52.3725 46.462745000000005 44.0 3.6088e-05 0.031429 2.05 0
0 0 1 0 59.947500000000005 58.182465 81.15 0.05852936627391324 0.0 1.0 0
0 0 0 1 52.169 58.541 16.0 0.022053 0.36768 1.0 0
0 0 1 0 45.6715 58.62 14.0 0.038598 0.0 12.0 0
0 0 0 1 47.723499999999994 47.906895000000006 21.0 0.0076103 0.09858 3.7 0
0 1 0 1 48.058 43.8372 21.0 0.0065988 0.0257 3.0 0
0 1 0 0 56.79299999999999 58.0745 19.25 0.1287986892611 0.071993 4.1 0
0 0 0 1 51.099500000000006 46.196915000000004 14.0 0.033109 0.1622625 2.45 0
0 0 1 0 53.24799999999999 60.0 9.0 0.10923 0.0 1.0 0
0 0 0 1 46.295500000000004 41.49228000000001 6.0 0.25039 0.0900525 4.2 0
1 0 0 0 60.0 59.99189 98.0 0.016234179471986653 4.2000000000000004e-05 1.85 0
0 0 0 1 48.146 44.15291 14.0 0.038593 0.150386 2.75 0
0 0 1 0 52.174 50.2576 17.15 0.072873874926 0.0 48.0 0
0 0 1 1 49.86000000000001 39.62724999999999 19.0 0.011061 0.00662 3.0 0
0 0 0 1 50.190000000000005 47.93954500000001 13.0 0.039855 0.18723549999999997 2.7 0
0 0 0 1 42.01 46.41563 15.0 0.030045 0.1957135 2.4 0
0 1 1 0 54.00100000000001 49.4 8.45 0.46858622999999994 0.00044 12.0 0
1 0 0 0 53.17 31.910629 7.0 0.18347 0.21713 1.0 0
0 0 1 0 43.616499999999995 30.438029999999998 0.0 0.94893 0.17413 1.0 0
0 0 1 0 51.35 46.2212 7.0 0.17114 0.00892 3.0 0
0 0 0 1 49.12949999999999 45.92553 15.0 0.026529 0.09436 2.6 0
0 0 0 1 46.70799999999999 44.390730000000005 14.0 0.032646 0.16053849999999997 1.85 0
0 0 0 1 53.28 47.453115 14.0 0.032362 0.01166 1.0 0
0 0 0 1 49.9735 48.430465000000005 15.0 0.025684 0.08944349999999998 2.05 0
0 0 0 1 57.107499999999995 59.11505999999999 116.0 2.2477e-12 0.0 2.2 0
0 0 0 1 45.97 45.617475 19.0 0.011808 0.01591 2.0 0
1 1 0 0 45.98 34.6296 20.55 0.03674621705 0.00162 1.0 0
0 0 0 1 52.339999999999996 47.090954999999994 14.0 0.037594 0.1763335 4.45 0
0 0 0 1 52.3725 46.462745 44.0 3.6932e-05 0.031429 2.05 0
0 0 0 1 56.12 47.2395815 32.0 0.00062535 0.05836 1.5 0
1 0 0 0 57.95 58.43169 16.1 0.0335135775 0.0497085 2.85 0
0 0 0 1 48.665 46.822275000000005 15.0 0.026344 0.15766850000000002 2.65 0
0 0 0 1 50.048 47.7642 19.0 0.010354 0.13781 6.0 0
1 0 0 0 60.0 59.99189 98.0 0.016234179471986653 4.2000000000000004e-05 1.85 0
0 0 0 1 49.005500000000005 45.415485000000004 21.0 0.0070389 0.061511 2.3 0
0 0 0 1 45.7765 40.103655 17.0 0.017148 0.09433100000000001 2.55 0
0 0 0 1 44.593 44.65961 5.0 0.31352 0.10199399999999999 4.5 0
0 1 0 1 49.68 48.3178 14.0 0.037684 0.14788050000000003 4.5 0
0 0 0 1 45.4165 41.30401500000001 9.0 0.12464 0.23194649999999997 4.55 0
0 0 0 1 49.882000000000005 43.326805 30.0 0.00097461 0.021703999999999998 1.8 0
0 0 0 1 47.5865 46.69119499999999 13.0 0.043796 0.21262849999999997 2.35 0
0 0 0 1 48.7855 46.039925 21.0 0.0069941 0.072448 1.75 0
0 1 0 0 46.15 31.6698 20.2 0.20402068865 0.00013 3.0 0
1 0 0 0 60.0 59.99189 98.0 0.016234179471986653 4.2000000000000004e-05 1.85 0
0 0 1 0 44.122 41.08225449999999 13.55 0.140171887 0.087 2.0 0
0 1 0 0 43.245 36.0878 7.0 0.19937 0.04445 1.0 0
1 0 0 0 60.0 59.99189 98.0 0.016234179471986653 4.2000000000000004e-05 1.85 1
0 0 0 1 51.480000000000004 44.76341 23.0 0.0042729 0.10975349999999999 1.95 0
0 0 0 1 47.993 40.8976825 25.0 0.0030658 0.09246950000000001 1.75 0
1 1 1 0 60.0 60.0 124.0 3.2465e-13 0.0 1.0 1
1 0 0 0 60.0 59.99189 98.0 0.016234179471986653 4.2000000000000004e-05 1.85 1
0 0 0 1 45.32449999999999 45.148045 3.0 0.48529 0.14913300000000002 7.2 0
1 0 0 0 39.88 28.410486 6.0 0.21327 0.10402 2.0 0
0 0 1 0 43.317499999999995 42.017444999999995 13.4 0.12280410999999998 0.141 2.0 0
0 0 1 0 46.403 49.034925 18.2 0.05867212999999999 0.0143 2.0 0
1 0 0 0 60.0 59.99189 98.0 0.016234179471986653 4.2000000000000004e-05 1.85 0
0 0 0 1 47.248 46.812025 18.0 0.015357 0.14721 2.45 0
0 0 0 1 49.198 48.68206149999999 15.0 0.027916 0.09213000000000002 2.75 0
0 0 1 0 57.7325 45.555165 8.5 0.272908985 0.0 23.0 0
0 0 1 1 46.252500000000005 36.7386495 6.0 0.20581 0.07347 2.0 0
0 1 0 0 45.6715 42.1071 14.0 0.038983 0.01552 3.0 0
0 1 0 0 49.781499999999994 50.208054999999995 14.1 0.10397269150000002 0.0763 6.0 0
0 0 1 0 50.9415 49.429745 16.9 0.10000432135000001 0.00524 6.0 0
0 1 0 1 49.339 47.1985 14.0 0.038208 0.11815500000000001 2.75 0
0 0 0 1 48.189499999999995 46.440158000000004 16.0 0.021366 0.33057 1.0 0
1 1 0 1 50.13 47.2432 19.0 0.010611 0.24694 1.0 0
0 0 0 1 49.731 49.79875 41.0 7.3176e-05 0.07682399999999998 1.85 0
0 0 0 1 50.263000000000005 59.7347 24.0 0.003684 0.11714 4.0 0
0 0 0 1 49.75 46.790805 27.0 0.0017549 0.00926 2.0 0
0 0 0 1 47.072 39.5234705 5.0 0.28111 0.10395550000000002 2.7 0
0 0 0 1 50.31699999999999 48.269009999999994 27.0 0.0016701 0.0484445 1.9 0
0 0 1 0 47.666000000000004 43.617815 19.4 0.0248979485 0.00747 2.0 0
0 0 1 0 49.712999999999994 49.848992499999994 2.0 0.54404 0.0 11.0 0
0 0 1 0 51.5895 44.7994075 2.0 0.57882 0.0 4.0 0
1 0 0 0 60.0 59.99189 98.0 0.016234179471986653 4.2000000000000004e-05 1.85 0
0 0 0 1 45.58650000000001 46.535975 13.0 0.046938 0.188846 3.8 0
1 0 0 0 60.0 59.99189 98.0 0.016234179471986653 4.2000000000000004e-05 1.85 0
0 0 0 1 46.28150000000001 43.445235 14.0 0.033883 0.10941750000000001 3.6 0
0 0 0 1 48.4935 44.090695 13.0 0.04286 0.00098 1.0 0
0 0 0 1 43.25950000000001 35.33468 5.0 0.2588 0.1973395 4.25 0
0 0 0 1 51.5705 41.442625 23.0 0.0042192 0.10431249999999999 2.05 0
1 0 0 0 53.06 49.98664 19.8 0.07914868955 0.073473 2.6 0
0 0 0 1 39.32 46.4940965 15.0 0.027982 0.01417 2.0 0
0 0 1 0 56.42750000000001 53.762635 8.05 0.40222609900000006 0.00067 10.0 0
0 1 0 0 35.6625 12.2 14.1 0.17245885749999998 0.3554875 2.3 0
0 0 0 1 43.443 47.17993499999999 5.0 0.29545 0.11898800000000001 4.25 0
0 0 0 1 47.1505 32.867380499999996 5.0 0.26667 0.188678 3.7 0
0 0 0 1 47.978500000000004 50.84029 15.0 0.025809 0.093953 2.05 0
0 0 0 1 44.7085 40.90417000000001 14.0 0.039126 0.167653 3.6 0
1 0 0 1 31.27 47.056625 13.0 0.042269 0.172035 2.6 0
0 0 0 1 44.904999999999994 44.506150000000005 3.0 0.46524 0.11848100000000002 5.7 0
1 0 0 0 56.54 58.33932 19.5 0.0479907715 0.10236899999999997 1.75 0
0 0 0 1 40.429500000000004 59.795015 255.0 0.0 0.0 1.95 0
0 0 0 1 49.185500000000005 43.91426 21.0 0.0074781 0.12492199999999998 3.95 0
0 0 0 1 46.4 45.456925 13.0 0.047147 0.1354045 2.75 0
0 0 0 1 48.115 46.05327 16.0 0.02126 0.1114385 1.95 0
0 0 1 0 51.3625 47.15858000000001 6.0 0.22509 0.0 4.0 0
0 0 0 1 46.1835 43.525 4.0 0.38109 0.19992 1.0 0
0 0 0 1 45.32449999999999 45.182685000000006 3.0 0.4701 0.07500000000000001 4.85 0
0 0 0 1 45.57900000000001 38.289604999999995 7.0 0.17449 0.13072849999999997 4.2 0
0 0 0 1 48.812 44.15959000000001 33.0 0.00047457 0.022029 2.1 0
0 0 0 1 40.429500000000004 59.795015 255.0 0.0 0.0 1.95 0
0 0 0 1 45.0785 44.43256 28.0 0.0013253 0.05779799999999998 2.35 0
0 0 0 1 48.019000000000005 50.478899999999996 41.0 6.9486e-05 0.075786 2.4 0
0 0 0 1 48.9275 42.528825000000005 14.0 0.036086 0.0987285 2.05 0
0 1 0 0 48.263999999999996 41.68 21.2 0.07950814736397499 0.04145800000000001 6.1 0
0 0 0 1 46.4485 44.776898 4.0 0.32311 0.13238100000000003 5.05 0
0 1 0 0 44.572500000000005 59.4149 17.55 0.28080184075000003 0.00057 3.0 0
0 0 1 0 54.36 43.612790000000004 17.35 0.085288195 0.00224 3.0 0
0 0 0 1 49.138 43.65669999999999 16.0 0.021734 0.12043699999999999 1.9 0
0 0 0 1 50.697500000000005 48.147805000000005 17.0 0.019521 0.14578149999999998 1.75 0
0 0 0 1 45.25350000000001 49.13462 13.0 0.043014 0.0943475 2.7 0
1 0 0 0 60.0 59.99189 98.0 0.016234179471986653 4.2000000000000004e-05 1.85 0
0 0 0 1 50.1155 46.687025 15.0 0.026795 0.0893685 2.05 0
1 0 0 0 56.66 58.328895 20.65 0.035369344215 0.0654305 1.75 0
0 0 0 1 49.658 38.1335955 19.0 0.011064 0.058409 2.55 0
0 0 0 1 49.4945 45.1838805 15.0 0.025484 0.0819055 1.6 0
0 0 1 0 57.641000000000005 52.727845 13.0 0.48482393000011614 0.0 12.0 0
0 0 0 1 46.7025 41.918365 5.0 0.28261 0.15106950000000002 2.9 0
0 0 1 0 44.720499999999994 35.313584999999996 2.0 0.51721 0.05525 1.0 0
0 0 0 1 47.832 49.022245 17.0 0.017965 0.06670650000000002 3.85 0
0 0 0 1 47.6395 59.6926 20.0 0.0080883 0.02788 1.0 0
1 0 0 0 60.0 59.99189 98.0 0.016234179471986653 4.2000000000000004e-05 1.85 0
0 0 0 1 56.763 59.795015 205.0 3.0237e-21 0.0 1.9 0
0 1 0 1 50.384499999999996 41.098443499999995 22.0 0.0057953 0.026501499999999994 1.85 0
0 1 0 0 46.19049999999999 46.83392 14.45 0.1040510625 0.09725 3.0 0
1 0 0 0 58.57 58.922025 14.0 0.127797905 0.09877099999999998 3.45 0
0 0 1 0 48.234 41.875 9.0 0.11991 0.0 4.0 0
1 0 0 0 59.76 59.604395 78.1 0.0009855650026265052 0.010386 2.8 0
0 0 0 1 43.2595 35.334680000000006 5.0 0.2571 0.2103355 4.3 0
0 0 0 1 47.448 42.92539000000001 22.0 0.0051926 0.033198 2.05 0
0 1 0 1 43.557 59.6226 8.0 0.13257 0.03363 1.0 0
0 0 0 1 43.629 28.159832 50.0 8.5557e-06 0.25847 2.0 0
0 0 0 1 45.460499999999996 38.4789215 7.0 0.19821 0.20124499999999998 3.8 0
0 0 0 1 52.080499999999994 44.19255 13.0 0.040042 0.54452 3.0 0
0 0 1 0 57.641000000000005 52.727845 13.0 0.48482393000011614 0.0 12.0 0
0 0 0 1 46.12050000000001 47.82827 11.0 0.074052 0.13375499999999999 4.25 0
0 0 0 1 47.0255 39.544065 6.0 0.23529 0.2070725 4.9 0
0 1 0 0 45.813500000000005 47.680049999999994 25.0 0.0025187 0.17144 17.0 0
0 0 0 1 47.2415 50.45355 42.0 6.3088e-05 0.033758500000000004 3.45 0
0 0 1 0 50.3695 43.609125 17.85 0.064212736 0.02193 4.0 0
0 1 0 0 45.712 44.774294499999996 13.25 0.15446301850000002 0.09004 2.0 0
0 0 1 0 48.44950000000001 53.5696 0.0 0.95429 0.0 3.0 0
1 0 0 1 56.42 50.473555 16.0 0.024767 0.13879550000000002 2.55 0
0 0 1 0 53.248000000000005 60.0 0.0 1.0 0.0 1.0 0
0 0 0 1 47.51350000000001 45.389860000000006 26.0 0.0020593 0.08218850000000001 2.7 0
0 0 0 1 40.429500000000004 59.795015 255.0 0.0 0.0 1.95 0
0 0 1 0 48.749 57.94 5.0 0.27315 0.00328 3.0 0
0 0 0 1 48.971 40.62425499999999 32.0 0.00058059 0.17546 1.0 0
1 0 0 0 55.97 43.74033 8.0 0.13439 0.05292 2.0 0
0 0 0 1 46.97599999999999 45.378235 31.0 0.00074867 0.0248475 1.55 0
1 0 0 0 52.63 47.79901500000001 16.35 0.08096756699999999 0.04498200000000001 2.2 0
0 0 0 1 45.253499999999995 49.13462 13.0 0.042962 0.11915300000000002 2.45 0
1 0 0 0 59.06 60.0 0.0 0.85315 0.16722 2.0 0
1 0 0 0 58.97 59.07604999999999 18.35 0.13550763865379 0.11142850000000001 2.1 0
0 0 1 0 50.194500000000005 44.01501999999999 11.0 0.063121 0.19491 3.0 0
1 0 0 0 34.2 44.98598500000001 13.8 0.15033897499999999 0.26815 1.0 0
0 0 1 0 57.7325 43.019785 5.8 0.375840915 0.0 43.0 0
0 0 0 1 50.9485 45.07096 23.0 0.0041326 0.09851549999999999 1.85 0
0 0 1 0 49.7815 48.97765499999999 14.0 0.03464 0.0 18.0 0
0 0 0 1 42.18 41.383385 21.0 0.0064479 0.21816 1.0 0
0 0 0 1 47.3785 48.743425 38.0 0.00014453 0.0474345 2.3 0
1 0 0 0 56.73 58.57633499999999 20.65 0.027927880215 0.0780725 1.7 0
0 1 0 0 45.093999999999994 7.182544499999999 11.9 0.233295838 1.0 3.0 0
1 0 0 0 60.06 59.901855 141.15 0.0034194599660628544 0.005699500000000001 2.2 0
0 0 0 1 50.154999999999994 16.2857 11.0 0.064299 0.12593949999999998 5.5 0
0 0 1 0 57.7325 54.002815 11.5 0.3134485156785 0.0 19.0 0
0 0 0 1 48.794500000000006 46.916039999999995 19.0 0.010068 0.10274150000000001 2.9 0
0 0 0 1 50.522499999999994 24.0332 13.0 0.041688 0.08019 2.0 0
0 0 1 0 57.7325 45.555165 8.5 0.272908985 0.0 23.0 0
0 0 1 0 51.790499999999994 42.956525 27.1 0.09545594113 0.00016 1.0 0
0 0 0 1 47.4865 46.450715 19.0 0.012555 0.09614249999999999 2.3 0
0 0 0 1 50.414500000000004 36.649716 21.0 0.0073231 0.11887 2.0 0
0 0 1 0 49.540000000000006 57.5038 12.55 0.350789817727 5e-05 4.0 0
0 0 1 0 44.4365 43.88817 16.0 0.07692497499999999 0.07056 1.0 0
0 0 0 1 51.477999999999994 38.8123365 15.0 0.025813 0.2105 3.0 0
0 0 0 1 46.95 44.27775 18.0 0.015049 0.12134749999999998 2.05 0
0 0 0 1 52.584500000000006 44.052855 23.0 0.0043568 0.13204049999999998 2.3 0
0 0 0 1 45.998999999999995 43.876505 25.0 0.0028525 0.0850365 2.3 0
0 0 1 0 49.8825 48.024395000000005 1.0 0.68852 0.0 1.0 0
0 0 0 1 48.2835 41.817625 27.0 0.0018998 0.01788 1.0 0
1 0 0 0 52.39 48.04329499999999 16.45 0.0600177435 0.07343199999999998 1.9 0
0 0 0 1 45.75350000000001 45.447235 14.0 0.033768 0.1385325 3.35 0
0 0 0 1 49.9755 45.112790000000004 14.0 0.037148 0.00918 2.0 0
1 1 1 0 60.0 60.0 93.0 4.4281e-10 0.0 3.0 1
0 0 1 1 45.8155 7.33333 32.0 0.00054393 0.03571 2.0 0
0 0 0 1 49.483999999999995 49.015460000000004 29.0 0.0012212 0.033315500000000005 1.6 0
0 0 1 0 44.7085 43.1172315 16.75 0.0495518615 0.03736 2.0 0
0 0 0 1 45.460499999999996 39.615331499999996 7.0 0.19205 0.1808775 4.05 0
0 0 1 0 47.3425 29.2857 2.0 0.56 0.0 14.0 0
0 1 0 0 45.821 46.253295 17.05 0.044071085 0.02466 2.0 0
0 0 0 1 46.472 30.689848500000004 2.0 0.53216 0.5098 2.0 0
0 0 0 1 49.804 42.72288 18.0 0.013248 0.10257100000000001 3.0 0
0 0 0 1 49.2375 42.242617 18.0 0.012711 0.134853 2.2 0
0 0 0 1 49.44500000000001 49.11243 17.0 0.018321 0.0696775 2.05 0
1 0 0 1 45.67 47.051565 14.0 0.035965 0.23674 3.0 0
1 0 0 0 50.8 43.106995 8.0 0.14002 0.13452 3.0 0
0 0 0 1 58.2275 58.65763499999999 93.0 4.5632e-10 0.0 2.1 0
0 0 0 1 47.341499999999996 44.400904999999995 24.0 0.0038931 0.11661999999999999 2.3 0
0 0 1 0 48.2475 48.51733500000001 10.0 0.094293 0.0 2.0 0
0 1 1 1 47.286 56.7065 26.0 0.0021445 0.00166 1.0 0
0 0 0 1 50.58 40.588335 18.0 0.013659 0.12497699999999998 1.9 0
0 0 0 1 49.7975 36.57991 7.0 0.18182 0.30961 26.0 0
0 0 1 0 55.61699999999998 57.2692 16.25 0.09912703604499998 0.0 19.0 0
0 0 0 1 46.071 47.80240500000001 16.0 0.020965 0.12704850000000004 2.1 0
0 0 0 1 47.914 42.5420665 17.0 0.019675 0.11238 2.0 0
0 0 0 1 46.4495 48.306084999999996 17.0 0.016081 0.13609100000000002 3.95 0
0 0 0 1 48.812 44.15959000000001 33.0 0.00047864 0.022029000000000003 2.1 0
0 0 0 1 46.295500000000004 39.369095 6.0 0.24 0.1292415 6.25 0
0 0 0 1 54.028 57.62235999999999 68.0 1.3482e-07 0.024768500000000002 2.55 0
0 0 1 0 46.5995 43.411505000000005 3.0 0.47476 0.01205 2.0 0
0 0 1 0 49.328500000000005 53.68411 10.1 0.317766035 0.00041 8.0 0
0 0 0 1 47.276 45.816425 21.0 0.0075639 0.135472 3.8 0
1 0 0 0 42.16 42.79316 20.45 0.03359818915 0.01862 1.0 0
0 0 0 1 50.08149999999999 51.584105 34.0 0.00038523 0.0347495 2.2 0
0 0 0 1 49.0575 42.176384999999996 19.0 0.01137 0.11029750000000002 2.65 0
0 0 0 1 48.4095 48.3617 17.0 0.019211 0.10468400000000003 2.0 0
0 0 0 1 48.812999999999995 48.44618 8.0 0.13295 0.1319305 4.45 0
0 0 1 0 41.282 42.325115 13.1 0.18303741194999998 0.16534 3.0 0
1 1 1 0 60.0 60.0 133.0 4.3303e-14 0.0 1.0 1
0 0 1 0 49.85850000000001 50.70869 0.0 0.86573 0.0 3.0 0
0 0 0 1 46.4775 43.703105 8.0 0.14193 0.12248650000000001 4.2 0
0 0 0 1 55.88 45.096455000000006 26.0 0.0025 0.11847250000000002 2.6 0
0 1 0 0 49.167500000000004 26.4 9.0 0.11973 0.01431 4.0 0
0 1 0 0 48.9 47.2171 15.9 0.0439815095 0.0385065 4.05 0
0 0 1 0 57.7325 46.46039 8.5 0.270747135 2e-05 24.0 0
0 0 0 1 48.173 37.02115500000001 20.0 0.0090572 0.15149 2.0 0
1 0 0 0 48.64 44.5317 22.85 0.06405572084793501 0.054994 1.85 0
0 0 1 0 47.47500000000001 58.2456 14.4 0.146558775 0.01886 3.0 0
0 0 0 1 50.029999999999994 46.456525 14.0 0.036836 0.09583 2.05 0
0 0 1 0 47.4255 51.531825000000005 13.95 0.2998904774 0.02666 7.0 0
0 0 0 1 47.5555 48.092385 17.0 0.016594 0.07784900000000002 3.25 0
0 0 0 1 46.4495 48.30608500000001 17.0 0.015851 0.15525000000000003 3.4 0
1 0 0 0 53.78 45.05598500000001 19.05 0.079914094435375 0.11268 3.0 0
0 0 0 1 51.5705 42.82388000000001 23.0 0.0042325 0.104297 2.05 0
1 1 1 1 60.0 60.0 24.0 0.0036651 0.00298 2.0 1
0 0 0 1 51.212 47.80266 12.0 0.052957 0.0878825 4.3 0
0 1 0 0 47.7035 42.6231 20.0 0.0090649 0.00063 2.0 0
0 0 0 1 47.0745 46.98156300000001 4.0 0.33948 0.171145 6.6 0
0 0 1 0 59.19500000000001 58.63666500000001 54.2 0.21766662893659486 0.0 3.0 0
0 0 0 1 47.978500000000004 37.453630499999996 19.0 0.011194 0.0924505 3.05 0
1 0 0 0 42.85 31.2345 3.0 0.48659 0.48307 1.0 0
0 0 1 0 52.7355 60.0 1.0 0.73112 0.0 5.0 0
0 0 0 1 49.256499999999996 44.34135 14.0 0.03443 0.091002 3.2 0
0 1 0 0 47.4465 42.2188 21.45 0.08830156686397499 0.08196200000000001 7.2 0
1 0 0 0 60.0 59.99189 98.0 0.016234179471986653 4.2000000000000004e-05 1.85 0
0 0 0 1 47.185500000000005 39.455245000000005 20.0 0.0093599 0.01205 2.0 0
0 1 0 0 53.8045 52.5131 15.05 0.181545648 0.037408 6.4 0
0 0 0 1 43.25950000000001 35.33468 5.0 0.25926 0.176232 5.8 0
0 0 1 0 49.290000000000006 27.7572 1.0 0.7024 0.0 3.0 0
0 0 0 1 47.6485 38.9794615 21.0 0.0069105 0.14286 2.0 0
0 1 0 0 43.721500000000006 32.7714 46.0 2.4059e-05 0.02245 2.0 0
1 0 0 0 54.61 55.751265000000004 18.0 0.07968486735 0.04690950000000001 1.5 0
0 0 0 1 46.91 41.560675 8.0 0.15 0.1072355 3.2 0
0 0 0 1 54.028 57.62235999999999 68.0 1.3602e-07 0.024768500000000002 2.55 0
0 0 1 1 47.985 35.571997499999995 10.0 0.089571 0.36364 2.0 0
0 1 0 0 46.131499999999996 45.722494999999995 11.0 0.078057 0.09593800000000001 3.6 0
0 0 0 1 47.742000000000004 42.16832 18.0 0.014848 0.05075 1.0 0
0 0 0 1 50.373 46.96425000000001 14.0 0.037979 0.151711 2.95 0
0 1 1 0 48.889500000000005 42.8563 83.0 4.2023e-09 0.0 1.0 0
0 1 0 1 49.379000000000005 56.1667 13.0 0.041625 0.01694 1.0 0
1 0 0 0 53.96 52.853795000000005 18.45 0.075305060655 0.07080349999999999 2.0 0
0 1 0 0 41.0325 21.0 8.4 0.32645849 1.0 1.0 0
0 0 0 1 56.1915 58.78884000000001 158.0 1.5586e-16 0.0 1.9 0
0 0 0 1 47.714999999999996 32.40993100000001 20.0 0.0082389 0.21603 2.0 0
0 1 0 1 57.13 42.68827 14.0 0.035908 0.39764 2.0 0
0 0 0 1 49.0585 57.1095 22.0 0.0056178 0.24003 1.0 0
0 0 0 1 59.26650000000001 58.61828499999999 130.0 8.2244e-14 0.0 1.6 0
0 0 0 1 45.55650000000001 49.124849999999995 13.0 0.042689 0.1658165 1.8 0
1 1 1 0 60.0 60.0 72.0 5.1693e-08 0.0 3.0 1
0 0 0 1 45.128 40.05806 7.0 0.17164 0.1548155 5.7 0
0 0 0 1 48.711 45.94450500000001 31.0 0.00071939 0.022347500000000003 1.8 0
0 0 0 1 46.702999999999996 40.2250295 20.0 0.0095988 0.0933 2.0 0
0 0 1 1 49.54 47.324405 15.0 0.029337 0.0014 1.0 0
0 0 0 1 50.10350000000001 48.28537 26.0 0.0022778 0.13519399999999998 1.75 0
1 0 0 0 59.92 59.79487 103.55 0.0030997092584473225 0.015567999999999999 1.55 0
1 0 0 0 46.12 37.18293 28.95 0.016748496594342643 0.0652025 2.3 0
0 0 1 1 46.436 49.64118 17.0 0.016775 0.0 2.0 0
1 0 0 0 60.0 59.99189 98.0 0.016234179471986653 4.2000000000000004e-05 1.85 0
0 1 0 1 47.5135 39.6783 34.0 0.00035852 0.01124 2.0 0
0 0 0 1 49.2735 37.15074 7.0 0.19481 0.60655 21.0 0
0 1 0 1 43.2845 25.1562 35.0 0.00026715 0.00918 1.0 0
0 0 1 0 50.077 45.10709000000001 16.9 0.06587433250000001 0.01556 4.0 0
0 0 1 0 47.162 48.8 4.0 0.32609 0.0 2.0 0
0 0 0 1 48.711 45.944505 31.0 0.00071872 0.0223475 1.8 0
0 0 0 1 56.557 54.417975 84.0 3.3645e-09 0.0007435 1.7 0
0 0 0 1 46.156499999999994 42.233934999999995 8.0 0.14264 0.12248649999999998 4.2 0
0 0 0 1 45.9745 49.655685 25.0 0.0026782 0.0508985 3.25 0
0 0 1 1 39.16 41.033875 20.0 0.0094735 0.00114 1.0 0
0 0 0 1 49.3255 50.88462 39.0 0.00010193 0.022619 1.95 0
0 1 0 0 50.35447767066693 44.52678267539525 24.651144857041167 0.09658699853529934 0.10095995499099822 3.9706941388277657 0
0 0 0 1 43.443 47.179935 5.0 0.29601 0.14737050000000002 4.55 0
0 0 0 1 50.2305 48.42768 17.0 0.018332 0.0831215 1.95 0
0 0 0 1 45.522999999999996 44.432559999999995 28.0 0.0013667 0.045928000000000004 2.1 0
0 0 0 1 25.81 30.325825 139.0 1.2505e-14 0.196754 2.65 0
0 0 0 1 48.015 47.279035 11.0 0.071825 0.11629049999999999 3.1 0
0 1 1 1 53.109 60.0 24.0 0.0033981 0.00154 1.0 0
0 0 0 1 48.5135 40.671806499999995 15.0 0.030687 0.1229 4.0 0
0 1 0 0 41.0325 0.0 4.35 0.5742076399999999 1.0 1.0 0
0 0 1 1 46.6625 48.790319999999994 23.0 0.0045929 0.0 2.0 0
0 0 1 0 46.2535 35.507705 3.0 0.47794 0.02951 1.0 0
0 0 0 1 47.448 42.92539000000001 22.0 0.0051506 0.031733500000000005 2.15 0
0 0 0 1 48.403000000000006 47.5972005 19.0 0.01072 0.104352 1.65 0
0 0 0 1 55.52650000000001 54.66567 55.0 2.627e-06 0.0042179999999999995 2.75 0
0 0 1 0 45.453500000000005 31.974341 5.0 0.26719 0.10217 2.0 0
0 0 0 1 50.41049999999999 44.3042965 15.0 0.025156 0.02096 1.0 0
0 0 1 0 41.032500000000006 10.0 9.5 0.293219845 0.69565 1.0 0
0 0 0 1 50.222500000000004 35.803975 6.0 0.21739 0.13612600000000002 3.8 0
0 0 1 0 51.3525 48.024395000000005 27.0 0.0016044 0.0 1.0 0
0 1 0 0 44.617999999999995 0.0 6.7 0.34582199 1.0 4.0 0
0 0 1 0 49.36650000000001 43.935498 19.95 0.07929051094999999 0.00349 2.0 0
0 0 1 0 51.721500000000006 44.632735000000004 18.75 0.14804325775 0.00128 4.0 0
0 0 0 1 49.102000000000004 40.960175 13.0 0.044444 0.11593499999999998 2.65 0
0 0 0 1 49.7785 48.682061499999996 15.0 0.027987 0.07184000000000001 2.7 0
0 0 0 1 48.7165 19.078 13.0 0.044125 0.225504 3.0 0
0 0 1 1 41.25 44.41799499999999 13.0 0.04727 0.00421 2.0 0
0 0 0 1 46.384 43.537955 14.0 0.033526 0.159408 1.9 0
1 0 0 0 41.93 31.150405000000006 22.7 0.03864576944 0.040042 1.6 0
0 0 0 1 43.57000000000001 46.40255500000001 17.0 0.01756 0.00905 1.0 0
0 1 0 0 57.4 59.8357 20.65 0.030745053499999998 0.0759065 2.95 0
1 0 0 0 44.76 33.871325 23.3 0.03548828811925 0.047268000000000004 2.1 0
0 0 0 1 31.8 45.473324999999996 26.0 0.0020961 0.08616899999999998 2.65 0
0 0 1 0 52.965999999999994 60.0 0.0 1.0 0.0 3.0 0
0 0 1 0 53.248000000000005 60.0 0.0 0.98405 0.0 1.0 0
0 1 0 0 48.7095 47.413085 17.0 0.016808 0.00045 1.0 0
0 0 1 0 45.9135 35.351176499999994 19.3 0.026954492000000004 0.01115 1.0 0
0 1 0 0 46.798 54.8705 13.0 0.049832 0.02169 1.0 0
0 0 0 1 46.7475 36.913 20.0 0.0096388 0.159355 2.0 0
0 1 0 0 49.411 36.6531 18.55 0.11674208424999999 0.0005 4.0 0
0 0 0 1 34.38 42.225355 68.0 1.2874e-07 0.11312449999999999 2.1 0
0 1 0 1 44.658 29.0357 35.0 0.00025577 0.00272 2.0 0
0 1 0 0 59.8845 60.0 51.4 0.13680397870097638 0.061791 2.85 0
0 0 0 1 44.852 43.937605000000005 14.0 0.039642 0.09316450000000001 2.45 0
0 0 0 1 50.948499999999996 45.07096 23.0 0.0040725 0.157796 2.05 0
0 0 1 1 47.055499999999995 49.36592 17.0 0.018094 0.00589 5.0 0
0 0 0 1 53.803999999999995 51.49494 64.0 3.2008e-07 6.6e-05 2.9 0
0 0 0 1 49.7395 44.787785 14.0 0.033193 0.187225 2.65 0
0 0 0 1 44.85 38.560185000000004 20.0 0.0082013 0.01876 1.0 0
0 0 1 0 52.384 60.0 6.0 0.23123 0.0 3.0 0
0 1 1 0 38.97 34.45 17.0 0.016796 0.00092 1.0 0
0 0 1 0 55.7405 47.281515 18.4 0.1932207826 3e-05 2.0 0
0 0 1 0 47.7645 48.517335 5.0 0.25686 0.0 2.0 0
0 0 0 1 52.53150000000001 45.653348 16.0 0.022321 0.09642 3.0 0
0 0 1 1 48.114999999999995 48.424215 8.0 0.14387 2e-05 14.0 0
0 0 1 0 57.56 54.17863 3.7 0.5274955000000001 0.0 16.0 0
0 0 0 1 49.640499999999996 29.6299 27.0 0.0016783 0.00224 1.0 0
0 1 0 0 46.840500000000006 46.197 17.7 0.0381963855 0.018 2.0 0
0 0 0 1 48.741499999999995 42.25186 15.0 0.031345 0.14393399999999998 2.15 0
0 0 0 1 48.0775 38.203 21.0 0.0064985 0.00707 2.0 0
0 0 0 1 48.1565 49.9861 15.0 0.026212 0.167655 2.7 0
0 0 1 0 44.56 46.74894 5.0 0.31311 0.0206 2.0 0
0 0 1 0 49.81850000000001 45.322070000000004 0.0 0.92219 0.0 14.0 0
0 0 0 1 48.081 40.513665 20.0 0.009162 0.070103 2.25 0
0 0 1 0 47.702999999999996 42.09546 16.9 0.10083350119999998 0.009 1.0 0
0 0 0 1 32.64 40.406051 19.0 0.012466 0.31269 2.0 0
0 0 0 1 47.1545 43.99717 2.0 0.50745 0.22060300000000002 6.1 0
0 0 1 0 57.7325 52.7124 8.7 0.32098735165000003 0.0 20.0 0
0 0 0 1 50.272 44.73118000000001 14.0 0.036656 0.098216 2.3 0
0 0 0 1 50.31699999999999 48.26901 27.0 0.0015852 0.043785000000000004 1.75 0
0 0 0 1 46.156499999999994 42.233935 8.0 0.14286 0.13754750000000002 4.15 0
0 0 0 1 50.8085 46.4187 15.0 0.02635 0.42711 2.0 0
0 0 0 1 47.8945 44.751144999999994 14.0 0.038503 0.149809 2.55 0
0 0 0 1 49.913999999999994 44.57084 27.0 0.0018751 0.024432 2.45 0
0 0 0 1 49.222500000000004 40.99992999999999 6.0 0.22414 0.22643799999999997 5.4 0
0 1 1 1 49.381499999999996 53.5612 23.0 0.0041746 0.0002 3.0 0
0 0 0 1 58.1185 57.43004 105.0 2.5311e-11 0.0 1.75 0
0 0 0 1 44.90499999999999 44.11352000000001 3.0 0.46255 0.10174749999999999 5.95 0
0 0 0 1 56.334 56.185285 89.0 1.2422e-09 9.8e-05 1.6 0
0 0 0 1 60.37 57.8396 17.0 0.016119 0.42747 5.0 0
0 0 0 1 50.0 49.2294 17.0 0.016424 0.22281 1.0 0
0 0 0 1 51.694 60.0 22.0 0.0051294 0.0117 1.0 0
0 0 0 1 47.9275 37.0017 9.0 0.101 0.1010745 3.8 0
0 0 0 1 45.617000000000004 50.42331 13.0 0.046449 0.14737 3.45 0
0 0 0 1 50.19000000000001 47.93954500000001 13.0 0.040323 0.184417 2.7 0
0 0 0 1 45.128 42.02475 7.0 0.17053 0.1741835 5.45 0
0 0 1 0 48.8895 59.9043 0.0 0.82689 6e-05 1.0 0
1 0 0 0 35.68 28.015584999999998 16.1 0.085138285 0.10837549999999999 1.7 0
0 0 0 1 45.8615 42.972559999999994 5.0 0.2895 0.0901495 5.25 0
0 0 0 1 47.448 42.92539 22.0 0.0051703 0.036753 2.1 0
1 0 0 0 60.0 59.99189 98.0 0.016234179471986653 4.2000000000000004e-05 1.85 0
0 0 0 1 44.2595 21.493 33.0 0.0004974 0.07928 1.0 0
0 1 0 0 51.29 49.010615 21.1 0.07401808655 0.05347149999999999 2.05 0
0 0 0 1 48.18899999999999 40.7729925 2.0 0.53529 0.03468 23.0 0
0 0 1 0 44.97 30.926343499999994 2.0 0.55594 0.34591 2.0 0
0 0 0 1 36.29 47.908435 19.0 0.012056 0.108649 2.4 0
1 0 1 1 37.96 20.8182 13.0 0.043889 0.05619 1.0 0
0 0 0 1 45.0065 43.132889 7.0 0.15883 0.20609000000000002 3.55 0
0 0 0 1 46.247 37.1971 16.0 0.02382 0.118363 4.0 0
0 0 0 1 40.429500000000004 59.795015 255.0 1.9438e-26 0.0 1.95 0
0 0 0 1 45.719 44.507307999999995 16.0 0.020202 0.1104655 2.7 0
0 0 0 1 44.852 43.937605000000005 14.0 0.039614 0.09316450000000001 2.45 0
0 1 0 0 47.937 3.0 1.0 0.66055 1.0 5.0 0
0 0 0 1 51.0 45.78672 35.0 0.00025882 0.033615500000000006 3.05 0
0 0 1 1 50.355 37.989315 33.0 0.00044784 0.00489 3.0 0
0 0 0 1 56.1915 58.78884000000001 154.0 3.4377e-16 0.0 2.0 0
0 0 1 0 39.72350000000001 50.81161000000001 15.0 0.08367337999999999 0.25039 1.0 0
1 0 0 0 53.89 52.44354499999999 18.75 0.07618213965500001 0.07665799999999999 1.95 0
1 0 0 0 57.96 58.38220000000001 15.55 0.0465285275 0.053441499999999996 2.7 0
0 0 0 1 47.448 42.92539 22.0 0.005038 0.05145050000000001 2.2 0
0 0 0 1 49.907 39.76089 18.0 0.013497 0.09259300000000001 2.2 0
0 0 0 1 57.22 39.4815665 15.0 0.028433 0.2173 3.0 0
0 0 0 1 47.11999999999999 44.98442000000001 17.0 0.0189 0.079821 3.15 0
1 0 0 0 48.79 42.496615000000006 19.25 0.0265692535 0.047843 1.7 0
1 0 0 0 59.65 59.46813999999999 57.35 0.03190865774730708 0.056239 3.2 0
0 0 0 1 46.96300000000001 47.969919999999995 17.0 0.019134 0.139552 2.15 0
0 0 0 1 49.361999999999995 49.230665 19.0 0.010652 0.0929155 1.45 0
0 0 0 1 48.706 37.079636 18.0 0.012742 0.116 2.0 0
0 0 0 1 48.275999999999996 47.53085 21.0 0.0077891 0.058721 2.25 0
0 1 0 0 49.56150000000001 36.5345 12.0 0.050132 0.0362 3.0 0
0 0 1 0 47.4355 46.457145000000004 17.25 0.06879541050000001 0.0449 2.0 0
0 0 1 0 59.947500000000005 58.182465 81.15 0.05852936627391324 0.0 1.0 0
0 0 0 1 38.31 48.838715 13.0 0.043054 0.11366050000000001 3.0 0
0 0 0 1 45.6715 49.802290000000006 14.0 0.038862 0.52416 1.0 0
0 0 1 0 48.4915 47.051245 18.1 0.02171121 0.05805 1.0 0
0 0 0 1 47.7855 43.33787499999999 18.0 0.015502 0.0670265 1.35 0
0 0 0 1 50.2735 46.19929 23.0 0.004551 0.09570100000000001 1.85 0
1 1 1 1 60.0 60.0 46.0 2.2299e-05 1e-05 1.0 1
0 0 1 0 46.254 54.08795500000001 12.7 0.298078168528 0.0019 7.0 0
0 0 0 1 50.317 45.573475 27.0 0.0018116 0.06565449999999999 2.2 0
0 0 0 1 43.25950000000001 35.334680000000006 5.0 0.26 0.18158899999999997 5.7 0
0 0 1 0 50.083 45.917955 12.0 0.051417 0.00069 1.0 0
1 0 0 0 60.0 59.99189 98.0 0.016234179471986653 4.2000000000000004e-05 1.85 1
0 0 0 1 49.153499999999994 49.15729 38.0 0.00013187 0.03589250000000001 2.5 0
0 0 1 1 51.477999999999994 42.9240915 15.0 0.025306 0.19493 1.0 0
1 1 0 0 31.42 26.5693 11.0 0.07912 0.03252 1.0 0
0 0 0 1 46.147 44.507308 16.0 0.020474 0.12683250000000001 2.85 0
0 0 0 1 49.266000000000005 44.794455 26.0 0.0024051 0.1132155 2.6 0
0 0 0 1 49.70799999999999 47.915499999999994 14.0 0.034697 0.10307899999999999 3.35 0
0 0 0 1 51.034000000000006 57.7163 15.0 0.026137 0.06775 3.0 0
0 0 0 1 48.24250000000001 48.17817 23.0 0.0046953 0.00065 3.0 0
0 0 0 1 48.147 38.208214999999996 6.0 0.22036 0.1627745 6.2 0
0 0 1 0 46.05650000000001 40.180625 8.0 0.13685 0.21907 3.0 0
0 0 0 1 58.04 44.93785999999999 20.0 0.0079932 0.15475049999999999 2.05 0
0 0 0 1 48.365500000000004 49.614125 16.0 0.024726 0.11397249999999999 2.85 0
0 0 0 1 47.797000000000004 49.88350499999999 17.0 0.018108 0.0447605 2.05 0
0 0 0 1 48.851 39.43267 10.0 0.098782 0.0972315 3.25 0
0 0 0 1 46.448499999999996 44.776898 4.0 0.31933 0.2515505 6.75 0
0 0 0 1 45.592 40.60883499999999 13.0 0.042761 0.01241 1.0 0
0 0 1 0 49.691500000000005 50.582845 16.9 0.09999832135 0.00411 6.0 0
0 0 1 0 50.702 44.369995 18.05 0.06168585249999999 0.01628 4.0 0
0 0 0 1 46.91 38.59008 8.0 0.15032 0.10819699999999999 3.3 0
0 0 1 0 43.734 23.2381 11.45 0.20739576199999998 0.21169 1.0 0
0 0 0 1 48.015 47.279035 11.0 0.071891 0.1159875 3.5 0
1 0 0 0 58.2 55.3217 10.5 0.15971283000000003 0.31918 3.0 0
0 0 0 1 47.96 47.11732 19.0 0.010366 0.0825695 2.95 0
0 0 0 1 47.765 47.334915 23.0 0.0046505 0.036006 2.1 0
1 1 1 0 60.0 60.0 106.0 2.4902e-11 0.0 4.0 1
0 0 0 1 48.851000000000006 41.5520565 10.0 0.095186 0.08892000000000001 3.85 0
0 0 0 1 55.77 51.12684 17.0 0.01836 0.01841 4.0 0
0 0 0 1 48.901 48.34019 26.0 0.0023109 0.13877899999999999 2.05 0
0 0 0 1 40.429500000000004 59.795015 255.0 0.0 0.0 1.95 0
0 0 0 1 32.32 44.38507 16.0 0.023659 0.1357485 3.7 0
0 1 0 1 46.408 49.74442 35.0 0.00026054 0.00014 2.0 0
0 0 0 1 48.711 45.94450500000001 31.0 0.00072133 0.0225995 1.65 0
0 0 0 1 43.850500000000004 46.799475 13.0 0.046777 0.1696695 3.7 0
0 0 0 1 48.48049999999999 44.407065 21.0 0.006359 0.11144250000000003 2.0 0
1 0 0 0 53.45 52.13408499999999 16.5 0.07625966370000001 0.047355999999999995 1.7 0
0 0 0 1 47.1545 43.99717 2.0 0.51238 0.195251 4.15 0
1 0 0 0 54.01 53.404804999999996 15.8 0.09760616255000001 0.067343 1.9 0
0 0 1 0 43.256499999999996 38.490970000000004 1.0 0.7431 0.29503 1.0 0
0 0 0 1 48.991 44.674705 11.0 0.067038 0.12612 5.35 0
0 0 1 0 50.8815 51.958745 14.15 0.19031369985 0.00204 6.0 0
0 0 0 1 45.460499999999996 39.615331499999996 7.0 0.19205 0.1808775 4.05 0
0 0 1 0 44.072 51.0981195 44.0 3.8299e-05 0.0 8.0 0
0 0 0 1 50.317 44.893735 27.0 0.0017232 0.040826 2.45 0
0 0 0 1 47.64999999999999 32.651751000000004 7.0 0.16231 0.27273 2.0 0
0 0 0 1 47.592 41.258505 14.0 0.034292 0.08933100000000001 1.7 0
0 1 0 1 51.57 55.9444 22.0 0.0056154 0.096978 1.95 0
0 0 0 1 49.8455 46.313665 26.0 0.0023665 0.09493 2.55 0
0 0 0 1 51.436 42.5733735 22.0 0.0056177 0.19538250000000001 1.8 0
0 0 0 1 50.5755 14.4007 16.0 0.022718 0.09602 2.0 0
0 0 0 1 45.719 44.507307999999995 16.0 0.020202 0.1104655 2.7 0
0 0 0 1 48.732 47.458115 13.0 0.045329 0.0960825 3.05 0
0 0 0 1 45.209999999999994 37.74454999999999 7.0 0.1776 0.18392199999999997 4.25 0
0 0 1 0 43.36 44.86217 18.05 0.06482761744999999 0.00385 2.0 0
0 0 0 1 45.2785 42.2558 17.0 0.017433 0.11797499999999998 2.1 0
0 0 1 1 49.211999999999996 48.517335 37.0 0.00016204 0.0 2.0 0
1 1 1 0 60.0 60.0 151.0 7.596e-16 0.0 3.0 1
0 0 0 1 50.047999999999995 39.5769 19.0 0.010377 0.07184 3.0 0
0 0 0 1 49.959500000000006 42.722879999999996 18.0 0.013201 0.12586950000000002 2.9 0
0 0 0 1 56.31 44.3945365 15.0 0.028678 0.00514 2.0 0
0 0 0 1 59.074500000000015 55.488339999999994 71.0 6.9319e-08 8.000000000000001e-06 2.05 0
0 0 0 1 48.2865 51.99142500000001 29.0 0.0010829 0.04096999999999999 2.45 0
1 0 0 0 60.0 59.99189 98.0 0.016234179471986653 4.2000000000000004e-05 1.85 0
0 0 0 1 48.56400000000001 44.405965 14.0 0.032854 0.16094599999999998 2.0 0
0 0 0 1 45.1195 24.4388 31.0 0.00069158 0.00546 2.0 0
0 0 0 1 46.584500000000006 44.19255 13.0 0.04335 0.33524 2.0 0
0 0 1 0 40.44 45.40438 16.55 0.052934255 0.07393 1.0 0
0 0 0 1 43.7655 40.13775 3.0 0.41875 0.1759145 8.0 0
0 0 1 0 47.144 52.504445 11.0 0.07531 0.00094 6.0 0
0 1 1 0 47.703500000000005 28.8 4.0 0.33954 0.00481 2.0 0
0 0 0 1 46.8935 44.026855 16.0 0.024172 0.1125095 3.6 0
0 0 1 0 44.9065 51.622935000000005 1.0 0.72382 0.0 6.0 0
0 0 0 1 47.80800000000001 46.192235000000004 13.0 0.045771 0.125719 2.95 0
0 0 1 0 43.312000000000005 45.405175 0.0 1.0 0.0 6.0 0
1 0 0 0 60.0 59.99189 98.0 0.016234179471986653 4.2000000000000004e-05 1.85 0
0 0 0 1 46.5845 42.406275 13.0 0.04345 0.54495 1.0 0
0 0 0 1 49.914 44.57084 27.0 0.0019505 0.027532499999999998 2.1 0
1 0 0 0 59.87 59.725829999999995 81.8 0.003726797096662504 0.015786500000000002 2.7 0
1 0 0 0 43.45 33.520525 23.25 0.064282323755 0.08732899999999999 1.85 0
0 0 0 1 46.673 40.2770565 10.0 0.082023 0.03452 3.0 0
0 0 0 1 49.483999999999995 49.015460000000004 29.0 0.0011844 0.07434549999999998 1.5 0
0 0 0 1 50.545500000000004 45.804179999999995 24.0 0.0036235 0.08928399999999999 3.2 0
0 0 0 1 48.744 37.65526 6.0 0.21886 0.1491655 3.95 0
1 0 0 0 60.0 59.99189 98.0 0.016234179471986653 4.2000000000000004e-05 1.85 0
0 0 0 1 43.01 44.006519999999995 16.0 0.023612 0.14566549999999995 3.45 0
0 0 0 1 48.701499999999996 47.741699999999994 15.0 0.026496 0.11583550000000001 2.5 0
0 0 0 1 48.77399999999999 36.3550125 19.0 0.012007 0.15525 2.0 0
1 0 0 0 47.02 39.081725 19.1 0.0608972457095 0.054111000000000006 2.35 0
0 0 0 1 40.429500000000004 59.795015 255.0 1.8781e-26 0.0 1.95 0
0 0 0 1 48.279 44.478915 18.0 0.015611 0.06955499999999999 1.5 0
0 0 0 1 49.135000000000005 35.7577 19.0 0.012337 0.13348 1.0 0
0 0 0 1 49.966 37.984345000000005 6.0 0.21576 0.12764999999999999 3.4 0
0 0 0 1 40.429500000000004 59.795015 255.0 3.3020000000000003e-31 0.0 1.95 0
0 1 0 0 44.8445 31.5243 28.0 0.001422 0.00234 2.0 0
0 0 1 0 50.223 49.621955 15.25 0.0668037215 0.03671 6.0 0
0 0 0 1 46.156499999999994 42.233934999999995 8.0 0.14264 0.12248649999999998 4.2 0
0 0 0 1 46.2445 46.46151 13.0 0.043122 0.05331 2.0 0
0 1 0 0 41.0325 0.0 4.35 0.5742076399999999 1.0 1.0 0
0 0 0 1 47.862500000000004 42.310359999999996 23.0 0.0048231 0.02342 1.0 0
0 0 0 1 45.460499999999996 38.07361649999999 7.0 0.18777 0.1726935 3.4 0
0 0 1 0 40.900999999999996 36.36327 0.0 0.82458 0.1114 1.0 0
0 0 0 1 44.83800000000001 36.87926 35.0 0.00031505 0.06383 1.0 0
1 0 0 0 59.29 58.97516 41.15 0.12201086229918982 0.0780735 3.2 0
1 0 0 0 45.37 35.245785 19.75 0.050070841549806 0.0647625 2.1 0
0 1 0 1 47.547000000000004 43.842135 23.0 0.0048479 0.065765 2.2 0
1 0 0 0 54.95 55.79003 18.8 0.03480717750000001 0.040244 1.95 0
0 0 0 1 49.210499999999996 60.0 10.0 0.090853 0.31872 1.0 0
0 1 0 1 48.264500000000005 46.007295 23.0 0.0046355 0.038032500000000004 2.0 0
0 0 0 1 49.94 46.92906000000001 11.0 0.073628 0.11806 3.0 0
0 0 0 1 46.5465 48.017345000000006 35.0 0.00028582 0.00468 1.0 0
0 0 0 1 45.4165 41.30401500000001 9.0 0.12337 0.17431 3.45 0
0 0 0 1 48.623999999999995 26.8174 16.0 0.02428 0.03845 4.0 0
0 0 0 1 48.97 45.136405 15.0 0.030944 0.0859685 2.15 0
0 1 0 1 48.718 59.9205 40.0 8.3824e-05 0.00534 1.0 0
0 0 0 1 50.190000000000005 47.93954500000001 13.0 0.040214 0.182245 2.15 0
0 0 0 1 48.980000000000004 44.755185 13.0 0.044156 0.18277749999999998 3.05 0
0 0 0 1 49.55650000000001 46.011129999999994 15.0 0.030074 0.138127 2.3 0
0 0 1 0 45.4935 39.214095 16.7 0.049019610000000005 0.00796 2.0 0
0 0 1 0 58.302 52.8424 54.45 0.13475244650142015 0.0 2.0 0
1 0 0 0 35.37 28.015584999999998 18.9 0.076836952085 0.08225149999999999 1.75 0
0 0 0 1 47.7215 42.948519999999995 4.0 0.31818 0.53017 9.0 0
0 0 0 1 48.6735 39.0261 20.0 0.0087639 0.06777 2.0 0
0 0 1 0 45.901500000000006 44.924265 2.0 0.51651 0.01338 2.0 0
0 0 0 1 50.20299999999999 44.321369999999995 16.0 0.021665 0.09095600000000001 1.95 0
0 1 0 1 59.67 59.3562 48.0 1.5518e-05 0.00075 1.0 0
0 0 0 1 47.9925 35.94897 9.0 0.10871 0.47734 3.0 0
0 0 1 1 49.64149999999999 47.012344999999996 21.0 0.0078484 0.00027 4.0 0
0 0 1 0 49.925999999999995 42.799215 0.0 0.80408 0.0 10.0 0
0 0 0 1 49.638999999999996 49.29648 21.0 0.0077411 0.01793 2.0 0
1 0 0 0 47.22 37.943695000000005 23.3 0.015003789409500002 0.031545500000000004 2.45 0
0 0 1 0 48.003 40.47766800000001 22.8 0.029548476499999997 0.00275 2.0 0
0 0 0 1 50.582 47.069045 14.0 0.035068 0.54005 4.0 0
0 0 0 1 49.2315 45.183730000000004 22.0 0.0059746 0.078355 2.0 0
0 1 0 0 50.163 42.197 11.0 0.067392 0.12169249999999998 4.75 0
0 0 1 0 50.267500000000005 50.246244999999995 2.0 0.52896 0.01266 4.0 0
0 1 1 0 26.04 16.092 64.0 3.6634e-07 0.0 2.0 0
0 1 0 0 46.7055 32.4444 5.25 0.48207805000000004 8e-05 15.0 0
0 0 0 1 57.95 41.810770000000005 13.0 0.041172 0.09947 2.5 0
0 0 0 1 47.312 45.173674999999996 18.0 0.015416 0.156591 2.15 0
0 0 0 1 44.83749999999999 48.979525 25.0 0.0025719 0.00534 2.0 0
0 0 0 1 49.005500000000005 46.513295 21.0 0.007076 0.057919 2.4 0
0 0 1 0 53.98499999999999 45.372165 19.6 0.13641790474999999 0.00079 4.0 0
0 0 0 1 45.0065 45.221344 7.0 0.16794 0.18848750000000003 3.25 0
1 0 0 0 45.99 41.301405 14.8 0.08839962 0.0432 4.0 0
0 0 0 1 43.3105 38.50419999999999 31.0 0.00073769 0.03696 1.0 0
0 0 0 1 50.709999999999994 41.598521 23.0 0.0042132 0.22396 2.0 0
0 0 0 1 47.554500000000004 48.68552999999999 4.0 0.34976 0.12896199999999997 6.85 0
0 0 0 1 50.019 46.45652500000001 14.0 0.036691 0.09630299999999999 2.25 0
0 0 0 1 49.882 43.32680499999999 30.0 0.0009443 0.018840499999999996 1.85 0
0 0 0 1 47.445499999999996 46.916039999999995 19.0 0.010264 0.1006335 2.5 0
0 1 0 0 41.4675 0.0 1.0 0.69447 1.0 1.0 0
1 0 0 1 47.37 48.690265 17.0 0.016418 0.0869355 3.05 0
0 0 0 1 45.206500000000005 34.57062549999999 5.0 0.27264 0.15436100000000003 4.05 0
1 0 0 0 53.61 52.320975 18.0 0.05903868019999999 0.048115 1.9 0
0 0 0 1 48.78 47.56721499999999 13.0 0.042009 0.11494 1.9 0
0 0 0 1 45.284499999999994 36.8651565 7.0 0.18464 0.16384250000000003 3.55 0
0 1 0 0 46.5655 39.6378 26.45 0.09851480385104351 0.06875750000000001 3.05 0
0 0 0 1 47.557 40.57066999999999 20.0 0.0092505 0.08450850000000001 2.0 0
0 0 0 1 50.740500000000004 42.765065 24.0 0.0034685 0.1679545 2.3 0
1 0 0 0 60.0 59.99189 98.0 0.016234179471986653 4.2000000000000004e-05 1.85 0
1 0 0 0 54.03 53.40480500000001 15.75 0.09799811255 0.0669825 1.95 0
0 0 1 0 44.96 44.835705000000004 16.8 0.049344721 0.01144 2.0 0
0 0 0 1 56.76 40.959545 21.0 0.0065797 0.03909 1.0 0
0 0 0 1 49.41100000000001 47.81525 14.0 0.033766 0.18572 15.0 0
0 0 0 1 46.564 43.59316450000001 36.0 0.00020506 0.0417425 2.2 0
1 0 0 0 33.48 43.08326 2.0 0.51507 0.12203900000000001 4.0 0
0 1 1 0 46.7625 34.38 9.0 0.10688 0.02797 3.0 0
0 0 1 0 49.328500000000005 53.68411 11.6 0.32140811994999996 8e-05 8.0 0
0 0 0 1 50.112 48.02439500000001 7.0 0.18255 0.0 1.0 0
1 1 1 0 48.2 36.2991 158.0 1.4112e-16 0.0 2.0 1
1 0 0 0 35.88 29.221439999999994 15.45 0.08645416000000002 0.09862749999999998 1.6 0
0 0 0 1 49.54 49.530345 23.0 0.0044334 0.00062 3.0 0
0 0 0 1 48.7185 46.659515 31.0 0.00063306 0.039011 1.95 0
0 0 0 1 46.498000000000005 40.1399135 13.0 0.048809 0.167274 2.05 0
0 0 0 1 49.102 42.832815 13.0 0.04428 0.1386365 2.75 0
1 0 0 1 29.32 48.128035000000004 24.0 0.0033407 0.014101000000000002 2.55 0
0 1 0 0 57.32 59.974 22.1 0.06554896774885001 0.0697485 2.35 0
0 0 0 1 43.054 40.207685000000005 44.0 3.4808e-05 0.48972 1.0 0
1 0 0 0 48.01 41.44928 23.25 0.037392971260085 0.039929 1.65 0
0 0 0 1 51.5705 41.442625 23.0 0.0042179 0.104266 2.0 0
0 0 0 1 57.86 58.78884000000001 163.0 4.5073e-17 0.0 1.65 0
1 0 0 0 39.58 31.538259999999998 33.25 0.046047651750000085 0.0516455 1.7 0
1 0 0 0 37.75 28.014937499999995 17.7 0.13876061504999998 0.1254005 2.2 0
0 0 0 1 46.346 49.05 13.0 0.043132 0.09247799999999999 3.3 0
0 0 1 0 47.2315 40.0513 2.0 0.60823 0.0 31.0 0
0 0 0 1 48.310500000000005 46.500834999999995 22.0 0.006065 0.0913875 2.15 0
0 0 1 0 49.8825 34.246515 0.0 1.0 0.0 1.0 0
0 0 0 1 44.15 41.656169999999996 27.0 0.0019391 0.11505 1.0 0
0 0 0 1 46.68299999999999 41.558755000000005 17.0 0.016873 0.0992205 1.85 0
0 0 0 1 49.92300000000001 45.057140000000004 22.0 0.0055372 0.16562749999999998 1.7 0
0 0 0 1 49.6015 49.741805 52.0 5.3551e-06 0.0212635 2.5 0
0 0 0 1 52.3725 47.473800000000004 44.0 3.7808e-05 0.031429 2.05 0
0 0 1 0 45.225 44.144130000000004 1.0 0.77311 0.03151 2.0 0
0 1 0 0 50.35447767066693 44.52678267539525 24.651144857041167 0.09658699853529934 0.10095995499099822 3.9706941388277657 0
1 0 0 0 60.0 46.13059500000001 4.0 0.38462 0.09841849999999999 4.95 0
0 0 0 1 51.641999999999996 60.0 38.0 0.00013469 0.19658 2.0 0
0 0 1 0 50.212 11.6522 15.0 0.02916 0.40441 2.0 0
1 0 0 0 60.0 59.99189 98.0 0.016234179471986653 4.2000000000000004e-05 1.85 0
0 1 0 0 57.7325 47.514649999999996 8.5 0.270747135 6e-05 24.0 0
0 0 0 1 47.7215 48.149005 4.0 0.32536 0.10308 11.0 0
0 0 0 1 47.341499999999996 44.400905 24.0 0.0038818 0.12491700000000001 2.25 0
1 0 0 0 60.0 59.99189 98.0 0.016234179471986653 4.2000000000000004e-05 1.85 0
1 0 0 0 44.79 33.871325 22.95 0.03282674311925 0.0567025 2.15 0
0 0 0 1 49.1935 47.132255 14.0 0.034641 0.103079 3.35 0
1 0 0 0 42.65 31.969030000000004 18.25 0.0688565296 0.078894 2.0 0
1 0 0 0 60.0 59.9825 22.55 0.10422810325011608 0.08234 3.45 0
1 0 0 0 47.91 39.76505949999999 0.0 0.95754 0.07401 2.0 0
0 1 0 0 59.8845 60.0 51.4 0.13680397870097638 0.061791 2.85 0
0 0 0 1 47.7275 48.926235 8.0 0.13514 0.1922925 4.3 0
0 0 0 1 43.26 48.102560000000004 28.0 0.0014378 0.0514135 2.35 0
1 1 1 0 60.0 60.0 137.0 1.6795e-14 0.0 1.0 1
1 0 0 0 40.28 30.266679999999997 19.45 0.059289577020000005 0.0733385 1.85 0
0 0 1 0 43.853500000000004 54.660865 1.0 0.64915 0.0001 7.0 0
0 0 0 1 51.51300000000001 51.89186500000001 12.0 0.053934 0.10035350000000001 3.85 0
0 0 0 1 51.38249999999999 46.826364999999996 46.0 2.2226e-05 0.020937 2.0 0
0 0 1 0 48.449000000000005 47.412655 26.0 0.002235 2e-05 3.0 0
0 0 0 1 48.275999999999996 47.53085 21.0 0.0077344 0.07057999999999999 2.25 0
0 1 0 0 46.894 50.478899999999996 41.0 6.6824e-05 0.0754895 2.4 0
0 0 1 0 44.76499999999999 45.205435 0.0 0.9564 0.0 8.0 0
0 1 0 1 51.701499999999996 29.3415 15.0 0.025688 0.02259 1.0 0
0 0 0 1 48.814499999999995 51.1902715 15.0 0.027605 0.099799 3.5 0
0 0 0 1 49.0065 42.945565 14.0 0.036406 0.13008799999999998 2.95 0
0 0 0 1 47.448 42.92539 22.0 0.0050641 0.05145050000000001 2.2 0
1 0 0 0 60.0 59.99189 98.0 0.016234179471986653 4.2000000000000004e-05 1.85 0
0 0 0 1 48.830999999999996 44.071394999999995 16.0 0.022111 0.1206015 3.15 0
0 0 0 1 51.477999999999994 43.607836500000005 15.0 0.025261 0.17041 2.0 0
1 0 0 0 57.05 58.73230000000001 16.9 0.075769084 0.048347499999999995 2.35 0
0 0 0 1 47.341499999999996 44.400904999999995 24.0 0.0038346 0.12789299999999998 2.4 0
0 0 0 1 49.5215 56.5 11.0 0.07313 0.03261 5.0 0
0 1 1 1 47.786 57.4655 18.0 0.014832 0.01123 2.0 0
0 0 0 1 51.212 47.28766 12.0 0.050445 0.056430499999999995 2.1 0
0 0 0 1 44.441500000000005 50.42331 13.0 0.04649 0.147405 3.35 0
0 0 0 1 45.460499999999996 38.40718149999999 7.0 0.18627 0.1546545 3.45 0
0 0 1 0 50.42 45.136269999999996 9.85 0.20318476999999996 0.20613 9.0 0
0 0 1 0 48.00450000000001 22.8165 17.75 0.25441661529980003 0.00015 1.0 0
1 0 0 0 39.01 30.3806425 29.55 0.04405299049999999 0.047411999999999996 1.8 0
0 0 1 1 50.028999999999996 45.1758 11.0 0.064247 0.02897 2.0 0
0 0 0 1 55.5825 60.0 12.0 0.051796 0.20489 2.0 0
0 0 0 1 45.6635 48.1455 28.0 0.0015732 0.053280499999999995 2.05 0
1 0 0 0 46.51 49.451865 15.25 0.08165551000000001 0.26066 1.0 0
0 0 0 1 51.834 41.876345 13.0 0.04115 0.09769199999999999 2.35 0
1 0 0 0 26.71 24.285625 57.95 0.1251849312877507 0.16368 1.8 0
0 0 1 0 51.790499999999994 42.956525 27.1 0.09545594113 0.00016 1.0 0
0 0 0 1 46.1205 45.53711500000001 11.0 0.073768 0.1286025 3.15 0
0 0 0 1 47.96 47.11731999999999 19.0 0.010375 0.08178 3.1 0
0 0 1 0 54.236000000000004 60.0 17.0 0.018526 0.0 3.0 0
1 1 1 0 60.0 59.4769 114.0 3.7943e-12 0.0 2.0 1
0 0 0 1 56.2 41.3927015 15.0 0.030804 0.02938 1.0 0
0 0 0 1 50.948499999999996 45.07096 23.0 0.0041224 0.10542099999999999 1.95 0
0 0 0 1 47.22250000000001 46.83133 23.0 0.0047249 0.019164999999999995 2.55 0
0 0 0 1 48.51350000000001 41.5937665 15.0 0.031264 0.16909 2.0 0
0 0 0 1 50.31699999999999 44.620005000000006 27.0 0.0017016 0.0339445 2.45 0
0 0 0 1 49.7265 41.858180000000004 15.0 0.02977 0.22308050000000001 2.2 0
0 0 0 1 47.547000000000004 43.842135 23.0 0.0048976 0.0714715 1.95 0
0 0 0 1 44.868 58.6207 7.0 0.16725 0.4656 2.0 0
1 1 1 0 57.86 59.886 115.0 2.7142e-12 0.0 1.0 1
0 0 0 1 46.68299999999999 41.558755000000005 17.0 0.016859 0.0992205 1.85 0
0 0 1 0 48.2355 42.3462 9.6 0.24677512 0.00038 23.0 0
0 0 1 0 56.427499999999995 53.762635 8.1 0.4015445489999999 0.00326 10.0 0
0 0 1 0 47.407000000000004 13.625 1.0 0.69611 0.0 2.0 0
0 0 0 1 45.0785 44.43256 28.0 0.0013196 0.073058 2.25 0
0 0 0 1 48.70300000000001 55.6269 16.0 0.020121 0.00589 1.0 0
0 1 0 0 44.0515 0.0 8.35 0.36288547 1.0 3.0 0
0 1 0 1 56.49 60.0 17.0 0.019883 0.3863 2.0 0
0 0 0 1 54.921499999999995 60.0 19.0 0.010456 0.07308 1.0 0
1 0 0 0 60.0 59.99189 98.0 0.016234179471986653 4.2000000000000004e-05 1.85 0
0 0 0 1 47.19 34.23844 20.0 0.0095865 0.13516350000000005 2.45 0
1 0 0 0 50.87 31.4811805 5.0 0.26844 0.1801215 4.3 0
0 0 0 1 51.26700000000001 42.518033499999994 22.0 0.0055629 0.165011 1.6 0
0 0 0 1 47.6565 41.1641255 19.0 0.010865 0.05419500000000001 2.1 0
1 0 0 0 43.83 35.98807000000001 16.75 0.1294475895 0.0984845 1.75 0
1 0 0 0 47.61 40.49738 22.05 0.0452256885055 0.080623 2.25 0
0 0 0 1 46.414500000000004 43.231 20.0 0.0091651 0.00179 2.0 0
0 0 1 0 50.92 42.329015000000005 16.6 0.18606934175 0.00219 4.0 0
0 1 0 0 50.35447767066693 44.52678267539525 24.651144857041167 0.09658699853529934 0.10095995499099822 3.9706941388277657 0
0 0 0 1 51.859 43.64018 13.0 0.04143 0.07738799999999998 2.3 0
0 0 1 0 46.7085 49.6083775 2.0 0.60024 0.02412 5.0 0
1 0 0 0 50.47 47.613185 19.05 0.056192641 0.0586165 1.85 0
0 0 0 1 46.910000000000004 40.54340499999999 8.0 0.1519 0.07557849999999999 3.65 0
0 0 0 1 44.798500000000004 28.7302 17.0 0.017124 0.0434 1.0 0
0 0 0 1 45.5195 39.11862000000001 16.0 0.023407 0.0918745 3.3 0
0 1 0 0 42.704499999999996 4.56522 15.0 0.09782241 0.2 2.0 0
0 0 0 1 45.44199999999999 32.1408215 7.0 0.16794 0.04642 0.0 0
0 0 1 0 57.7325 49.420225 9.0 0.3534949640285 1e-05 18.0 0
0 0 0 1 49.769999999999996 44.888025000000006 20.0 0.0088753 0.10496249999999999 2.6 0
1 0 1 1 51.97 51.372479999999996 16.0 0.023183 0.0088 1.0 0
0 0 0 1 43.3335 44.579840000000004 14.0 0.032366 0.098775 2.85 0
0 0 0 1 48.44349999999999 58.2488 20.0 0.0086461 0.0 2.0 0
0 0 0 1 49.2375 42.242616999999996 18.0 0.012863 0.07068500000000001 2.55 0
0 0 0 1 45.32449999999999 41.96834500000001 3.0 0.47895 0.11603400000000001 3.8 0
0 0 0 1 46.910000000000004 41.02626 8.0 0.15236 0.07339999999999999 3.65 0
0 1 0 0 43.2045 0.0 5.85 0.45836299 1.0 2.0 0
0 0 0 1 51.37299999999999 60.0 20.0 0.0097865 0.09383 2.0 0
0 0 0 1 47.4645 39.479135 6.0 0.23834 0.1798225 6.35 0
0 0 1 0 48.275000000000006 41.753505 4.0 0.38235 0.0 30.0 0
0 0 0 1 47.031499999999994 45.67636 4.0 0.36535 0.19955149999999997 3.5 0
0 0 1 0 43.1485 44.099425000000004 13.4 0.13395249599999998 0.14757 4.0 0
0 0 1 0 55.9 39.09977000000001 17.15 0.044371035 0.00633 1.0 0
0 0 0 1 47.6655 47.47523499999999 4.0 0.34832 0.15632600000000002 6.8 0
1 0 0 0 59.24 58.975159999999995 38.65 0.13522140068918984 0.09468349999999999 3.1 0
0 0 0 1 44.50500000000001 44.45381999999999 17.0 0.017671 0.10539049999999998 2.4 0
0 0 0 1 48.006 43.337875 18.0 0.015482 0.07644050000000001 1.4 0
0 1 0 0 45.45100000000001 20.7143 40.0 9.4345e-05 0.01885 5.0 0
0 0 1 0 48.6045 57.1111 16.4 0.09283305859999999 0.01576 3.0 0
0 0 0 1 45.12799999999999 40.05806 7.0 0.17117 0.16967550000000003 5.8 0
0 0 0 1 56.763 59.795015 186.0 2.2963e-19 0.0 1.9 0
0 0 0 1 47.237 51.0153 9.0 0.11909 0.21291 2.0 0
1 0 0 0 58.39 58.80114999999999 21.5 0.04749673000343765 0.09360199999999999 3.0 0
0 0 1 0 45.35 45.770300000000006 18.8 0.030460786 0.01673 2.0 0
0 1 0 0 50.286 59.9811 18.9 0.10810838475 0.00242 4.0 0
0 0 1 0 38.56 43.794015 12.0 0.053473 0.02924 2.0 0
0 0 0 1 47.183499999999995 43.861514500000006 36.0 0.00023682 0.07683749999999999 1.85 0
0 0 0 1 47.99300000000001 40.8976825 25.0 0.0030391 0.07304850000000002 2.0 0
0 0 0 1 48.812 44.15959000000001 33.0 0.00047664 0.022029 2.1 0
0 0 1 0 47.3675 42.44546 11.0 0.066831 0.00793 2.0 0
1 0 0 0 49.49 43.20665999999999 20.7 0.1176660972935 0.024860499999999997 2.0 0
0 0 0 1 46.474 42.860245 9.0 0.1121 0.16180999999999995 4.75 0
0 1 0 0 45.152 36.2593 13.15 0.17590658524999997 0.02084 21.0 0
0 0 0 1 47.169 45.543459999999996 4.0 0.37143 0.18764699999999998 3.95 0
0 0 0 1 50.032 49.741805 52.0 6.1653e-06 0.0212395 2.0 0
0 0 0 1 56.83 48.982319999999994 17.0 0.018018 0.057411000000000004 2.7 0
0 0 0 1 58.54350000000001 60.0 5.0 0.28898 0.1453515 3.6 0
0 0 0 1 48.352999999999994 49.62195 29.0 0.001074 0.0399735 2.45 0
1 0 0 0 59.36 58.959655 46.9 0.07935336896890642 0.081018 4.0 1
0 0 0 1 47.173 46.170975000000006 18.0 0.015053 0.01009 2.0 0
0 1 0 0 49.76950000000001 53.9138 18.1 0.09363226725000003 0.00466 4.0 0
0 0 1 0 42.34600000000001 39.937055 12.25 0.15538169 0.14464 2.0 0
0 1 0 0 37.94 18.2857 5.0 0.28336 0.07236 2.0 0
0 0 1 0 47.768000000000015 27.0 11.0 0.07725 0.00679 2.0 0
0 0 0 1 48.01049999999999 43.853680000000004 1.0 0.66614 0.11781499999999998 3.75 0
0 0 0 1 45.2145 45.84547 25.0 0.002745 0.054213 2.15 0
0 0 0 1 55.605 60.0 143.0 4.4728e-15 0.0 1.8 0
0 1 0 0 44.516000000000005 34.7615595 0.0 0.92528 0.04464 9.0 0
0 0 0 1 47.58149999999999 41.6611715 10.0 0.084405 0.21538 1.0 0
0 0 1 0 45.727999999999994 37.363181499999996 19.4 0.019080175499999998 0.01074 1.0 0
0 0 0 1 55.089 51.057 65.0 2.6462e-07 0.024508 2.7 0
0 0 0 1 43.3765 45.063375 46.0 2.3509e-05 0.07565 3.0 0
0 0 1 0 57.7325 47.224045000000004 7.45 0.28113968 9e-05 25.0 0
0 1 0 0 46.4655 40.8396875 1.0 0.70211 0.51582 20.0 0
0 0 0 1 50.966 47.744839999999996 22.0 0.0061584 0.40925 5.0 0
0 0 1 0 49.328500000000005 53.68411 9.6 0.33862840499999997 0.00013 8.0 0
0 0 0 1 57.86 43.869279999999996 13.0 0.041944 0.10433699999999999 1.9 0
0 0 1 0 44.2185 51.6553095 28.0 0.0013083 0.0 8.0 0
0 0 0 1 49.906 47.567215000000004 13.0 0.042036 0.11494 1.9 0
0 0 1 0 55.5755 60.0 20.95 0.31507442632200006 0.0 7.0 0
0 0 1 0 48.902 48.054135 9.0 0.1245 0.00607 1.0 0
1 0 0 1 56.17 46.159955000000004 14.0 0.035044 0.1682565 3.05 0
0 0 0 1 40.429500000000004 59.795015 255.0 1.1165e-35 0.0 1.95 0
0 0 0 1 55.74 44.967850000000006 24.0 0.003738 0.11657849999999999 2.25 0
0 0 1 0 45.05 43.915775 17.55 0.036563232499999994 0.04022 2.0 0
0 0 1 0 58.36 39.09977000000001 16.85 0.045325069999999995 0.00627 1.0 0
1 0 0 0 43.41 39.119805 16.85 0.030219504999999997 0.15691 1.0 0
0 0 1 0 46.5095 29.0 5.0 0.31323 0.2066 2.0 0
0 0 0 1 48.3055 39.8200555 19.0 0.010924 0.031430999999999994 2.2 0
0 0 0 1 51.601 46.585094999999995 14.0 0.037416 0.12327099999999999 2.95 0
0 0 0 1 51.419 57.0336 16.0 0.022522 0.11398850000000002 3.35 0
0 1 1 0 44.45700000000001 41.631910000000005 14.3 0.07107205000000001 0.08916 1.0 0
0 0 1 0 59.19500000000001 58.63666500000001 54.2 0.21766662893659486 0.0 3.0 0
0 1 0 0 46.4415 40.15248 9.0 0.12317 0.0233 1.0 0
1 0 0 0 42.29 41.422885 16.15 0.09206511549999999 0.13203 1.0 0
0 1 1 1 49.938 54.5306 17.0 0.016351 0.01122 2.0 0
0 0 0 1 32.84 41.7087235 13.0 0.047774 0.1634545 2.5 0
0 0 0 1 40.429500000000004 59.795015 224.0 3.278e-23 0.0 1.95 0
0 0 0 1 48.794500000000006 46.916039999999995 19.0 0.010034 0.10274150000000001 2.9 0
0 1 0 0 46.226000000000006 51.8704 14.0 0.032376 0.03386 2.0 0
0 0 1 0 59.947500000000005 58.182465 81.15 0.05852936627391324 0.0 1.0 0
0 0 0 1 48.1265 37.453630499999996 19.0 0.011172 0.08513400000000002 3.0 0
0 0 0 1 50.40650000000001 50.36619 24.0 0.0033259 0.009315 2.95 0
0 0 0 1 47.0275 49.293009999999995 10.0 0.087516 0.062228000000000006 3.45 0
0 0 0 1 49.32 44.00652 16.0 0.023624 0.13281549999999998 3.1 0
1 0 0 0 60.0 59.99189 98.0 0.016234179471986653 4.2000000000000004e-05 1.85 0
0 0 0 1 47.993 40.8976825 25.0 0.0031106 0.10614100000000001 2.2 0
0 0 0 1 50.25750000000001 43.552879999999995 22.0 0.005305 0.06049 1.0 0
0 1 0 0 50.35447767066693 44.52678267539525 24.651144857041167 0.09658699853529934 0.10095995499099822 3.9706941388277657 0
0 0 0 1 57.19199999999999 59.938914999999994 118.0 1.379e-12 0.0 2.4 0
0 0 0 1 59.593 53.44665500000001 72.0 5.0698e-08 7.7e-05 2.05 0
0 0 0 1 45.853500000000004 45.131655 13.0 0.047355 0.1123035 2.6 0
0 0 0 1 49.2725 36.373439999999995 20.0 0.0084086 0.09103 4.0 0
0 1 0 1 53.4 57.3161 40.0 8.7854e-05 0.0211535 3.65 0
0 0 0 1 45.536 33.405719000000005 7.0 0.19928 0.21624 1.0 0
0 0 0 1 46.1315 45.722494999999995 11.0 0.078571 0.116231 2.8 0
0 0 0 1 51.8045 44.19255 13.0 0.040707 0.52763 3.0 0
0 0 0 1 49.665 44.400904999999995 24.0 0.0037991 0.050066 2.75 0
0 0 0 1 48.891000000000005 48.581450000000004 17.0 0.016451 0.09767299999999998 3.15 0
1 0 1 0 40.1 41.10216000000001 16.55 0.0409238065 0.0687 2.0 0
0 1 0 0 48.688 37.670715 10.0 0.08092 0.1524555 2.9 0
0 0 0 1 52.06350000000001 40.0084485 22.0 0.0055899 0.16492549999999997 1.9 0
0 0 1 0 50.5755 48.847232999999996 16.0 0.022713 0.0 14.0 0
0 0 0 1 50.72800000000001 42.882105 19.0 0.010173 0.0195 1.0 0
0 0 0 1 49.325500000000005 50.884620000000005 39.0 0.00011156 0.019853000000000003 1.85 0
1 0 0 0 47.29 38.372975 21.0 0.021256426142 0.042541999999999996 2.35 0
0 1 0 1 49.524 53.4692 17.0 0.015859 0.05454 4.0 0
0 1 0 0 50.35447767066693 44.52678267539525 24.651144857041167 0.09658699853529934 0.10095995499099822 3.9706941388277657 0
0 0 0 1 44.73799999999999 32.116611 3.0 0.44317 0.08757 2.0 0
0 0 0 1 51.212 48.354685 12.0 0.052188 0.12290849999999998 3.5 0
0 0 1 0 46.3935 36.9915565 10.0 0.098063 0.21431 4.0 0
0 0 0 1 56.763 59.795015 195.0 2.8016e-20 0.0 1.9 0
1 0 1 0 45.84 48.641445 1.0 0.66856 0.02033 3.0 0
0 0 1 0 55.580000000000005 56.1667 6.45 0.5276387490000001 1e-05 13.0 0
0 0 0 1 49.3035 50.790075 51.0 7.283e-06 0.020840499999999994 1.9 0
0 0 0 1 50.715999999999994 49.007715000000005 12.0 0.059705 0.077431 4.4 0
0 0 0 1 55.7355 59.952465000000004 98.0 1.4124e-10 0.0 2.3 0
0 0 1 0 56.50750000000001 49.419245 17.3 0.17120732155 0.00318 5.0 0
0 0 0 1 40.429500000000004 59.795015 255.0 9.6888e-31 0.0 1.95 0
0 0 1 1 48.586 50.70869 6.0 0.21429 1e-05 3.0 0
0 0 0 1 46.894 50.478899999999996 41.0 6.5272e-05 0.07548950000000001 2.4 0
0 0 0 1 49.622 48.6538 22.0 0.005334 0.05256 1.0 0
0 0 0 1 47.7215 42.948519999999995 4.0 0.34286 0.26313 9.0 0
0 0 0 1 49.94250000000001 40.177 14.0 0.035702 0.1423575 2.15 0
0 0 0 1 41.247499999999995 48.3651 60.0 9.3189e-07 0.19146 2.0 0
0 0 0 1 49.4945 45.1838805 15.0 0.025191 0.15134150000000002 1.55 0
0 0 1 0 57.7325 48.48648 8.6 0.254397035 1e-05 22.0 0
0 0 0 1 42.585 37.32431 3.0 0.4372 0.15536100000000003 2.7 0
0 0 0 1 49.665000000000006 43.898790000000005 24.0 0.003773 0.0891275 2.25 0
0 0 1 0 48.571999999999996 38.58353749999999 2.0 0.59314 0.00027 24.0 0
1 0 0 0 47.19 38.08719 22.1 0.0215971319095 0.0296425 2.3 0
0 0 0 1 48.2595 43.914579999999994 21.0 0.0074971 0.12761800000000004 3.75 0
1 0 0 0 42.63 51.106105 16.35 0.03960148 0.02689 2.0 0
1 1 1 1 59.7 59.6495 54.0 3.6584e-06 0.0 1.0 1
0 0 0 1 48.538000000000004 58.1806 13.0 0.048034 0.40658 1.0 0
0 0 1 0 44.76499999999999 46.35352499999999 0.0 1.0 0.0 8.0 0
0 0 0 1 49.644999999999996 48.407375 14.0 0.034741 0.09609899999999999 3.5 0
0 0 0 1 48.812 47.327980000000004 33.0 0.00045507 0.029654500000000007 2.15 0
0 0 0 1 44.852 41.793505 14.0 0.039245 0.11967949999999998 3.2 0
1 0 0 0 57.88 58.225019999999994 20.25 0.0546498050001357 0.047153000000000014 3.0 0
0 0 0 1 47.554500000000004 48.68552999999999 4.0 0.34976 0.12896199999999997 6.85 0
0 0 1 0 48.919000000000004 46.988325 20.0 0.11635170349999999 0.00379 1.0 0
0 0 0 1 50.843500000000006 46.159955000000004 14.0 0.035067 0.15688249999999998 3.0 0
1 0 0 0 57.98 58.380240000000015 15.7 0.045520527500000005 0.053441499999999996 2.7 0
0 0 0 1 40.429500000000004 59.795015 255.0 0.0 0.0 1.95 0
0 0 0 1 52.95 35.880005499999996 19.0 0.011215 0.10805050000000001 2.6 0
1 0 0 0 56.14 58.308035 17.95 0.0344252625 0.07799700000000001 2.0 0
0 0 0 1 51.8995 43.61625 23.0 0.0043323 0.12311100000000001 2.25 0
1 0 0 0 44.7 34.522885 24.35 0.01785062811925 0.047563 2.05 0
0 0 0 1 49.629 40.88027 18.0 0.013732 0.090436 2.05 0
0 0 1 0 57.7325 48.48648 8.6 0.254397035 0.0 22.0 0
1 0 0 0 48.89 42.836335 16.2 0.04611691450000001 0.04228950000000001 2.15 0
0 0 1 0 48.00450000000001 47.2769 25.25 0.19951922531600003 7e-05 1.0 0
0 0 0 1 51.199 52.662065000000005 15.0 0.028226 0.146978 2.45 0
0 0 0 1 44.683499999999995 43.81929 17.0 0.017541 0.11607700000000001 2.3 0
0 0 1 1 47.434999999999995 44.347125 26.0 0.0022115 0.051 2.0 0
0 1 0 0 50.35447767066693 44.52678267539525 24.651144857041167 0.09658699853529934 0.10095995499099822 3.9706941388277657 0
0 0 1 1 49.54549999999999 48.372265 19.0 0.010681 0.00967 1.0 0
0 0 1 1 47.807 45.523385000000005 18.0 0.014116 0.00984 2.0 0
0 0 0 1 50.15050000000001 43.36940500000001 19.0 0.011494 0.08446349999999998 2.15 0
0 0 0 1 51.452999999999996 49.614125 16.0 0.024953 0.1014105 2.1 0
0 0 0 1 50.4705 46.862215000000006 14.0 0.036354 0.06972 1.0 0
0 0 0 1 47.73450000000001 44.87923 4.0 0.35826 0.135 5.0 0
0 0 0 1 16.13 29.07566 184.0 3.6326000000000005e-19 0.21221600000000002 2.65 0
1 0 0 0 54.63 55.75126500000001 18.65 0.06926631735 0.0469095 1.5 0
0 0 1 0 42.62950000000001 34.26663 3.0 0.49858 0.04159 1.0 0
0 0 0 1 44.74499999999999 45.85438 5.0 0.29409 0.0903095 4.1 0
1 0 0 0 60.0 59.99189 98.0 0.016234179471986653 4.2000000000000004e-05 1.85 0
0 1 0 1 42.782 6.0 36.0 0.00023116 1.0 3.0 0
0 0 0 1 49.4945 45.1838805 15.0 0.025384 0.08579450000000002 1.55 0
0 1 0 1 48.077 49.023424999999996 40.0 8.1203e-05 0.00014 2.0 0
0 0 0 1 45.6715 47.814005 14.0 0.039023 0.66618 3.0 0
0 0 0 1 23.01 28.195705000000004 255.0 7.0206e-37 0.2049805 2.7 0
0 0 0 1 44.852 43.937605000000005 14.0 0.039377 0.0797525 3.35 0
0 0 0 1 47.1545 40.075445 2.0 0.52627 0.1213435 3.85 0
1 1 0 0 56.04 56.5752 19.05 0.0773721112 0.0494395 6.05 0
0 0 0 1 48.19200000000001 42.18761 6.0 0.22727 0.14324300000000004 7.25 0
0 0 1 0 47.7645 48.51733500000001 2.0 0.56192 0.0 2.0 0
0 0 0 1 47.4755 44.47458 6.0 0.23279 0.14508350000000003 4.4 0
0 0 0 1 50.19 47.939545 13.0 0.040558 0.14340150000000002 2.35 0
0 1 0 0 41.0325 0.0 4.35 0.5742076399999999 1.0 1.0 0
0 0 1 0 47.134 57.75 1.0 0.65061 0.005 4.0 0
0 0 0 1 45.352999999999994 47.41886 28.0 0.0014048 0.067063 2.15 0
1 0 0 0 52.19 48.773579999999995 31.35 0.060516489771299996 0.05489499999999999 2.2 0
0 0 1 0 48.145500000000006 47.353010000000005 4.0 0.38611 0.00601 2.0 0
1 0 0 0 60.0 59.99189 98.0 0.016234179471986653 4.2000000000000004e-05 1.85 0
0 0 0 1 47.894499999999994 44.751144999999994 14.0 0.038452 0.130141 2.45 0
0 0 0 1 46.5005 46.176395 18.0 0.014284 0.01417 1.0 0
0 0 0 1 48.794500000000006 46.916039999999995 19.0 0.010144 0.073615 2.35 0
0 0 0 1 47.529999999999994 48.76845999999999 42.0 5.4909e-05 0.038407000000000004 2.95 0
0 1 0 0 35.6625 0.0 4.05 0.6211383300000001 0.9 1.8 0
1 0 1 1 45.51 49.540285 37.0 0.0001623 0.00561 1.0 0
0 0 0 1 57.82 46.731045 14.0 0.036295 0.17119 2.0 0
0 0 1 0 49.6295 47.39942500000001 4.0 0.38572 1e-05 4.0 0
0 0 0 1 34.87 39.13361999999999 20.0 0.0098456 0.06464349999999999 2.6 0
0 0 0 1 48.932 51.23313 15.0 0.025939 0.11742299999999999 2.35 0
0 0 0 1 46.3255 41.246795 13.0 0.044444 0.03741 1.0 0
0 1 0 0 48.6035 26.9826 13.55 0.1801545215 0.00295 6.0 0
0 1 1 0 54.10200000000001 60.0 32.8 0.0065712951805 0.00182 1.0 0
1 1 1 1 60.0 60.0 60.0 7.9515e-07 0.0 1.0 1
0 0 1 0 45.64450000000001 41.67482 35.0 0.00029602 0.02601 1.0 0
0 0 0 1 57.314499999999995 59.997335 149.0 1.1531e-15 0.0 1.9 0
0 0 0 1 40.429500000000004 59.795015 255.0 0.0 0.0 1.95 0
0 0 0 1 45.0615 46.83376 14.0 0.03921 0.01734 2.0 0
0 1 0 0 47.34850000000001 22.3878 18.2 0.053049567 0.01335 2.0 0
0 0 0 1 49.2375 42.242617 18.0 0.012803 0.077333 2.65 0
1 0 0 0 60.57 59.95384 55.5 0.04189097944023036 0.06755 3.3 0
1 0 0 0 59.84 59.71248999999999 82.25 0.003243261507273977 0.011612500000000001 2.65 0
0 0 0 1 45.6715 44.709215 14.0 0.039411 0.41616 4.0 0
1 0 0 0 44.74 33.871325 24.25 0.032959718119250005 0.047268 2.1 0
0 0 1 0 41.57899999999999 10.5 11.4 0.16448651 0.38889 2.0 0
0 0 1 0 57.56 54.17863 3.7 0.5274955000000001 0.0 16.0 0
1 0 0 0 35.68 28.015584999999998 16.1 0.085138285 0.10837549999999999 1.7 0
0 0 0 1 45.46 38.90374 9.0 0.11361 0.1617455 3.8 0
0 0 1 1 57.11 48.834855 29.0 0.0012007 0.00465 2.0 0
0 1 0 0 35.6625 11.7 12.6 0.22301400249999997 0.34142 4.0 0
0 1 0 0 48.983 35.5455 32.0 0.00060935 0.00015 1.0 0
1 0 0 0 48.58 44.38113 21.7 0.064060311847935 0.060097500000000005 1.85 0
0 0 1 1 49.736999999999995 56.25924500000001 21.0 0.0071999 5e-05 8.0 0
0 0 1 0 55.5875 60.0 0.0 1.0 0.0 11.0 0
0 0 1 0 53.355000000000004 60.0 2.0 0.51111 0.0 9.0 0
0 0 0 1 45.460499999999996 38.7753565 7.0 0.1861 0.163546 3.5 0
0 1 1 1 44.00699999999999 35.779939999999996 7.0 0.16554 0.11753 1.0 0
1 0 0 0 60.0 59.99189 98.0 0.016234179471986653 4.2000000000000004e-05 1.85 0
1 0 0 0 52.68 44.005829999999996 3.0 0.49146 0.078522 6.95 0
0 0 0 1 50.208499999999994 40.9428525 15.0 0.027861 0.19129 2.0 0
0 0 0 1 44.2155 47.677955000000004 17.0 0.017324 0.01019 2.0 0
0 0 0 1 50.58200000000001 59.1136 14.0 0.03514 0.22856 13.0 0
1 1 1 0 60.0 60.0 78.0 1.277e-08 0.0 4.0 1
0 0 0 1 49.521 50.790075 51.0 6.8456e-06 0.027701999999999997 2.05 0
1 0 0 0 44.2 43.802392999999995 4.0 0.32263 0.11277699999999999 5.5 0
1 0 0 0 60.0 59.99189 98.0 0.016234179471986653 4.2000000000000004e-05 1.85 0
0 0 1 0 49.328500000000005 53.68411 6.2 0.58414086 0.0 8.0 0
0 0 0 1 49.256499999999996 44.34135 14.0 0.034434 0.091002 3.2 0
0 0 0 1 45.1315 44.44722500000001 7.0 0.18659 0.02454 2.0 0
0 1 0 1 49.138 48.09751 32.0 0.00061591 0.00043 1.0 0
0 0 0 1 49.673500000000004 31.32371 6.0 0.24359 0.46248 2.0 0
0 0 1 0 49.8825 34.246515 0.0 1.0 0.0 1.0 0
0 0 0 1 45.113 23.0674 25.0 0.0029917 0.13884 5.0 0
0 1 1 1 42.31 38.4981 39.0 0.00010337 0.0 2.0 0
0 0 0 1 50.367999999999995 47.955020000000005 20.0 0.0079586 0.0866085 2.0 0
0 0 0 1 50.18749999999999 44.674705 11.0 0.064826 0.10465149999999998 4.65 0
0 0 1 0 55.556999999999995 46.753645 12.95 0.134006055 0.00938 5.0 0
0 0 0 1 48.76 44.538439999999994 13.0 0.045838 0.12110399999999996 2.9 0
1 0 0 0 54.68 51.7581 4.0 0.36253 0.12064 1.0 0
0 0 0 1 45.163 39.99124 28.0 0.0014581 0.00606 3.0 0
1 0 0 0 56.17 58.311699999999995 17.25 0.0384366275 0.07799700000000001 2.0 0
1 0 0 0 57.46 47.022355 0.0 0.81291 0.15945900000000002 5.45 0
0 0 0 1 52.13599999999999 42.93785 23.0 0.0043744 0.12259850000000001 2.25 0
0 0 0 1 48.6725 42.782595 16.0 0.022499 0.12530049999999998 2.85 0
0 0 0 1 46.176500000000004 7.248821000000001 2.0 0.56112 0.875 2.0 0
0 0 1 0 55.6155 48.6728645 14.95 0.4390855217345 0.0 9.0 0
0 0 0 1 49.872499999999995 44.457314999999994 16.0 0.021642 0.09299500000000001 1.95 0
1 0 0 0 45.62 36.633055 22.3 0.042743126502336595 0.0439585 2.0 0
0 0 1 0 56.50750000000001 55.747569999999996 16.0 0.32074221730541996 0.0 5.0 0
1 0 0 0 52.17 43.54757 3.0 0.48388 0.10125599999999998 9.0 0
0 0 0 1 45.163000000000004 37.53238499999999 31.0 0.00078135 0.05061 1.0 0
0 0 0 1 48.98 46.667339999999996 13.0 0.044055 0.212902 2.9 0
0 0 1 1 49.2345 17.5 14.0 0.036694 0.0188 2.0 0
0 0 0 1 44.6605 39.9792 17.0 0.017631 0.02058 3.0 0
0 0 0 1 44.1395 50.200615000000006 36.0 0.00021117 0.02162 2.0 0
0 0 0 1 47.9275 37.00170000000001 9.0 0.10256 0.10319900000000001 3.7 0
1 0 0 1 51.34 42.765 14.0 0.034059 0.1043025 2.15 0
0 0 0 1 59.074500000000015 55.488339999999994 71.0 6.3121e-08 8.000000000000001e-06 2.05 0
0 0 0 1 46.9855 45.637665 16.0 0.023868 0.1627765 3.9 0
0 0 0 1 46.9995 42.741675 8.0 0.14971 0.11089 4.0 0
0 0 1 0 42.81 45.647195 14.6 0.1376486141 0.13265 3.0 0
0 0 0 1 49.922 42.378743 16.0 0.02468 0.15169 1.0 0
0 0 1 0 48.775000000000006 43.961102999999994 20.25 0.07741326095 0.00346 2.0 0
0 0 0 1 47.51350000000001 45.389860000000006 26.0 0.0020164 0.07048299999999999 2.75 0
0 0 1 0 51.790499999999994 44.340235 26.45 0.09027392003 0.00017 1.0 0
1 0 0 0 57.2 45.300290000000004 16.9 0.068446803 0.04511 2.0 0
0 0 1 0 45.4655 40.66096 8.0 0.13089 0.19539 4.0 0
0 0 1 1 45.01199999999999 44.57225 3.0 0.48718 0.0 12.0 0
0 0 0 1 48.518 36.246845 2.0 0.55484 0.157247 5.05 0
0 0 0 1 47.981500000000004 43.72844 27.0 0.0018605 0.15108 3.0 0
0 0 1 0 45.735499999999995 39.98563 17.0 0.13634491965000003 0.00898 2.0 0
0 0 0 1 57.09 60.0 18.0 0.014538 0.26585 2.0 0
0 1 0 0 46.13849999999999 39.0 1.0 0.74513 1.0 8.0 0
0 0 0 1 46.94 50.478899999999996 41.0 6.7328e-05 0.07548950000000001 2.4 0
0 0 0 1 45.0415 42.6057 13.0 0.049294 0.15503099999999997 1.4 0
0 0 0 1 45.9165 44.13875 25.0 0.0028015 0.056549499999999996 2.15 0
0 0 0 1 55.34 48.42768 17.0 0.018335 0.07442800000000001 1.9 0
0 0 0 1 50.1325 44.373765000000006 13.0 0.041803 0.09282099999999997 2.1 0
0 0 0 1 50.052 41.355740000000004 18.0 0.014303 0.1254385 1.9 0
0 0 0 1 49.182 36.3787155 19.0 0.011083 0.058409 2.55 0
0 0 0 1 46.835 43.122245 17.0 0.016772 0.116375 1.85 0
1 1 1 0 60.0 60.0 98.0 1.3051e-10 0.0 1.0 1
0 0 0 1 58.33 49.634170000000005 26.0 0.0020778 0.01465 4.0 0
0 0 0 1 52.5 49.69625 53.0 4.582e-06 0.021241500000000003 3.3 0
0 0 1 0 57.7325 44.018835 5.8 0.375840915 0.0 36.0 0
0 0 0 1 51.18950000000001 46.298695 24.0 0.0033765 0.027790500000000003 2.55 0
0 1 0 1 47.7255 46.71323650000001 10.0 0.097254 0.44617 6.0 0
0 0 0 1 47.8625 42.757549999999995 23.0 0.0049498 0.03427 1.0 0
0 0 0 1 47.7995 46.98156300000001 4.0 0.33894 0.13213249999999999 5.95 0
0 0 0 1 45.0785 45.271674999999995 28.0 0.0012727 0.00444 2.0 0
0 0 0 1 49.417500000000004 49.821335 26.0 0.002248 0.14989349999999999 1.95 0
0 0 0 1 52.415 60.0 18.0 0.013853 0.04897 7.0 0
0 1 0 0 47.15 36.379405 9.0 0.11445 0.30321 2.0 0
0 0 1 0 40.25 43.24413 4.0 0.33214 0.01349 1.0 0
0 0 0 1 48.4805 44.407065 21.0 0.0064621 0.102732 2.15 0
0 0 0 1 50.96600000000001 49.752269999999996 22.0 0.0061845 0.23636 6.0 0
0 0 0 1 49.982499999999995 27.4138 21.0 0.0076911 0.33277 3.0 0
1 0 0 0 60.0 59.99189 98.0 0.016234179471986653 4.2000000000000004e-05 1.85 0
0 0 0 1 49.1335 60.0 14.0 0.032396 0.04416 3.0 0
0 0 1 0 48.18899999999999 40.979802500000005 2.0 0.52038 0.0 22.0 0
0 0 1 0 57.7325 45.555165 8.5 0.272908985 0.0 23.0 0
1 1 1 0 60.0 60.0 144.0 3.5468e-15 0.0 2.0 1
0 0 0 1 50.15050000000001 43.36940499999999 19.0 0.011482 0.103464 2.15 0
0 0 0 1 50.105000000000004 41.3811635 22.0 0.0058286 0.065063 1.85 0
0 0 0 1 50.062000000000005 43.369405 19.0 0.011469 0.10284249999999999 2.1 0
0 0 0 1 49.264500000000005 45.85261 7.0 0.15883 0.0 12.0 0
0 0 0 1 55.9055 57.54191000000001 102.0 5.3918e-11 0.0 1.75 0
0 1 0 0 48.7205 30.7812 21.0 0.0063684 0.0005 1.0 0
0 0 0 1 48.9135 47.57735 19.0 0.01084 0.00259 1.0 0
1 0 0 0 57.32 58.865010000000005 17.45 0.045805040000000005 0.0910465 2.0 0
0 1 0 1 47.322500000000005 53.359 20.0 0.0097548 0.00846 2.0 0
1 1 1 1 60.0 60.0 37.0 0.000168 3e-05 1.0 1
1 0 0 0 47.28 41.973495 11.0 0.066609 0.03707 2.0 0
1 1 1 0 45.35 24.0101 90.0 9.9612e-10 0.0 1.0 0
0 0 1 0 57.59100000000001 56.19512999999999 7.55 0.44576667950000004 3e-05 11.0 0
0 0 0 1 50.31699999999999 46.468695 27.0 0.0017654 0.062159 2.45 0
1 0 0 0 46.14 40.511779999999995 11.5 0.15521978499999997 0.35421 1.0 0
0 0 0 1 57.793499999999995 56.780285000000006 70.0 9.8041e-08 0.00026299999999999994 2.75 0
0 0 1 0 57.59100000000001 56.195130000000006 8.0 0.52057898881 0.0 11.0 0
0 0 0 1 45.241 47.989155 28.0 0.0013876 0.0008 2.0 0
1 0 0 0 46.36 37.326025 18.6 0.06333222814999999 0.06909649999999999 1.7 0
0 0 1 0 46.25399999999999 55.90526500000001 7.85 0.42777782000000003 0.00071 7.0 0
0 0 0 1 49.716 46.806270000000005 16.0 0.021408 0.07684100000000002 1.7 0
0 0 0 1 50.177 41.897045 6.0 0.22222 0.1595 8.0 0
0 0 0 1 48.621500000000005 18.3125 6.0 0.22222 0.55118 24.0 0
0 1 0 0 55.511 56.3889 12.8 0.1614711915 0.0777455 4.05 0
0 1 0 1 42.5 36.6567 45.0 2.6965e-05 0.09543650000000001 2.55 0
0 0 0 1 55.85350000000001 57.38250000000001 76.0 2.1272e-08 0.00019850000000000003 1.7 0
0 0 0 1 47.794999999999995 48.412305 7.0 0.18016 0.00162 2.0 0
0 1 0 0 50.35447767066693 44.52678267539525 24.651144857041167 0.09658699853529934 0.10095995499099822 3.9706941388277657 0
0 0 0 1 47.9275 37.0017 9.0 0.10224 0.102967 3.75 0
0 0 0 1 46.991499999999995 42.38492 14.0 0.03868 0.15507100000000001 2.65 0
0 1 0 0 50.35447767066693 44.52678267539525 24.651144857041167 0.09658699853529934 0.10095995499099822 3.9706941388277657 0
0 0 0 1 44.8645 33.934380499999996 5.0 0.27419 0.15706599999999998 4.45 0
1 0 0 0 43.46 38.519205 16.85 0.059727721054999995 0.01939 2.0 0
0 0 0 1 46.384 43.537955 14.0 0.033536 0.159408 1.9 0
0 0 0 1 48.794500000000006 46.916039999999995 19.0 0.01011 0.1027415 2.9 0
0 0 1 0 42.721999999999994 46.1738015 15.95 0.05490497800000001 0.03403 2.0 0
1 0 0 0 58.33 58.649469999999994 26.0 0.04256239000369538 0.096933 3.1 0
0 0 0 1 48.958 45.12932000000001 22.0 0.0060141 0.0659535 2.2 0
0 0 0 1 50.062 41.584985 19.0 0.01136 0.43651 1.0 0
0 0 0 1 47.378499999999995 48.743425 38.0 0.00014604 0.03788749999999999 2.2 0
1 0 0 0 40.51 47.52174 13.85 0.17872662599999997 0.27778 2.0 0
1 0 0 0 60.0 59.99189 98.0 0.016234179471986653 4.2000000000000004e-05 1.85 0
0 0 0 1 49.266 44.794455 26.0 0.0024092 0.11314350000000002 3.0 0
0 0 1 0 57.7325 46.63334999999999 5.8 0.37584091499999994 0.0 29.0 0
0 0 0 1 48.068999999999996 46.66734 13.0 0.044007 0.2114035 3.05 0
0 1 0 0 35.6625 9.0 13.7 0.1719032715 0.5310915 2.8 0
0 1 0 0 50.328 31.6522 14.0 0.037024 0.16172 2.0 0
0 0 0 1 45.053000000000004 39.924510000000005 17.0 0.01732 0.10754799999999998 2.35 0
0 0 0 1 50.1225 43.155854999999995 24.0 0.0034223 0.20303 1.0 0
1 0 0 0 44.13 35.821175 19.75 0.043762569 0.0757595 2.05 0
0 0 1 0 49.8825 44.1959875 2.0 0.5749 0.0 16.0 0
0 1 0 0 50.35447767066693 44.52678267539525 24.651144857041167 0.09658699853529934 0.10095995499099822 3.9706941388277657 0
0 0 0 1 53.1845 47.352885 20.0 0.008653 0.05335249999999999 2.25 0
0 0 0 1 51.101 46.176559999999995 14.0 0.037345 0.125029 2.9 0
1 0 0 1 48.18 46.95175499999999 31.0 0.00072304 0.0369535 1.75 0
1 1 1 0 60.0 60.0 97.0 1.7954e-10 0.0 2.0 1
0 0 0 1 49.521 50.790075 51.0 6.3134e-06 0.027789 2.0 0
0 0 0 1 23.76 42.4688285 13.0 0.049163 0.15743800000000002 1.6 0
0 0 0 1 47.448 42.92539000000001 22.0 0.0050971 0.051450499999999996 2.2 0
0 1 0 1 47.726 45.819925000000005 17.0 0.018974 0.10509600000000001 2.6 0
0 0 1 0 55.4105 49.43575499999999 20.3 0.07746749900000001 0.00038 4.0 0
0 0 0 1 49.3985 50.63125 15.0 0.02601 0.142485 2.35 0
0 0 0 1 48.782 47.708325 14.0 0.038111 0.51303 2.0 0
1 0 0 0 59.16 58.975159999999995 32.5 0.13386722680397883 0.100417 3.0 0
0 1 1 0 44.78 21.8611 5.0 0.27632 0.11501 1.0 0
0 0 0 1 54.44 47.446504999999995 14.0 0.035485 0.02538 2.0 0
0 0 0 1 46.91 39.557145 8.0 0.1567 0.145353 4.9 0
0 0 0 1 49.9655 59.392 27.0 0.0017263 0.02554 5.0 0
0 0 1 0 50.9585 49.166945 12.65 0.09107286 0.04076 5.0 0
0 0 1 0 47.2895 35.47185499999999 18.35 0.058903293999999995 0.01237 1.0 0
0 0 0 1 49.175000000000004 40.934263 16.0 0.021605 0.04662 1.0 0
0 0 1 0 48.18650000000001 59.2421 15.7 0.1171019335 0.0126 2.0 0
0 0 0 1 49.519999999999996 49.741465 17.0 0.019925 0.13831549999999998 1.6 0
0 0 0 1 53.01550000000001 60.0 22.0 0.0055035 0.55307 1.0 0
0 0 0 1 50.52 44.282125 27.0 0.001944 0.02979099999999999 2.25 0
1 0 0 0 52.31 41.126649 14.6 0.0657522 0.18367 1.0 0
0 0 1 0 43.26 45.79915999999999 17.05 0.16399764894999996 0.00098 3.0 0
0 0 1 0 51.01349999999999 57.8851 2.0 0.58352 0.0 3.0 0
0 0 0 1 46.091499999999996 49.23472000000001 14.0 0.032732 0.29803 1.0 0
0 1 0 0 50.35447767066693 44.52678267539525 24.651144857041167 0.09658699853529934 0.10095995499099822 3.9706941388277657 0
0 1 1 1 50.48100000000001 59.7143 18.0 0.015481 0.00618 1.0 0
0 1 1 1 50.648 60.7 15.0 0.0259 0.0315 1.0 0
0 0 0 1 46.695 45.12523 9.0 0.10903 0.190154 3.6 0
0 0 0 1 49.230999999999995 49.99601 37.0 0.0001679 0.0315395 2.0 0
0 1 0 0 43.44350000000001 43.77136 16.8 0.14294506005000002 0.03238 2.0 0
0 0 0 1 48.741499999999995 42.25186 15.0 0.031615 0.16737200000000002 3.05 0
0 0 0 1 40.429500000000004 59.795015 255.0 0.0 0.0 1.95 0
0 0 0 1 47.21 44.342425 17.0 0.017632 0.10911449999999998 2.2 0
0 0 0 1 45.0415 42.6057 13.0 0.050069 0.07506949999999998 2.4 0
0 0 0 1 46.147000000000006 44.507308 16.0 0.020486 0.1268325 2.85 0
1 0 0 0 54.13 42.859855 18.55 0.028310796499999995 0.02305 1.0 0
0 0 0 1 45.625499999999995 42.97256 5.0 0.28835 0.125186 5.65 0
1 1 1 0 60.0 60.0 106.0 2.0647e-11 0.0 2.0 1
1 0 0 0 43.67 34.807185 32.9 0.030663777890000004 0.1088325 2.25 0
0 1 0 1 45.4165 38.730019999999996 9.0 0.12114 0.107772 4.2 0
0 0 0 1 48.9865 44.183235 17.0 0.016136 0.04188 1.0 0
0 0 0 1 48.275999999999996 47.53085 21.0 0.007841 0.06963749999999999 2.45 0
0 0 0 1 46.081 38.326010499999995 5.0 0.28012 0.12677100000000002 2.7 0
0 0 0 1 46.295500000000004 41.328595 6.0 0.24034 0.1361955 5.55 0
1 0 1 1 31.67 43.612741500000006 15.0 0.027917 0.03326 1.0 0
0 0 0 1 47.3415 44.400904999999995 24.0 0.003933 0.12181949999999997 2.3 0
0 0 0 1 45.41 38.329893000000006 15.0 0.029722 0.10445 2.0 0
0 0 0 1 49.182 36.3787155 19.0 0.011081 0.05840900000000001 2.55 0
1 0 0 0 58.25 58.593894999999996 25.3 0.042133420003695396 0.1094395 2.4 0
1 0 0 0 45.86 43.7015115 10.0 0.092439 0.08006 1.0 0
1 1 1 0 60.0 59.9135 123.0 4.0798e-13 0.0 1.0 1
0 0 0 1 51.804500000000004 42.658855 13.0 0.040083 0.14945 5.0 0
0 1 0 0 41.0325 0.0 4.35 0.5742076399999999 1.0 1.0 0
0 0 0 1 37.02 42.46795 40.0 8.3046e-05 0.0321325 3.4 0
0 0 1 0 53.229 44.70828 28.1 0.010232265319650002 0.00785 3.0 0
0 1 0 0 58.10300000000001 58.7115 12.25 0.2620735488 0.070941 3.85 0
1 0 0 0 46.2 43.18327000000001 10.7 0.19083562 0.29902 4.0 0
0 0 0 1 56.33 42.09379499999999 23.0 0.0043629 0.138217 2.4 0
0 0 0 1 48.0615 49.293009999999995 10.0 0.087004 0.11365650000000001 4.2 0
0 0 0 1 49.495 43.049965 16.0 0.022239 0.08490500000000001 2.2 0
0 0 0 1 56.64 44.665029999999994 22.0 0.0059222 0.0892775 1.85 0
1 0 0 0 55.13 55.823235 21.5 0.028280123522232505 0.0468995 1.6 0
0 0 1 0 57.6075 47.871674999999996 24.0 0.12279940535 4e-05 3.0 0
0 0 0 1 48.02300000000001 49.359660000000005 19.0 0.010512 0.061614 2.95 0
0 0 0 1 43.7275 37.547135 39.0 0.00010054 0.04973 1.0 0
0 0 0 1 49.627500000000005 43.377895 15.0 0.029853 0.1851205 2.3 0
0 0 0 1 49.914 44.57084 27.0 0.0019512 0.027532499999999998 2.1 0
0 0 0 1 46.6905 47.10562 13.0 0.046153 0.10433699999999999 3.05 0
0 1 1 0 38.95 21.9565 17.5 0.14155012300000003 0.00412 1.0 0
0 0 0 1 47.994 41.03565 18.0 0.014412 0.119757 2.0 0
0 0 1 0 46.2805 47.21766000000001 16.85 0.08431633349999999 0.01363 2.0 0
0 0 0 1 49.322500000000005 47.96205 40.0 9.6463e-05 0.024267499999999997 2.3 0
0 0 0 1 48.0375 40.304395 16.0 0.023035 0.047538000000000004 2.65 0
0 0 0 1 43.24 41.912665 33.0 0.00040152 0.03537449999999999 2.0 0
0 0 0 1 52.37249999999999 47.81364000000001 44.0 3.4791e-05 0.031347 2.15 0
0 0 1 0 57.760000000000005 53.102999999999994 4.4 0.598075439 0.0 13.0 0
0 1 0 0 57.7325 50.158935 9.0 0.35349496402850006 0.01229 18.0 0
0 0 1 0 48.88099999999999 44.898160000000004 3.0 0.41176 0.0 16.0 0
0 0 1 0 58.411 54.88215 54.4 0.07921545788794804 1e-05 2.0 0
0 0 0 1 45.66799999999999 43.084635 5.0 0.30769 0.22483 25.0 0
0 0 0 1 45.278499999999994 42.2558 17.0 0.017454 0.12282249999999999 2.1 0
0 0 0 1 48.275999999999996 47.53085 21.0 0.0078963 0.0696375 2.45 0
0 0 0 1 47.892999999999994 39.06531 15.0 0.029557 0.178835 1.9 0
0 0 0 1 45.0415 42.6057 13.0 0.049507 0.110744 1.8 0
0 0 0 1 53.1 47.2395815 32.0 0.00060209 0.0670925 1.45 0
0 0 0 1 49.102 39.32662 13.0 0.04453 0.1293155 2.0 0
0 1 0 0 50.35447767066693 44.52678267539525 24.651144857041167 0.09658699853529934 0.10095995499099822 3.9706941388277657 0
0 0 1 0 47.69799999999999 42.477244999999996 20.35 0.0970167385 0.00396 1.0 0
0 0 0 1 50.069999999999986 45.78436 15.0 0.026694 0.0650415 2.25 0
0 0 0 1 46.4 46.32151 13.0 0.047117 0.13605399999999998 3.05 0
0 0 0 1 45.92000000000001 44.290800000000004 16.0 0.024057 0.139806 4.2 0
1 0 0 0 48.6 44.5317 22.15 0.063965864347935 0.051859999999999996 1.75 0
0 0 0 1 43.25950000000001 35.334680000000006 5.0 0.26087 0.1660455 5.85 0
0 0 0 1 46.018 43.97802299999999 16.0 0.020691 0.11661849999999999 2.3 0
1 0 0 0 53.14 46.23301 0.0 0.82349 0.14766 14.0 0
0 0 1 0 48.44949999999999 34.669 0.0 0.95312 0.00089 3.0 0
0 0 0 1 51.045 44.76341 23.0 0.0042669 0.10975349999999999 1.95 0
0 0 0 1 48.71 46.255485 17.0 0.017998 0.06908 1.0 0
1 0 0 0 42.8 47.71388 14.4 0.10721776649999999 0.01562 2.0 0
0 0 1 1 52.05 50.867839999999994 21.0 0.0077005 0.00706 1.0 0
1 0 0 0 60.0 59.99189 98.0 0.016234179471986653 4.2000000000000004e-05 1.85 0
0 0 0 1 45.32449999999999 45.182685000000006 3.0 0.47009 0.07500000000000001 4.85 0
0 0 0 1 45.25350000000001 49.13462 13.0 0.043011 0.0943475 2.7 0
0 0 0 1 47.8775 49.654081500000004 15.0 0.027339 0.08576800000000001 2.85 0
0 0 0 1 46.65 46.471005000000005 29.0 0.0011239 0.02003 2.0 0
0 0 0 1 25.08 43.751065 57.0 1.8842e-06 0.1110835 2.0 0
0 0 0 1 48.860499999999995 57.7429 15.0 0.03053 0.19242 2.0 0
0 0 0 1 49.858000000000004 51.584105 34.0 0.00033422 0.0160965 2.75 0
1 0 0 0 45.39 45.52841 4.0 0.37223 0.18100400000000003 4.05 0
0 0 0 1 49.411 46.166974999999994 14.0 0.03374 0.04967 1.0 0
1 0 0 0 60.0 59.99189 98.0 0.016234179471986653 4.2000000000000004e-05 1.85 0
0 0 0 1 48.79449999999999 46.916039999999995 19.0 0.010195 0.0750835 2.35 0
0 0 1 0 52.34 40.625535 12.0 0.050488 0.00475 3.0 0
0 1 0 0 59.8845 60.0 51.4 0.13680397870097638 0.061791 2.85 0
1 0 0 0 60.0 59.99189 98.0 0.016234179471986653 4.2000000000000004e-05 1.85 0
0 0 0 1 47.6005 47.95033500000001 20.0 0.0082264 0.1335365 1.9 0
0 0 0 1 47.866499999999995 42.62291799999999 16.0 0.020365 0.02602 1.0 0
0 0 0 1 48.251000000000005 36.24725550000001 19.0 0.011248 0.1304895 2.4 0
0 0 1 0 53.322500000000005 42.780895 17.8 0.026290015 0.0058 3.0 0
0 0 0 1 57.58 45.60491499999999 14.0 0.036713 0.10686550000000002 2.25 0
0 1 0 0 45.0065 43.132889 7.0 0.16501 0.18653150000000002 4.75 0
1 0 0 0 51.48 49.391000000000005 16.8 0.06517060999999999 0.07282799999999999 2.15 0
1 0 0 0 60.0 41.52563 16.9 0.08621124639999998 0.20931 3.0 0
1 1 1 1 59.74 60.0 21.0 0.0070411 0.01066 2.0 1
0 0 0 1 45.9165 44.13875 25.0 0.0028017 0.056549499999999996 2.15 0
0 1 0 0 56.8015 57.3898 21.55 0.097784420284 0.056006999999999994 4.0 0
0 0 1 0 55.6155 48.672864499999996 8.15 0.54164100001079 1e-05 9.0 0
0 0 0 1 49.913999999999994 44.57084 27.0 0.0018831 0.0254075 2.45 0
0 0 0 1 48.0595 44.747274999999995 21.0 0.0075087 0.1315865 3.8 0
0 0 0 1 49.138000000000005 43.6567 16.0 0.021708 0.11355 1.9 0
0 1 1 0 57.7325 47.338429999999995 8.5 0.270747135 0.00024 24.0 0
0 0 0 1 49.435500000000005 39.86158 16.0 0.022686 0.10552500000000001 3.3 0
0 1 0 0 48.575 46.370455 33.0 0.00041176 0.00199 1.0 0
0 0 0 1 46.123000000000005 43.39700499999999 9.0 0.10731 0.1512835 3.6 0
0 0 0 1 47.23299999999999 39.04866 20.0 0.0097198 0.07950850000000001 2.1 0
0 0 1 0 50.493 58.49104 4.95 0.5377083555 3e-05 6.0 0
0 0 0 1 52.336 42.378743 16.0 0.02199 0.14806 1.0 0
0 0 0 1 50.321000000000005 48.51772000000001 17.0 0.019325 0.10574450000000002 1.75 0
0 0 0 1 46.578500000000005 39.86188 17.0 0.017256 0.1189705 2.75 0
0 0 0 1 51.38249999999999 46.846445 46.0 2.1746e-05 0.020937 2.0 0
0 0 1 0 46.525 12.0 15.05 0.10429398000000001 0.1 3.0 0
0 0 1 0 51.721500000000006 44.224394999999994 19.8 0.14363225774999996 0.00101 4.0 0
0 0 0 1 50.2045 42.16256 6.0 0.2 0.0 5.0 0
0 0 0 1 46.732 42.26304499999999 20.0 0.0098654 0.053486 2.55 0
0 0 1 0 49.926 41.61597 0.0 1.0 0.0 10.0 0
0 0 0 1 47.657 47.34916 8.0 0.13473 0.1892305 4.55 0
0 0 1 0 50.318 44.3686 0.0 1.0 0.0 12.0 0
0 0 0 1 51.49150000000001 60.0 18.0 0.014113 0.07149 2.0 0
0 0 0 1 55.659000000000006 59.81685 99.0 1.2514e-10 0.0 1.95 0
0 1 0 0 50.1825 36.5 27.0 0.0017239 0.00483 1.0 0
0 0 1 0 47.9345 46.894415 1.0 0.69231 0.00345 2.0 0
0 0 1 1 31.26 45.817435 14.0 0.033638 0.51168 2.0 0
0 0 0 1 51.859 43.64018 13.0 0.041424 0.07738799999999998 2.3 0
0 0 0 1 46.49100000000001 49.70378 11.0 0.074928 0.109079 5.3 0
0 0 0 1 47.547000000000004 43.842135000000006 23.0 0.0049381 0.09846600000000001 1.9 0
0 0 1 0 44.6035 39.130417499999986 2.0 0.54659 0.1216 3.0 0
0 0 0 1 49.10449999999999 42.53210700000001 18.0 0.013077 0.10736949999999998 3.0 0
0 0 0 1 49.057500000000005 42.85311 19.0 0.011348 0.11919399999999998 2.75 0
0 0 0 1 54.028 57.62235999999999 68.0 1.4832e-07 0.024768500000000002 2.55 0
0 0 0 1 46.1315 47.39403 11.0 0.07597 0.0927175 5.85 0
0 0 0 1 56.763 58.60997 185.0 2.9506e-19 0.0 1.9 0
0 0 0 1 45.32449999999999 45.148044999999996 3.0 0.49561 0.12156550000000002 6.6 0
0 0 0 1 57.107499999999995 59.11505999999999 116.0 2.2106e-12 0.0 2.2 0
0 0 0 1 40.429500000000004 59.795015 255.0 2.6624700000000003e-44 0.0 1.95 0
0 0 1 0 50.5265 41.76332000000001 23.55 0.015256051400000002 0.00332 1.0 0
0 0 0 1 47.48649999999999 46.450715 19.0 0.012318 0.07160649999999999 2.35 0
0 0 0 1 48.055 44.294852500000005 2.0 0.58874 0.055498000000000006 5.85 0
0 0 0 1 48.341 39.54364499999999 18.0 0.014536 0.06701 1.0 0
0 0 0 1 45.206500000000005 34.57062549999999 5.0 0.27277 0.154361 4.05 0
0 0 0 1 48.235499999999995 48.52642 17.0 0.018782 0.1058775 2.9 0
1 0 0 0 59.51 59.38663499999999 57.55 0.03305532994910641 0.0705455 3.65 0
0 1 1 0 35.94 24.3611 18.55 0.137481671 0.00338 1.0 0
0 0 0 1 50.029999999999994 47.096464999999995 14.0 0.036914 0.1219095 2.25 0
0 0 0 1 47.522000000000006 54.0164 17.0 0.019556 0.13821 2.0 0
0 0 1 0 51.41 37.48275999999999 20.0 0.0245255565 0.0061 3.0 0
0 1 0 0 48.740500000000004 47.73204 11.0 0.068784 0.14051750000000002 3.2 0
1 0 1 1 42.19 35.277935 26.0 0.0020923 0.06568 1.0 0
0 1 0 0 41.0325 0.0 4.35 0.5742076399999999 1.0 1.0 0
0 0 0 1 45.4265 46.53597500000001 13.0 0.046988 0.16049 3.7 0
0 0 1 0 57.747 60.0 27.1 0.030832812564499996 0.00026 17.0 0
0 0 1 1 49.156 49.87425 38.0 0.00014492 0.00561 4.0 0
0 0 0 1 55.089 51.066050000000004 65.0 2.9772e-07 0.024507499999999998 2.65 0
0 0 0 1 45.719 44.507308 16.0 0.020152 0.1260915 2.65 0
0 0 1 0 57.7325 54.594800000000006 4.15 0.5183761 0.00011 17.0 0
0 0 0 1 46.373000000000005 49.66856 17.0 0.017892 0.50864 1.0 0
0 0 1 0 53.4055 43.908455 20.85 0.024433147500000005 0.00644 3.0 0
0 0 1 0 41.5355 34.8235 0.0 0.82716 0.3898 1.0 0
0 0 0 1 49.715999999999994 45.427369999999996 16.0 0.021361 0.09176100000000001 1.75 0
0 0 0 1 50.013000000000005 46.45652500000001 14.0 0.036803 0.07763450000000001 2.15 0
0 0 0 1 47.8335 37.990446500000004 10.0 0.084615 0.02052 0.0 0
0 0 0 1 45.55650000000001 49.124849999999995 13.0 0.042669 0.1705375 2.5 0
0 0 1 1 47.394999999999996 41.119919499999995 13.0 0.05 1e-05 9.0 0
0 0 1 0 50.557 58.65 1.0 0.71835 0.0 15.0 0
0 0 0 1 45.9745 51.06358 25.0 0.0025586 0.09309049999999999 4.15 0
0 1 0 0 41.0325 11.4 8.5 0.326988245 1.0 1.0 0
0 0 0 1 52.4855 47.155625 20.0 0.0087378 0.0520035 1.75 0
0 0 0 1 46.42 47.69526499999999 14.0 0.037492 0.15317950000000002 3.8 0
1 0 0 0 57.48 40.30467 6.0 0.22689 0.167931 7.05 0
0 0 0 1 51.09 40.8366585 13.0 0.04753 0.130254 2.95 0
0 0 1 0 50.223 49.63043 15.2 0.06696047150000001 0.0393 6.0 0
0 1 0 0 56.50750000000001 50.766495000000006 15.6 0.2110096988 0.00091 5.0 0
0 0 0 1 47.9525 43.72068 14.0 0.033785 0.10659 1.0 0
0 0 0 1 36.17 40.806615 22.0 0.0052915 0.08773999999999998 1.9 0
0 1 0 0 57.747 60.0 29.45 0.0338592270525 1.0 4.0 0
0 0 0 1 40.429500000000004 59.795015 255.0 0.0 0.0 1.95 0
0 0 0 1 47.7435 45.389860000000006 26.0 0.0021111 0.040725 2.7 0
0 0 0 1 50.55300000000001 44.85242 21.0 0.0072376 0.1170495 2.05 0
0 0 0 1 49.462 42.880535 13.0 0.044891 0.1489085 1.8 0
0 1 0 0 50.5165 60.0 21.0 0.0066445 0.06211 1.0 0
0 0 1 0 45.341499999999996 44.80213499999999 13.0 0.045836 0.0 11.0 0
0 0 1 1 50.022 48.10933 17.0 0.016321 0.00195 1.0 0
0 1 0 1 58.71 45.00682 22.0 0.0052033 0.043137999999999996 1.9 0
0 0 0 1 45.0415 42.6057 13.0 0.049843 0.07506949999999998 2.4 0
0 0 0 1 46.009 45.56102 21.0 0.0066244 0.049182 2.3 0
0 0 0 1 45.961 38.799029999999995 4.0 0.33725 0.23077 3.0 0
0 0 0 1 51.13 43.903819999999996 20.0 0.0086264 0.0829225 1.9 0
0 0 1 0 49.301 49.9159 45.0 3.1203e-05 2e-05 3.0 0
0 0 0 1 48.275999999999996 47.53085 21.0 0.0077674 0.0698485 2.4 0
0 1 0 1 46.48650000000001 59.4224 16.0 0.023141 0.01891 1.0 0
0 0 0 1 59.593 53.44665500000001 72.0 5.9633e-08 7.7e-05 2.05 0
0 1 0 0 43.05950000000001 42.089425 13.15 0.13162690600000002 0.17008 4.0 0
0 0 0 1 39.31 46.871045 13.0 0.039818 0.18252100000000002 2.35 0
0 0 0 1 49.433499999999995 46.93732999999999 11.0 0.079352 0.46076 1.0 0
0 1 0 0 47.138 43.0881165 10.0 0.082627 0.05352 2.0 0
0 0 0 1 50.9485 45.07096 23.0 0.0040869 0.14961750000000001 1.95 0
1 0 0 0 60.0 59.99189 98.0 0.016234179471986653 4.2000000000000004e-05 1.85 0
0 0 0 1 48.821999999999996 11.0 20.0 0.0088786 0.32598 1.0 0
0 0 0 1 56.560500000000005 58.558125000000004 78.0 1.3559e-08 0.005559 2.0 0
0 0 1 0 57.7325 52.7124 8.85 0.30971885164999996 4e-05 20.0 0
0 0 0 1 49.510000000000005 45.823275 24.0 0.0036564 0.100544 3.15 0
0 0 0 1 47.7255 45.2146415 10.0 0.092437 0.14732 5.0 0
0 0 1 1 50.32100000000001 47.233585 22.0 0.0054007 0.00239 4.0 0
1 0 0 0 52.95 48.814620000000005 18.1 0.03684240255000001 0.0490935 2.15 0
1 0 0 0 40.96 29.24572 26.55 0.07151724000000001 0.059580999999999995 2.0 0
0 0 0 1 48.0595 44.747274999999995 21.0 0.0075152 0.1323315 3.75 0
0 0 0 1 45.4165 41.30401500000001 9.0 0.12479 0.23194649999999997 4.55 0
0 0 0 1 52.44750000000001 42.9396935 22.0 0.005733 0.10329450000000003 1.9 0
0 0 0 1 48.89149999999999 34.9659 23.0 0.0044501 0.02513 3.0 0
0 0 0 1 49.14450000000001 45.68776 15.0 0.030768 0.15035149999999997 1.9 0
1 0 0 0 46.2 37.570350000000005 23.05 0.020347346594340003 0.07950449999999999 2.25 0
0 0 0 1 47.0255 43.39381 6.0 0.23453 0.193805 4.1 0
0 0 0 1 48.251000000000005 37.069595500000005 19.0 0.011234 0.11107 2.45 0
0 0 0 1 40.429500000000004 59.795015 255.0 0.0 0.0 1.95 0
0 0 0 1 47.1545 42.14179 2.0 0.51948 0.13316500000000003 4.95 0
0 0 0 1 48.7185 46.659515 31.0 0.00065392 0.039011 1.95 0
0 0 0 1 51.38250000000001 46.846445 46.0 2.1474e-05 0.020937 2.0 0
0 0 0 1 50.1205 43.24499 17.0 0.01629 0.01311 1.0 0
0 0 0 1 43.7655 40.137750000000004 3.0 0.40316 0.12059 4.45 0
0 0 0 1 44.8 44.66503 22.0 0.0059284 0.093204 2.0 0
0 0 0 1 49.828 33.78257 6.0 0.24868 0.33462 3.0 0
0 0 1 0 49.8825 48.024395000000005 0.0 0.99199 2e-05 1.0 0
0 1 0 0 50.35447767066693 44.52678267539525 24.651144857041167 0.09658699853529934 0.10095995499099822 3.9706941388277657 0
1 0 0 0 37.06 28.4221925 40.75 0.10857973280000002 0.15162199999999998 2.1 0
0 0 0 1 50.18750000000001 44.674705 11.0 0.065679 0.121803 6.0 0
0 1 0 1 45.9705 59.7892 20.0 0.0083341 0.055586 2.25 0
0 1 0 0 50.35447767066693 44.52678267539525 24.651144857041167 0.09658699853529934 0.10095995499099822 3.9706941388277657 0
0 0 0 1 50.057500000000005 47.827020000000005 14.0 0.035209 0.23223 1.0 0
0 0 1 0 57.7325 50.522505 5.6 0.36967010000000006 1e-05 21.0 0
0 1 0 1 48.51349999999999 52.0952 15.0 0.031145 0.05197 7.0 0
0 0 1 0 45.821 45.827505 16.65 0.046035820000000005 0.025 2.0 0
1 1 1 0 60.0 60.0 100.0 8.6086e-11 0.0 2.0 1
0 0 0 1 49.26650000000001 43.42501 22.0 0.0054968 0.166027 1.75 0
0 1 1 0 51.028000000000006 27.625 11.0 0.063755 0.00073 1.0 0
1 0 0 0 43.2 33.28519 20.25 0.0391690824 0.08679950000000002 2.45 0
0 1 0 0 44.0515 0.0 8.35 0.36288547 1.0 3.0 0
0 0 0 1 46.884 39.429880000000004 20.0 0.0092873 0.090086 2.95 0
0 0 1 0 57.760000000000005 53.102999999999994 4.4 0.598075439 0.0 13.0 0
0 0 0 1 48.055 43.550192499999994 2.0 0.58972 0.055501 6.0 0
0 0 0 1 49.433499999999995 45.755755 11.0 0.076524 0.46076 2.0 0
0 0 0 1 43.7375 50.411875 13.0 0.046551 0.15057249999999997 3.3 0
0 0 0 1 47.42 41.7878535 13.0 0.048669 0.1331625 3.2 0
0 0 1 0 49.81849999999999 45.32207 0.0 1.0 1e-05 14.0 0
1 0 0 0 60.0 59.99189 98.0 0.016234179471986653 4.2000000000000004e-05 1.85 0
0 1 0 1 44.8 36.83 42.0 5.9539e-05 0.00013 2.0 0
0 1 0 1 46.9415 34.0991 26.0 0.0020626 0.04530000000000001 2.2 0
0 1 0 1 48.614000000000004 48.480525 17.0 0.018287 0.05196 2.0 0
0 0 0 1 50.81 47.69526499999999 14.0 0.037614 0.156827 4.55 0
0 0 0 1 48.680499999999995 51.7975 21.0 0.0070318 0.05418 2.0 0
0 0 1 0 50.235499999999995 46.217095 0.0 0.99798 0.0 11.0 0
0 0 1 0 55.6155 48.6728645 14.95 0.4390855217345 0.0 9.0 0
0 0 0 1 51.459 51.072 13.0 0.041147 0.096414 2.65 0
0 1 0 0 45.7055 21.7667 9.0 0.10524 0.10042 3.0 0
1 0 0 1 35.91 39.10354 15.0 0.02938 0.183079 2.55 0
0 0 0 1 46.733 49.029035 19.0 0.010611 0.060695 1.6 0
0 0 0 1 48.091 33.703395 2.0 0.55263 0.11376650000000002 5.2 0
0 0 0 1 49.873000000000005 48.837810000000005 40.0 8.4184e-05 0.024463500000000003 2.85 0
0 0 0 1 47.884499999999996 46.009280000000004 36.0 0.00020189 0.00369 1.0 0
0 0 1 1 48.434999999999995 44.104845 6.0 0.24265 0.04928 3.0 0
0 0 1 1 48.33 41.174535000000006 13.0 0.046472 0.00482 2.0 0
0 0 0 1 48.4975 42.2966565 15.0 0.028517 0.13986 2.0 0
1 0 0 0 51.17 48.964945 20.25 0.061075498549999996 0.046915000000000005 1.95 0
0 0 0 1 50.672999999999995 49.3461315 32.0 0.00052315 0.0486345 2.05 0
0 0 0 1 46.8555 38.116595 18.0 0.014556 0.0696445 2.15 0
1 0 0 0 49.99 44.57851 24.65 0.026300962421500002 0.047289 2.0 0
0 0 0 1 59.96900000000001 57.547925 125.0 2.8888e-13 0.00025 1.6 0
0 0 0 1 54.697500000000005 60.0 10.0 0.081731 0.06061 1.0 0
0 0 1 0 45.69 42.775665 18.45 0.0910409605 0.00943 2.0 0
0 0 0 1 50.052499999999995 47.66672799999999 16.0 0.024873 0.07662 3.0 0
0 0 0 1 46.373000000000005 48.609185000000004 17.0 0.017837 0.26667 1.0 0
0 0 1 0 44.5895 27.8714 7.0 0.15852 0.02057 1.0 0
0 0 0 1 49.0035 45.944505 31.0 0.00072553 0.0176945 1.75 0
0 0 0 1 48.7415 42.25186 15.0 0.031559 0.167372 3.05 0
0 0 0 1 43.7655 40.13775 3.0 0.41053 0.1022665 6.95 0
0 1 0 0 48.767 45.892895 7.0 0.17471 0.00671 2.0 0
0 0 0 1 50.373 46.96425000000001 14.0 0.038076 0.13199200000000003 2.8 0
0 0 0 1 47.725500000000004 39.70120150000001 10.0 0.095044 0.53571 4.0 0
0 0 1 0 44.36900000000001 40.08815599999999 14.15 0.10763182999999998 0.20553 2.0 0
1 0 0 0 37.53 43.402105 13.35 0.06776847999999999 0.1628 1.0 0
1 0 0 0 43.97 42.256816 12.7 0.2181700185 0.20965 1.0 0
1 0 0 0 43.99 35.20969 18.45 0.084734046 0.08238500000000001 1.65 0
0 0 0 1 48.836999999999996 46.80025500000001 23.0 0.0045929 0.0769845 1.9 0
0 0 0 1 49.799499999999995 44.909949999999995 30.0 0.00086536 0.030080000000000003 2.15 0
0 1 0 0 50.35447767066693 44.52678267539525 24.651144857041167 0.09658699853529934 0.10095995499099822 3.9706941388277657 0
0 1 1 1 43.49 41.6182 46.0 2.2987e-05 0.0002 1.0 0
0 0 0 1 49.827 49.143595 21.0 0.0072735 0.00028 2.0 0
0 0 0 1 48.687999999999995 39.085510000000006 10.0 0.082973 0.120847 4.15 0
0 0 0 1 48.483999999999995 42.870144999999994 13.0 0.04493 0.14658999999999997 1.85 0
0 0 0 1 45.595000000000006 38.873020000000004 16.0 0.023468 0.10141799999999998 3.3 0
0 1 0 0 55.511 56.3442 16.0 0.09428488649999998 0.07546650000000002 2.9 0
0 0 0 1 52.339999999999996 47.090954999999994 14.0 0.037615 0.1573285 4.5 0
0 0 0 1 53.55 49.172810000000005 34.0 0.00039707 0.0372805 2.85 0
1 0 0 0 60.0 59.99189 98.0 0.016234179471986653 4.2000000000000004e-05 1.85 0
0 0 1 0 47.394000000000005 45.267405000000004 18.9 0.029390081500000005 0.01708 2.0 0
0 1 0 0 46.78 35.3193 14.75 0.10271532800000001 0.04762 2.0 0
0 0 0 1 42.700500000000005 41.850519999999996 31.0 0.00075515 0.23328 3.0 0
0 0 1 0 56.50750000000001 55.33380999999999 39.6 0.27223963912045207 0.0 4.0 0
0 0 0 1 50.21 48.051930000000006 37.0 0.00018792 0.029941000000000002 2.95 0
0 0 0 1 49.023500000000006 40.0332 23.0 0.004218 0.02196 2.0 0
0 1 0 0 49.37 41.2945 28.45 0.02442186071000001 0.058514500000000004 2.25 0
0 0 0 1 45.460499999999996 38.7753565 7.0 0.18615 0.163546 3.5 0
0 0 0 1 47.96 46.226054999999995 20.0 0.0090949 0.07435800000000001 2.2 0
0 0 0 1 48.876999999999995 43.274950000000004 9.0 0.1063 0.0 12.0 0
0 0 1 0 51.52299999999999 50.6867995 27.0 0.0017048 3e-05 10.0 0
0 0 1 0 57.7325 52.00092500000001 3.7 0.5274955000000001 0.00047 16.0 0
1 1 1 0 60.0 60.0 71.0 6.4173e-08 0.0 5.0 1
0 0 0 1 50.1325 44.373765000000006 13.0 0.041779 0.09282099999999999 2.1 0
0 0 0 1 46.56400000000001 43.59316450000001 36.0 0.00020816 0.0417425 2.2 0
1 0 0 0 57.92 58.47085499999999 20.4 0.030436195000135707 0.0446235 3.0 0
0 0 0 1 51.27 46.951755000000006 31.0 0.00077464 0.05526249999999999 1.85 0
0 0 1 0 50.67900000000001 60.0 2.0 0.51175 0.0 7.0 0
0 0 1 0 47.666000000000004 40.38819999999999 17.2 0.07470168253 0.01993 2.0 0
1 0 0 0 60.0 59.99189 98.0 0.016234179471986653 4.2000000000000004e-05 1.85 0
0 0 1 0 45.551500000000004 30.926343499999994 2.0 0.54698 0.3246 2.0 0
0 0 0 1 42.66 41.989865 17.0 0.017432 0.00372 3.0 0
1 1 0 0 54.41 53.8387 12.0 0.057674 0.05767 2.0 0
1 0 0 0 41.17 28.225425 38.05 0.07574534278306548 0.09433349999999999 1.9 0
0 0 0 1 49.1855 43.91426 21.0 0.0074736 0.12492199999999998 3.95 0
0 0 1 0 44.43649999999999 43.888169999999995 16.65 0.049759824999999994 0.07079 1.0 0
0 0 0 1 46.5895 42.765 14.0 0.034117 0.100061 2.1 0
0 1 0 0 46.04899999999999 7.266665000000001 3.0 0.42731 1.0 1.0 0
0 0 0 1 58.701 57.54574 122.0 6.0604e-13 0.00025 1.7 0
0 1 1 0 56.1 57.7642 16.9 0.17577684490000003 0.00071 1.0 0
0 0 0 1 44.315000000000005 44.931115 41.0 6.8774e-05 0.00914 1.0 0
0 0 1 0 49.23499999999999 40.7875 0.0 0.83447 2e-05 10.0 0
0 0 0 1 46.3485 45.1864815 10.0 0.092258 0.12138250000000002 5.15 0
0 0 0 1 51.298 50.226585 24.0 0.0033482 0.009329 2.8 0
0 0 0 1 47.003499999999995 44.917640000000006 13.0 0.045825 0.12792849999999997 2.9 0
0 0 1 0 47.8335 47.080221 10.0 0.084965 0.0 8.0 0
0 0 0 1 49.85549999999999 45.47545 17.0 0.018643 0.18075 3.0 0
0 0 1 1 47.6375 33.405719 7.0 0.16035 0.19496 1.0 0
1 0 0 0 43.42 33.383824999999995 23.25 0.06552775725500001 0.08627199999999999 1.75 0
1 0 0 0 47.18 38.08719 22.1 0.0215971319095 0.044425000000000006 2.25 0
0 0 0 1 49.41049999999999 46.240134999999995 13.0 0.045183 0.12507399999999996 2.5 0
0 0 0 1 48.586000000000006 55.6212 15.0 0.031256 0.09845 2.0 0
0 0 1 0 42.426500000000004 23.9565 2.0 0.6067 0.14404 2.0 0
0 0 1 0 50.9335 47.572880000000005 27.45 0.04155389126499999 0.00031 1.0 0
0 0 0 1 49.80400000000001 42.72288 18.0 0.013215 0.12131700000000001 2.9 0
0 1 0 0 45.4705 49.4574 4.0 0.35973 0.05381 1.0 0
0 0 0 1 50.57549999999999 45.653348 16.0 0.022591 0.10946 3.0 0
0 0 0 1 47.7275 47.34916 8.0 0.13498 0.19341799999999998 4.45 0
0 1 0 0 47.61150000000001 0.0 4.0 0.39163 1.0 1.0 0
0 0 0 1 55.12 50.4353 30.0 0.00082797 0.0094 1.0 0
0 0 0 1 45.99550000000001 43.194235 17.0 0.016989 0.125784 1.75 0
0 0 0 1 49.104499999999994 42.53210700000001 18.0 0.013092 0.10203699999999997 2.9 0
0 0 0 1 46.4485 44.776898 4.0 0.32535 0.11536850000000001 3.6 0
0 0 1 0 37.89 55.78777500000001 0.0 0.84262 0.04288 7.0 0
0 0 1 0 50.235499999999995 46.217095 0.0 1.0 0.0 11.0 0
0 0 1 0 48.43050000000001 13.2 20.5 0.05873955789049999 0.005 2.0 0
0 0 0 1 48.2275 38.522471 9.0 0.11204 0.19176 2.0 0
0 1 0 0 47.739 31.2162 17.0 0.016549 0.08744899999999999 3.2 0
0 0 0 1 48.69 37.302094999999994 18.0 0.014788 0.057799 1.8 0
0 0 1 0 47.9695 40.5 3.0 0.42623 0.0 4.0 0
0 0 0 1 56.763 58.607305 174.0 3.6423e-18 0.0 1.8 0
0 0 0 1 40.429500000000004 59.795015 255.0 1.8235999999999998e-28 0.0 1.95 0
0 0 0 1 48.980000000000004 46.66733999999999 13.0 0.044122 0.19141050000000004 3.1 0
0 0 0 1 45.4165 41.304015 9.0 0.12253 0.13642400000000002 5.15 0
0 0 1 0 47.10350000000001 17.8571 16.85 0.05001753799999999 0.02941 3.0 0
0 0 0 1 50.019 46.45652500000001 14.0 0.036691 0.09630299999999999 2.25 0
0 0 1 0 50.3075 56.3636 19.05 0.10113543425 0.00055 4.0 0
0 0 0 1 44.98400000000001 25.8444 25.0 0.0028765 0.04135 1.0 0
0 0 0 1 44.852 43.937605000000005 14.0 0.03969 0.09316450000000001 2.45 0
0 0 0 1 48.362 42.341409999999996 20.0 0.0089315 0.0898485 1.65 0
0 0 1 1 47.806 32.863355 6.0 0.23136 0.22394 1.0 0
1 0 0 0 50.2 42.426849999999995 8.0 0.14503 0.111766 3.4 0
0 0 0 1 45.671499999999995 45.51168 14.0 0.03966 0.20604 4.0 0
0 0 1 0 57.38249999999999 53.22854500000001 27.1 0.175751271155 3e-05 1.0 0
0 0 0 1 55.605 60.0 143.0 4.6882e-15 0.0 1.8 0
1 0 0 0 39.59 31.538259999999998 33.25 0.04604765175000009 0.0516455 1.7 0
0 0 0 1 43.7655 37.67251 3.0 0.42162 0.232115 7.2 0
0 0 1 0 49.6135 24.6 15.0 0.025371 0.0049 2.0 0
0 0 0 1 49.52 49.741465000000005 17.0 0.019898 0.13831549999999998 1.6 0
0 0 0 1 51.4005 50.707995 32.0 0.00058933 0.052129499999999995 2.45 0
0 0 0 1 49.266 44.79445499999999 26.0 0.0024725 0.114507 2.7 0
0 1 0 0 50.35447767066693 44.52678267539525 24.651144857041167 0.09658699853529934 0.10095995499099822 3.9706941388277657 0
0 0 1 0 57.7325 48.48648000000001 8.6 0.254397035 9e-05 22.0 0
0 0 1 0 57.59100000000001 56.19512999999999 5.6 0.51598246 1e-05 11.0 0
0 0 0 1 49.672 37.4326 43.0 4.4886e-05 0.00122 1.0 0
0 0 1 0 46.0225 44.80150999999999 3.0 0.47953 2e-05 17.0 0
0 0 0 1 46.95 46.14162499999999 18.0 0.01507 0.144206 2.05 0
0 0 0 1 48.51350000000001 48.0506 15.0 0.030888 0.3316 2.0 0
0 0 0 1 46.67 46.163758 16.0 0.025079 0.08823 1.0 0
0 0 0 1 49.102 40.960175 13.0 0.044428 0.11593499999999998 2.65 0
0 0 0 1 51.943 55.11143500000001 59.0 1.039e-06 0.023294500000000003 1.95 0
0 0 0 1 51.373000000000005 50.290606499999996 32.0 0.00057169 0.0670575 2.55 0
0 0 1 1 43.744 47.114909999999995 28.0 0.00135 0.00246 2.0 0
1 1 1 1 59.8 58.9796 40.0 9.3755e-05 0.0 1.0 1
0 0 0 1 53.387 60.0 34.0 0.00036649 0.00655 3.0 0
0 0 0 1 52.3725 47.591114999999995 44.0 3.5795e-05 0.031429 2.05 0
0 0 1 0 49.2915 49.543409999999994 14.45 0.0972599915 0.06906 6.0 0
1 1 1 1 59.94 59.819 63.0 4.7883e-07 0.0 1.0 1
0 0 0 1 43.87949999999999 44.579840000000004 14.0 0.032434 0.1012335 2.65 0
0 0 1 0 46.1905 40.058074999999995 16.2 0.06062168000000001 0.04756 1.0 0
0 0 0 1 46.564 43.59316450000001 36.0 0.00020437 0.0417425 2.2 0
0 0 0 1 43.898500000000006 44.579840000000004 14.0 0.032061 0.1252755 2.15 0
0 0 0 1 47.7235 47.906895000000006 21.0 0.0076253 0.0926665 2.75 0
0 1 1 0 48.882999999999996 46.4785 91.0 7.6426e-10 1e-05 1.0 0
1 0 0 0 60.0 59.99189 98.0 0.016234179471986653 4.2000000000000004e-05 1.85 0
1 0 0 0 58.59 58.922025 14.45 0.12562069999999997 0.09877099999999998 3.45 0
0 1 0 0 48.708999999999996 40.791038 22.45 0.029678440999999993 0.00271 2.0 0
0 0 0 1 51.452999999999996 49.614125 16.0 0.024866 0.1043205 2.45 0
0 0 0 1 45.8405 34.10346499999999 9.0 0.11089 0.58051 4.0 0
1 0 1 1 43.78 43.54137 31.0 0.00072739 0.00345 3.0 0
1 1 1 0 60.0 59.9467 157.0 1.8205e-16 0.0 2.0 1
0 0 0 1 48.741499999999995 42.25186000000001 15.0 0.031391 0.1481155 2.85 0
0 1 0 0 50.35447767066693 44.52678267539525 24.651144857041167 0.09658699853529934 0.10095995499099822 3.9706941388277657 0
0 0 1 0 49.396 39.307689999999994 23.75 0.08458184850001012 0.00489 2.0 0
0 0 0 1 44.907999999999994 39.0066 36.0 0.00023669 0.0336645 2.7 0
1 1 1 0 60.0 60.0 102.0 5.6774e-11 0.0 1.0 1
0 1 0 0 57.398 60.0 29.0 0.0209424699365 0.00025 1.0 0
0 0 0 1 47.275999999999996 47.906895000000006 21.0 0.0075894 0.13624350000000002 3.8 0
0 1 0 1 47.925 39.8465 20.0 0.0091947 0.08239350000000001 2.0 0
0 1 0 0 45.051 35.4861 28.0 0.0012628 0.01921 3.0 0
0 0 0 1 48.14 48.926235000000005 8.0 0.13571 0.18354 3.3 0
0 0 1 0 50.953500000000005 49.0833 10.6 0.22509198000000002 0.0 23.0 0
0 0 0 1 49.676 48.364374999999995 19.0 0.01182 0.18435700000000002 2.2 0
0 0 0 1 50.01 50.092645 17.0 0.019282 0.10166700000000002 1.8 0
0 0 0 1 49.61399999999999 48.122065 26.0 0.002209 0.113903 1.95 0
0 0 1 0 49.88549999999999 48.024395000000005 3.0 0.46366 0.0 1.0 0
0 0 0 1 50.21 48.05193 37.0 0.00019624 0.029941000000000002 2.95 0
0 0 0 1 49.242999999999995 47.388085000000004 11.0 0.067995 0.10386900000000002 4.0 0
0 0 0 1 56.763 59.795015 208.0 1.5640999999999999e-21 0.0 1.9 0
0 0 0 1 48.73199999999999 47.167915 13.0 0.045236 0.12388050000000002 2.5 0
0 0 0 1 48.665 48.836875000000006 15.0 0.026398 0.1558795 2.65 0
0 0 0 1 49.162000000000006 30.5025 14.0 0.033945 0.08745 2.0 0
1 0 0 0 60.0 59.99189 98.0 0.016234179471986653 4.2000000000000004e-05 1.85 1
0 0 0 1 46.792500000000004 38.016569999999994 13.0 0.048549 0.01745 1.0 0
0 0 0 1 49.401 36.969015 6.0 0.2042 0.089993 6.3 0
0 0 1 0 53.5 40.017285 16.7 0.06511787249999999 0.02863 1.0 0
1 0 0 0 59.63 59.399159999999995 58.25 0.031908657736202405 0.0464265 2.75 0
1 0 0 0 47.68 40.147544999999994 18.85 0.04869828899999999 0.09193699999999999 1.6 0
0 0 0 1 48.794500000000006 46.916039999999995 19.0 0.010047 0.10274150000000001 2.9 0
1 0 0 0 54.42 54.6068 18.05 0.032448322 0.026370000000000005 2.1 0
1 0 0 0 54.04 53.40480500000001 15.75 0.09771731255 0.06698249999999999 1.95 0
1 0 0 0 49.84 43.896935 18.6 0.0542169151 0.06552999999999999 1.7 0
1 0 0 0 29.87 24.646055 16.7 0.12052166899999997 0.11819249999999999 2.15 0
1 0 0 1 52.21 43.30093999999999 14.0 0.033471 0.13400250000000002 2.75 0
0 0 0 1 50.11 41.81077 13.0 0.041139 0.1032175 2.35 0
0 0 0 1 49.239 45.13709849999999 13.0 0.048388 0.125026 3.05 0
0 0 1 0 44.51350000000001 44.493629999999996 14.3 0.086755635 0.03048 2.0 0
0 0 0 1 48.284000000000006 43.74111 20.0 0.009087 0.07435800000000001 2.2 0
0 0 0 1 50.140499999999996 41.027305 15.0 0.02882 0.071559 1.9 0
0 0 0 1 50.73350000000001 60.0 26.0 0.0020382 0.08824 3.0 0
0 0 0 1 45.0065 44.739319 7.0 0.16714 0.172493 3.05 0
0 0 1 0 49.025 55.49458 1.0 0.63505 0.00011 10.0 0
0 0 0 1 44.8335 37.740291500000005 10.0 0.087114 0.03092 1.0 0
0 0 1 0 49.51400000000001 43.877230000000004 17.35 0.09234137125 0.00365 4.0 0
0 0 0 1 51.07000000000001 47.145484999999994 19.0 0.011624 0.1081385 1.95 0
0 1 0 0 55.29950000000001 56.2558 16.65 0.08848354150000001 0.07360799999999999 3.25 0
0 0 1 0 44.4725 53.308995 1.0 0.75186 0.0 8.0 0
0 0 0 1 50.8305 44.465683 16.0 0.021675 0.2481 1.0 0
0 0 0 1 48.79449999999999 46.916039999999995 19.0 0.010197 0.0750835 2.35 0
0 1 1 0 44.480000000000004 33.2319 19.9 0.051146091500000004 0.00197 3.0 0
0 0 1 0 47.327 38.70584449999999 3.0 0.5 0.0 9.0 0
0 0 0 1 37.28 42.731135 20.0 0.0090324 0.0909125 1.95 0
0 1 0 0 57.31 39.604285000000004 10.0 0.082066 0.139411 3.8 0
0 0 0 1 48.279 44.478915 18.0 0.015613 0.06955499999999999 1.5 0
0 0 0 1 37.5 34.15344 20.0 0.0094725 0.11008 3.5 0
0 0 0 1 46.245 43.900619999999996 23.0 0.0048177 0.0586155 2.35 0
0 0 1 0 59.947500000000005 58.182465 81.15 0.05852936627391324 0.0 1.0 0
1 0 1 0 46.29 50.6360965 10.0 0.090863 0.00933 4.0 0
0 0 0 1 48.6345 47.01491 17.0 0.016553 0.11156350000000001 3.15 0
0 0 0 1 48.64999999999999 42.8321715 10.0 0.094742 0.130004 3.15 0
1 0 0 0 49.72 42.2783515 5.0 0.25904 0.45195 3.0 0
1 0 0 0 60.0 59.99189 98.0 0.016234179471986653 4.2000000000000004e-05 1.85 0
0 0 0 1 49.19799999999999 48.5426265 15.0 0.02789 0.083574 3.25 0
0 0 1 0 57.7325 54.002815 11.5 0.3134485156785 0.0 19.0 0
0 0 0 1 23.17 46.2273 20.0 0.0083939 0.06830649999999999 2.3 0
1 0 0 0 60.19 60.8889 11.9 0.172246065 0.4066 2.0 0
0 1 0 0 55.847500000000004 57.0 18.25 0.11950392029500001 0.053570000000000007 4.65 0
1 0 0 0 60.0 59.99189 98.0 0.016234179471986653 4.2000000000000004e-05 1.85 0
0 0 1 0 57.59100000000001 56.195130000000006 7.35 0.50845912931 0.00169 11.0 0
1 0 0 0 53.18 50.25881499999999 19.8 0.07860157455 0.05612750000000001 2.5 0
0 0 0 1 48.407 44.21161 18.0 0.014068 0.12122200000000001 1.85 0
0 0 1 0 51.545 60.0 32.05 0.0237405229305 0.125 1.0 0
0 0 0 1 47.5455 39.775295 18.0 0.014479 0.12366250000000005 2.3 0
0 0 0 1 59.278499999999994 58.622945 132.0 5.5893e-14 0.0 1.65 0
0 0 0 1 45.946 40.43173 25.0 0.0028895 0.07615449999999999 2.2 0
0 0 0 1 46.58449999999999 43.465545 13.0 0.043509 0.61818 3.0 0
0 0 0 1 52.61400000000001 60.0 32.0 0.00052588 0.07356 3.0 0
0 0 0 1 50.54 39.9253035 13.0 0.048915 0.18006099999999997 1.6 0
0 0 0 1 49.104499999999994 42.53210700000001 18.0 0.013092 0.10203699999999997 2.9 0
0 0 1 0 50.09349999999999 44.37201 25.4 0.04519624485 4e-05 2.0 0
0 0 1 0 57.56 54.17863 3.7 0.5274955000000001 0.0 16.0 0
0 1 0 1 45.897000000000006 59.7143 17.0 0.017799 0.03233 2.0 0
0 0 0 1 49.483999999999995 49.015460000000004 29.0 0.0012058 0.0333035 1.6 0
0 0 0 1 47.09649999999999 45.817355 4.0 0.36267 0.2994095 4.3 0
0 1 0 0 42.20649999999999 43.0 0.0 1.0 1.0 2.0 0
0 0 0 1 52.3725 46.462745 44.0 3.6903e-05 0.031429 2.05 0
0 0 0 1 46.158 48.8470415 10.0 0.088926 0.11586350000000001 2.3 0
0 0 1 0 47.407000000000004 50.3286 6.0 0.21785 0.0 2.0 0
0 0 0 1 47.398 42.628465 25.0 0.002919 0.06426499999999999 2.0 0
0 0 1 0 47.562 33.79387 11.45 0.275680132 0.67692 1.0 0
0 0 0 1 48.2555 41.843720000000005 6.0 0.2299 0.16998 6.8 0
0 0 0 1 29.6 48.528445 13.0 0.042795 0.1254055 2.7 0
0 0 1 0 51.711 46.54440000000001 31.8 0.02941338966705 0.00016 2.0 0
0 0 0 1 45.9805 60.2326 8.0 0.13058 0.29451 3.0 0
0 0 1 0 42.568 24.0 3.0 0.42615 0.17647 2.0 0
0 0 0 1 44.50500000000001 44.34242499999999 17.0 0.017631 0.1160125 2.2 0
0 0 1 0 53.24799999999999 60.0 0.0 0.87822 5e-05 1.0 0
0 0 0 1 46.608999999999995 41.3518535 13.0 0.048943 0.172729 1.7 0
0 0 0 1 50.976 45.2282 18.0 0.013343 0.04628 2.0 0
0 0 0 1 46.693 49.1356 13.0 0.04243 0.1814745 2.75 0
0 0 0 1 44.593 45.994985 5.0 0.29915 0.1872975 4.35 0
0 1 0 1 42.46 45.66857 17.0 0.01952 0.07123 1.0 0
0 0 1 0 49.961999999999996 60.7097 7.0 0.1777 2e-05 1.0 0
1 1 1 0 60.0 60.0 128.0 1.4669e-13 0.0 1.0 1
0 0 1 0 57.56 54.17863 3.7 0.5274955000000001 0.0 16.0 0
1 0 0 0 57.77 42.72054 11.65 0.15034281 0.26057 4.0 0
0 0 0 1 47.48 41.846855 18.0 0.015829 0.0377345 1.7 0
0 0 0 1 48.055 45.38265 2.0 0.61338 0.088388 6.15 0
0 0 1 0 47.75 42.872192999999996 20.05 0.071355607 0.00315 2.0 0
0 0 0 1 45.523999999999994 43.82833 25.0 0.0029401 0.0149 1.0 0
0 0 0 1 51.314499999999995 47.279759999999996 14.0 0.035245 0.12656 3.0 0
0 0 0 1 48.860499999999995 58.1731 15.0 0.030521 0.5233 3.0 0
0 1 0 0 55.35 55.41948500000001 20.1 0.0415086845 0.048302 1.55 0
1 0 0 0 60.0 59.99189 98.0 0.016234179471986653 4.2000000000000004e-05 1.85 0
0 0 1 1 47.283 47.874435 42.0 5.8439e-05 0.00106 3.0 0
0 0 0 1 48.0615 48.331905 10.0 0.086665 0.11720950000000001 4.1 0
0 1 0 0 47.95399999999999 29.0515 10.0 0.080532 0.00208 2.0 0
0 0 1 0 43.99 41.203456 15.9 0.0965062960945 0.19536 2.0 0
0 0 0 1 48.564 44.405965 14.0 0.032818 0.1766845 1.95 0
0 0 0 1 53.18449999999999 47.344755 20.0 0.0086201 0.068815 2.55 0
0 0 1 0 44.9385 26.0 2.0 0.54839 0.0 8.0 0
0 0 0 1 51.07350000000001 48.6840965 15.0 0.028016 0.0706905 2.7 0
0 0 0 1 48.741499999999995 42.25186 15.0 0.031287 0.1473815 2.2 0
1 0 0 0 49.75 43.43961500000001 21.15 0.051724215223500014 0.05731200000000001 1.8 0
0 0 0 1 48.246 37.867205 20.0 0.0080637 0.05638 1.0 0
0 0 0 1 59.959 57.51145 127.0 1.9791e-13 0.00025 1.4 0
0 0 0 1 48.623999999999995 39.954164 16.0 0.024289 0.18151 2.0 0
0 1 0 1 58.54350000000001 60.0 17.0 0.017832 0.22414699999999996 3.65 0
0 0 0 1 48.349 48.466635000000004 24.0 0.0032795 0.06606999999999999 2.35 0
0 0 1 0 59.947500000000005 58.182465 81.15 0.05852936627391324 0.0 1.0 0
1 0 0 0 60.0 59.99189 98.0 0.016234179471986653 4.2000000000000004e-05 1.85 0
0 1 0 0 53.7025 53.8176 16.75 0.23162435477000004 0.053859500000000005 4.7 0
0 1 0 0 50.35447767066693 44.52678267539525 24.651144857041167 0.09658699853529934 0.10095995499099822 3.9706941388277657 0
0 0 0 1 48.7185 46.659515 31.0 0.0006419 0.039011 1.95 0
0 0 0 1 48.17049999999999 40.339075 15.0 0.029667 0.217047 2.05 0
0 0 0 1 49.876 47.388220000000004 21.0 0.0073099 0.05318 3.0 0
1 1 1 1 60.0 59.5059 20.0 0.0096661 0.0033 2.0 1
0 0 0 1 52.027 42.866094999999994 15.0 0.028613 0.0905185 2.4 0
0 1 1 1 50.37749999999999 49.150619999999996 17.0 0.018499 0.00164 3.0 0
1 0 0 0 38.62 38.6603 3.0 0.44212 0.151082 2.15 0
0 0 0 1 40.429500000000004 59.795015 255.0 0.0 0.0 1.95 0
0 0 0 1 45.9745 51.06358 25.0 0.0025474 0.09309049999999999 4.15 0
0 1 0 0 47.48 20.6525 5.0 0.29175 0.03251 4.0 0
0 1 0 0 50.5815 4.0 10.85 0.15687203000000002 1.0 5.0 0
1 0 0 0 38.1 28.750327500000004 33.75 0.045090482779000005 0.13228499999999999 2.4 0
0 0 0 1 55.29 38.18656 18.0 0.013577 0.099358 2.3 0
1 0 0 0 46.09 37.18293 28.5 0.017630941594342645 0.0416315 2.35 0
0 0 0 1 41.32 48.614194999999995 14.0 0.037839 0.1285575 3.65 0
0 0 0 1 45.4165 41.30401500000001 9.0 0.12341 0.172313 3.8 0
0 0 0 1 53.33050000000001 53.563625 49.0 1.1292e-05 0.0163005 1.8 0
1 0 0 0 42.42 30.779295 33.35 0.02786103695 0.07761150000000001 2.45 0
0 0 0 1 49.57299999999999 41.81451 15.0 0.02887 0.0730675 1.9 0
0 1 0 1 46.805 58.8267 17.0 0.017278 0.00307 1.0 0
0 0 0 1 50.673 50.0605515 32.0 0.00055988 0.04940199999999999 2.5 0
0 0 0 1 53.2875 60.0 17.0 0.019437 0.02309 1.0 0
0 0 0 1 47.1835 43.8615145 36.0 0.00023318 0.07667399999999999 2.0 0
1 0 0 0 57.11 55.942 1.0 0.70051 0.11131899999999997 7.0 0
0 0 0 1 55.8745 57.239225 77.0 1.6622e-08 0.00019850000000000003 1.7 0
0 0 0 1 45.0065 44.739319 7.0 0.16714 0.172493 3.05 0
0 0 0 1 50.273500000000006 46.19929 23.0 0.0045547 0.098083 1.85 0
0 0 0 1 45.239000000000004 41.935500000000005 5.0 0.28426 0.16580450000000002 4.8 0
1 0 0 0 38.76 33.5111 11.5 0.23986432000000005 0.66667 1.0 0
0 0 1 1 46.676500000000004 40.06222999999999 8.0 0.15051 0.20795 1.0 0
0 0 0 1 50.144499999999994 56.2308 15.0 0.027938 0.06278 6.0 0
0 0 0 1 48.51800000000001 38.5119375 2.0 0.5665 0.1987935 6.2 0
0 0 0 1 48.812 44.165055 33.0 0.00047187 0.02953 2.1 0
0 0 0 1 50.9365 44.951589999999996 11.0 0.069245 0.43146 2.0 0
0 0 1 0 49.33299999999999 49.8095 0.0 0.93684 0.0 14.0 0
0 1 0 0 41.0325 0.0 4.35 0.5742076399999999 1.0 1.0 0
0 0 0 1 51.282999999999994 53.63971 50.0 9.9491e-06 0.037089 1.6 0
0 0 0 1 45.6635 48.1455 28.0 0.0015337 0.053280499999999995 2.05 0
0 0 0 1 48.95799999999999 45.41214000000001 22.0 0.0060214 0.0659535 2.2 0
0 1 0 0 42.96099999999999 39.5 7.3 0.28040024999999996 1.0 2.0 0
1 0 0 0 44.38 35.632915000000004 22.55 0.01854713806 0.05979350000000001 2.25 0
1 0 0 0 50.38 46.271115 19.7 0.04679406099999999 0.07946149999999999 1.75 0
0 0 1 1 46.51 37.427975 20.0 0.0089795 0.04251 1.0 0
0 0 0 1 51.68649999999999 48.151325 15.0 0.028464 0.130256 2.55 0
0 0 0 1 56.13 41.21502500000001 28.0 0.0013225 0.11702 1.0 0
1 0 0 0 60.0 59.99189 98.0 0.016234179471986653 4.2000000000000004e-05 1.85 0
0 1 0 0 42.259 24.1412 54.0 3.1781e-06 0.07844 2.0 0
1 0 0 1 38.79 45.74340500000001 14.0 0.03242 0.12479 2.7 0
0 0 1 1 43.526500000000006 39.724495 13.0 0.046854 0.02235 2.0 0
0 0 0 1 51.044999999999995 43.6956 23.0 0.0042636 0.1074255 2.05 0
0 0 1 0 44.116 42.057215 10.65 0.15252555 0.14213 1.0 0
0 0 0 1 50.2495 56.5573 15.0 0.028332 0.42556 1.0 0
1 0 0 0 56.38 42.46989 12.0 0.055039 0.0535 1.0 0
0 0 0 1 44.6865 39.84414 17.0 0.017294 0.10421449999999999 2.65 0
1 0 0 0 57.78 56.51678 53.0 4.3862e-06 0.0 11.0 0
0 0 0 1 49.2315 45.18373000000001 22.0 0.0059729 0.078355 2.0 0
0 0 0 1 33.96 35.68053999999999 20.0 0.0095531 0.122368 2.45 0
0 1 0 0 57.058499999999995 58.3077 15.5 0.19572965999999997 0.033410499999999996 4.95 0
1 0 0 0 58.52 58.922025 14.05 0.13320173500000002 0.1011725 3.5 0
0 0 1 0 56.50750000000001 55.33380999999999 39.6 0.27223963912045207 0.0 4.0 0
0 1 0 0 56.3935 57.9149 22.4 0.1790531934098 0.066354 5.9 0
0 0 0 1 46.8825 45.825149999999994 17.0 0.016936 0.02949 1.0 0
1 1 1 0 60.0 60.0 80.0 8.0044e-09 0.0 5.0 1
0 1 0 0 48.13999999999999 44.892465 37.0 0.00019684 0.07528 4.0 0
0 0 0 1 53.47 43.175225 16.0 0.023008 0.044669 2.55 0
0 0 1 0 44.659 21.540087500000002 0.0 0.88215 0.25439 2.0 0
0 1 0 0 48.5445 27.6579 46.0 2.0176e-05 1e-05 1.0 0
0 0 0 1 29.41 21.625 17.0 0.016891 0.05394 1.0 0
0 0 0 1 52.061 38.9497685 22.0 0.0058716 0.58844 2.0 0
0 0 0 1 45.113 44.6387 25.0 0.002812 0.14686 5.0 0
0 0 0 1 48.4805 44.407065 21.0 0.0065632 0.0546715 2.35 0
0 0 0 1 45.4165 38.73002 9.0 0.12103 0.107772 4.2 0
0 0 0 1 49.166000000000004 42.79304499999999 20.0 0.0089251 0.0898485 1.65 0
0 0 1 0 49.275000000000006 41.797065 19.7 0.08797308269999998 0.00658 2.0 0
1 0 0 0 58.51 42.846695 6.0 0.23496 0.19714700000000002 4.9 0
0 0 0 1 49.6005 49.878515 17.0 0.016437 0.00357 20.0 0
0 0 0 1 48.96999999999999 40.766025 15.0 0.031042 0.1002875 2.65 0
0 0 0 1 45.8135 43.906364999999994 25.0 0.0027494 0.10134 1.0 0
0 0 0 1 46.68299999999999 40.504355 17.0 0.016881 0.1001945 1.85 0
0 0 1 0 57.7325 47.120895 7.45 0.28113968 1e-05 25.0 0
0 1 0 1 48.86 46.5493 27.0 0.0016704 0.09877 2.0 0
0 0 0 1 48.752500000000005 45.344725 21.0 0.0063277 0.07593 1.0 0
0 0 1 0 44.039 47.43460999999999 1.0 0.71988 0.09223 3.0 0
0 0 0 1 40.429500000000004 59.795015 255.0 0.0 0.0 1.95 0
0 1 0 0 50.51899999999999 45.09093 23.2 0.025810291199999995 0.00252 1.0 0
0 0 0 1 46.197500000000005 30.9643 17.0 0.016934 0.24444 2.0 0
0 1 0 1 49.14999999999999 41.19799 18.0 0.014183 0.09100250000000001 2.3 0
0 0 0 1 47.681999999999995 47.17991 21.0 0.0068944 0.11748700000000001 1.4 0
0 0 0 1 46.071 47.80240500000001 16.0 0.020992 0.1315975 1.95 0
0 0 0 1 50.155 49.733059999999995 17.0 0.01962 0.1354485 1.75 0
0 0 0 1 47.4865 46.450715 19.0 0.012328 0.07160649999999999 2.35 0
1 0 0 0 32.43 50.281045 14.85 0.07074504449999999 0.04937 2.0 0
0 0 1 0 44.88250000000001 38.849835999999996 13.2 0.171429227 0.21171 2.0 0
0 1 0 1 48.727 63.0556 10.0 0.080744 0.0898385 3.75 0
1 0 0 0 52.54 48.25446 15.85 0.0886989955 0.050959500000000005 2.15 0
0 0 0 1 49.66349999999999 43.092 21.0 0.0072259 0.0536 2.0 0
1 0 0 0 60.0 59.99189 98.0 0.016234179471986653 4.2000000000000004e-05 1.85 0
0 0 1 0 49.328500000000005 53.68411 11.1 0.295828071 0.00444 8.0 0
0 0 0 1 49.40100000000001 36.969015 6.0 0.2103 0.17959100000000006 4.95 0
0 0 0 1 48.88099999999999 44.898160000000004 3.0 0.41053 0.00424 16.0 0
0 0 0 1 48.92100000000001 56.2733 16.0 0.024454 0.01235 2.0 0
0 0 0 1 46.75 48.406330000000004 17.0 0.017897 0.07988549999999998 3.8 0
0 0 1 0 46.254 56.401025000000004 5.9 0.6651451235279999 0.0 7.0 0
0 0 0 1 51.452999999999996 49.614125 16.0 0.024937 0.10141050000000003 2.1 0
0 0 0 1 46.371 55.7886 16.0 0.024044 0.36362 2.0 0
1 0 0 0 49.59 43.723065 21.5 0.11078051120700001 0.0497985 1.9 0
0 0 0 1 45.275999999999996 25.867789 2.0 0.51948 0.59057 4.0 0
0 0 1 0 50.175 59.6774 0.0 0.80315 0.0 6.0 0
0 1 1 0 48.834 58.2581 30.0 0.00085392 0.00015 2.0 0
0 0 0 1 52.3725 46.462745000000005 44.0 3.6132e-05 0.031429 2.05 0
0 0 0 1 47.82899999999999 38.088274999999996 18.0 0.014772 0.05152000000000001 1.9 0
0 0 0 1 48.1875 42.406274999999994 13.0 0.048338 0.48596 1.0 0
0 0 1 0 42.461 21.0 0.0 1.0 0.0 7.0 0
0 0 0 1 48.263999999999996 43.834625 13.0 0.047518 0.10196200000000002 3.0 0
0 0 0 1 46.339000000000006 40.250685 25.0 0.0029093 0.065191 2.0 0
0 0 0 1 49.4945 47.173935 15.0 0.025627 0.0783795 2.05 0
0 0 0 1 47.67749999999999 40.56955 15.0 0.029217 0.20954899999999999 2.4 0
0 0 0 1 49.638999999999996 40.46784 18.0 0.013872 0.11053899999999998 1.85 0
0 0 0 1 53.076 60.0 24.0 0.0039478 0.00081 2.0 0
0 0 0 1 46.564 43.59316450000001 36.0 0.0002043 0.0417425 2.2 0
0 0 1 0 45.660000000000004 44.07254150000001 10.0 0.0936 0.03662 2.0 0
0 0 0 1 50.522999999999996 59.034 19.0 0.011455 0.15002 3.0 0
1 0 0 0 57.39 40.355014499999996 11.0 0.065151 0.08263 2.0 0
0 0 0 1 46.910000000000004 41.560675 8.0 0.14956 0.12211249999999998 3.2 0
1 0 0 0 56.93 58.468855000000005 17.25 0.0614164205 0.059448499999999994 2.3 0
0 0 0 1 46.910000000000004 39.46781500000001 8.0 0.15137 0.081873 3.5 0
0 0 0 1 46.995 45.537115 11.0 0.073744 0.1286025 3.15 0
0 0 0 1 46.69500000000001 45.825284999999994 9.0 0.10938 0.16917949999999998 3.65 0
0 0 0 1 33.96 41.322745 20.0 0.0090949 0.02492 2.0 0
0 0 1 0 49.8185 45.151275 0.0 0.91493 1e-05 15.0 0
0 0 0 1 45.078500000000005 44.432559999999995 28.0 0.0013044 0.06866199999999999 2.05 0
0 0 1 0 53.248000000000005 60.0 5.0 0.30482 0.0 1.0 0
0 0 0 1 49.047999999999995 46.90084 12.0 0.053348 0.15279 1.0 0
1 0 0 0 48.98 34.68835 6.0 0.2101 0.16435600000000003 5.4 0
0 0 1 0 43.7695 30.5804175 1.0 0.69559 0.29579 2.0 0
0 0 0 1 47.946999999999996 45.389860000000006 26.0 0.0021186 0.03641900000000001 2.55 0
0 0 1 0 46.456 42.91838 16.0 0.073563275 0.06641 1.0 0
0 0 0 1 39.33 40.7950395 36.0 0.00024414 0.0776575 1.85 0
0 0 0 1 50.966 39.287496 22.0 0.0063013 0.29987 2.0 0
1 0 0 0 29.41 24.41237 16.85 0.10659051900000001 0.07857499999999999 2.5 0
0 0 0 1 49.53699999999999 45.674365 21.0 0.0074196 0.11573000000000003 3.2 0
0 0 0 1 48.901 48.34019000000001 26.0 0.0023189 0.10348949999999998 2.25 0
0 0 1 0 49.07699999999999 42.940705 19.45 0.095988852095 0.00056 2.0 0
0 0 0 1 47.5865 46.69119499999999 13.0 0.043795 0.21262849999999997 2.35 0
0 0 1 0 50.3075 47.98933 12.1 0.139516025 0.36267 6.0 0
0 1 0 0 49.576 43.2727 30.0 0.00093746 0.0 3.0 0
0 0 1 0 50.78 47.48626499999999 17.85 0.18442985274999998 0.00144 4.0 0
0 0 0 1 50.190000000000005 47.93954500000001 13.0 0.039825 0.1952295 2.7 0
0 0 1 0 49.350500000000004 43.64237 18.0 0.0727712645 0.00362 3.0 0
0 0 1 0 55.7405 47.281515 18.4 0.1932207826 3e-05 2.0 0
0 0 0 1 43.938500000000005 49.352375 13.0 0.04663 0.1364425 3.6 0
0 0 0 1 47.6005 49.104904999999995 20.0 0.0082379 0.132071 1.95 0
0 1 0 1 48.937 52.7592 32.0 0.0005883 0.00091 2.0 0
0 0 1 0 48.278499999999994 49.54099 15.65 0.042795215000000005 0.02622 2.0 0
0 0 1 0 55.6155 48.6728645 14.95 0.4390855217345 0.0 9.0 0
0 0 1 0 43.4685 41.765370000000004 17.3 0.048397094999999994 0.03624 1.0 0
0 0 1 1 44.595 41.08162 5.0 0.28028 0.16805 3.0 0
0 0 0 1 47.0345 44.053555 20.0 0.0097651 0.0852955 2.35 0
0 1 1 0 51.349000000000004 56.0991 7.35 0.41862132790000006 0.00021 5.0 0
0 0 0 1 47.51350000000001 45.389860000000006 26.0 0.0020002 0.07048299999999999 2.75 0
0 0 0 1 43.7 45.015249999999995 12.0 0.051045 0.133512 2.65 0
0 0 0 1 48.7535 46.515695 26.0 0.0023444 0.1038265 2.55 0
0 0 0 1 48.36699999999999 39.162165 15.0 0.029441 0.13571799999999998 2.15 0
0 1 1 1 45.33 53.697 31.0 0.00076802 0.0024 1.0 0
0 0 0 1 14.23 41.452925 100.0 9.4913e-11 0.1347375 2.1 0
0 0 0 1 50.052 42.538658 16.0 0.024844 0.06767 1.0 0
0 0 0 1 48.3355 42.757805 13.0 0.044747 0.16003 1.0 0
0 0 0 1 52.3725 47.473800000000004 44.0 3.8271e-05 0.031429 2.05 0
0 0 1 0 48.919 42.68738499999999 14.9 0.08573562250000001 0.02887 1.0 0
0 0 0 1 45.9745 51.06358 25.0 0.0026026 0.07647400000000001 3.45 0
0 0 0 1 43.629000000000005 57.7111 50.0 9.4296e-06 0.24957 2.0 0
0 0 1 0 47.734500000000004 49.94099249999999 1.0 0.64757 0.0 17.0 0
1 0 0 0 55.36 55.25442999999999 19.5 0.043514386499999995 0.06941850000000001 1.55 0
0 0 0 1 51.436 40.65474350000001 22.0 0.0056034 0.149215 1.8 0
1 0 0 0 60.0 59.99189 98.0 0.016234179471986653 4.2000000000000004e-05 1.85 1
0 1 0 0 49.1045 49.3019 15.1 0.09761345149999999 0.01451 6.0 0
0 0 0 1 43.765499999999996 34.31001500000001 3.0 0.42666 0.2358635 4.45 0
0 0 0 1 49.102 40.960175 13.0 0.044393 0.137937 2.7 0
0 0 0 1 50.368 47.95502 20.0 0.0081303 0.127849 1.9 0
0 0 0 1 47.893 39.06531 15.0 0.029595 0.18746100000000002 1.95 0
0 1 0 0 47.233 16.6 9.0 0.10748 0.1730915 3.55 0
0 1 0 0 41.0325 0.0 4.35 0.5742076399999999 1.0 1.0 0
0 0 0 1 48.463 57.3219 23.0 0.0049003 0.35914 2.0 0
0 0 0 1 46.399 48.233574999999995 16.0 0.021143 0.11304949999999998 2.0 0
0 0 0 1 44.709500000000006 51.233484999999995 16.0 0.023839 0.01113 3.0 0
1 1 1 0 60.0 60.0 109.0 1.1839e-11 0.0 2.0 1
1 1 1 1 39.97 28.9 25.0 0.0027947 0.03674 1.0 0
0 0 1 0 49.328500000000005 53.68411 6.2 0.58414086 0.0 8.0 0
0 0 0 1 48.4905 45.325185 16.0 0.024272 0.108353 2.3 0
0 0 1 1 44.393 48.659304999999996 31.0 0.00069792 0.00095 3.0 0
0 0 0 1 49.50449999999999 46.940180000000005 14.0 0.036036 0.06674 2.0 0
0 0 0 1 51.212 47.419005 12.0 0.052719 0.11368450000000001 4.1 0
1 1 1 0 60.0 60.0 96.0 2.1651e-10 0.0 2.0 1
1 0 0 0 59.97 59.873815 98.0 0.0008401197680637913 0.014302500000000001 1.55 0
0 0 0 1 50.51 31.0076 38.0 0.00015674 0.00567 1.0 0
0 0 0 1 49.036 47.816985 15.0 0.026865 0.0901505 1.6 0
0 0 0 1 47.672000000000004 40.323245 20.0 0.0092084 0.02093 1.0 0
0 0 0 1 43.9545 44.579840000000004 14.0 0.032456 0.09629449999999999 2.75 0
0 1 0 0 41.15 39.9333295 6.0 0.24312 0.06492 2.0 0
0 0 0 1 50.51 48.673390000000005 17.0 0.016492 0.11740499999999998 3.15 0
0 0 0 1 48.048 40.672760000000004 18.0 0.014445 0.12621500000000002 2.15 0
0 0 0 1 57.495000000000005 57.086545 92.0 6.3017e-10 5.000000000000001e-07 1.9 0
0 0 0 1 50.375 44.012384999999995 13.0 0.041638 0.0866 1.0 0
0 1 1 0 47.808 47.503280000000004 10.15 0.16377583999999998 0.53103 0.0 0
1 0 0 0 48.61 44.531699999999994 22.1 0.064284464347935 0.051859999999999996 1.75 0
0 0 0 1 48.945 43.29983500000001 14.0 0.033225 0.17655550000000003 2.65 0
0 0 0 1 52.3725 47.62991 44.0 3.6605e-05 0.031429 2.05 0
0 0 0 1 47.05 42.313735 8.0 0.13168 0.5265 2.0 0
0 0 0 1 51.076499999999996 42.823485 13.0 0.040923 0.129831 2.4 0
0 0 0 1 51.083000000000006 46.256495 20.0 0.0088256 0.08034250000000001 2.75 0
0 0 1 0 57.760000000000005 52.57075 6.9 0.3745934 0.00022 14.0 0
1 1 1 1 60.0 60.0 29.0 0.0012306 0.00039 3.0 1
0 0 1 1 50.2395 47.946794499999996 19.0 0.012047 0.0 10.0 0
0 0 0 1 48.291999999999994 49.654081500000004 15.0 0.027385 0.08797100000000001 2.75 0
0 0 0 1 49.278499999999994 60.0 39.0 0.00010928 0.03824 1.0 0
0 1 0 0 55.27 55.75707 18.7 0.036403501 0.05415650000000001 1.7 0
1 0 0 1 55.04 41.92465 15.0 0.029714 0.23950200000000002 2.05 0
0 0 1 0 38.87 48.115840000000006 21.5 0.0644514428 0.05838 2.0 0
0 1 0 0 35.6625 0.0 4.05 0.6211383300000001 0.9 1.8 0
0 1 0 0 48.14 56.6042 93.0 4.9765e-10 0.0 1.0 0
0 1 0 0 45.9705 31.2364 9.0 0.1117 0.15364799999999998 2.85 0
1 0 0 0 60.0 59.99189 98.0 0.016234179471986653 4.2000000000000004e-05 1.85 0
0 0 0 1 46.815 45.953419999999994 21.0 0.0066536 0.03382149999999999 2.2 0
1 1 1 0 60.0 59.7222 67.0 1.7266e-07 0.0 1.0 1
0 0 0 1 47.534499999999994 44.295133 16.0 0.020428 0.5085 2.0 0
0 0 0 1 46.59700000000001 48.87313 34.0 0.00039541 0.00287 2.0 0
0 0 0 1 47.72599999999999 45.819925 17.0 0.019007 0.10241150000000002 2.6 0
0 0 0 1 47.7235 47.052895 21.0 0.0076364 0.09266650000000001 2.75 0
0 0 0 1 57.793499999999995 56.780285000000006 70.0 8.867e-08 0.00026299999999999994 2.75 0
0 0 1 0 49.328500000000005 53.68411 6.2 0.58414086 0.0 8.0 0
1 0 0 0 60.0 59.99189 98.0 0.016234179471986653 4.2000000000000004e-05 1.85 0
1 0 0 0 55.16 55.796835 22.1 0.0271354615222325 0.05120650000000001 1.65 0
0 0 0 1 40.429500000000004 59.795015 255.0 0.0 0.0 1.95 0
0 0 1 0 57.56 52.509969999999996 8.4 0.39426693764 0.00047 14.0 0
0 0 0 1 51.212 47.28766 12.0 0.05132 0.045527500000000005 2.2 0
0 0 1 0 54.093500000000006 44.209864499999995 8.45 0.4537315640000001 0.00916 9.0 0
1 0 0 0 52.03 49.043645 21.25 0.053795895121299994 0.051223 1.9 0
1 0 0 1 45.28 47.36367 21.0 0.0075633 0.13668750000000002 3.8 0
0 1 0 0 46.937000000000005 51.9012 18.0 0.014263 0.00157 1.0 0
0 0 0 1 55.51 46.696873 16.0 0.024515 0.01909 3.0 0
0 0 0 1 42.51 33.2965 6.0 0.20789 0.1298475 6.9 0
0 0 0 1 50.285000000000004 49.54974500000001 17.0 0.019485 0.1317515 1.7 0
0 0 0 1 44.485 39.65922 9.0 0.11735 0.153416 3.25 0
0 0 0 1 51.452999999999996 49.614124999999994 16.0 0.024836 0.11910400000000002 2.75 0
0 0 0 1 47.8945 44.751144999999994 14.0 0.038495 0.149809 2.55 0
0 1 0 0 46.254 56.401025000000004 4.75 0.5912657899999999 2e-05 7.0 0
0 0 1 0 43.4775 7.83333 5.0 0.27353 0.3 3.0 0
1 0 0 0 56.54 58.33932 19.5 0.0479907715 0.10236899999999997 1.75 0
1 0 0 0 60.0 59.99189 98.0 0.016234179471986653 4.2000000000000004e-05 1.85 0
0 0 0 1 44.7035 38.78685750000001 2.0 0.58901 0.1172 4.0 0
0 0 0 1 52.339999999999996 47.090955 14.0 0.03762 0.1573285 4.5 0
0 0 0 1 50.08149999999999 51.584105 34.0 0.00036837 0.03461 2.55 0
1 0 0 0 43.03 46.509544999999996 12.0 0.058355 0.08612 1.0 0
0 0 0 1 49.0055 46.160275 21.0 0.0070301 0.055925 2.25 0
0 0 1 0 41.557500000000005 30.079465000000006 0.0 0.8842 0.29794 1.0 0
0 0 0 1 50.715999999999994 47.578955 12.0 0.062868 0.17435450000000002 2.5 0
0 0 0 1 52.339999999999996 47.40487999999999 14.0 0.037537 0.17021100000000003 3.95 0
0 0 1 0 45.821 46.700914999999995 16.85 0.04533402500000001 0.02497 2.0 0
0 1 0 1 46.4135 33.3853 36.0 0.00022763 0.00078 2.0 0
0 0 0 1 44.432500000000005 33.9056 16.0 0.023813 0.09084 1.0 0
0 0 1 0 38.24 50.04378 15.55 0.28377770910000005 0.00032 3.0 0
0 1 0 0 44.760000000000005 38.084334999999996 16.9 0.051298725 0.00841 2.0 0
0 0 0 1 44.38699999999999 34.444255000000005 3.0 0.39982 0.16454 4.0 0
0 1 1 0 56.50750000000001 47.554829999999995 15.6 0.21100969880000003 0.00101 5.0 0
0 0 1 0 45.05149999999999 48.517335 25.0 0.0028041 4e-05 2.0 0
0 1 0 1 48.23800000000001 48.064 38.0 0.00015078 0.00075 2.0 0
0 0 0 1 48.318 46.06189500000001 10.0 0.086089 0.10547049999999998 4.2 0
0 0 1 0 48.932 41.26832499999999 19.8 0.0559311527 0.00636 2.0 0
0 0 1 0 48.9 48.8654 9.0 0.1089 0.0 4.0 0
0 1 0 0 58.54350000000001 60.0 11.0 0.073175 0.19665250000000004 3.8 0
0 0 1 0 49.2825 55.1538 3.65 0.4960973999999999 0.0 6.0 0
0 0 0 1 49.039 42.345825000000005 14.0 0.036045 0.1131945 1.9 0
0 0 0 1 54.72 46.77236 19.0 0.011746 0.1636315 2.05 0
0 0 0 1 46.5125 45.131654999999995 13.0 0.04746 0.1002475 2.4 0
0 0 0 1 49.940999999999995 44.377680000000005 18.0 0.013137 0.1036345 2.9 0
1 0 0 0 50.69 47.49826 18.9 0.06861993500133455 0.057907 2.1 0
0 1 0 0 43.9815 24.5872 16.2 0.046640959999999995 0.07038 1.0 0
0 0 0 1 49.612 43.36475500000001 14.0 0.036239 0.10540849999999999 1.8 0
0 1 0 0 50.183499999999995 47.5156 19.6 0.11866948642365001 0.1071325 4.15 0
0 1 0 0 57.31 39.604285000000004 10.0 0.082066 0.139411 3.8 0
0 0 0 1 41.18 39.604285000000004 10.0 0.082726 0.14737550000000002 3.8 0
0 0 1 0 57.760000000000005 52.756625 2.8 0.6268859800000001 1e-05 13.0 0
0 1 0 1 47.3035 58.9145 18.0 0.015819 0.05512749999999998 1.8 0
0 0 0 1 47.6395 19.4423 20.0 0.0080042 0.29624 1.0 0
0 0 0 1 45.56249999999999 49.117165 13.0 0.042623 0.193831 2.6 0
0 1 0 0 51.42 46.5917 11.0 0.072176 0.151673 4.2 0
0 0 1 0 48.114 48.10475 36.0 0.00021011 1e-05 1.0 0
0 1 0 0 50.35447767066693 44.52678267539525 24.651144857041167 0.09658699853529934 0.10095995499099822 3.9706941388277657 0
0 0 0 1 49.483999999999995 49.015460000000004 29.0 0.0011833 0.07434549999999998 1.5 0
1 1 1 0 60.0 60.0 109.0 1.0963e-11 0.0 2.0 1
0 0 0 1 45.9745 49.788685 25.0 0.0026481 0.0554765 3.55 0
0 0 0 1 51.488 42.29955 22.0 0.0059013 0.00593 3.0 0
1 0 0 0 43.62 49.37768499999999 11.0 0.067186 0.05056 3.0 0
0 0 0 1 51.904999999999994 50.48434000000001 19.0 0.010707 0.00615 1.0 0
0 0 1 0 50.5265 59.5263 6.0 0.24881 0.0 3.0 0
0 0 1 0 38.21 42.50708 17.7 0.040321553 0.01794 2.0 0
0 0 1 1 48.033500000000004 46.103674999999996 15.0 0.031275 0.0008 6.0 0
0 0 1 0 50.318000000000005 44.246515 0.0 0.81106 0.0 12.0 0
0 0 0 1 48.8105 44.312405 13.0 0.044551 0.1894 1.0 0
0 0 0 1 52.3725 47.86007 44.0 3.3037e-05 0.031347 2.15 0
0 0 0 1 45.32449999999999 45.182685 3.0 0.46968 0.0549835 4.85 0
0 0 0 1 47.186499999999995 43.823035 27.0 0.00164 0.06918 1.0 0
0 0 0 1 52.607000000000006 53.563625 49.0 1.0506e-05 0.016406499999999997 1.6 0
0 0 0 1 49.133 42.87596 27.0 0.0016669 0.092 1.0 0
0 1 0 1 48.446 50.229115 17.0 0.017937 0.00326 1.0 0
0 1 0 0 59.8845 60.0 51.4 0.13680397870097638 0.061791 2.85 0
0 0 0 1 47.21900000000001 42.175385000000006 8.0 0.14112 0.138396 3.65 0
0 1 0 1 50.135000000000005 51.4429 24.0 0.0033585 0.02206 4.0 0
1 0 1 0 53.04 41.25772 21.4 0.09825827805000001 0.00295 1.0 0
0 0 1 0 45.879 35.007335 15.35 0.14956801 0.04064 1.0 0
0 0 0 1 51.5705 41.44262500000001 23.0 0.0042096 0.1067725 2.0 0
0 0 0 1 45.460499999999996 38.4789215 7.0 0.1982 0.20124499999999998 3.8 0
0 0 0 1 48.794500000000006 46.916039999999995 19.0 0.010089 0.10274150000000001 2.9 0
0 1 0 0 41.0325 0.0 4.35 0.5742076399999999 1.0 1.0 0
0 0 0 1 48.4065 44.400905 24.0 0.0038163 0.06009549999999999 2.35 0
0 0 0 1 45.784000000000006 57.4427 31.0 0.00065881 0.02465 4.0 0
0 0 1 0 57.7325 47.120895 7.1 0.30368318000000005 0.0 25.0 0
0 0 1 0 42.8565 45.263945 12.9 0.102020855 0.33948 2.0 0
0 0 0 1 49.150000000000006 41.19798999999999 18.0 0.014165 0.11783500000000002 2.35 0
0 0 0 1 47.6 47.279925 20.0 0.0083448 0.050054 2.3 0
0 0 1 0 43.002500000000005 45.07436 14.1 0.07334996500000002 0.16126 1.0 0
0 0 0 1 51.4005 50.707995 32.0 0.00058878 0.044235000000000003 2.55 0
0 0 1 0 49.277499999999996 44.256769999999996 22.3 0.08240341855 0.00109 2.0 0
1 0 0 0 26.88 24.285625 57.7 0.13196478128775074 0.173649 1.85 0
0 0 0 1 47.398 42.628465 25.0 0.0029181 0.06426499999999999 2.0 0
0 0 0 1 47.553 46.22976 19.0 0.012157 0.053663 2.8 0
0 1 0 0 58.8615 59.8761 33.35 0.15565597995961228 0.03998449999999999 2.35 0
0 0 0 1 50.105000000000004 41.6476585 22.0 0.0058209 0.0654385 1.85 0
0 1 0 0 41.18000000000001 30.4824 19.8 0.14808431035 0.080627 3.35 0
0 0 0 1 50.17100000000001 43.19773 14.0 0.035762 0.1397615 1.95 0
0 0 0 1 47.9645 44.19255 13.0 0.045688 0.13622 1.0 0
0 0 0 1 53.330499999999994 52.25962 49.0 1.2281e-05 0.0040750000000000005 1.7 0
0 0 0 1 41.54 44.93785999999999 20.0 0.0079857 0.1547505 2.05 0
0 0 1 0 46.5315 58.8095 1.0 0.78165 0.0 6.0 0
1 0 0 0 60.0 59.99189 98.0 0.016234179471986653 4.2000000000000004e-05 1.85 0
1 0 0 0 44.66 35.65873 9.0 0.11664 0.0776 4.0 0
0 0 0 1 44.765 47.57046 28.0 0.0014496 0.02156 3.0 0
1 0 0 0 21.9 24.285625000000003 31.05 0.0824568330587335 0.22223150000000005 2.3 0
0 0 0 1 46.683 41.558755 17.0 0.016828 0.10264250000000001 1.95 0
0 0 1 0 49.540000000000006 16.9333 21.7 0.24078629264925996 0.0 4.0 0
1 0 1 1 60.0 50.463765 14.0 0.038747 0.03622 6.0 1
0 1 0 1 47.779 58.8348 30.0 0.00092532 0.00284 2.0 0
0 0 0 1 45.510000000000005 45.657914999999996 17.0 0.017558 0.1215495 2.2 0
0 0 1 0 46.878 40.479130000000005 15.55 0.07058161 0.06697 2.0 0
1 0 0 0 41.44 29.423575 21.8 0.06907050194099999 0.053937500000000006 1.8 0
0 0 0 1 51.38250000000001 46.30606 46.0 2.0709e-05 0.020937 2.0 0
0 0 0 1 43.7655 37.67251 3.0 0.42118 0.23705250000000003 7.2 0
0 1 1 0 50.9585 49.166945 12.65 0.09107286 0.04016 5.0 0
1 0 0 0 56.38 55.5246 7.0 0.17446 0.05218 15.0 0
0 0 0 1 48.96 48.03345 17.0 0.016301 0.05278 2.0 0
0 0 0 1 48.593 44.405964999999995 14.0 0.032877 0.15958499999999998 1.95 0
0 1 0 0 44.009499999999996 31.8136 9.0 0.10707 0.01845 2.0 0
0 0 0 1 48.766 46.822275000000005 15.0 0.026318 0.18604750000000003 2.5 0
0 0 1 0 51.029 57.607115 3.7 0.52156275 0.0 6.0 0
0 0 0 1 52.24 48.90818 255.0 0.0 0.066239 1.8 0
1 0 0 0 42.05 31.024205000000002 26.15 0.016528951919499997 0.043603 1.35 0
0 0 0 1 47.1705 32.895415 20.0 0.0095644 0.12638150000000004 2.5 0
0 1 0 1 55.4 52.481615 38.0 0.0001564 0.046680999999999986 2.25 0
0 0 0 1 47.3415 44.400904999999995 24.0 0.003938 0.12181949999999997 2.3 0
0 0 1 0 52.461 46.567125 20.6 0.045928868 0.00921 3.0 0
0 0 0 1 49.10449999999999 42.532107 18.0 0.013065 0.1073695 3.0 0
0 0 0 1 43.7375 50.411875 13.0 0.046549 0.15156699999999998 3.3 0
0 1 0 0 47.40749999999999 27.9592 11.0 0.074517 0.08733 2.0 0
0 0 0 1 46.971500000000006 42.39003 16.0 0.023805 0.15315750000000003 3.8 0
0 0 1 0 48.4955 50.6667 0.0 0.81165 0.0 9.0 0
0 0 0 1 51.2105 42.823485 13.0 0.040996 0.13726200000000005 2.45 0
0 0 1 1 47.907500000000006 48.517335 6.0 0.21581 2e-05 2.0 0
1 0 0 0 43.63 50.56416700000001 29.1 0.0759909295 0.24265 1.0 0
0 0 0 1 46.12149999999999 33.51263000000001 6.0 0.20253 0.16358 1.0 0
0 0 0 1 50.94350000000001 49.26688 61.0 7.2518e-07 0.009673999999999999 2.0 0
0 0 0 1 45.404 39.235618 16.0 0.023858 0.33984 2.0 0
0 0 0 1 57.83 42.715824999999995 24.0 0.0034885 0.1700035 2.55 0
0 0 0 1 49.74399999999999 41.086749999999995 14.0 0.037752 0.01264 1.0 0
0 0 1 0 48.249 48.76438 18.45 0.163035833 0.001 3.0 0
0 1 0 0 50.35447767066693 44.52678267539525 24.651144857041167 0.09658699853529934 0.10095995499099822 3.9706941388277657 0
0 1 0 1 50.3775 59.5882 12.0 0.062457 0.1469545 4.95 0
0 0 0 1 55.61 45.16909499999999 20.0 0.0087055 0.060265999999999986 1.8 0
0 0 1 1 48.7525 14.1667 21.0 0.0067796 0.12821 2.0 0
0 0 1 0 35.61 34.158195 0.0 0.93249 0.17398 3.0 0
0 0 0 1 46.295500000000004 41.49228000000001 6.0 0.2451 0.15719500000000003 3.15 0
1 1 1 1 44.63 35.7018 28.0 0.0013886 0.00139 1.0 0
0 0 1 0 59.19500000000001 58.63666500000001 54.2 0.21766662893659486 0.0 3.0 0
0 0 1 0 49.17100000000001 41.521649999999994 19.95 0.0931683195 0.00703 2.0 0
0 0 0 1 50.08149999999999 51.584105 34.0 0.00038432 0.0347495 2.2 0
0 0 0 1 33.79 46.99053500000001 16.0 0.021393 0.0812455 1.75 0
1 0 0 1 40.44 44.188655 24.0 0.0037858 0.081142 2.75 0
0 0 1 0 57.75999999999999 53.662915 2.1 0.65096265 1e-05 15.0 0
0 0 0 1 47.911500000000004 44.140280000000004 13.0 0.049105 0.22619 1.0 0
0 0 0 1 45.668 50.064225 5.0 0.28571 0.40435 14.0 0
0 0 0 1 48.081 46.500835 22.0 0.0062724 0.118592 2.15 0
0 0 0 1 50.25750000000001 47.599689999999995 22.0 0.0052811 0.1198 3.0 0
0 0 1 0 45.28699999999999 40.45402899999999 5.0 0.28226 0.01894 1.0 0
0 0 1 0 59.405499999999996 54.074625000000005 45.7 0.09876838038798472 1e-05 3.0 0
0 0 0 1 48.29700000000001 45.12932000000001 22.0 0.0060087 0.06389550000000001 2.15 0
0 0 0 1 44.852 43.937605000000005 14.0 0.03962 0.09316450000000001 2.45 0
0 0 0 1 49.005500000000005 45.752635000000005 21.0 0.0070874 0.05072600000000001 2.45 0
1 0 0 0 59.85 59.700900000000004 82.05 0.003726106507273977 0.011079499999999999 2.65 0
0 0 0 1 55.52650000000001 54.66567 55.0 2.5484e-06 0.0042179999999999995 2.75 0
0 0 0 1 48.6785 41.20078 13.0 0.041937 0.08226 4.0 0
0 0 0 1 49.804 42.72288 18.0 0.013262 0.10455600000000002 2.95 0
0 0 1 0 56.50750000000001 55.33380999999999 39.6 0.27223963912045207 0.0 4.0 0
0 0 1 0 49.878499999999995 45.59044 22.45 0.11362004065000002 0.00072 1.0 0
0 0 0 1 48.7415 40.62337 15.0 0.031142 0.09222599999999999 2.55 0
0 0 0 1 47.439499999999995 48.31631 17.0 0.019194 0.11132900000000004 2.15 0
0 0 0 1 49.153499999999994 49.15729 38.0 0.00013164 0.03589250000000001 2.5 0
0 0 0 1 49.762499999999996 40.3367465 15.0 0.027737 0.22526 4.0 0
1 0 0 1 46.71 43.81929 17.0 0.017513 0.12424949999999998 2.15 0
1 0 1 0 41.51 37.15238 15.05 0.10612166153000002 0.02024 2.0 0
1 0 0 0 60.0 59.99189 98.0 0.016234179471986653 4.2000000000000004e-05 1.85 0
0 0 1 0 44.572500000000005 52.8352 7.2 0.4734144995499999 0.0 3.0 0
0 0 0 1 47.9685 50.1853 42.0 5.854e-05 0.033758500000000004 3.45 0
0 0 0 1 47.0945 47.138715000000005 23.0 0.00475 0.032418999999999996 2.5 0
1 1 1 0 60.0 60.0 126.0 2.2067e-13 0.0 1.0 1
0 0 1 0 44.9705 14.5652 0.0 0.83699 0.47077 5.0 0
0 0 0 1 47.919500000000006 45.41267 26.0 0.0021489 0.059802 2.4 0
0 0 0 1 47.071999999999996 38.3260105 5.0 0.28079 0.10795000000000002 2.55 0
1 0 0 0 58.34 39.852819499999995 8.0 0.13726 0.08485 2.0 0
0 0 0 1 47.529999999999994 50.472455000000004 42.0 5.2108e-05 0.038407000000000004 2.95 0
0 0 1 0 46.467999999999996 39.906039 14.25 0.06796312 0.19386 1.0 0
1 1 1 1 48.28 42.8723 40.0 8.9395e-05 2e-05 1.0 0
0 0 1 0 46.1075 56.9828 13.0 0.047327 0.0 9.0 0
0 0 0 1 47.89300000000001 39.06531 15.0 0.029576 0.187461 1.95 0
1 0 0 0 50.51 47.613185 23.15 0.05535343600133454 0.053447 1.95 0
1 0 0 0 45.88 36.501245 17.7 0.0911229277 0.03324850000000001 1.8 0
0 0 0 1 31.0 46.22766 21.0 0.006394 0.09844450000000002 2.05 0
0 0 1 0 59.19500000000001 58.63666500000001 54.2 0.21766662893659486 0.0 3.0 0
0 0 1 0 45.275999999999996 25.867789 2.0 0.54457 0.6 4.0 0
0 0 0 1 51.45299999999999 49.614124999999994 16.0 0.024812 0.11910400000000002 2.75 0
0 0 1 0 56.50750000000001 55.33380999999999 39.6 0.27223963912045207 0.0 4.0 0
0 0 1 0 57.760000000000005 54.60423000000001 6.45 0.527638749 2e-05 13.0 0
0 0 0 1 55.87 45.447235000000006 14.0 0.033747 0.09834999999999999 3.55 0
0 0 0 1 45.114 47.232654999999994 28.0 0.0013987 0.06706300000000001 2.15 0
0 0 0 1 48.812999999999995 43.98256500000001 8.0 0.13148 0.121353 4.15 0
0 0 0 1 47.248 46.812025 18.0 0.015362 0.14721 2.45 0
0 0 0 1 43.898500000000006 44.579840000000004 14.0 0.03181 0.11566999999999998 2.35 0
0 0 0 1 48.339000000000006 45.20759 17.0 0.019704 0.05536 1.0 0
0 0 0 1 46.24250000000001 43.537955 14.0 0.033553 0.1599085 1.9 0
0 0 0 1 50.1495 58.75 26.0 0.0023075 0.16203 2.0 0
0 0 0 1 43.823 39.759694999999994 7.0 0.17619 0.1932925 4.35 0
1 1 1 0 60.0 60.0 142.0 6.2044e-15 0.0 1.0 1
0 0 0 1 40.429500000000004 59.795015 255.0 0.0 0.0 1.95 0
0 0 0 1 47.378499999999995 48.969485000000006 38.0 0.00015545 0.0376875 2.25 0
0 0 0 1 55.089 51.057 65.0 2.6964e-07 0.024508 2.7 0
0 0 1 0 47.764500000000005 48.517335 0.0 0.88644 0.0 2.0 0
0 0 0 1 47.38649999999999 35.597985 20.0 0.0096498 0.18039 1.0 0
0 0 1 0 49.540000000000006 38.8 17.2 0.2857678275534 0.0 4.0 0
0 0 0 1 49.484 49.015460000000004 29.0 0.001235 0.0333155 1.6 0
1 0 0 0 34.16 26.664139999999996 25.35 0.11022823079705975 0.08303999999999999 1.75 0
0 0 0 1 47.592 41.258505 14.0 0.034283 0.08933100000000002 1.7 0
0 0 0 1 47.6455 41.76642 18.0 0.015524 0.0677305 1.2 0
0 0 1 0 43.80550000000001 48.35713 14.0 0.032134 0.00768 2.0 0
1 0 1 1 53.94 39.035983 16.0 0.020703 0.00554 3.0 0
0 0 0 1 49.652 41.26784 16.0 0.022762 0.0995975 3.9 0
0 1 0 0 59.76899999999999 61.1494 19.45 0.120052327448995 0.037193 3.55 0
0 0 1 0 59.947500000000005 58.182465 81.15 0.05852936627391324 0.0 1.0 0
0 0 0 1 51.212 47.28766 12.0 0.051432 0.07159 2.4 0
0 0 0 1 48.01049999999999 47.788795 1.0 0.66234 0.1400795 4.8 0
0 0 0 1 50.31699999999999 48.26901 27.0 0.0016018 0.043785000000000004 1.75 0
0 0 0 1 46.348499999999994 45.1864815 10.0 0.092343 0.115348 5.15 0
0 0 0 1 49.926 41.47744999999999 18.0 0.013629 0.07758 1.0 0
1 0 1 0 54.51 40.85281 19.25 0.07705480450000002 0.00461 1.0 0
0 0 1 1 49.8755 44.139853 16.0 0.024634 0.02212 3.0 0
0 1 0 0 47.41049999999999 40.5 19.05 0.123872803684 0.049399000000000005 3.35 0
0 1 0 0 54.18 54.2053 17.75 0.045564237550000004 0.06782900000000001 2.15 0
0 0 0 1 48.53000000000001 46.226055 20.0 0.0091103 0.07435800000000001 2.2 0
0 0 1 0 59.4 47.710065 23.9 0.12280875584999999 5e-05 3.0 0
0 0 1 0 59.19500000000001 58.63666500000001 54.2 0.21766662893659486 0.0 3.0 0
0 0 0 1 49.5985 51.22489999999999 8.0 0.13742 0.00884 4.0 0
0 0 0 1 48.6345 46.74877 17.0 0.016548 0.1115635 3.15 0
0 0 1 0 53.248000000000005 60.0 0.0 0.94908 0.0 1.0 0
0 0 1 0 57.59100000000001 56.19512999999999 7.55 0.44576667950000004 3e-05 11.0 0
0 0 0 1 46.01649999999999 50.703485 20.0 0.0081357 0.00015 3.0 0
1 0 0 0 47.3 38.15184000000001 20.3 0.023435506141999997 0.042542 2.35 0
0 0 0 1 45.460499999999996 38.7753565 7.0 0.18479 0.1638425 3.55 0
0 0 0 1 48.518 36.246845 2.0 0.55435 0.1458455 5.05 0
0 0 0 1 48.228 46.534075 15.0 0.03045 0.1649565 2.0 0
0 1 1 1 48.141999999999996 48.041805 8.0 0.1296 0.01021 12.0 0
0 0 0 1 47.638 43.6567 16.0 0.021848 0.104183 2.8 0
0 0 0 1 48.741499999999995 42.25186 15.0 0.031516 0.167372 3.05 0
0 0 0 1 49.657 46.474554999999995 27.0 0.001814 0.06565449999999999 2.2 0
0 0 0 1 47.302499999999995 49.132915 19.0 0.012521 0.00307 2.0 0
0 0 0 1 45.6025 50.311395 31.0 0.0006761 0.00097 2.0 0
0 1 0 1 49.7195 33.7593 14.0 0.036223 0.01129 2.0 0
0 0 0 1 47.5135 45.389860000000006 26.0 0.002084 0.070265 2.75 0
1 0 1 0 41.67 32.641074999999994 6.0 0.20185 0.08002 4.0 0
0 0 0 1 40.429500000000004 59.795015 255.0 0.0 0.0 1.95 0
0 0 0 1 46.69499999999999 46.830645 9.0 0.10986 0.1686625 3.65 0
0 0 0 1 45.89 46.91048 15.0 0.025228 0.00207 1.0 0
1 0 0 0 53.51 48.1591 3.0 0.44794 0.05161 2.0 0
0 1 1 0 46.829 45.8324 23.85 0.373979485056 0.0 2.0 0
0 0 0 1 47.448 42.92539 22.0 0.0052191 0.035716000000000005 2.05 0
0 0 0 1 49.3035 49.121445 51.0 7.5071e-06 0.021112999999999996 1.8 0
0 0 0 1 47.287000000000006 42.9274 63.0 5.0045e-07 0.00017 2.0 0
0 0 0 1 58.068 60.0 45.0 2.6379e-05 0.23836700000000005 2.9 0
0 0 1 0 59.19500000000001 58.63666500000001 54.2 0.21766662893659486 0.0 3.0 0
0 1 0 0 50.35447767066693 44.52678267539525 24.651144857041167 0.09658699853529934 0.10095995499099822 3.9706941388277657 0
0 1 0 0 44.617999999999995 0.0 6.7 0.34582199 1.0 4.0 0
1 0 0 0 59.25 58.975159999999995 39.2 0.12846735068918982 0.0946835 3.1 0
0 0 1 0 45.1065 55.467634999999994 15.9 0.20510671782249998 0.00269 7.0 0
0 1 0 0 43.967999999999996 31.5556 14.5 0.07554001500000002 0.10217 4.0 0
0 0 0 1 44.937 42.9167 13.0 0.04724 0.09659 1.0 0
0 0 0 1 49.486 55.9196 23.0 0.0042721 0.00241 1.0 0
1 0 0 0 44.57 34.403645 19.4 0.03877785499999999 0.045263000000000005 2.25 0
0 0 0 1 47.0255 41.403235 6.0 0.23673 0.1982895 5.85 0
0 0 0 1 48.94500000000001 43.299834999999995 14.0 0.033248 0.14608749999999998 2.6 0
0 0 0 1 47.20899999999999 45.261655000000005 35.0 0.00030872 0.0132555 2.55 0
0 0 0 1 40.7 41.657599999999995 18.0 0.013012 0.3426 1.0 0
0 0 1 0 43.662000000000006 43.40847 18.25 0.03338941799999999 0.03847 1.0 0
0 0 0 1 48.909499999999994 39.53181 6.0 0.21212 0.07602 3.0 0
0 0 0 1 49.494499999999995 48.544650000000004 15.0 0.025661 0.0894435 2.05 0
0 0 0 1 50.47 43.63534 18.0 0.013755 0.03109 2.0 0
0 0 1 0 48.003 40.47766800000001 22.8 0.029548476499999997 0.00275 2.0 0
0 0 0 1 50.82449999999999 40.770605 18.0 0.013343 0.114388 3.0 0
0 0 0 1 50.4135 46.768074999999996 19.0 0.011607 0.09073300000000002 1.85 0
1 0 0 0 51.75 48.720099999999995 19.7 0.0350061187 0.045911 2.1 0
0 0 1 0 44.769 36.89281 0.0 0.84325 0.06679 1.0 0
0 0 0 1 43.506 44.579840000000004 14.0 0.032324 0.096025 2.85 0
0 0 0 1 50.467 50.60090500000001 24.0 0.0033372 0.009546500000000003 2.85 0
0 0 1 0 51.338 60.0 11.0 0.075344 0.0 4.0 0
0 0 0 1 49.763000000000005 46.755399999999995 15.0 0.027007 0.10556399999999999 1.65 0
1 0 1 0 53.53 45.32323 8.0 0.13097 0.01014 1.0 0
0 0 0 1 50.8165 50.22022 12.0 0.051541 0.00095 6.0 0
0 0 0 1 46.8565 38.454660000000004 9.0 0.10224 0.46154 2.0 0
0 0 0 1 45.0065 43.132889 7.0 0.16522 0.19806849999999998 4.8 0
0 0 0 1 43.7655 40.137750000000004 3.0 0.40089 0.1206855 4.35 0
0 1 0 1 54.8 59.8429 38.0 0.0001552 0.0074 3.0 0
0 0 1 0 47.562 45.7062 18.7 0.030977052300000002 0.53529 1.0 0
0 0 0 1 50.00599999999999 60.0 31.0 0.0007327 0.00302 3.0 0
0 0 0 1 49.914 44.57084 27.0 0.0019791 0.027532499999999998 2.1 0
0 0 0 1 46.06250000000001 46.9947 25.0 0.0026395 0.01331 1.0 0
0 1 0 0 44.9345 38.0471 21.85 0.06459653758350001 0.0586345 3.05 0
0 0 0 1 56.334 56.185285 89.0 1.2363e-09 9.8e-05 1.6 0
0 0 0 1 50.190000000000005 47.93954500000001 13.0 0.039885 0.18723549999999997 2.7 0
1 0 0 0 43.68 35.875634999999996 32.5 0.03171003789 0.1088325 2.25 0
0 0 0 1 48.6015 51.23313 15.0 0.025889 0.094641 2.25 0
1 0 0 1 35.27 44.22661550000001 19.0 0.01079 0.073645 1.8 0
0 0 1 0 55.6155 48.6728645 14.95 0.4390855217345 0.0 9.0 0
0 0 0 1 47.74249999999999 52.31011500000001 29.0 0.0010944 0.054578499999999995 2.5 0
0 0 1 0 44.777499999999996 39.37236 15.6 0.053692130000000005 0.0879 4.0 0
1 0 0 0 58.52 58.922025 14.05 0.13320173500000002 0.1011725 3.5 0
0 0 1 0 57.7325 47.254325 6.7 0.338877165 0.0 27.0 0
0 1 0 0 41.032500000000006 17.0 8.0 0.327781165 1.0 1.0 0
1 0 0 0 23.49 36.69434649999999 7.0 0.18861 0.160326 4.25 0
0 0 0 1 57.8335 58.641875000000006 167.0 1.7024e-17 0.0 1.8 0
0 0 1 0 50.6755 49.190754999999996 7.0 0.19886 0.0 3.0 0
0 1 0 0 46.8915 0.0 8.7 0.28198274 1.0 6.0 0
1 0 0 0 59.8 59.657705 73.75 0.003245491499126505 0.011356000000000002 2.9 0
0 0 0 1 47.51350000000001 45.389860000000006 26.0 0.0020544 0.08123700000000002 2.8 0
0 0 0 1 49.1535 49.15729 38.0 0.00013901 0.0358925 2.5 0
0 0 0 1 40.429500000000004 59.795015 255.0 1.62887e-41 0.0 1.95 0
0 0 0 1 49.575 49.733059999999995 17.0 0.019609 0.1354485 1.75 0
0 0 1 0 57.7325 53.65029500000001 4.7 0.4899218 0.0 17.0 0
0 0 0 1 52.532000000000004 45.19469 20.0 0.0086837 0.052662999999999995 2.3 0
0 0 1 0 59.19500000000001 58.63666500000001 54.2 0.21766662893659486 0.0 3.0 0
0 0 0 1 48.099 49.036255000000004 13.0 0.042123 0.14324399999999998 2.7 0
1 0 0 0 46.44 37.093735 20.6 0.07765585315000001 0.0644795 1.65 0
0 0 0 1 56.65 48.65063500000001 15.0 0.026262 0.17575449999999998 2.8 0
0 0 0 1 48.279 44.47891499999999 18.0 0.015746 0.029111500000000002 1.95 0
0 0 1 0 48.565 48.18337999999999 4.0 0.33641 0.0 16.0 0
1 0 0 0 48.39 42.830020000000005 22.1 0.05012693259793501 0.068277 1.95 0
0 0 0 1 46.611999999999995 34.1316 2.0 0.57 0.41306 12.0 0
0 0 0 1 40.429500000000004 59.795015 255.0 5.8036e-34 0.0 1.95 0
0 0 1 1 45.06 47.02618 14.0 0.036753 0.00744 2.0 0
0 0 0 1 41.97 48.881370000000004 23.0 0.0040143 0.0162 2.0 0
0 0 0 1 47.7495 35.407889 7.0 0.17679 0.35795 1.0 0
1 0 1 0 40.2 46.75964 16.55 0.08742371645 0.00779 1.0 0
1 0 0 0 57.98 58.380240000000015 15.7 0.045520527500000005 0.053441499999999996 2.7 0
0 0 0 1 46.407000000000004 40.3413 13.0 0.042241 0.02002 2.0 0
0 0 0 1 47.726 45.819925 17.0 0.018947 0.103382 2.65 0
0 1 0 0 51.614499999999985 22.1667 10.0 0.081365 0.01017 3.0 0
0 0 0 1 48.565 47.660775 4.0 0.32006 0.58052 16.0 0
0 0 1 0 40.82 40.65228 17.75 0.04765514 0.04718 1.0 0
0 0 0 1 45.35 51.819375 16.0 0.024861 0.01465 3.0 0
0 0 0 1 46.091499999999996 47.827020000000005 14.0 0.032705 0.25439 1.0 0
0 0 0 1 57.31 47.478425 15.0 0.030354 0.22089799999999996 1.9 0
0 0 1 0 51.0755 49.03106 12.0 0.052632 0.0 5.0 0
0 0 0 1 45.9495 37.743719999999996 16.0 0.023365 0.08901999999999999 3.3 0
1 0 0 0 45.72 37.130365 15.65 0.06973245 0.048365500000000006 1.95 0
0 0 0 1 48.740500000000004 45.79001000000001 11.0 0.069102 0.133387 3.4 0
0 1 0 1 47.99299999999999 40.8976825 25.0 0.00316 0.10614100000000001 2.2 0
0 0 1 0 50.881499999999996 51.9082 15.7 0.16178222134999998 0.00244 6.0 0
0 0 0 1 40.429500000000004 59.795015 255.0 1.9987e-27 0.0 1.95 0
0 0 0 1 55.1 43.94012000000001 14.0 0.039517 0.089482 3.6 0
1 0 0 0 60.0 59.99189 98.0 0.016234179471986653 4.2000000000000004e-05 1.85 0
0 0 0 1 50.05200000000001 41.355740000000004 18.0 0.014284 0.125222 2.0 0
1 0 0 0 60.0 59.99189 98.0 0.016234179471986653 4.2000000000000004e-05 1.85 0
0 0 0 1 50.58 40.588335 18.0 0.013663 0.12716449999999999 1.9 0
0 0 0 1 45.460499999999996 38.4789215 7.0 0.19426 0.19667 3.1 0
0 0 0 1 49.060500000000005 46.282425 37.0 0.00017858 0.029574 2.6 0
1 0 0 0 53.42 52.04866 18.8 0.04187440369999999 0.045835 1.7 0
0 0 0 1 47.4865 46.450715 19.0 0.012583 0.0961425 2.3 0
0 0 0 1 51.4005 49.713274999999996 32.0 0.00060248 0.0400485 1.9 0
0 0 0 1 46.476000000000006 44.290800000000004 16.0 0.024128 0.1078415 4.2 0
0 0 0 1 40.429500000000004 59.795015 255.0 5.0096e-29 0.0 1.95 0
1 0 0 0 50.44 47.12642 19.95 0.047202445999999995 0.058616499999999995 1.85 0
1 0 1 0 49.69 47.261334999999995 17.85 0.07090530260000003 0.03476 1.0 0
0 0 0 1 49.872499999999995 42.406705 14.0 0.037823 0.01275 2.0 0
0 0 0 1 46.564 43.59316450000001 36.0 0.00021847 0.038735 2.75 0
0 0 0 1 54.545 57.16633 69.0 1.1997e-07 0.024713000000000002 2.55 0
0 0 1 0 52.5415 44.632735 18.75 0.14804325775000002 0.0013 4.0 0
0 0 0 1 48.829499999999996 43.8662585 13.0 0.048142 0.17709649999999996 2.2 0
0 0 0 1 51.07350000000001 48.6840965 15.0 0.028016 0.0706905 2.7 0
0 0 0 1 51.47149999999999 47.626949999999994 62.0 6.0234e-07 0.000101 2.25 0
1 0 0 1 56.01 46.96621 14.0 0.037986 0.152129 2.95 0
1 0 0 0 60.0 59.99189 98.0 0.016234179471986653 4.2000000000000004e-05 1.85 0
0 0 0 1 41.62 37.8745 13.0 0.045953 0.04169 2.0 0
0 1 0 1 45.419000000000004 45.7501 13.0 0.043014 0.01532 2.0 0
0 1 0 0 57.732499999999995 50.691455000000005 10.45 0.16170315165 0.18094 19.0 0
1 1 1 0 60.0 60.0 111.0 7.6366e-12 0.0 1.0 1
0 0 0 1 47.15 39.911184999999996 60.0 8.7419e-07 0.0539965 2.3 0
0 1 0 1 54.3 47.545154999999994 13.0 0.04244 0.17307250000000002 2.7 0
1 0 0 0 44.97 41.37728 15.5 0.058904670000000006 0.40229 2.0 0
0 0 0 1 47.9275 41.704265 9.0 0.10482 0.10194349999999999 4.2 0
0 0 1 0 47.134 51.5636 1.0 0.74688 0.0 4.0 0
0 0 0 1 48.352999999999994 48.286109999999994 29.0 0.0010689 0.039567500000000005 2.35 0
0 0 0 1 48.573 46.449435 15.0 0.030716 0.12155300000000002 1.85 0
0 0 0 1 56.47 41.82005 30.0 0.00091293 0.039391999999999996 2.05 0
0 0 1 0 50.27499999999999 56.4706 2.0 0.60057 0.0 15.0 0
1 0 0 0 55.89 57.1529 18.75 0.042825165250000005 0.037565 2.85 0
0 0 1 0 42.76 43.1537 20.35 0.05029329518205 0.01506 1.0 0
0 0 0 1 48.01050000000001 43.948635 1.0 0.66972 0.209151 3.75 0
1 1 1 0 60.0 60.0 109.0 1.0158e-11 0.0 3.0 1
0 1 0 0 50.35447767066693 44.52678267539525 24.651144857041167 0.09658699853529934 0.10095995499099822 3.9706941388277657 0
0 0 0 1 49.531 41.15907 21.0 0.007239 0.1167 1.0 0
0 0 1 0 43.92400000000001 36.924797000000005 4.0 0.37217 0.23785 1.0 0
0 0 1 1 44.302 40.777055 5.0 0.26085 0.33963 2.0 0
0 0 0 1 46.77749999999999 43.13928 14.0 0.032786 0.11652 2.0 0
1 0 0 0 60.0 59.99189 98.0 0.016234179471986653 4.2000000000000004e-05 1.85 0
0 0 0 1 49.53 45.70712999999999 21.0 0.0064333 0.07974 1.0 0
0 0 0 1 45.3675 59.8895 29.0 0.001156 0.00901 1.0 0
1 0 0 0 59.95 59.82857 83.7 0.0012564364007592182 0.0145645 1.95 0
0 0 0 1 39.23 33.2478 52.0 5.9414e-06 0.00011 2.0 0
0 0 0 1 50.31699999999999 45.573475 27.0 0.0018044 0.068189 2.15 0
0 0 0 1 50.458 46.288560000000004 14.0 0.036731 0.05167 4.0 0
0 0 0 1 47.3 48.551275000000004 19.0 0.010654 0.07424149999999999 1.6 0
0 0 0 1 53.43 44.28212499999999 27.0 0.0018849 0.0254305 2.4 0
0 0 1 0 49.349999999999994 46.4211 9.6 0.24852491500000004 0.0 21.0 0
0 0 0 1 49.301500000000004 47.58693 24.0 0.0032623 0.03424 4.0 0
0 0 1 0 49.747 43.82329500000001 20.85 0.10711834055 0.0028 1.0 0
0 0 0 1 50.31699999999999 48.26901 27.0 0.0016134 0.043785000000000004 1.75 0
0 0 0 1 47.69 42.331478 16.0 0.021828 0.15109 2.0 0
1 0 0 0 60.0 59.99189 98.0 0.016234179471986653 4.2000000000000004e-05 1.85 0
0 0 0 1 47.7205 44.382712999999995 16.0 0.023031 0.03411 4.0 0
0 0 1 0 43.9965 32.116611 3.0 0.44329 0.09231 2.0 0
1 1 1 1 38.89 30.6667 29.0 0.0010019 0.01096 2.0 0
0 1 0 1 49.98950000000001 44.5276 18.0 0.013028 0.07105 3.0 0
0 0 0 1 44.852 40.952025000000006 14.0 0.039205 0.13996599999999998 3.4 0
0 0 0 1 45.99999999999999 50.708690000000004 5.0 0.26471 0.0 3.0 0
0 0 0 1 46.59499999999999 45.131654999999995 13.0 0.047285 0.12387 2.75 0
1 1 1 0 59.76 59.395 88.0 1.5287e-09 0.0 1.0 1
0 0 0 1 49.685 59.8305 24.0 0.0037578 0.05174 4.0 0
0 0 0 1 41.804500000000004 33.4936725 2.0 0.52544 0.27778 1.0 0
0 0 1 0 33.99 45.79739000000001 19.1 0.05883867793537499 0.10544 3.0 0
0 1 0 0 55.41 55.3871 12.0 0.056898 0.12370700000000001 5.85 0
0 0 0 1 52.584500000000006 44.05285500000001 23.0 0.0043535 0.1325055 2.2 0
0 0 1 0 50.741 47.89564 0.0 0.89504 0.00383 1.0 0
0 0 0 1 55.9055 57.541909999999994 103.0 4.262e-11 0.0 1.85 0
0 0 0 1 49.799499999999995 45.86222 30.0 0.00083368 0.05577400000000001 2.25 0
0 0 0 1 50.23199999999999 39.365888 15.0 0.026996 0.12847 2.0 0
0 0 0 1 47.2195 44.746129999999994 18.0 0.015039 0.03628 2.0 0
0 0 1 0 40.25 50.71638499999999 4.0 0.38037 0.00672 1.0 0
0 0 1 1 43.99 48.43811 19.0 0.010611 0.00309 1.0 0
0 0 0 1 49.422999999999995 37.783130500000006 19.0 0.011038 0.0484315 2.75 0
0 0 0 1 48.711 50.137775 31.0 0.00070757 0.020938500000000002 2.05 0
0 0 0 1 47.4045 43.97260999999999 13.0 0.042562 0.28361 1.0 0
1 0 0 0 55.63 44.20494 16.45 0.043567571000000006 0.01125 2.0 0
0 0 0 1 52.86 47.57921499999999 24.0 0.0037332 0.00501 2.0 0
0 1 0 0 44.765 47.469280000000005 28.0 0.001475 0.01133 3.0 0
0 1 0 1 49.266 44.794455 26.0 0.0024858 0.11450699999999998 2.7 0
0 0 0 1 49.547000000000004 45.290279999999996 14.0 0.034558 0.10390200000000001 3.25 0
0 0 0 1 47.4865 46.450715 19.0 0.012509 0.0961425 2.3 0
1 0 0 0 35.77 28.015584999999998 15.45 0.08639086 0.0888815 1.7 0
0 0 0 1 49.79949999999999 44.909949999999995 30.0 0.0008667 0.030080000000000003 2.15 0
0 0 0 1 49.8625 44.0444585 13.0 0.048042 0.133738 2.35 0
0 0 0 1 47.23950000000001 44.897788 16.0 0.024166 0.09156 1.0 0
0 1 0 1 50.3245 52.8667 19.0 0.01168 0.161106 2.05 0
0 1 0 0 50.35447767066693 44.52678267539525 24.651144857041167 0.09658699853529934 0.10095995499099822 3.9706941388277657 0
0 0 0 1 52.83 47.939625 44.0 3.2251e-05 0.00046 2.0 0
0 0 1 0 49.944 49.622985 23.25 0.028002424704999994 0.00551 1.0 0
0 0 0 1 48.4895 47.32798 33.0 0.00045428 0.03218 2.0 0
0 0 0 1 49.862500000000004 44.04445849999999 13.0 0.048077 0.18188200000000002 1.8 0
0 0 0 1 47.3635 42.8776165 10.0 0.093821 0.12729450000000003 2.9 0
0 0 0 1 52.081 48.479745 45.0 2.5786e-05 0.004717 2.4 0
0 1 0 0 57.69 41.336349999999996 19.15 0.11838571799999997 0.00379 1.0 0
0 1 0 0 40.24 26.7612 15.7 0.09143095350000001 0.01433 2.0 0
0 0 0 1 44.620999999999995 46.49284 17.0 0.017777 0.079513 4.05 0
1 0 1 0 40.67 47.97665000000001 21.4 0.06676956129999999 0.0574 2.0 0
0 0 1 0 20.84 44.97284 16.1 0.119166633444 0.50053 2.0 0
0 0 0 1 51.334 43.382540000000006 13.0 0.04109 0.10506200000000002 2.45 0
0 0 0 1 46.22599999999999 46.451105 14.0 0.031952 0.40473 2.0 0
0 0 0 1 49.831 36.247234999999996 26.0 0.0023764 0.3905 4.0 0
0 0 0 1 57.096500000000006 54.341085 83.0 4.1236e-09 0.001109 1.7 0
0 0 0 1 48.099 49.036255000000004 13.0 0.042148 0.155723 2.7 0
0 0 0 1 49.179500000000004 42.357955000000004 19.0 0.011386 0.103568 2.55 0
0 0 1 0 57.59100000000001 56.195130000000006 8.0 0.52057898881 0.0 11.0 0
0 0 0 1 49.882000000000005 43.612455000000004 30.0 0.00090969 0.0393965 2.0 0
0 0 0 1 50.03 46.456525 14.0 0.036817 0.08424050000000002 2.15 0
0 0 0 1 49.266000000000005 44.794455 26.0 0.0024065 0.1132155 2.6 0
0 0 1 0 57.7325 46.61688 6.35 0.353542165 0.0 28.0 0
0 0 0 1 47.797 49.88350499999999 17.0 0.018083 0.067695 2.0 0
1 0 0 0 53.44 52.048660000000005 17.25 0.06543891370000002 0.045835 1.7 0
1 1 1 0 60.0 60.0 91.0 6.4957e-10 0.0 1.0 1
0 0 0 1 57.43 46.16436 22.0 0.0060224 0.14972049999999998 1.95 0
0 0 1 0 56.50750000000001 50.75454 16.85 0.18636335155 0.00282 5.0 0
0 1 1 0 46.829 29.1481 18.4 0.16539914925 6e-05 2.0 0
0 0 0 1 49.7395 44.787785 14.0 0.033191 0.187225 2.65 0
0 0 0 1 44.597500000000004 36.5397665 7.0 0.18357 0.141131 5.9 0
0 0 0 1 44.1125 50.36040500000001 17.0 0.017128 0.49366 2.0 0
1 0 0 0 36.98 28.0370475 42.4 0.11240238379999998 0.11989400000000001 1.9 0
1 0 1 0 40.42 50.122875 19.85 0.07906566234999998 0.00815 1.0 0
1 0 0 0 31.57 24.52609 28.4 0.038784161500000004 0.16810750000000002 1.85 0
0 0 0 1 51.2105 42.823485 13.0 0.040979 0.13726200000000002 2.45 0
0 0 0 1 50.190000000000005 47.93954500000001 13.0 0.040001 0.1872355 2.7 0
0 0 0 1 48.2275 44.59555 10.0 0.085668 0.11976449999999998 3.8 0
1 0 0 0 44.57 34.403645 19.4 0.03877785499999999 0.045263000000000005 2.25 0
0 0 1 0 49.872 56.0112 2.0 0.51259 0.00394 1.0 0
0 0 0 1 49.506 44.674705 11.0 0.066296 0.12686600000000003 5.75 0
0 1 0 0 46.9985 56.7241 16.85 0.05001753799999999 0.02985 3.0 0
0 0 0 1 48.751 48.719285 24.0 0.0032568 0.07043350000000001 2.25 0
0 0 0 1 49.9645 46.755399999999995 15.0 0.027006 0.10556399999999999 1.65 0
0 0 0 1 51.076499999999996 42.823485 13.0 0.040926 0.129831 2.4 0
0 0 0 1 49.524 60.1351 17.0 0.016244 0.3765 2.0 0
0 0 0 1 45.670500000000004 41.052535 14.0 0.039038 0.172221 2.55 0
0 0 0 1 47.9895 46.062558 16.0 0.024221 0.35987 7.0 0
0 0 0 1 40.429500000000004 59.795015 255.0 0.0 0.0 1.95 0
0 0 0 1 47.87949999999999 33.1894165 10.0 0.090553 0.66667 2.0 0
0 0 1 0 57.59100000000001 56.19358999999999 10.65 0.37372907765 0.01094 11.0 0
0 1 1 0 47.236000000000004 59.0748 22.55 0.028640537 0.00155 2.0 0
0 0 1 0 45.316 52.482434999999995 5.0 0.28638 0.0 6.0 0
1 0 0 0 44.13 35.821175 19.75 0.043762569 0.0757595 2.05 0
0 0 0 1 48.741499999999995 42.25186 15.0 0.031313 0.1472695 2.2 0
0 0 0 1 49.638 46.54461 14.0 0.034131 0.33939 2.0 0
0 0 0 1 48.49550000000001 36.378715500000006 19.0 0.011145 0.08791700000000001 2.8 0
0 0 0 1 50.84349999999999 46.15995500000001 14.0 0.035023 0.1568825 3.0 0
0 1 0 0 47.812999999999995 29.9241 9.5 0.34476664900000004 0.01845 9.0 0
0 0 0 1 47.60399999999999 50.9593 39.0 0.00010093 0.0029 1.0 0
0 1 0 0 43.2045 0.0 5.85 0.45836299 1.0 2.0 0
0 0 0 1 56.91 39.13361999999999 20.0 0.009889 0.05486800000000001 2.65 0
0 1 0 0 45.53 46.71059 57.0 1.9672e-06 0.0 1.0 0
0 0 0 1 46.6335 42.1414 9.0 0.11126 0.50548 1.0 0
0 0 0 1 45.975 37.11720000000001 29.0 0.0010134 0.04699 1.0 0
1 0 0 0 58.22 58.59389500000001 17.55 0.0381444119 0.11622200000000002 2.4 0
0 0 0 1 48.349000000000004 48.466635000000004 24.0 0.0032788 0.06606999999999999 2.35 0
0 0 0 1 48.186 41.67930499999999 16.0 0.022548 0.106595 3.45 0
0 0 0 1 47.658 39.01323 22.0 0.0053921 0.126173 1.95 0
0 0 0 1 47.529999999999994 48.76845999999999 42.0 5.489e-05 0.038407000000000004 2.95 0
0 1 0 0 45.489000000000004 5.75 5.05 0.53243189 1.0 1.0 0
0 0 0 1 48.967499999999994 46.48681499999999 14.0 0.038353 0.12644350000000001 2.7 0
0 0 0 1 49.882000000000005 43.326805 30.0 0.00096873 0.021703999999999998 1.8 0
0 0 1 0 45.017999999999994 30.532153500000003 2.0 0.50601 0.44691 2.0 0
0 1 0 0 46.81450000000001 40.2206 31.0 0.00063811 0.00097 4.0 0
0 0 0 1 52.28 41.64211 13.0 0.044636 0.160319 1.8 0
0 0 0 1 49.0965 37.6469965 18.0 0.012728 0.11983 2.0 0
0 0 0 1 45.6715 49.565360000000005 14.0 0.03892 0.0515 3.0 0
0 0 1 0 49.5535 42.268764999999995 21.75 0.037394103899999996 0.00357 1.0 0
0 0 1 0 46.6935 44.59899 16.2 0.08166453000000001 0.01839 3.0 0
0 0 0 1 45.522999999999996 44.43256 28.0 0.0013686 0.040109 2.25 0
1 0 0 0 50.29 45.992705 16.25 0.07620038200000001 0.086852 1.8 0
0 0 0 1 50.377500000000005 58.3778 12.0 0.061195 0.14675549999999998 4.95 0
0 0 0 1 47.163500000000006 24.7122 20.0 0.0090422 0.05172249999999999 2.05 0
0 0 0 1 26.32 39.13361999999999 20.0 0.0098165 0.06323399999999998 2.55 0
0 0 0 1 47.545500000000004 39.64857 18.0 0.014496 0.12366250000000004 2.3 0
0 0 0 1 49.713499999999996 39.435680000000005 18.0 0.013566 0.090726 2.15 0
0 0 0 1 49.017 42.420114999999996 18.0 0.013919 0.09985200000000001 1.75 0
0 0 0 1 47.16899999999999 42.050667 4.0 0.39725 0.1840025 3.75 0
1 0 0 0 32.61 25.39751 36.95 0.043848063150145514 0.19177249999999998 1.95 0
0 0 0 1 44.935 47.84229 13.0 0.042759 0.13805800000000001 1.85 0
1 0 0 0 34.68 35.75613499999999 5.0 0.26175 0.15951200000000001 6.0 0
0 0 1 0 57.760000000000005 54.77026500000001 7.85 0.41341468764 0.0 14.0 0
0 1 0 1 48.409499999999994 39.55846 20.0 0.0099382 0.0068 3.0 0
0 0 0 1 58.2275 58.65763499999999 93.0 4.7873e-10 0.0 2.1 0
0 0 0 1 49.612 43.364755 14.0 0.036253 0.1071945 1.85 0
0 0 1 0 49.433499999999995 49.07128999999999 11.0 0.075395 0.74518 8.0 0
0 0 0 1 49.292500000000004 37.917955 7.0 0.19094 0.29643 20.0 0
1 0 0 0 57.64 39.050484 15.7 0.08265525950000001 0.18205 1.0 0
0 0 0 1 48.0 31.4796 82.0 5.2017e-09 0.0 2.0 0
0 0 0 1 49.400999999999996 38.044645 6.0 0.21169 0.158223 5.0 0
0 0 1 0 45.028999999999996 51.88719999999999 1.0 0.63171 0.0 6.0 0
0 0 0 1 47.92450000000001 41.134735000000006 8.0 0.12591 0.52152 1.0 0
0 0 0 1 47.209 45.261655000000005 35.0 0.00029183 0.010095 2.6 0
0 0 1 0 53.85450000000001 50.2273 6.45 0.5276387490000001 0.00011 13.0 0
0 0 0 1 43.229 43.230975 3.0 0.44683 0.1294345 2.75 0
0 0 0 1 51.943000000000005 55.11143500000001 59.0 1.1006e-06 0.028772000000000002 1.95 0
0 0 1 0 45.80550000000001 33.532965 6.0 0.24605 0.12616 1.0 0
0 0 1 1 52.61 46.670755 28.0 0.0014197 0.00347 1.0 0
0 0 0 1 49.12949999999999 45.42332499999999 15.0 0.026584 0.10311949999999999 2.45 0
0 0 0 1 50.68 37.5357 19.0 0.010858 0.00339 1.0 0
0 0 0 1 47.665499999999994 47.74238 4.0 0.34714 0.19667700000000002 5.75 0
0 0 1 0 48.577 48.65348999999999 5.0 0.29435 0.02585 4.0 0
0 0 0 1 51.859 44.29129 13.0 0.041505 0.07831099999999999 2.05 0
0 0 1 0 50.1625 50.240505 17.95 0.14856033500000002 0.0104 4.0 0
0 1 0 0 55.607000000000006 56.9535 12.4 0.21876352884500005 0.00664 20.0 0
0 0 0 1 47.514 22.76207 4.0 0.37131 0.70356 1.0 0
0 0 0 1 46.833499999999994 39.44694 20.0 0.0096171 0.01463 1.0 0
0 0 0 1 43.7655 37.67251 3.0 0.42155 0.232115 7.2 0
0 0 0 1 51.2265 39.59918000000001 6.0 0.22404 0.46163 5.0 0
0 0 1 0 45.727999999999994 36.916656499999995 19.4 0.019080175499999998 0.01072 1.0 0
0 0 0 1 47.5135 45.389860000000006 26.0 0.0021092 0.040725 2.7 0
0 0 0 1 51.212 49.21569 12.0 0.052565 0.1061815 4.35 0
1 0 0 0 60.0 60.0 9.0 0.10698 0.00839 10.0 0
0 0 0 1 50.317 44.620005000000006 27.0 0.0017122 0.03633 2.4 0
0 0 1 0 57.56 54.17863 3.7 0.5274955000000001 0.0 16.0 0
0 1 1 0 50.92 42.32901500000001 16.6 0.18606934175 0.00198 4.0 0
0 0 0 1 45.41 45.764803 16.0 0.020761 0.13177 2.25 0
0 0 0 1 44.8445 32.0979355 5.0 0.26519 0.20888150000000003 3.9 0
0 0 0 1 51.43150000000001 60.0 25.0 0.0025655 0.00698 2.0 0
0 1 0 0 41.0325 0.0 4.35 0.5742076399999999 1.0 1.0 0
0 0 0 1 45.34000000000001 47.84229 13.0 0.042856 0.10875850000000001 2.35 0
0 0 1 0 46.15050000000001 50.094505 15.1 0.0679913445 0.04944 2.0 0
1 0 0 0 60.0 59.99189 98.0 0.016234179471986653 4.2000000000000004e-05 1.85 0
0 0 0 1 48.052499999999995 33.4315 46.0 2.3896e-05 0.02514 3.0 0
0 1 0 0 47.562 33.79386999999999 11.45 0.275680132 0.66667 1.0 0
0 0 0 1 58.94 42.551445 8.0 0.14763 0.118059 2.5 0
0 0 0 1 45.424 45.98998999999999 13.0 0.047215 0.1340895 2.7 0
0 1 0 0 45.757999999999996 59.3883 20.15 0.047282915435375 0.11314 3.0 0
0 0 1 0 57.56 54.17863 3.7 0.5274955000000001 0.0 16.0 0
0 0 1 0 56.64899999999999 54.423964999999995 34.25 0.15139413973226348 5e-05 4.0 0
0 0 0 1 47.183499999999995 43.8615145 36.0 0.00024538 0.076805 1.85 0
1 0 0 0 57.36 58.859429999999996 16.95 0.068105185 0.08613950000000001 2.1 0
0 0 0 1 50.7155 48.078885 14.0 0.037825 0.13543049999999998 4.55 0
0 0 0 1 50.368 47.955020000000005 20.0 0.0080252 0.0866085 2.0 0
0 0 0 1 48.28 44.40538 17.0 0.016639 0.075833 2.45 0
0 0 0 1 48.663 49.614125 16.0 0.02456 0.07936299999999999 2.4 0
0 0 0 1 51.07350000000001 48.684096499999995 15.0 0.028043 0.070789 2.6 0
1 0 0 0 50.36 45.69364 12.0 0.059881 0.08529450000000001 5.05 0
1 0 0 0 55.55 56.984939999999995 17.6 0.06433314150000001 0.06837900000000001 1.7 0
0 0 1 0 50.395500000000006 49.429745000000004 16.7 0.10573532135 0.00585 6.0 0
0 0 0 1 48.179 41.378926500000006 15.0 0.028724 0.01458 2.0 0
0 0 1 0 49.36800000000001 44.24250500000001 12.0 0.060919 0.71579 3.0 0
0 1 0 0 54.53 60.0 16.3 0.21841738900000002 0.092279 3.8 0
0 0 0 1 48.1495 57.3367 17.0 0.019784 0.05737 1.0 0
0 0 0 1 56.763 58.607305 175.0 2.7045e-18 0.0 1.8 0
0 0 1 0 46.93600000000001 44.685335499999994 16.4 0.0684222162 0.04145 3.0 0
0 0 0 1 48.3155 34.9203825 27.0 0.0016554 0.19988 2.0 0
0 0 0 1 45.4165 39.740734999999994 9.0 0.12077 0.103887 5.3 0
0 0 0 1 50.43650000000001 42.855905 21.0 0.0071865 0.0726475 2.1 0
0 0 0 1 49.906000000000006 44.94503000000001 21.0 0.0071468 0.051415 2.5 0
0 0 0 1 41.87 41.06108150000001 15.0 0.030138 0.04152 2.0 0
0 0 0 1 48.5135 41.0281115 15.0 0.030738 0.41522 2.0 0
0 0 0 1 52.4245 60.0 24.0 0.0031978 0.0856 2.0 0
0 0 1 0 57.760000000000005 53.89773 2.45 0.63209895 3e-05 15.0 0
0 0 1 0 57.7325 45.555165 8.5 0.272908985 0.0 23.0 0
1 0 0 0 60.0 59.99189 98.0 0.016234179471986653 4.2000000000000004e-05 1.85 0
0 0 0 1 45.2145 45.84547 25.0 0.0027518 0.06637699999999999 1.95 0
0 0 0 1 47.714999999999996 44.38792 20.0 0.0083095 0.00936 5.0 0
1 0 0 0 60.0 59.99189 98.0 0.016234179471986653 4.2000000000000004e-05 1.85 0
0 0 0 1 51.414 46.859314999999995 14.0 0.037232 0.1384185 2.3 0
0 0 0 1 57.096500000000006 54.341085 83.0 4.912e-09 0.001109 1.7 0
0 0 0 1 44.432500000000005 41.592639999999996 17.0 0.017397 0.118126 2.0 0
0 0 0 1 45.854 43.923610000000004 14.0 0.033699 0.13760750000000002 2.55 0
0 0 0 1 47.169 42.295435000000005 4.0 0.38043 0.049583 5.45 0
0 0 0 1 47.052499999999995 47.188 17.0 0.019087 0.14310050000000002 2.6 0
0 0 0 1 40.429500000000004 59.795015 255.0 7.2225e-28 0.0 1.95 0
0 0 0 1 46.910000000000004 41.560674999999996 8.0 0.14925 0.12062900000000001 3.35 0
1 1 1 1 60.0 60.0 15.0 0.028622 0.03006 3.0 1
1 0 0 0 43.38 33.543704999999996 22.3 0.030236496455 0.055140499999999995 1.75 0
0 0 0 1 55.8745 57.239225 77.0 1.9951e-08 0.00019850000000000003 1.7 0
1 1 1 0 60.0 60.0 88.0 1.419e-09 0.0 2.0 1
0 0 1 0 59.19500000000001 58.63666500000001 54.2 0.21766662893659486 0.0 3.0 0
1 1 1 0 60.0 60.0 145.0 2.9713e-15 0.0 4.0 1
0 0 0 1 47.28699999999999 34.4402155 5.0 0.26961 0.18554949999999998 5.4 0
0 1 1 1 48.8005 20.6129 32.0 0.00062045 0.00027 2.0 0
0 0 0 1 48.812999999999995 44.98228 8.0 0.12795 0.15398950000000003 2.9 0
0 0 1 0 43.8555 31.709534 7.0 0.17157 0.14286 1.0 0
0 0 0 1 49.0065 42.945565 14.0 0.036406 0.13008799999999998 2.95 0
0 1 0 0 53.222 60.0 10.0 0.082252 0.08211 1.0 0
0 0 0 1 49.205499999999994 48.78511999999999 19.0 0.011947 0.13096499999999997 2.4 0
0 0 0 1 49.2585 48.869 17.0 0.018699 0.47178 1.0 0
0 1 0 0 55.31750000000001 55.7403 19.0 0.049146575399999996 0.13966050000000002 2.65 0
0 0 0 1 47.547000000000004 43.842135000000006 23.0 0.0049063 0.0708175 2.05 0
0 0 1 0 51.592999999999996 51.087045 12.0 0.055797 0.0 23.0 0
0 1 0 0 47.0495 49.733 8.0 0.15586 0.02178 3.0 0
0 0 0 1 49.907000000000004 39.76089 18.0 0.013509 0.090479 2.25 0
0 0 0 1 51.0 59.9147 14.0 0.034994 0.53546 1.0 0
0 0 0 1 48.98 46.667339999999996 13.0 0.044113 0.21628700000000003 3.05 0
0 0 1 0 45.89 46.782945 20.35 0.030210578200000004 0.00552 1.0 0
0 0 0 1 50.07 45.78435999999999 15.0 0.026666 0.0907195 2.4 0
0 0 0 1 47.208999999999996 45.261655000000005 35.0 0.00030442 0.0132555 2.55 0
0 0 1 0 42.9175 13.660219999999999 0.0 0.81848 0.6 1.0 0
0 0 0 1 49.401 36.969015 6.0 0.20486 0.1047185 6.2 0
0 0 0 1 48.812 44.15959000000001 33.0 0.00048695 0.022029 2.1 0
0 0 0 1 47.903999999999996 37.584445 15.0 0.02931 0.166157 2.4 0
0 0 0 1 51.3845 40.97278 18.0 0.013455 0.145129 2.3 0
0 0 0 1 47.3415 44.400904999999995 24.0 0.0038481 0.1354905 2.3 0
0 0 0 1 49.401 36.969015 6.0 0.20154 0.071042 4.8 0
0 0 0 1 51.71 50.32264000000001 19.0 0.010574 0.03612150000000001 2.3 0
0 0 0 1 47.810500000000005 43.16598 29.0 0.0010732 0.00289 3.0 0
0 0 0 1 51.3445 42.093195 18.0 0.013381 0.11438800000000002 3.0 0
0 0 1 0 49.03150000000001 48.491385 39.0 0.00011692 0.0 1.0 0
0 1 0 0 54.25 52.044 20.3 0.02411277515 0.0874415 5.65 0
0 0 0 1 48.251000000000005 36.2472555 19.0 0.011257 0.123479 2.65 0
0 0 1 0 45.5305 33.5932165 6.0 0.23015 0.14286 2.0 0
1 1 1 0 60.0 60.0 111.0 6.8344e-12 0.0 1.0 1
0 0 0 1 48.02900000000001 50.531819999999996 39.0 0.00012349 0.052817499999999996 2.1 0
0 0 1 0 45.84949999999999 46.00595 3.0 0.4 0.0 5.0 0
0 0 0 1 47.2545 42.183544999999995 22.0 0.0052586 0.0567585 2.1 0
0 0 1 0 49.3285 52.21318 9.55 0.38048213099999995 0.01398 8.0 0
1 0 0 0 54.68 39.557145 8.0 0.15448 0.1699195 3.1 0
1 1 1 0 57.7 54.981 107.0 1.8474e-11 0.0 1.0 1
0 0 0 1 45.072500000000005 59.9554 25.0 0.0026119 0.26892 1.0 0
0 0 0 1 53.6245 52.135725 48.0 1.3084e-05 0.003579999999999999 1.7 0
0 0 0 1 51.414 46.859314999999995 14.0 0.037227 0.146147 2.2 0
0 0 0 1 46.923 46.54291 18.0 0.012733 0.00928 1.0 0
0 0 0 1 50.622 50.8298 7.0 0.16452 0.15846 13.0 0
0 0 0 1 48.275999999999996 47.53085 21.0 0.0079238 0.06963749999999999 2.45 0
1 0 0 0 60.0 59.99189 98.0 0.016234179471986653 4.2000000000000004e-05 1.85 0
0 0 1 0 49.5975 44.149905 21.45 0.03517242855 0.00471 1.0 0
0 0 1 0 42.548500000000004 40.74220999999999 12.8 0.15656319000000002 0.14969 3.0 0
0 0 0 1 46.295500000000004 41.49228000000001 6.0 0.24736 0.111057 4.45 0
0 0 1 0 53.2235 45.27395 20.8 0.0227249615 0.00619 3.0 0
0 0 0 1 45.1175 49.45458000000001 13.0 0.042897 0.11194750000000002 2.35 0
0 0 1 0 57.59100000000001 56.19512999999999 5.6 0.51598246 1e-05 11.0 0
0 1 0 0 41.0325 0.0 4.35 0.5742076399999999 1.0 1.0 0
0 0 0 1 46.963499999999996 48.161523 16.0 0.023323 0.08398 10.0 0
0 0 0 1 45.5865 46.535975 13.0 0.046965 0.166911 3.75 0
0 0 1 0 57.760000000000005 54.77026500000001 7.85 0.41341468764 0.0 14.0 0
0 0 0 1 50.948499999999996 45.07096 23.0 0.0041055 0.1219835 1.85 0
0 1 0 0 50.35447767066693 44.52678267539525 24.651144857041167 0.09658699853529934 0.10095995499099822 3.9706941388277657 0
0 1 0 0 38.2 38.0130015 10.0 0.097998 0.16092 1.0 0
0 0 1 0 55.5755 60.0 20.95 0.31507442632200006 0.0 7.0 0
0 0 0 1 48.48049999999999 44.407065 21.0 0.0064505 0.10273199999999998 2.15 0
0 0 0 1 46.976 45.378235000000004 31.0 0.0007877 0.055311 1.85 0
0 0 0 1 49.2565 46.047085 14.0 0.034525 0.09388200000000002 3.25 0
0 0 0 1 43.657000000000004 59.795015 216.0 2.4624e-22 0.0 1.95 0
1 0 0 0 60.0 59.99189 98.0 0.016234179471986653 4.2000000000000004e-05 1.85 0
1 0 0 1 47.87 46.16436 22.0 0.0060012 0.10618250000000003 1.95 0
0 1 0 0 45.6665 25.7404 9.0 0.11648 0.01817 7.0 0
1 0 0 0 60.0 59.99189 98.0 0.016234179471986653 4.2000000000000004e-05 1.85 0
0 0 0 1 47.472 40.14025500000001 22.0 0.0052902 0.08462949999999998 1.85 0
0 0 0 1 46.2935 40.260104999999996 14.0 0.038778 0.14109 1.95 0
0 0 0 1 52.33 44.2266155 19.0 0.010806 0.07392300000000002 1.8 0
0 0 1 0 48.443999999999996 49.943729999999995 12.0 0.062842 0.00429 2.0 0
1 0 0 0 52.85 48.335119999999996 19.2 0.02442665755 0.033417999999999996 2.05 0
0 0 0 1 51.212 47.28766 12.0 0.050663 0.056430499999999995 2.1 0
0 1 0 0 53.894000000000005 54.6923 20.3 0.08569572557539999 0.071518 3.95 0
0 0 0 1 56.56 42.797810000000005 20.0 0.0089162 0.00556 1.0 0
1 0 0 1 57.07 45.532925 13.0 0.041365 0.01289 1.0 0
0 0 0 1 48.13350000000001 50.478899999999996 41.0 7.0675e-05 0.07736950000000001 1.9 0
0 0 1 0 48.781000000000006 37.383185 20.9 0.086990299595 0.00065 2.0 0
0 1 0 0 35.6625 10.3333 14.15 0.22538967377055003 0.39472999999999997 2.2 0
0 0 0 1 52.33 51.92805499999999 66.0 2.182e-07 0.024507 2.35 0
0 0 1 0 57.7325 50.99003 9.0 0.3534949640285 0.0 18.0 0
1 0 0 0 59.25 60.0 12.0 0.054113 0.05539 3.0 0
0 0 1 0 47.6995 58.506 19.9 0.027333015999999998 0.011 1.0 0
0 0 0 1 23.48 44.301655 17.0 0.016353 0.12444 1.0 0
0 0 0 1 51.283 53.63971 50.0 9.5387e-06 0.03451 1.6 0
0 0 0 1 46.1595 41.84671349999999 13.0 0.049212 0.16086150000000005 1.45 0
0 0 1 0 50.50449999999999 50.28263 11.0 0.069238 0.00645 1.0 0
0 0 0 1 50.674499999999995 45.03031000000001 14.0 0.035531 0.12757599999999997 2.1 0
0 0 0 1 45.846000000000004 41.701491499999996 13.0 0.042903 0.11245 2.0 0
0 0 0 1 46.011 45.3889 2.0 0.5098 0.70813 2.0 0
1 0 1 0 43.88 42.694535 18.75 0.07659982555 0.00425 2.0 0
0 0 0 1 46.295500000000004 41.49228000000001 6.0 0.24577 0.1753735 3.4 0
0 0 0 1 46.4485 44.776898 4.0 0.32737 0.0942965 4.0 0
1 0 0 0 52.13 49.242929999999994 32.75 0.061346658621299996 0.04934500000000001 2.15 0
0 0 0 1 41.65 43.1387 34.0 0.00036911 0.0471975 2.45 0
0 0 0 1 49.577 45.552015000000004 14.0 0.038172 0.135489 2.85 0
0 1 0 0 49.504999999999995 59.9863 18.85 0.09244594475000001 0.00478 4.0 0
0 0 0 1 46.325 43.600764999999996 13.0 0.043039 0.15811 1.0 0
0 0 0 1 50.035999999999994 45.543875 18.0 0.013315 0.02865 2.0 0
0 0 1 0 23.04 24.3562 13.0 0.050063 0.00159 2.0 0
0 0 0 1 49.11099999999999 49.24594 17.0 0.01926 0.12542000000000003 1.9 0
0 0 0 1 57.77 41.74469499999999 20.0 0.0085899 0.02631 3.0 0
0 0 1 0 51.791 40.44847 19.75 0.0243813505 0.00505 3.0 0
0 0 0 1 47.134 34.2925 20.0 0.0099041 0.00622 2.0 0
0 0 0 1 46.572 8.0 18.0 0.014446 0.50549 2.0 0
0 0 1 0 49.81850000000001 45.151275 0.0 0.94093 0.0 15.0 0
1 1 1 1 60.0 60.0 80.0 8.0648e-09 0.0 2.0 1
0 0 0 1 49.401 36.969015 6.0 0.20218 0.07104200000000001 4.8 0
0 0 0 1 46.319 40.023439999999994 14.0 0.038957 0.19079600000000002 2.6 0
0 0 1 0 47.666000000000004 41.615204999999996 17.7 0.06005203253 0.0198 2.0 0
0 0 0 1 45.25350000000001 49.13462 13.0 0.043014 0.0943475 2.7 0
0 0 0 1 50.3775 58.8889 12.0 0.061441 0.1469545 4.95 0
0 0 0 1 47.051500000000004 46.192235000000004 13.0 0.04567 0.11940350000000002 3.4 0
0 0 0 1 48.741499999999995 42.25186000000001 15.0 0.031384 0.1481155 2.85 0
0 0 0 1 48.080999999999996 46.500835 22.0 0.0062198 0.124061 2.3 0
0 0 0 1 46.192 41.3518535 13.0 0.049059 0.181201 1.65 0
0 0 0 1 51.68649999999999 48.151325 15.0 0.028456 0.130256 2.55 0
0 0 0 1 49.231 49.99601 37.0 0.00016861 0.031539500000000005 2.0 0
0 1 0 0 57.78000000000001 53.659755000000004 8.3 0.35035091000000007 0.03833 13.0 0
1 0 0 0 50.35 46.271114999999995 18.9 0.04864160395 0.07895949999999999 2.05 0
0 1 0 0 49.25099999999999 28.8493 9.0 0.10212 0.01837 3.0 0
0 0 1 1 46.4165 43.27980999999999 5.0 0.28977 0.0307 1.0 0
0 0 0 1 50.317 45.573475 27.0 0.0018087 0.06565449999999998 2.2 0
0 0 0 1 40.429500000000004 59.795015 255.0 0.0 0.0 1.95 0
0 0 0 1 50.598 46.937329999999996 11.0 0.070193 0.47875 1.0 0
0 0 0 1 48.40849999999999 46.67329 15.0 0.030376 0.19346099999999997 1.95 0
0 0 0 1 48.231 37.8679305 19.0 0.010954 0.028645499999999997 2.05 0
0 0 0 1 48.812999999999995 43.98256500000001 8.0 0.13128 0.12186349999999997 4.2 0
0 0 0 1 49.913999999999994 44.57083999999999 27.0 0.0018844 0.0254075 2.45 0
0 0 0 1 49.9125 44.976955 12.0 0.056946 0.113293 3.05 0
0 0 0 1 45.460499999999996 38.7753565 7.0 0.18556 0.16354600000000002 3.5 0
0 0 0 1 48.80200000000001 44.365735 16.0 0.022033 0.147639 3.2 0
0 0 0 1 50.731 28.5778 24.0 0.0031917 0.01372 1.0 0
0 0 0 1 52.55 41.185325 15.0 0.028662 0.09069150000000001 2.25 0
1 0 0 0 54.71 46.368305 9.0 0.11103 0.1671255 5.4 0
0 0 0 1 47.0395 43.492125 17.0 0.016735 0.116375 1.85 0
0 0 0 1 47.237500000000004 39.84261 22.0 0.0053224 0.08672149999999999 1.85 0
0 1 0 0 57.267500000000005 53.659755000000004 9.8 0.20568040999999998 0.17079 13.0 0
0 0 0 1 45.078500000000005 44.43256 28.0 0.0012843 0.0562885 2.25 0
0 0 0 1 45.58650000000001 46.535975 13.0 0.04695 0.188846 3.8 0
0 0 0 1 48.6875 43.8662585 13.0 0.048198 0.17224199999999998 2.25 0
0 0 0 1 49.035999999999994 46.687025 15.0 0.026828 0.08907200000000001 2.05 0
0 0 0 1 46.884 39.429880000000004 20.0 0.0092765 0.08819099999999999 1.7 0
0 1 0 0 53.652499999999996 51.0068 15.9 0.133024561 0.0442495 7.15 0
0 0 0 1 50.1175 46.478745 17.0 0.019218 0.03474 3.0 0
0 0 0 1 52.590500000000006 60.0 23.0 0.0045504 0.01949 3.0 0
0 0 0 1 47.726 45.819925 17.0 0.018953 0.10509600000000001 2.6 0
1 1 0 1 34.11 25.6098 15.0 0.026288 0.01173 1.0 0
0 0 1 0 38.68 42.201679999999996 21.95 0.15356717245 0.00087 1.0 0
0 0 0 1 45.0415 42.6057 13.0 0.049952 0.07506949999999998 2.4 0
0 0 0 1 48.275999999999996 47.53085 21.0 0.0078841 0.0696375 2.45 0
0 1 0 0 52.525999999999996 60.0 19.35 0.0274559555 0.0145 3.0 0
0 0 0 1 52.8125 45.513325 24.0 0.0035057 0.16521949999999996 2.8 0
0 0 1 0 49.328500000000005 53.68411 12.05 0.288521466 0.00112 8.0 0
0 0 0 1 48.991 44.674704999999996 11.0 0.067212 0.10394750000000001 4.9 0
0 0 0 1 42.36 48.98231999999999 17.0 0.018024 0.07763500000000001 2.5 0
0 0 1 1 49.45399999999999 40.65228 20.0 0.0089061 0.00501 2.0 0
1 0 0 0 33.6 26.217359999999996 19.25 0.06580836686000001 0.0857255 1.8 0
0 1 0 0 58.8455 59.9103 45.6 0.05216011055252312 0.0993485 1.75 0
1 0 0 0 50.83 47.658145000000005 19.3 0.035002991500000004 0.047229999999999994 1.85 0
0 0 0 1 47.8335 48.28611 29.0 0.0010034 0.0347595 1.95 0
0 0 0 1 45.0785 44.432559999999995 28.0 0.0013404 0.055963000000000006 2.35 0
0 0 0 1 49.7305 60.0 33.0 0.00041851 0.13276 1.0 0
0 1 1 0 47.106 49.1923 47.0 1.7113e-05 0.0 2.0 0
0 0 0 1 45.0415 42.6057 13.0 0.049336 0.15499100000000002 1.65 0
0 0 0 1 49.5745 42.896995000000004 19.0 0.011423 0.10561449999999999 2.15 0
0 0 0 1 47.6455 41.76642 18.0 0.015535 0.0677305 1.2 0
0 0 1 0 43.7145 23.6471 2.0 0.52072 0.19783 2.0 0
0 0 0 1 48.741499999999995 42.25186000000001 15.0 0.031391 0.1481155 2.85 0
1 1 1 0 60.0 60.0 83.0 4.1355e-09 0.0 2.0 1
0 0 0 1 46.724000000000004 42.765 14.0 0.034074 0.09944 2.1 0
0 0 0 1 45.579 38.00177000000001 7.0 0.17383 0.087184 4.1 0
0 0 0 1 48.028999999999996 50.531819999999996 39.0 0.00011978 0.0528175 2.1 0
0 1 0 1 48.486 40.8976825 25.0 0.0030106 0.022580999999999997 2.1 0
0 0 0 1 49.185500000000005 43.91426 21.0 0.0074606 0.10891600000000001 3.0 0
0 0 0 1 51.87800000000001 45.423555 23.0 0.004312 0.1298515 2.35 0
0 0 1 0 50.235499999999995 46.217095 0.0 1.0 0.0 11.0 0
0 0 0 1 49.322500000000005 47.96205 40.0 9.1461e-05 0.0242675 2.3 0
0 1 1 0 50.53349999999999 43.8947 10.0 0.096248 0.00916 3.0 0
0 1 0 0 49.25150000000001 38.5845 24.0 0.0033079 0.00157 2.0 0
0 0 1 0 59.947500000000005 58.182465 81.15 0.05852936627391324 0.0 1.0 0
0 0 0 1 45.376999999999995 39.943884999999995 16.0 0.023524 0.1311045 3.15 0
0 0 0 1 48.0085 48.634705 45.0 2.8e-05 0.00028 2.0 0
0 0 1 0 47.86749999999999 39.4381615 18.85 0.07164411509999999 0.00966 1.0 0
0 1 1 1 46.99549999999999 46.0076 29.0 0.0010705 0.0 2.0 0
0 0 0 1 45.0415 42.6057 13.0 0.049601 0.088791 1.9 0
0 0 0 1 52.55 46.22766 21.0 0.0064739 0.09099399999999999 2.1 0
0 0 0 1 47.3785 48.743425 38.0 0.00014479 0.0474345 2.3 0
0 1 0 1 50.966 48.837335 22.0 0.0062776 0.00534 5.0 0
0 0 0 1 44.2425 42.452635 3.0 0.46076 0.1038595 5.55 0
0 0 0 1 48.48049999999999 44.407065 21.0 0.006377 0.11144250000000003 2.0 0
0 0 0 1 45.2915 44.92383999999999 28.0 0.0013824 0.048887 2.25 0
1 0 0 0 56.67 58.32889499999999 21.75 0.034148449715 0.06560450000000001 1.7 0
0 1 0 1 48.193 58.9167 15.0 0.029517 0.14301550000000002 2.0 0
0 0 0 1 59.959 57.51145 127.0 1.8197e-13 0.00025 1.4 0
1 0 0 0 49.78 44.866625000000006 14.55 0.08389906 0.10124 2.0 0
0 0 0 1 49.914 44.57084 27.0 0.0019235 0.027532499999999998 2.1 0
0 0 1 0 48.7025 41.293305 18.35 0.026381495999999997 0.01871 2.0 0
0 1 0 0 50.35447767066693 44.52678267539525 24.651144857041167 0.09658699853529934 0.10095995499099822 3.9706941388277657 0
1 0 0 0 43.3 42.96201 12.0 0.056143 0.05989 1.0 0
1 0 0 0 36.95 41.21508 10.0 0.097166 0.09945250000000001 4.85 0
0 0 0 1 47.038499999999985 48.32506000000001 17.0 0.016166 0.09475599999999999 2.95 0
0 1 0 0 46.8705 55.136 29.0 0.0010212 0.00424 1.0 0
0 0 0 1 48.9345 50.63125 15.0 0.025993 0.14248500000000003 2.35 0
1 1 1 1 40.77 25.7045 42.0 6.0931e-05 0.02586 5.0 0
1 0 0 0 47.14 49.76098499999999 11.0 0.078014 0.01394 12.0 0
0 0 0 1 45.0415 42.6057 13.0 0.049453 0.142158 1.7 0
0 1 0 1 47.458499999999994 23.1461 19.0 0.012531 0.00719 1.0 0
0 1 0 0 56.32550000000001 58.2073 10.25 0.14779235000000002 0.45508 21.0 0
0 0 0 1 48.275999999999996 47.53085 21.0 0.0078434 0.0696375 2.45 0
0 0 1 0 57.7325 47.176959999999994 7.45 0.28113968 5e-05 25.0 0
0 0 0 1 46.9545 47.945005 36.0 0.00020362 0.0283 2.0 0
0 0 0 1 50.019000000000005 46.19929 23.0 0.0045643 0.098083 1.85 0
0 0 1 0 49.328500000000005 53.68411 6.2 0.58414086 0.0 8.0 0
0 0 0 1 47.5975 42.0676975 25.0 0.0029522 0.05956750000000001 2.35 0
0 0 0 1 50.965 41.1284215 15.0 0.026785 0.09865 2.0 0
1 0 0 0 45.93 42.288585 17.15 0.080286067 0.04341 2.0 0
1 0 0 0 49.27 38.512944999999995 5.0 0.30562 0.51269 2.0 0
0 0 0 1 45.9745 51.06358 25.0 0.0025665 0.09309049999999999 4.15 0
0 0 0 1 47.549499999999995 36.913 20.0 0.0096214 0.1353285 1.9 0
0 0 0 1 47.6005 47.95033500000001 20.0 0.008226 0.1335365 1.9 0
0 0 0 1 46.123 43.59356 9.0 0.10714 0.148789 3.6 0
0 1 1 0 28.57 19.8596 33.0 0.00049451 0.0 4.0 0
0 0 0 1 50.211 44.74088999999999 21.0 0.0071199 0.05088800000000001 2.25 0
0 0 0 1 48.552 47.52174 21.0 0.0069347 0.07852699999999999 1.4 0
0 0 1 1 50.86299999999999 48.024395000000005 27.0 0.0016552 0.0 1.0 0
1 0 0 0 60.0 59.99189 98.0 0.016234179471986653 4.2000000000000004e-05 1.85 0
1 0 0 0 47.96 40.51182000000001 21.15 0.083254256760085 0.06375549999999999 1.55 0
0 0 0 1 50.1455 42.682764999999996 6.0 0.25088 0.03395 11.0 0
0 0 0 1 49.102999999999994 42.931059999999995 16.0 0.022403 0.10421450000000002 2.15 0
0 0 0 1 58.13 51.30905 19.0 0.010457 0.04771850000000001 3.05 0
0 0 0 1 48.3105 46.500834999999995 22.0 0.0060678 0.0909105 2.2 0
0 0 1 0 33.78 50.203645 29.75 0.17650896090599996 7e-05 1.0 0
0 0 1 0 47.92549999999999 17.5714 4.0 0.32619 0.45098 2.0 0
0 0 1 0 40.65850000000001 49.657304999999994 15.1 0.05297518 0.25338 1.0 0
0 0 0 1 45.9745 45.411415 25.0 0.0027149 0.0576815 2.1 0
0 0 0 1 51.11999999999999 42.866094999999994 15.0 0.028636 0.09831150000000001 2.2 0
0 0 0 1 49.7785 48.682061499999996 15.0 0.02798 0.07184000000000001 2.7 0
0 0 0 1 47.599999999999994 47.279925 20.0 0.0083372 0.0587935 2.25 0
0 0 0 1 46.39900000000001 46.05327 16.0 0.021198 0.113016 2.05 0
0 0 1 0 49.0185 40.69887 23.2 0.0331155413905 0.00545 2.0 0
0 0 1 0 42.949 39.141067 4.0 0.39652 0.14692 1.0 0
0 0 1 0 45.74400000000001 39.0408 2.0 0.62256 0.0565 3.0 0
0 1 0 0 43.564 44.393206500000005 10.0 0.090402 0.01064 1.0 0
0 0 0 1 49.9315 46.451105 14.0 0.037446 0.41377 2.0 0
0 1 0 1 46.5275 38.8101 30.0 0.00098176 0.03327 2.0 0
0 0 0 1 45.279 59.986 25.0 0.0026185 0.12883 1.0 0
0 0 0 1 48.099 47.567215000000004 13.0 0.042095 0.134756 1.95 0
0 0 0 1 52.43 47.01770499999999 32.0 0.00059665 0.10369 3.0 0
1 0 0 0 41.72 31.088414999999998 18.8 0.06435631046499998 0.09322650000000002 1.95 0
0 0 0 1 43.04 45.38713499999999 28.0 0.0014394 0.00201 3.0 0
1 0 0 0 30.74 39.917537 4.0 0.38364 0.07316399999999999 5.75 0
1 0 0 0 60.0 59.99189 98.0 0.016234179471986653 4.2000000000000004e-05 1.85 0
0 1 1 0 49.504000000000005 36.2258 18.0 0.012803 0.00128 1.0 0
0 0 0 1 47.9275 37.0017 9.0 0.10055 0.1010745 3.8 0
0 0 0 1 47.445499999999996 48.5132315 10.0 0.089421 0.1080055 2.9 0
1 0 0 0 60.0 59.99189 98.0 0.016234179471986653 4.2000000000000004e-05 1.85 1
0 0 0 1 57.55 47.69526499999999 14.0 0.037526 0.1756885 4.0 0
1 0 0 1 43.36 44.495535000000004 19.0 0.011555 0.07649599999999998 1.85 0
0 0 1 1 48.712 48.86662 18.0 0.012836 0.00534 1.0 0
0 0 1 0 32.16 41.844995 15.85 0.09517362185 0.17416 2.0 0
0 0 0 1 48.7535 46.51569500000001 26.0 0.0023333 0.10372999999999996 2.45 0
1 0 0 0 36.33 28.160432500000002 2.0 0.56209 0.38696 1.0 0
0 1 0 1 56.91 60.0 26.0 0.0022458 0.00201 2.0 0
1 0 0 0 60.0 59.99189 98.0 0.016234179471986653 4.2000000000000004e-05 1.85 0
0 0 0 1 52.33 52.056684999999995 66.0 2.4917e-07 0.024507 2.35 0
1 0 0 0 59.08 59.008245 17.65 0.13948292865379 0.10098599999999999 3.1 0
0 0 1 1 44.39099999999999 39.16644 28.0 0.0013987 0.01266 1.0 0
0 0 1 0 49.85850000000001 42.402004999999996 0.0 1.0 0.0 3.0 0
0 1 1 0 44.572500000000005 58.0377 20.1 0.1412622987 0.001 3.0 0
0 0 0 1 46.523 45.12523 9.0 0.10856 0.17635949999999995 3.7 0
1 0 0 0 52.62 47.857144999999996 15.85 0.07398001150000001 0.01485 2.0 0
0 0 0 1 51.213499999999996 46.86032000000001 23.0 0.0045265 0.0972045 1.9 0
0 0 0 1 47.17200000000001 49.85038 21.0 0.0068638 0.1311935 1.4 0
0 0 0 1 45.6715 49.802290000000006 14.0 0.038641 0.52813 1.0 0
0 0 0 1 52.201499999999996 42.17536 23.0 0.0042391 0.10429699999999997 2.05 0
1 0 0 0 58.0 58.371114999999996 18.35 0.048737578248699995 0.0516245 2.75 0
0 0 1 0 49.8825 47.702659999999995 4.0 0.39099 0.00011 1.0 0
0 0 0 1 48.6785 42.870145 13.0 0.045018 0.132638 1.9 0
1 0 0 0 53.8 52.57301 21.95 0.022979726354999997 0.047487 2.15 0
0 1 0 0 50.35447767066693 44.52678267539525 24.651144857041167 0.09658699853529934 0.10095995499099822 3.9706941388277657 0
0 0 0 1 46.151500000000006 40.260104999999996 14.0 0.038877 0.152614 2.1 0
0 0 0 1 48.0635 49.390339999999995 20.0 0.0082613 0.08282149999999999 2.2 0
0 1 0 0 57.760000000000005 51.84326500000001 6.1 0.41956725000000006 0.00094 14.0 0
0 0 0 1 47.169 47.90412 4.0 0.375 0.15621549999999998 4.05 0
1 1 1 0 60.0 60.0 149.0 1.2293e-15 0.0 1.0 1
1 0 0 0 60.0 59.99189 98.0 0.016234179471986653 4.2000000000000004e-05 1.85 0
0 1 0 0 45.489000000000004 5.75 5.05 0.53243189 1.0 1.0 0
0 0 0 1 60.0 50.57887999999999 16.0 0.024803 0.01125 6.0 0
0 0 0 1 49.665000000000006 43.89879 24.0 0.0037772 0.0819945 2.7 0
0 0 0 1 48.032 42.230920999999995 8.0 0.12837 0.55556 5.0 0
0 0 0 1 45.460499999999996 37.56173149999999 7.0 0.18965 0.1232075 4.15 0
0 1 0 0 35.6625 0.0 4.05 0.6211383300000001 0.9 1.8 0
0 0 0 1 48.2645 46.007295 23.0 0.0046462 0.036005999999999996 2.1 0
0 0 1 0 49.328500000000005 53.68411 6.2 0.58414086 0.0 8.0 0
0 0 0 1 46.91 39.557145 8.0 0.15773 0.13631849999999998 5.1 0
0 0 1 0 57.6075 47.871674999999996 24.0 0.12279940535 4e-05 3.0 0
0 0 0 1 45.27 43.33252 30.0 0.00096263 0.0174315 2.0 0
0 0 1 0 56.50750000000001 55.33380999999999 39.6 0.27223963912045207 0.0 4.0 0
0 0 0 1 49.13 48.05097 34.0 0.00036036 0.00359 4.0 0
0 0 1 0 57.7325 42.518965 5.8 0.375840915 1e-05 37.0 0
0 0 0 1 50.21 46.196915000000004 14.0 0.033015 0.1638165 2.65 0
1 0 0 0 43.08 44.72189 2.0 0.6241 0.11107 3.5 0
0 1 0 0 58.5745 55.91438000000001 42.85 0.060801599244363014 1e-05 1.0 0
0 1 0 0 46.829 30.2538 19.6 0.19999850546 2e-05 2.0 0
1 0 0 0 46.05 37.182930000000006 28.55 0.021165121594342647 0.050875000000000004 2.05 0
0 0 0 1 48.97 45.754055 15.0 0.030908 0.08596849999999999 2.15 0
0 0 0 1 50.948499999999996 45.07096 23.0 0.0040659 0.157796 2.05 0
0 1 1 1 47.42900000000001 49.7123 33.0 0.0004747 0.00019 2.0 0
0 0 0 1 43.09 30.4885 22.0 0.0052637 0.00887 2.0 0
0 1 0 0 50.35447767066693 44.52678267539525 24.651144857041167 0.09658699853529934 0.10095995499099822 3.9706941388277657 0
0 0 0 1 49.0255 40.723380000000006 13.0 0.044724 0.13292900000000002 1.85 0
0 1 0 0 46.1855 13.0 9.0 0.11853 1.0 1.0 0
0 0 0 1 48.158 59.009 20.0 0.0089741 0.0179 1.0 0
0 0 0 1 48.701499999999996 48.836875 15.0 0.026479 0.11596549999999999 2.95 0
0 0 0 1 42.8 39.775295 18.0 0.01446 0.11158600000000005 2.2 0
0 0 1 0 46.786500000000004 50.522265000000004 4.0 0.3363 0.0 8.0 0
1 0 0 0 56.43 57.96437999999999 16.8 0.034282796500000004 0.062775 2.3 0
0 0 0 1 48.794500000000006 46.916039999999995 19.0 0.010059 0.10274150000000001 2.9 0
0 0 0 1 45.051 53.0211 28.0 0.0015527 0.2627 3.0 0
0 0 0 1 48.0595 44.747274999999995 21.0 0.0075154 0.1323315 3.75 0
0 0 0 1 50.396 48.01745 12.0 0.056364 0.11309799999999999 5.15 0
0 0 1 0 43.08 44.061375 17.25 0.11074851848999998 0.00618 1.0 0
0 0 1 0 49.85850000000001 50.70869 1.0 0.78788 0.0 3.0 0
0 0 0 1 46.135999999999996 44.991825 5.0 0.29945 0.41832 1.0 0
0 1 0 0 58.75350000000001 59.1295 16.45 0.15649950234999999 0.05833499999999999 3.75 0
0 0 0 1 49.258500000000005 42.782595 16.0 0.022438 0.12602549999999998 2.3 0
0 0 0 1 45.0785 44.43256 28.0 0.001329 0.057797999999999995 2.35 0
0 0 0 1 59.96350000000001 57.510540000000006 126.0 2.3516e-13 0.00025 1.65 0
0 0 0 1 46.607 38.1875 9.0 0.12121 0.0 21.0 0
0 0 0 1 46.7325 36.271890500000005 5.0 0.27897 0.15346699999999996 2.7 0
0 0 0 1 47.183499999999995 43.86151450000001 36.0 0.00022986 0.07816500000000001 2.1 0
0 0 1 0 47.185500000000005 44.811065 17.2 0.0639470751 0.0162 3.0 0
0 0 0 1 48.839 48.710645 38.0 0.00014163 0.04002699999999999 2.3 0
0 0 0 1 45.0065 43.132889 7.0 0.15882 0.20609000000000002 3.55 0
0 0 0 1 49.9595 42.67883500000001 18.0 0.013185 0.1242475 2.95 0
0 0 0 1 46.513999999999996 48.22567 45.0 3.0765e-05 0.00194 2.0 0
1 1 1 1 60.0 60.0 55.0 2.5387e-06 0.0 1.0 1
0 0 1 0 44.440000000000005 41.6670315 10.0 0.089049 0.0485 1.0 0
0 0 0 1 49.5415 45.35884 12.0 0.060681 0.32967 2.0 0
0 0 0 1 50.672999999999995 49.3461315 32.0 0.00054095 0.0438795 2.55 0
1 0 0 0 52.84 48.33512 19.2 0.024266557549999998 0.033417999999999996 2.05 0
0 1 0 1 49.819500000000005 44.674705 11.0 0.066685 0.142095 5.6 0
0 1 0 0 50.35447767066693 44.52678267539525 24.651144857041167 0.09658699853529934 0.10095995499099822 3.9706941388277657 0
1 0 0 0 47.52 39.75962 6.0 0.22463 0.20743449999999997 3.95 0
0 0 0 1 43.8985 44.579840000000004 14.0 0.032114 0.12561000000000003 2.0 0
0 0 0 1 46.295500000000004 41.328595 6.0 0.24071 0.1543275 4.8 0
0 0 0 1 52.363 45.557460000000006 23.0 0.0044476 0.071439 2.25 0
0 0 0 1 45.2145 58.2519 37.0 0.00017475 0.05287 2.0 0
1 0 0 0 60.0 59.99189 98.0 0.016234179471986653 4.2000000000000004e-05 1.85 1
0 0 0 1 52.3395 47.6353 47.0 1.97e-05 0.024226 1.85 0
0 1 0 0 41.63 38.99525 9.0 0.10728 0.04092 2.0 0
0 0 0 1 46.2255 39.41271 17.0 0.017183 0.10638600000000002 2.7 0
0 0 0 1 49.256499999999996 44.34135 14.0 0.034423 0.09314549999999999 2.5 0
0 0 1 0 41.056999999999995 48.118425 12.25 0.12010448500000001 0.32738 2.0 0
0 0 1 0 51.3515 59.0698 6.0 0.24538 0.0 4.0 0
0 0 0 1 49.0065 43.443844999999996 14.0 0.036444 0.132666 3.0 0
0 0 0 1 59.286 58.622945 131.0 6.5535e-14 0.0 1.65 0
0 1 0 0 48.74550000000001 13.2955 17.0 0.09537520349999999 0.01337 1.0 0
0 0 0 1 43.7655 34.31001500000001 3.0 0.42857 0.192465 3.65 0
0 0 1 0 56.50750000000001 50.663275 21.6 0.20870595117922003 0.00049 5.0 0
0 0 0 1 51.195 43.39054 13.0 0.041026 0.12731 2.6 0
0 1 1 1 49.0085 55.913 15.0 0.030665 0.00355 3.0 0
0 0 0 1 49.05399999999999 41.926855 33.0 0.00043273 0.04192 2.0 0
1 0 0 0 48.67 44.5317 19.5 0.06916739400000001 0.0625655 1.7 0
0 0 0 1 48.82449999999999 59.961 14.0 0.036568 0.33007 2.0 0
1 0 0 0 56.7 45.877050000000004 15.2 0.086236388 0.04645 2.0 0
0 0 1 0 29.12 46.324112 19.4 0.07204127354999998 0.06966 3.0 0
1 0 0 0 60.0 59.99189 98.0 0.016234179471986653 4.2000000000000004e-05 1.85 0
0 0 0 1 48.949 52.8264 13.0 0.040632 0.07275 1.0 0
0 0 0 1 59.932500000000005 59.96665999999999 110.0 9.9717e-12 0.0 2.1 0
0 0 0 1 44.852 43.937605000000005 14.0 0.039482 0.08942750000000001 3.45 0
0 0 0 1 49.433499999999995 46.937329999999996 11.0 0.078049 0.46667 1.0 0
0 0 0 1 42.584999999999994 43.230974999999994 3.0 0.44317 0.17640350000000002 2.25 0
0 0 1 0 42.91 41.202899 17.8 0.04936045229999999 0.02466 1.0 0
0 0 0 1 49.046 43.834625 13.0 0.047604 0.11365700000000001 2.6 0
0 0 0 1 50.013000000000005 46.456525000000006 14.0 0.036765 0.0714275 2.35 0
1 0 0 0 43.65 44.233149999999995 11.0 0.064892 0.12368699999999999 5.5 0
1 0 0 0 52.25 48.35047 28.55 0.0671161585 0.059248 2.2 0
1 1 1 1 60.0 60.0 49.0 1.1428e-05 1e-05 1.0 1
0 0 0 1 45.0785 44.43256 28.0 0.0013269 0.057797999999999995 2.35 0
1 0 0 0 49.78 43.581635 20.2 0.0507020822235 0.056295499999999984 1.8 0
0 1 0 0 44.408500000000004 27.8243 14.25 0.10970231955000002 0.03182 2.0 0
0 0 0 1 49.054 41.926855 33.0 0.0004267 0.030642499999999996 2.05 0
0 0 0 1 43.2595 35.334680000000006 5.0 0.25153 0.1949715 4.4 0
0 0 0 1 50.575500000000005 45.16191249999999 16.0 0.02265 0.00295 9.0 0
0 0 0 1 54.1 60.0 19.0 0.010223 0.15248 2.0 0
0 0 1 0 57.641000000000005 52.727845 13.0 0.48482393000011614 0.0 12.0 0
0 0 1 0 46.264 47.1646995 13.9 0.1319076885 0.09081 2.0 0
0 0 0 1 47.04 48.06801500000001 29.0 0.0011609 0.00157 2.0 0
0 0 0 1 45.347 44.496998 16.0 0.020571 0.14844450000000003 2.3 0
0 0 0 1 50.983999999999995 56.4074 14.0 0.035315 0.11968 2.0 0
0 0 1 1 45.57 36.699566 7.0 0.19443 0.21064 2.0 0
0 1 0 0 43.104 29.1795 14.0 0.032045 0.03707 1.0 0
0 1 0 1 48.688 37.670715 10.0 0.081009 0.1524555 2.9 0
0 0 1 0 47.534000000000006 51.22158449999999 30.0 0.00085168 0.0 10.0 0
0 0 1 0 50.54549999999999 45.99785 16.45 0.052198501499999994 0.01395 6.0 0
0 0 1 0 50.12250000000001 50.67889 0.0 0.88417 0.03939 4.0 0
0 0 0 1 52.5 49.696250000000006 53.0 4.6802e-06 0.021241500000000003 3.3 0
0 0 0 1 48.0615 49.293009999999995 10.0 0.087004 0.11365650000000001 4.2 0
0 0 0 1 52.576499999999996 41.876345 13.0 0.041244 0.091903 2.35 0
1 1 0 0 45.78 46.292 29.55 0.44344646705868085 0.0 2.0 0
0 0 1 0 44.516000000000005 34.76155949999999 0.0 1.0 0.0 9.0 0
0 0 0 1 50.721 59.8824 24.0 0.0032594 0.00195 3.0 0
0 0 0 1 49.444500000000005 44.03295 14.0 0.03656 0.11100549999999998 2.8 0
0 0 0 1 50.230500000000006 48.42768 17.0 0.018363 0.08299150000000001 1.95 0
0 0 0 1 47.248000000000005 46.812025 18.0 0.015344 0.16747800000000002 2.55 0
0 0 0 1 50.221999999999994 42.345825000000005 14.0 0.036007 0.112787 1.95 0
0 0 1 0 46.53750000000001 49.54451499999999 5.0 0.29495 0.00081 5.0 0
0 0 0 1 49.134 43.364755 14.0 0.036143 0.0884635 2.1 0
0 0 0 1 51.099500000000006 46.196915000000004 14.0 0.033108 0.1622625 2.45 0
0 0 1 0 50.809000000000005 47.011829999999996 14.05 0.0721615 0.10508 5.0 0
1 0 0 1 54.66 34.319624999999995 20.0 0.0095628 0.122368 2.45 0
0 0 0 1 47.3865 34.31738 20.0 0.0096111 0.43908 2.0 0
0 0 1 0 51.6135 52.36798 12.0 0.054385 0.06061 3.0 0
1 0 0 0 39.54 37.9143 9.0 0.12404 0.240395 4.7 0
1 0 1 0 49.02 40.144925 19.85 0.06525900450000002 0.00462 1.0 0
0 1 0 1 49.264 55.5941 13.0 0.040323 0.21564700000000006 2.55 0
0 0 0 1 52.0095 60.0 18.0 0.01396 0.56298 2.0 0
0 0 0 1 49.1535 48.38508 17.0 0.018549 0.28571 2.0 0
0 0 1 0 46.16349999999999 34.774265 14.3 0.100416705 0.04196 1.0 0
0 1 0 1 50.158500000000004 55.5269 24.0 0.0031639 0.00498 6.0 0
1 1 1 1 60.0 60.0 39.0 0.00010312 9e-05 1.0 1
0 0 0 1 50.4 44.609135 19.0 0.0115 0.02987 2.0 0
0 0 1 0 43.654500000000006 41.005885000000006 17.1 0.0482837705 0.09359 1.0 0
1 1 1 0 52.06 42.4528 41.0 6.9987e-05 0.00019 3.0 0
0 0 1 0 49.85850000000001 42.402004999999996 0.0 1.0 0.0 3.0 0
1 0 0 0 53.27 50.244885 17.0 0.048826630499999996 0.05710750000000001 2.5 0
0 0 0 1 49.2375 42.242617 18.0 0.012601 0.134853 2.2 0
0 0 0 1 52.5 49.69625 53.0 4.3217e-06 0.025157999999999996 3.4 0
1 0 0 0 35.28 48.366995 15.9 0.10533601925 0.51771 1.0 0
0 1 0 1 49.876 47.35591 17.0 0.019011 0.03467 9.0 0
0 1 0 0 44.4745 46.013760000000005 15.1 0.1338981691 0.13298 3.0 0
0 0 0 1 57.096500000000006 54.341085 83.0 4.5759e-09 0.001109 1.7 0
0 0 1 0 44.572500000000005 55.2319 9.7 0.47710971775 0.0 3.0 0
0 1 0 1 49.662 48.18495 11.0 0.068141 0.10864650000000001 3.05 0
0 0 0 1 52.17 45.84621299999999 16.0 0.020333 0.1760205 3.1 0
0 0 1 0 43.297000000000004 40.589954999999996 5.0 0.28797 0.14824 3.0 0
0 0 1 0 50.2065 46.826995 20.6 0.06042564698999999 0.00599 1.0 0
1 0 0 0 38.53 47.563855000000004 15.15 0.0929512225 0.09542 3.0 0
0 0 1 0 48.96950000000001 36.48182 0.0 1.0 6e-05 4.0 0
0 0 1 0 40.3 41.84193 12.0 0.1665021395 0.57353 4.0 0
0 0 0 1 50.478500000000004 48.7752 14.0 0.03641 0.3339 1.0 0
0 0 1 0 44.9205 49.390705000000004 10.8 0.283138406 0.27593 2.0 0
1 0 0 0 56.08 57.955234999999995 19.15 0.0347633155 0.05589250000000001 2.5 0
0 0 0 1 53.152 53.607285000000005 60.0 8.3835e-07 0.023294500000000003 2.0 0
0 0 0 1 44.0545 46.924249999999994 13.0 0.04671 0.14979599999999998 3.6 0
0 0 0 1 57.46 45.17702 18.0 0.014113 0.1131825 2.05 0
0 1 0 0 49.902 43.099245 23.7 0.09515218670999998 0.00051 2.0 0
0 0 0 1 48.74400000000001 41.07978000000001 13.0 0.044826 0.15240849999999997 1.85 0
0 0 0 1 47.5 6.33333 15.0 0.027568 0.0896035 3.7 0
0 0 0 1 50.1455 42.585044999999994 6.0 0.22807 0.36449 11.0 0
0 0 0 1 47.67399999999999 45.617070000000005 13.0 0.045505 0.07498350000000001 2.8 0
0 1 0 1 49.2505 35.1868 18.0 0.015758 0.00163 1.0 0
0 0 0 1 44.181 46.15261 28.0 0.0013307 0.01806 2.0 0
0 0 0 1 47.6 47.279925 20.0 0.0083365 0.060814999999999994 2.25 0
0 1 0 0 46.5775 52.9851 11.0 0.075683 0.01537 2.0 0
0 1 0 0 43.4335 43.148984999999996 15.65 0.051424020000000015 0.4 2.0 0
0 0 0 1 45.278499999999994 42.255799999999994 17.0 0.017438 0.11797500000000001 2.1 0
1 0 0 0 50.76 47.49826 19.0 0.0364470665 0.043214 1.95 0
0 0 0 1 47.02550000000001 41.40323499999999 6.0 0.23609 0.2070725 4.9 0
0 0 0 1 49.3775 25.8 14.0 0.03403 0.69958 2.0 0
0 0 0 1 54.87 37.0349055 19.0 0.011136 0.0829465 2.7 0
0 0 1 0 46.9265 44.346175 21.0 0.025020370999999996 0.00174 3.0 0
1 0 0 0 32.98 26.217359999999996 24.15 0.07147567915014552 0.14243100000000003 1.95 0
0 0 0 1 50.18749999999999 44.674705 11.0 0.064789 0.10465149999999998 4.65 0
0 1 0 1 46.44949999999999 48.306084999999996 17.0 0.016035 0.1495895 3.95 0
0 0 0 1 48.522999999999996 46.161295 18.0 0.015155 0.12140599999999999 2.25 0
0 0 0 1 48.851 39.43267 10.0 0.096964 0.09322100000000001 4.85 0
0 0 0 1 56.13 42.347719999999995 24.0 0.0036203 0.120416 3.3 0
0 0 0 1 48.00099999999999 39.82005550000001 19.0 0.010891 0.0392765 2.25 0
0 0 0 1 40.429500000000004 59.795015 255.0 0.0 0.0 1.95 0
0 0 0 1 50.719500000000004 48.61443000000001 17.0 0.019723 0.00657 1.0 0
0 0 0 1 47.208999999999996 45.261655000000005 35.0 0.00029383 0.013255500000000003 2.55 0
0 0 0 1 51.939 39.87476 6.0 0.22226 0.0032 23.0 0
0 0 0 1 47.0745 46.98156300000001 4.0 0.33937 0.171145 6.6 0
0 0 0 1 48.962 47.741205 17.0 0.018534 0.09721500000000001 2.6 0
0 0 1 0 50.12 48.5935 30.0 0.00091945 0.00011 4.0 0
0 1 0 0 44.876999999999995 37.8824 23.85 0.055026774583500006 0.079542 1.9 0
0 0 0 1 47.547000000000004 43.842135000000006 23.0 0.004901 0.07147150000000001 1.95 0
0 0 0 1 46.4495 48.306084999999996 17.0 0.016085 0.13609100000000002 3.95 0
0 0 1 0 57.7325 46.63335 5.8 0.375840915 0.0 30.0 0
0 0 1 0 47.24249999999999 17.1667 10.0 0.083931 0.17391 3.0 0
0 0 1 0 46.846000000000004 38.448585 15.75 0.04974732 0.00779 2.0 0
0 0 0 1 57.314499999999995 59.997335 150.0 8.9118e-16 0.0 1.9 0
0 0 0 1 45.440999999999995 37.780925 9.0 0.11615 0.11960599999999999 4.1 0
0 0 0 1 49.433499999999995 48.275275 11.0 0.077477 0.04456 13.0 0
0 0 0 1 52.8125 45.513325 24.0 0.0035099 0.16383150000000002 2.8 0
0 0 0 1 48.980000000000004 43.23739 13.0 0.044213 0.18617049999999996 2.9 0
0 0 0 1 50.9045 32.30287 6.0 0.23579 0.65184 1.0 0
0 0 0 1 46.3265 45.953419999999994 21.0 0.0066608 0.029416499999999995 2.6 0
1 0 0 0 52.32 48.560885 15.75 0.06036459999999999 0.07740849999999999 2.15 0
0 1 0 0 52.16 50.8348 17.15 0.057209283500000006 0.0788375 3.15 0
0 0 0 1 46.786500000000004 47.723385 4.0 0.36635 0.50914 8.0 0
0 0 0 1 46.4485 44.776898 4.0 0.32665 0.09522950000000001 4.15 0
0 0 0 1 50.715999999999994 47.57895499999999 12.0 0.062192 0.17435450000000002 2.5 0
0 0 0 1 44.24 47.988245 18.0 0.015227 0.22463 6.0 0
0 0 0 1 48.0615 49.293009999999995 10.0 0.087167 0.0928985 3.55 0
0 1 0 0 50.957499999999996 49.155705 94.0 3.751e-10 0.0 1.0 0
1 0 0 0 40.62 29.236694999999997 20.6 0.038904648 0.12758450000000002 2.15 0
0 0 0 1 48.6875 43.8662585 13.0 0.048209 0.17224199999999998 2.25 0
1 1 1 0 60.0 60.0 97.0 1.7764e-10 0.0 2.0 1
0 0 1 0 53.58850000000001 44.489855 23.65 0.024280542819650003 0.00659 3.0 0
0 0 0 1 52.69199999999999 46.01562 24.0 0.0035569 0.064635 3.35 0
0 1 0 1 46.3295 53.5433 17.0 0.018023 0.03288 2.0 0
0 0 1 0 49.83 55.12 13.55 0.1801545215 0.00286 6.0 0
0 0 0 1 46.991499999999995 42.38492000000001 14.0 0.038707 0.15921800000000003 2.7 0
0 0 0 1 50.069999999999986 46.687025 15.0 0.026732 0.0883105 2.1 0
0 0 1 0 49.3285 53.68411 12.0 0.288760965 0.00052 8.0 0
0 0 0 1 49.763000000000005 46.755399999999995 15.0 0.027012 0.10556399999999999 1.65 0
0 0 0 1 48.60699999999999 39.74557 15.0 0.029625 0.23026399999999997 1.95 0
0 0 0 1 50.083000000000006 40.609179999999995 13.0 0.044623 0.136972 1.95 0
0 1 0 0 50.35447767066693 44.52678267539525 24.651144857041167 0.09658699853529934 0.10095995499099822 3.9706941388277657 0
1 0 0 0 49.19 43.292244999999994 20.7 0.06283364859065 0.07507849999999999 2.2 0
0 0 0 1 40.41 49.055904999999996 11.0 0.075635 0.11150799999999998 5.35 0
0 1 0 0 49.84250000000001 48.517335 23.0 0.0043874 1e-05 2.0 0
0 0 0 1 48.7785 44.365735 16.0 0.021947 0.15666700000000003 3.1 0
0 0 0 1 47.7225 46.486815 14.0 0.038371 0.146986 2.55 0
0 0 0 1 49.873000000000005 48.83781 40.0 8.3449e-05 0.024463500000000003 2.85 0
1 0 0 0 59.95 59.82857 83.7 0.0012564364007592182 0.0145645 1.95 0
0 0 1 0 49.94500000000001 47.98933 12.25 0.13131902499999998 0.28226 6.0 0
1 1 1 0 60.0 60.0 130.0 8.8472e-14 0.0 1.0 1
1 1 1 1 59.71 60.0 44.0 3.9621e-05 3e-05 1.0 1
1 0 0 0 60.0 59.99189 98.0 0.016234179471986653 4.2000000000000004e-05 1.85 0
1 0 1 1 48.44 47.79894 29.0 0.0012204 0.00145 1.0 0
1 0 0 0 51.52 36.224415 9.0 0.10014 0.09741449999999999 4.2 0
0 0 1 0 56.50750000000001 52.977935 44.3 0.1605880934806947 5e-05 5.0 0
0 1 0 0 50.35447767066693 44.52678267539525 24.651144857041167 0.09658699853529934 0.10095995499099822 3.9706941388277657 0
0 0 0 1 47.3855 42.127195 20.0 0.0090999 0.03547 3.0 0
0 0 0 1 53.6245 52.135725 48.0 1.3613e-05 0.004510499999999999 1.7 0
0 0 0 1 51.38250000000001 46.30606000000001 46.0 2.0175e-05 0.020937 2.0 0
0 0 1 0 48.8895 48.9024 2.0 0.58204 0.0 1.0 0
0 0 0 1 40.429500000000004 59.795015 255.0 3.1233e-38 0.0 1.95 0
0 0 0 1 49.138 43.6567 16.0 0.021719 0.12043699999999999 1.9 0
0 0 0 1 47.0395 43.492125 17.0 0.016724 0.0680135 1.8 0
0 0 0 1 48.1045 39.25953500000001 16.0 0.023179 0.046526 3.3 0
0 0 1 0 53.165 45.372164999999995 21.05 0.08605213974999999 0.00075 4.0 0
0 1 0 0 47.87400000000001 39.41338 9.0 0.11563 0.4626 14.0 0
0 1 0 0 57.267500000000005 53.186845000000005 6.6 0.26135375 1.0 16.0 0
0 0 1 0 49.322 46.15761 5.0 0.27633 0.00014 4.0 0
0 0 0 1 48.081 46.500834999999995 22.0 0.0061845 0.12501050000000002 2.45 0
0 0 0 1 48.534499999999994 45.73378999999999 20.0 0.0084298 0.051127500000000006 2.65 0
0 0 0 1 51.923500000000004 45.907953 16.0 0.021936 0.03024 2.0 0
0 0 1 0 59.19500000000001 58.63666500000001 54.2 0.21766662893659486 0.0 3.0 0
0 0 0 1 46.706500000000005 46.650245 16.0 0.020837 0.10364499999999999 2.2 0
0 0 1 0 50.71 37.49265 6.0 0.22033 0.04948 3.0 0
0 0 0 1 48.4805 44.407065 21.0 0.0065656 0.0546715 2.35 0
0 0 0 1 48.99550000000001 47.741205 17.0 0.018549 0.0941815 2.75 0
0 0 1 0 50.1065 40.64831 14.3 0.09389146999999999 0.24348 5.0 0
0 0 1 0 55.58 44.98426 20.9 0.029093756199999998 0.00509 1.0 0
1 0 0 0 60.0 59.99189 98.0 0.016234179471986653 4.2000000000000004e-05 1.85 0
0 0 0 1 57.314499999999995 60.0 146.0 2.46e-15 0.0 1.85 0
0 0 0 1 46.156499999999994 42.233934999999995 8.0 0.14279 0.12094 4.2 0
0 0 0 1 50.474000000000004 45.057140000000004 22.0 0.0055472 0.1537055 1.65 0
0 1 1 1 48.0175 44.85147 26.0 0.0022104 0.00163 2.0 0
0 1 0 1 49.1075 19.9882 16.0 0.024476 0.04042 1.0 0
0 0 0 1 48.751 48.719285 24.0 0.0031805 0.05319700000000001 2.0 0
0 1 0 0 45.8215 51.9076 25.0 0.0028194 0.00338 4.0 0
0 0 0 1 49.506 44.674705 11.0 0.066379 0.12686600000000003 5.75 0
0 0 1 0 55.956999999999994 60.0 0.0 0.81268 0.0 10.0 0
0 0 0 1 47.051500000000004 45.61707 13.0 0.045615 0.10016800000000001 3.35 0
0 0 0 1 51.61 46.803015 18.0 0.014283 0.01289 1.0 0
0 0 0 1 48.48049999999999 44.407065 21.0 0.0063483 0.11144250000000003 2.0 0
0 0 0 1 48.329499999999996 47.944480000000006 20.0 0.0081584 0.12930600000000003 1.95 0
0 0 0 1 45.884 47.32319499999999 16.0 0.02093 0.11849300000000003 2.15 0
0 0 0 1 48.028999999999996 50.531819999999996 39.0 0.0001165 0.0528175 2.1 0
0 0 0 1 49.4105 47.167914999999994 13.0 0.045228 0.12388050000000002 2.5 0
0 0 1 0 56.50750000000001 53.849554999999995 43.6 0.17502394348069472 0.00012 5.0 0
0 0 1 0 46.29199999999999 42.92791999999999 10.9 0.15903565 0.46667 2.0 0
1 0 0 0 54.69 55.769165 20.3 0.07606746585 0.047385 1.6 0
0 0 0 1 44.8685 39.831540000000004 3.0 0.45333 0.082309 4.3 0
0 0 0 1 47.99 46.16436 22.0 0.0061889 0.146951 2.25 0
0 0 0 1 48.4805 44.407065 21.0 0.0065579 0.0546715 2.35 0
0 0 0 1 47.40449999999999 41.701491499999996 13.0 0.042572 0.10844 2.0 0
0 1 0 0 59.8845 60.0 51.4 0.13680397870097638 0.061791 2.85 0
0 0 0 1 47.169 47.90412 4.0 0.37513 0.1562155 4.05 0
0 1 1 1 44.552499999999995 56.2759 28.0 0.0012894 0.0 3.0 0
0 0 0 1 56.91 46.327335 21.0 0.00767 0.1193705 2.7 0
0 0 0 1 46.3745 44.668434999999995 21.0 0.0067009 0.029789 2.9 0
0 0 0 1 49.400999999999996 38.044645 6.0 0.21212 0.1755915 4.75 0
0 0 0 1 47.529999999999994 50.472455000000004 42.0 5.171e-05 0.038407000000000004 2.95 0
0 1 0 1 44.8515 45.221675000000005 33.0 0.00044534 0.05659 3.0 0
1 0 0 0 48.12 41.136625 36.55 0.032722689525730354 0.045263000000000005 1.75 0
0 0 0 1 46.147000000000006 44.507308 16.0 0.020547 0.13175900000000001 2.35 0
0 0 0 1 40.429500000000004 59.795015 231.0 7.0392e-24 0.0 1.95 0
0 1 0 0 47.21650000000001 34.3732 40.0 9.3493e-05 0.00063 2.0 0
0 0 1 0 50.062 52.14100499999999 19.0 0.011397 0.0 8.0 0
0 0 0 1 47.464 47.213395 14.0 0.032914 0.2508 3.0 0
0 1 0 1 44.931999999999995 43.819289999999995 17.0 0.017494 0.12219049999999998 2.05 0
0 0 0 1 46.768499999999996 46.43769 4.0 0.35897 0.2818825 4.2 0
0 0 1 1 47.534499999999994 47.006613 16.0 0.020107 0.09295 1.0 0
1 0 0 0 60.0 48.403755 0.0 0.82048 0.26235 6.0 0
0 0 0 1 45.6255 41.935500000000005 5.0 0.28552 0.142685 5.55 0
1 0 0 0 60.31 47.533035 14.0 0.039056 0.02475 6.0 0
0 0 1 1 56.58 47.290684999999996 22.0 0.0058741 0.00706 1.0 0
0 0 0 1 46.156499999999994 42.233935 8.0 0.14286 0.13754750000000002 4.15 0
1 1 1 0 60.0 59.7232 123.0 4.7278e-13 0.0 1.0 1
0 0 0 1 47.341499999999996 44.400904999999995 24.0 0.003834 0.12789299999999998 2.4 0
0 0 0 1 45.579 38.00177000000001 7.0 0.17366 0.08961200000000001 4.05 0
0 0 0 1 54.802499999999995 54.697795 56.0 2.3727e-06 0.005773499999999999 2.05 0
0 1 1 0 44.30049999999999 42.841120000000004 10.3 0.18179772499999997 0.31818 4.0 0
0 0 0 1 48.231 37.8679305 19.0 0.01095 0.0313095 2.15 0
0 0 0 1 50.715999999999994 47.57895499999999 12.0 0.062683 0.17435450000000002 2.5 0
0 0 1 0 42.6355 40.21092 12.0 0.17995057999999997 0.14555 2.0 0
0 0 0 1 51.706999999999994 47.907085 14.0 0.03716 0.13036999999999999 2.25 0
0 0 0 1 49.564499999999995 33.326 15.0 0.029688 0.01858 2.0 0
0 0 0 1 49.2375 42.242616999999996 18.0 0.012865 0.074549 2.5 0
0 0 0 1 47.5005 46.68956000000001 19.0 0.012038 0.10782650000000002 2.5 0
0 0 0 1 46.399 46.05327 16.0 0.021239 0.1114385 1.95 0
0 1 0 0 49.85999999999999 34.0845 15.0 0.025356 0.14566 1.0 0
0 0 0 1 48.80200000000001 44.365735 16.0 0.022037 0.14763899999999996 3.2 0
0 0 1 0 58.302 52.8424 54.45 0.13475244650142015 0.0 2.0 0
1 1 1 0 60.0 60.0 153.0 4.3684e-16 0.0 2.0 1
0 0 0 1 47.547000000000004 43.842135 23.0 0.0048534 0.06576499999999999 2.2 0
0 0 0 1 51.10099999999999 46.78447999999999 14.0 0.037308 0.118617 2.25 0
0 0 0 1 48.32949999999999 47.944480000000006 20.0 0.00817 0.138435 2.0 0
1 0 0 0 56.3 42.902024999999995 6.0 0.25046 0.11408199999999999 5.2 0
0 0 0 1 58.69199999999999 59.609309999999994 120.0 9.7884e-13 0.0 2.3 0
1 0 0 0 34.4 52.11682499999999 0.0 0.97505 0.037845 6.75 0
0 0 0 1 40.429500000000004 59.795015 255.0 0.0 0.0 1.95 0
0 0 0 1 44.709500000000006 53.3226 16.0 0.023887 0.05521 3.0 0
0 0 0 1 51.101 46.784479999999995 14.0 0.03733 0.1065485 2.1 0
0 0 0 1 49.8255 46.26859 24.0 0.0034795 0.01442 2.0 0
1 0 1 1 40.68 49.598910000000004 17.0 0.019306 0.02855 2.0 0
0 0 0 1 54.213 60.0 15.0 0.025882 0.1269 2.0 0
0 0 1 0 45.8495 22.8367 2.0 0.56893 0.20952 1.0 0
0 0 0 1 48.26449999999999 46.007295 23.0 0.0046305 0.046541000000000006 1.9 0
0 1 0 0 49.16 46.71059 87.0 1.813e-09 0.0 1.0 0
0 1 0 1 41.4 28.7456 62.0 6.2382e-07 0.0 1.0 0
0 0 0 1 45.460499999999996 37.56173149999999 7.0 0.19004 0.1719285 4.2 0
1 0 0 0 34.27 27.934679999999997 26.9 0.11072517176755972 0.089502 1.7 0
0 0 0 1 58.824 58.45377499999999 106.0 2.1786e-11 0.0 1.95 0
0 0 0 1 49.882 43.621120000000005 30.0 0.00092508 0.012042999999999998 2.05 0
0 0 0 1 38.99 41.903895 14.0 0.03881 0.19872099999999998 2.1 0
0 0 1 0 52.403 60.0 3.0 0.5 0.0 11.0 0
0 0 0 1 46.49700000000001 40.251642999999994 16.0 0.022997 0.04181 1.0 0
1 0 0 0 26.01 29.164490999999998 3.0 0.4411 0.31693 2.0 0
0 0 1 0 52.0005 60.0 3.0 0.49367 0.0 7.0 0
0 0 0 1 49.401 36.969015 6.0 0.20204 0.07104200000000001 4.8 0
0 0 0 1 47.69500000000001 51.561 32.0 0.00052194 0.00145 2.0 0
0 0 1 1 46.293 48.521195 42.0 6.1621e-05 0.00097 2.0 0
0 1 0 1 42.77 36.5822 38.0 0.00015635 0.0712865 2.5 0
0 0 0 1 46.548500000000004 48.578435 17.0 0.016266 0.076499 1.8 0
0 0 0 1 50.136 46.35318 22.0 0.0054293 0.00118 3.0 0
0 0 0 1 48.794500000000006 46.916039999999995 19.0 0.010075 0.10274150000000001 2.9 0
0 0 0 1 49.529 50.46124 19.0 0.010696 0.12050599999999997 1.55 0
0 0 0 1 47.208999999999996 45.261655000000005 35.0 0.00030732 0.0132555 2.55 0
0 1 0 0 35.6625 0.0 4.05 0.6211383300000001 0.9 1.8 0
0 0 0 1 45.32449999999999 45.148044999999996 3.0 0.49542 0.094014 7.25 0
0 0 1 0 49.528 58.3158 4.0 0.34256 0.00011 1.0 0
0 0 0 1 42.0115 44.548944999999996 46.0 2.3219e-05 0.21078 3.0 0
0 1 0 0 41.0325 4.0 9.6 0.29066681 1.0 1.0 0
0 0 0 1 46.693 47.98016499999999 13.0 0.042411 0.18147449999999998 2.75 0
0 1 0 0 47.323499999999996 37.7319 29.0 0.0010631 0.00035 1.0 0
0 0 0 1 52.3725 47.86007 44.0 3.2147e-05 0.031347 2.2 0
0 0 0 1 47.53 50.02919 42.0 5.7153e-05 0.033758500000000004 3.45 0
0 0 0 1 53.163499999999985 60.0 30.0 0.00089147 0.02833 1.0 0
1 0 0 0 47.44 45.469025 12.0 0.062865 0.18265900000000002 2.9 0
0 1 0 0 48.147499999999994 48.149699999999996 11.8 0.11430232 0.09725 2.0 0
0 0 1 0 50.1455 42.869215000000004 6.0 0.23724 0.0 17.0 0
0 0 0 1 52.44 46.6381 23.0 0.0041089 0.01673 2.0 0
0 0 0 1 48.812999999999995 44.98228 8.0 0.12884 0.1626535 3.1 0
0 0 0 1 48.055 44.294852500000005 2.0 0.58874 0.055498000000000006 5.85 0
1 0 0 0 50.09 44.515315 22.9 0.04027879742149999 0.07583000000000001 1.95 0
0 0 0 1 45.3245 41.96834499999999 3.0 0.48127 0.18383200000000005 5.55 0
0 0 1 1 52.370999999999995 45.960654999999996 16.0 0.022304 0.00402 2.0 0
0 0 0 1 48.812999999999995 44.98228 8.0 0.1268 0.17955499999999996 2.35 0
0 0 0 1 49.138999999999996 41.984157 18.0 0.013017 0.09110399999999999 2.35 0
0 0 1 0 50.082 48.024395 11.0 0.072596 0.0 1.0 0
0 0 0 1 47.15 47.160565 17.0 0.016057 0.13499750000000002 3.75 0
0 0 1 0 56.09 48.04992 26.65 0.031156553179999998 0.00021 1.0 0
0 0 0 1 48.601 32.3401 20.0 0.0088596 0.16568 2.0 0
0 0 0 1 48.367000000000004 39.162165 15.0 0.029428 0.13795249999999998 2.15 0
0 0 0 1 46.6905 47.04228 13.0 0.046194 0.12842199999999998 2.7 0
0 0 0 1 45.4165 41.30401500000001 9.0 0.12444 0.23194649999999997 4.55 0
0 0 0 1 46.0265 33.145909 7.0 0.16193 0.44388 1.0 0
0 0 1 0 46.92649999999999 42.498574999999995 21.0 0.025020370999999996 0.00176 3.0 0
0 1 0 0 46.6665 41.75839499999999 10.15 0.16377584 0.00138 0.0 0
0 0 0 1 49.331 60.0 14.0 0.039518 0.02711 2.0 0
0 0 1 0 56.50750000000001 55.747569999999996 16.0 0.32074221730541996 0.0 5.0 0
0 0 0 1 48.56099999999999 49.79875 41.0 7.578e-05 0.076824 1.85 0
0 0 0 1 49.799499999999995 45.86222 30.0 0.0008099 0.05577399999999999 2.25 0
0 1 0 0 46.652 26.3778 17.8 0.08901569449999999 0.04362 2.0 0
0 1 0 0 49.064499999999995 24.7 23.0 0.05521226119999999 0.00267 1.0 0
0 0 0 1 50.069999999999986 46.687025 15.0 0.026739 0.08831049999999999 2.1 0
0 0 1 0 45.76 43.915775000000004 17.55 0.0365632325 0.04024 2.0 0
1 0 0 0 46.03 37.182930000000006 29.0 0.021107446594342646 0.0530455 2.1 0
0 0 0 1 47.28500000000001 45.670632999999995 16.0 0.023282 0.02806 2.0 0
0 1 0 0 45.489000000000004 5.75 5.05 0.53243189 1.0 1.0 0
0 0 0 1 56.72 53.492015 38.0 0.00015011 0.04668099999999999 2.25 0
0 0 1 0 44.369000000000014 31.3077 7.0 0.18006 0.04072 1.0 0
0 0 0 1 49.035999999999994 46.687025 15.0 0.026829 0.0952515 2.1 0
0 1 1 0 50.8925 46.7317 5.15 0.5350821479000001 1e-05 5.0 0
0 0 0 1 47.096500000000006 46.423170000000006 4.0 0.36011 0.26266449999999997 4.4 0
0 0 0 1 47.5105 39.0504 13.0 0.045346 0.0194 2.0 0
0 0 0 1 50.209999999999994 47.67241500000001 37.0 0.00018363 0.029941000000000002 2.95 0
1 0 0 0 51.34 49.010614999999994 19.4 0.07024575329999999 0.053521499999999986 2.15 0
1 0 0 0 38.18 29.018147499999998 34.0 0.036329132779000003 0.119563 2.0 0
0 0 1 1 47.394 45.8232345 27.0 0.0018861 0.00127 9.0 0
0 0 0 1 46.5915 45.261655000000005 35.0 0.00026787 0.0322755 2.7 0
1 0 0 0 47.37 38.57437 19.45 0.03083764064700001 0.053227500000000004 2.5 0
0 0 1 0 52.224000000000004 60.0 0.0 0.83904 0.00013 2.0 0
0 0 1 0 48.729 43.002487 2.0 0.61874 1e-05 9.0 0
0 0 0 1 44.852 43.937605000000005 14.0 0.039551 0.092798 3.55 0
0 0 0 1 47.9815 45.662189999999995 27.0 0.0016186 0.13656 3.0 0
0 0 1 0 50.286500000000004 44.00486 0.0 0.83348 0.00074 1.0 0
0 0 1 0 45.316 51.32242 5.0 0.29979 1e-05 6.0 0
0 0 0 1 49.804 42.72288 18.0 0.013252 0.10455599999999998 2.95 0
1 1 0 0 52.32 48.3566 18.35 0.0531721365945 0.0842475 2.05 0
0 0 0 1 49.8755 46.062557999999996 16.0 0.02471 0.2886 7.0 0
0 0 0 1 48.751 48.719285 24.0 0.0032205 0.080685 2.0 0
0 0 0 1 48.4805 44.407065 21.0 0.0065314 0.063615 2.2 0
0 0 1 0 32.06 30.8 19.0 0.010429 0.01944 3.0 0
0 0 0 1 51.3845 40.97278 18.0 0.013459 0.145129 2.3 0
0 1 0 0 50.35447767066693 44.52678267539525 24.651144857041167 0.09658699853529934 0.10095995499099822 3.9706941388277657 0
0 1 0 0 50.66 52.3269 12.0 0.051184 0.00186 3.0 0
0 0 0 1 49.906000000000006 44.94503 21.0 0.0071584 0.06586299999999999 2.55 0
0 0 0 1 59.074500000000015 55.488339999999994 71.0 7.5831e-08 8.000000000000001e-06 2.05 0
0 0 1 0 50.037000000000006 43.78026 17.55 0.09545982125 0.0033 4.0 0
0 0 1 0 46.775 49.584270000000004 4.0 0.37617 0.00047 6.0 0
0 0 0 1 46.10450000000001 40.180625 8.0 0.15152 0.26025 3.0 0
0 0 0 1 50.718 13.84 14.0 0.035399 0.02788 1.0 0
1 0 0 0 49.59 43.723065 21.5 0.11078051120700001 0.0497985 1.9 0
0 0 0 1 49.799499999999995 45.86222 30.0 0.00081496 0.05577399999999999 2.25 0
0 0 1 0 55.491 54.4 5.65 0.5281471400000001 0.00044 13.0 0
1 0 0 0 56.32 49.31093 12.0 0.050749 0.01718 2.0 0
0 0 0 1 48.081 46.500834999999995 22.0 0.0061891 0.12501049999999997 2.45 0
0 0 0 1 59.593 53.44665500000001 72.0 5.7241e-08 7.7e-05 2.05 0
0 0 1 0 52.6995 60.0 1.0 0.63778 0.0 5.0 0
0 0 0 1 58.701 57.54574 123.0 4.3992e-13 0.00025 1.7 0
0 0 0 1 44.865 59.8205 25.0 0.0025259 0.01738 2.0 0
0 1 0 0 46.254 57.83892999999999 3.9 0.6104369399999999 7e-05 7.0 0
1 0 0 0 60.0 59.99189 98.0 0.016234179471986653 4.2000000000000004e-05 1.85 0
0 0 1 0 56.50750000000001 49.685195 15.45 0.24521580155000003 0.00198 5.0 0
1 0 0 0 60.0 59.99189 98.0 0.016234179471986653 4.2000000000000004e-05 1.85 0
0 0 0 1 47.423 46.890918 4.0 0.34365 0.2288765 5.9 0
0 0 0 1 46.68300000000001 41.558755000000005 17.0 0.01685 0.0988365 1.95 0
1 0 0 0 60.0 59.99189 98.0 0.016234179471986653 4.2000000000000004e-05 1.85 0
0 0 1 0 56.42750000000001 53.762635 3.5 0.677560634 0.0 10.0 0
0 0 0 1 45.114 47.23265500000001 28.0 0.0014002 0.06706300000000001 2.15 0
0 0 0 1 49.157000000000004 39.878161 18.0 0.013588 0.16535 2.0 0
0 0 0 1 50.7155 49.16955 14.0 0.037791 0.1378795 3.7 0
0 0 1 0 49.25599999999999 28.0 1.0 0.63333 0.0 3.0 0
0 0 0 1 44.09 46.564904999999996 16.0 0.022247 0.00397 1.0 0
1 0 1 0 29.32 40.49034 15.4 0.10853352949999999 0.09924 1.0 0
1 0 0 0 60.0 59.99189 98.0 0.016234179471986653 4.2000000000000004e-05 1.85 0
0 0 0 1 40.429500000000004 59.795015 231.0 7.3687e-24 0.0 1.95 0
1 0 0 0 54.61 55.751265000000004 18.0 0.07968486735 0.04690950000000001 1.5 0
0 0 1 0 46.756 35.98018449999999 9.0 0.10736 0.0902 2.0 0
0 1 0 0 48.42499999999999 46.10955 18.0 0.015193 0.186336 2.85 0
0 0 0 1 45.9745 51.063579999999995 25.0 0.0025985 0.07647400000000001 3.45 0
1 0 1 1 60.0 48.747085 18.0 0.013912 0.00765 2.0 1
0 0 1 0 46.45399999999999 43.525786499999995 15.95 0.07183456149999999 0.1037 2.0 0
0 0 1 0 45.1755 43.024559999999994 20.8 0.06203540999999999 0.00154 2.0 0
0 0 0 1 50.08149999999999 51.584105 34.0 0.00038645 0.0347495 2.2 0
0 0 1 0 55.4105 49.43575499999999 21.45 0.06372169400000001 0.0004 4.0 0
0 0 0 1 45.62650000000001 48.291255 25.0 0.0025225 0.01855 2.0 0
0 0 0 1 45.6635 48.1455 28.0 0.0015399 0.053280499999999995 2.05 0
0 0 0 1 52.3045 60.0 13.0 0.043943 0.017 2.0 0
0 0 0 1 46.379 46.650245 16.0 0.020741 0.13404149999999998 2.15 0
0 0 0 1 46.855500000000006 38.52153499999999 18.0 0.014589 0.06964450000000001 2.15 0
0 0 0 1 46.884 39.429880000000004 20.0 0.0092916 0.090086 2.95 0
1 0 0 0 60.0 59.99189 98.0 0.016234179471986653 4.2000000000000004e-05 1.85 0
0 0 1 0 47.73 49.4463 23.05 0.0493148175 0.00121 2.0 0
0 0 0 1 49.199 47.198775 11.0 0.069881 0.16667 1.0 0
0 0 0 1 46.1035 45.942584999999994 14.0 0.031997 0.15126 1.0 0
0 0 0 1 48.081 46.500834999999995 22.0 0.0062646 0.118592 2.15 0
0 0 0 1 50.45799999999999 47.078455000000005 14.0 0.036818 0.18637 1.0 0
0 0 0 1 45.81349999999999 53.175365 25.0 0.0029879 0.01402 4.0 0
0 1 0 0 43.204499999999996 13.0 7.45 0.2710417499999999 1.0 2.0 0
0 0 0 1 50.1325 44.68542 13.0 0.041742 0.08431949999999998 2.1 0
0 0 1 0 45.9835 45.67501 11.0 0.071922 0.03608 1.0 0
0 1 0 0 46.072 51.158429999999996 0.0 0.84765 0.090398 4.95 0
0 0 0 1 59.2855 58.622945 134.0 3.7049e-14 0.0 1.65 0
1 0 0 0 50.44 47.12642 19.95 0.047202445999999995 0.058616499999999995 1.85 0
0 0 0 1 50.190000000000005 47.93954500000001 13.0 0.039881 0.18723549999999997 2.7 0
0 0 0 1 53.24250000000001 58.62346 58.0 1.3485e-06 0.028680499999999998 1.95 0
0 0 1 0 42.39 40.676675 15.9 0.14239436299999997 0.00201 1.0 0
0 0 0 1 43.2595 35.334680000000006 5.0 0.25784 0.1999545 4.35 0
1 0 0 0 59.96 59.890919999999994 92.95 0.0008446801967192911 0.014302500000000001 1.4 0
0 0 0 1 49.906499999999994 46.73332 16.0 0.021615 0.10090150000000002 1.75 0
0 0 0 1 47.838499999999996 30.732851 4.0 0.35897 0.5724 2.0 0
0 0 0 1 48.409499999999994 40.47230499999999 18.0 0.015496 0.05384 1.0 0
0 0 0 1 48.0595 45.816425 21.0 0.0075606 0.13547199999999998 3.8 0
0 0 0 1 47.797000000000004 49.88350499999999 17.0 0.018112 0.0447605 2.05 0
0 0 1 1 48.527 46.19129 23.0 0.0048946 0.00011 1.0 0
0 0 0 1 55.61750000000001 58.235609999999994 57.0 1.8723e-06 0.019403 1.95 0
0 0 0 1 44.931999999999995 43.819289999999995 17.0 0.017484 0.12219050000000001 2.05 0
0 0 0 1 57.02700000000001 57.73896500000001 90.0 8.2436e-10 9.85e-05 1.55 0
1 0 0 0 59.16 58.975159999999995 32.5 0.13386722680397883 0.100417 3.0 0
0 0 0 1 42.59 36.662890000000004 18.0 0.014736 0.045368500000000006 1.75 0
0 0 0 1 48.536 44.85705999999999 18.0 0.014861 0.01303 1.0 0
0 0 0 1 57.8335 56.52828999999999 82.0 5.9978e-09 0.0003655 1.9 0
0 0 0 1 48.753 47.07528 19.0 0.010996 0.05906 2.0 0
0 1 0 0 50.35447767066693 44.52678267539525 24.651144857041167 0.09658699853529934 0.10095995499099822 3.9706941388277657 0
0 0 0 1 50.66 43.530899999999995 21.0 0.0075005 0.20221 3.0 0
0 0 0 1 46.091499999999996 47.320745 14.0 0.032724 0.62238 1.0 0
0 0 0 1 57.26 42.264 20.0 0.0079508 0.01354 2.0 0
0 0 0 1 48.15 42.903387 18.0 0.012829 0.0833015 2.4 0
0 0 0 1 53.161500000000004 46.396015 63.0 4.6659e-07 0.0001015 1.95 0
0 0 0 1 48.96999999999999 40.526025000000004 15.0 0.03108 0.059856999999999994 2.6 0
0 0 0 1 50.21 47.67241500000001 37.0 0.00018441 0.029941000000000002 2.95 0
0 0 1 0 57.56 54.17863 3.7 0.5274955000000001 0.0 16.0 0
1 0 0 0 52.03 49.043645 21.25 0.053795895121299994 0.051223 1.9 0
0 0 0 1 57.272000000000006 56.808535000000006 88.0 1.4486e-09 9.8e-05 1.75 0
1 0 0 0 60.0 59.99189 98.0 0.016234179471986653 4.2000000000000004e-05 1.85 0
0 0 0 1 49.266 44.79445499999999 26.0 0.002424 0.114507 2.7 0
0 0 1 0 48.889500000000005 59.4512 0.0 0.9874 0.0 1.0 0
0 0 0 1 47.9275 37.0017 9.0 0.1012 0.1010745 3.8 0
0 0 0 1 48.1495 45.747675 11.0 0.06993 0.14846699999999996 4.2 0
1 0 0 0 60.11 60.3922 20.0 0.0085591 0.00543 7.0 0
0 0 1 0 47.0025 46.311929500000005 36.0 0.00021392 0.0 9.0 0
0 0 1 0 48.646 41.302487 2.0 0.52994 0.0 9.0 0
0 0 0 1 47.9435 47.16898 8.0 0.13793 0.08692899999999999 2.9 0
1 0 0 0 47.06 38.66733 19.3 0.06010892070950001 0.0504245 2.55 0
0 0 0 1 42.74 47.64411 13.0 0.043762 0.2531615 2.95 0
1 0 0 0 60.0 59.99189 98.0 0.016234179471986653 4.2000000000000004e-05 1.85 0
0 0 1 0 57.7325 46.61688 6.35 0.353542165 0.0 28.0 0
0 0 0 1 49.495 43.049965 16.0 0.022233 0.08490500000000001 2.2 0
0 0 0 1 46.264500000000005 49.277190000000004 21.0 0.006793 0.0960315 2.3 0
0 0 0 1 49.209999999999994 59.859 14.0 0.035731 0.24152 1.0 0
0 0 0 1 53.29 48.00603499999999 13.0 0.042554 0.15034050000000002 2.6 0
0 0 0 1 49.80400000000001 42.72288 18.0 0.013228 0.12146499999999998 2.95 0
0 0 0 1 47.208999999999996 45.261655000000005 35.0 0.00031482 0.0132555 2.55 0
0 0 0 1 49.095 47.944480000000006 20.0 0.0081805 0.1230225 2.05 0
0 0 0 1 48.57149999999999 50.60665 15.0 0.02611 0.16271850000000002 1.9 0
1 0 0 0 55.41 55.25443 16.9 0.0618531885 0.0763405 1.65 0
0 0 0 1 45.5865 46.535975 13.0 0.046965 0.166911 3.75 0
0 0 0 1 49.940999999999995 44.377680000000005 18.0 0.013137 0.1036345 2.9 0
0 0 0 1 44.24249999999999 40.85618000000001 3.0 0.45882 0.1189705 6.45 0
0 0 0 1 46.448499999999996 44.776898 4.0 0.32835 0.12821849999999999 3.5 0
0 0 0 1 49.017 42.420115 18.0 0.013922 0.099852 1.75 0
0 1 0 1 51.54 49.6829 22.0 0.0053455 0.101168 2.2 0
0 0 0 1 47.7225 44.751145 14.0 0.038428 0.13062849999999998 2.5 0
0 0 0 1 59.959 57.51145 127.0 1.8312e-13 0.00025 1.4 0
0 0 0 1 47.1545 34.68455 2.0 0.5406 0.28186300000000003 5.0 0
0 0 0 1 47.797000000000004 49.88350499999999 17.0 0.018114 0.0447605 2.05 0
0 0 1 0 46.397999999999996 41.764204 13.9 0.08030202000000002 0.19269 1.0 0
0 0 0 1 49.73049999999999 44.794455000000006 26.0 0.002369 0.09493 2.55 0
1 0 0 0 55.21 55.75707000000001 22.1 0.0394203510222325 0.05092150000000001 1.65 0
0 1 0 0 43.2045 0.0 5.85 0.45836299 1.0 2.0 0
0 0 0 1 50.105000000000004 41.6476585 22.0 0.0058245 0.06506300000000001 1.85 0
0 0 0 1 45.114 47.36822499999999 28.0 0.0013905 0.0632055 2.2 0
0 0 1 0 56.50750000000001 55.33380999999999 39.6 0.27223963912045207 0.0 4.0 0
0 0 0 1 50.3565 50.21257 17.0 0.018448 0.0958775 1.95 0
0 1 0 0 50.35447767066693 44.52678267539525 24.651144857041167 0.09658699853529934 0.10095995499099822 3.9706941388277657 0
0 1 0 0 53.406000000000006 53.54 14.25 0.20842523599999999 0.0614645 3.45 0
1 0 0 0 60.0 59.99189 98.0 0.016234179471986653 4.2000000000000004e-05 1.85 0
0 0 0 1 47.82799999999999 30.2258 13.0 0.048633 0.43544 1.0 0
1 1 0 1 36.6 31.3108 17.0 0.016057 0.01784 3.0 0
0 0 0 1 48.51699999999999 51.19027150000001 15.0 0.027561 0.0768635 3.45 0
0 0 1 0 51.0485 44.1304 12.05 0.395442245657 0.0 9.0 0
0 0 0 1 47.58399999999999 40.837509999999995 15.0 0.029497 0.15812949999999998 1.9 0
0 0 0 1 50.40650000000001 50.36619 24.0 0.0033289 0.009546500000000003 2.85 0
0 0 0 1 51.8 45.100725 33.0 0.00045791 0.03527299999999999 2.15 0
0 0 0 1 47.51350000000001 45.389860000000006 26.0 0.0020404 0.07048299999999999 2.75 0
0 0 0 1 51.51300000000001 51.89186500000001 12.0 0.053936 0.10035350000000001 3.85 0
0 0 0 1 50.05200000000001 41.355740000000004 18.0 0.014296 0.1254385 1.9 0
0 0 0 1 47.0255 39.544065 6.0 0.23529 0.2070725 4.9 0
0 0 0 1 49.222500000000004 40.99992999999999 6.0 0.22398 0.22198250000000003 5.65 0
0 0 1 0 49.3285 53.68411 10.7 0.338018071 0.0052 8.0 0
0 0 1 1 57.17 47.922205000000005 25.0 0.0030739 0.00045 2.0 0
0 0 0 1 44.6 39.825109999999995 13.0 0.049437 0.14447 1.0 0
0 0 0 1 49.153499999999994 49.15729 38.0 0.00012782 0.03589250000000001 2.5 0
0 1 0 1 48.812 44.15959 33.0 0.00048981 0.022029 2.1 0
0 0 0 1 44.953500000000005 42.771214 7.0 0.16898 0.157673 4.1 0
0 0 0 1 49.519999999999996 49.741465 17.0 0.019922 0.13831549999999998 1.6 0
0 0 0 1 55.5265 54.66567 55.0 3.1126e-06 0.0039239999999999995 2.95 0
0 0 0 1 48.741499999999995 42.25186 15.0 0.031316 0.1472695 2.2 0
0 0 0 1 56.33149999999999 54.99870000000001 87.0 1.9384e-09 9.8e-05 1.85 0
0 0 1 0 48.1075 39.5052 0.0 0.89933 0.00497 2.0 0
0 0 0 1 46.691500000000005 40.6816125 2.0 0.5098 0.26697 31.0 0
1 0 0 0 28.97 23.676969999999997 14.3 0.11614720549999999 0.09574200000000001 2.3 0
0 1 0 1 53.94 59.8882 18.0 0.015059 0.11088849999999999 1.9 0
1 0 0 0 50.39 42.51568000000001 16.1 0.0545011865 0.07058 2.0 0
0 0 0 1 48.02900000000001 50.531819999999996 39.0 0.00012427 0.052817499999999996 2.1 0
0 0 0 1 49.90650000000001 46.73332 16.0 0.021595 0.105037 1.75 0
0 0 0 1 45.8395 47.04228 13.0 0.04623 0.1091105 2.55 0
0 0 0 1 44.5 42.8118555 15.0 0.025305 0.15030300000000002 1.65 0
0 0 1 0 49.544 47.295804999999994 20.85 0.0168739007 0.00513 1.0 0
0 0 1 0 48.968 44.9723995 1.0 0.68809 0.00039 9.0 0
0 0 1 0 57.760000000000005 54.77026500000001 7.85 0.41341468764 0.0 14.0 0
0 0 0 1 50.467 50.600905 24.0 0.0033394 0.009329 2.8 0
0 0 0 1 46.6055 45.925665 16.0 0.020887 0.103633 2.2 0
0 0 1 0 54.6645 51.0 6.35 0.42971000000000004 0.01749 12.0 0
1 1 1 0 60.0 60.0 144.0 3.2294e-15 0.0 1.0 1
0 0 0 1 40.429500000000004 59.795015 255.0 0.0 0.0 1.95 0
0 0 0 1 49.295500000000004 49.614124999999994 16.0 0.024742 0.11722600000000001 2.75 0
0 0 1 0 57.56 54.17863 3.7 0.5274955000000001 0.0 16.0 0
0 0 0 1 47.586500000000015 46.42625499999999 13.0 0.04385 0.21407099999999998 2.4 0
0 0 0 1 48.812999999999995 43.98256500000001 8.0 0.13137 0.12186349999999997 4.2 0
1 1 1 1 60.0 60.0 49.0 1.2433e-05 0.0 2.0 1
0 0 0 1 49.494499999999995 47.173935 15.0 0.025606 0.072141 2.0 0
0 0 0 1 48.186 41.67930499999999 16.0 0.022544 0.106595 3.45 0
0 0 0 1 49.753 45.044646 12.0 0.058443 0.22222 2.0 0
0 0 0 1 59.932500000000005 59.148435000000006 111.0 7.2225e-12 0.0 2.05 0
0 0 1 0 47.913 44.86201249999999 2.0 0.58255 0.0 17.0 0
0 0 0 1 50.367999999999995 47.955020000000005 20.0 0.0079575 0.0866085 2.0 0
0 0 1 0 47.407000000000004 0.0 0.0 1.0 0.0 2.0 0
0 0 0 1 47.2545 42.183544999999995 22.0 0.0052555 0.0567585 2.1 0
0 0 0 1 51.2315 48.7546 15.0 0.028394 0.13190200000000002 2.45 0
0 0 1 0 48.2005 48.427820000000004 2.0 0.5952 0.00055 2.0 0
0 0 1 0 45.2175 50.728882500000005 2.0 0.51089 0.0 8.0 0
0 0 1 0 49.2295 48.185165 20.6 0.0743008728 0.05881 2.0 0
1 0 0 0 50.46 26.25794 2.0 0.54917 0.26408 2.0 0
1 0 0 0 48.73 43.516225 18.25 0.071986709 0.062229 1.7 0
1 0 0 0 60.07 59.96598999999999 51.8 0.0037200805160628528 0.005746 2.35 0
0 0 0 1 47.213 32.895415 20.0 0.0095518 0.12595250000000002 2.45 0
1 0 0 0 59.13 59.008245 27.45 0.13624402680379 0.10329250000000001 2.95 0
0 0 0 1 50.002500000000005 55.9966 14.0 0.036286 0.11212 4.0 0
0 0 0 1 45.078500000000005 44.432559999999995 28.0 0.0013474 0.055962999999999985 2.35 0
0 0 0 1 52.4855 46.94034 20.0 0.008747 0.0496875 1.85 0
0 0 0 1 48.349000000000004 48.466635000000004 24.0 0.0032746 0.06606999999999999 2.35 0
0 0 0 1 50.2705 43.1930735 13.0 0.047801 0.17535849999999997 2.5 0
0 0 0 1 46.131499999999996 45.722494999999995 11.0 0.07749 0.09881400000000001 3.7 0
0 0 0 1 48.7525 45.09872 21.0 0.0068239 0.08978 1.0 0
0 1 0 1 48.24 19.5567 18.0 0.0146 0.00016 2.0 0
0 0 1 0 57.641 52.727845 9.6 0.5265203500001162 1e-05 12.0 0
0 0 0 1 48.2595 43.91458 21.0 0.0074907 0.127618 3.75 0
0 0 0 1 51.4005 49.713274999999996 32.0 0.00062746 0.04898399999999999 1.8 0
0 0 0 1 55.04 44.188655 24.0 0.0038202 0.1100695 2.4 0
0 0 1 0 44.0865 46.979049999999994 0.0 1.0 0.0 7.0 0
0 1 0 1 49.361 24.6269 27.0 0.0016759 0.00331 2.0 0
0 0 1 0 52.1015 44.632735000000004 17.55 0.18704676275 0.0015 4.0 0
0 0 0 1 49.4945 45.1838805 15.0 0.02519 0.15134150000000002 1.55 0
0 0 1 0 51.778499999999994 43.639585 21.6 0.027756896499999996 0.00855 3.0 0
0 0 0 1 50.08 45.57230500000001 30.0 0.00083872 0.05739200000000001 2.25 0
0 0 1 0 42.4 37.36352 4.0 0.3672 0.13333 1.0 0
0 0 0 1 51.6865 48.151325 15.0 0.02845 0.13025599999999998 2.55 0
0 0 0 1 50.520500000000006 46.92823500000001 17.0 0.018947 0.06105 2.0 0
0 0 1 0 46.590500000000006 38.740390000000005 15.65 0.06895274500000001 0.02011 1.0 0
0 0 0 1 47.42 41.5733885 13.0 0.048631 0.12876349999999998 3.1 0
0 0 0 1 45.9745 45.009024999999994 25.0 0.0027222 0.0576815 2.1 0
0 0 0 1 58.795 57.385475 81.0 7.8529e-09 0.0058275 2.1 0
0 0 0 1 50.948499999999996 45.07096 23.0 0.0040001 0.10860599999999998 2.0 0
1 0 0 0 58.52 58.922025 14.05 0.13320173500000002 0.1011725 3.5 0
0 1 1 0 46.998000000000005 48.0896 29.0 0.0011611 3e-05 1.0 0
0 0 1 0 57.7325 47.120895 7.1 0.30368318000000005 0.0 25.0 0
1 0 0 0 43.24 33.509875 19.5 0.040636619400000004 0.09706899999999999 2.25 0
0 1 0 0 35.6625 0.0 4.05 0.6211383300000001 0.9 1.8 0
0 0 0 1 47.79950000000001 46.919773000000006 4.0 0.33771 0.0795105 5.55 0
1 0 0 0 60.0 59.99189 98.0 0.016234179471986653 4.2000000000000004e-05 1.85 0
0 0 0 1 46.733000000000004 49.16623 19.0 0.010591 0.048943 1.8 0
0 0 0 1 47.1545 34.797385 2.0 0.53261 0.2065925 5.15 0
0 0 0 1 46.991499999999995 42.38492 14.0 0.038678 0.1534375 2.65 0
0 0 0 1 48.94799999999999 44.98067 22.0 0.0058668 0.08699599999999999 1.95 0
0 0 0 1 47.978500000000004 37.0695955 19.0 0.011218 0.097641 2.75 0
0 0 1 1 49.8825 48.024395000000005 5.0 0.30847 2e-05 1.0 0
0 1 1 0 46.41350000000001 17.4805 36.0 0.0002488 0.00022 2.0 0
1 1 1 1 60.0 59.9456 40.0 9.0663e-05 2e-05 1.0 1
0 0 0 1 48.563 45.811175 20.0 0.0084067 0.043603499999999996 2.4 0
0 0 0 1 50.31699999999999 45.384065 27.0 0.0017594 0.065024 2.35 0
0 0 0 1 50.052 40.27061 18.0 0.014316 0.11517400000000003 2.0 0
0 0 0 1 47.993 40.8976825 25.0 0.0030953 0.10614100000000001 2.2 0
0 0 1 0 49.540000000000006 40.0 18.8 0.30179676764926 0.0 4.0 0
1 1 1 0 60.0 60.0 105.0 2.6034e-11 0.0 1.0 1
1 0 0 0 51.78 48.725995 19.1 0.0633104687 0.0394625 2.05 0
0 0 0 1 49.2375 42.242617 18.0 0.012814 0.07405550000000001 2.7 0
0 0 0 1 47.169 42.050667 4.0 0.38746 0.129082 4.85 0
0 1 0 0 57.27 59.093084999999995 17.0 0.02714852 0.0904885 2.35 0
0 1 0 0 47.919500000000006 46.129335 26.0 0.0021422 0.053383 2.25 0
1 0 0 0 43.14 32.94016 18.3 0.082270644 0.12719000000000003 2.4 0
0 0 0 1 50.6035 48.191669999999995 12.0 0.055671 0.148562 4.5 0
0 0 1 0 47.829499999999996 29.8158 11.9 0.4135516956570001 3e-05 9.0 0
0 1 0 1 47.28349999999999 59.8 13.0 0.042572 0.04839 1.0 0
0 1 1 1 47.286 34.0 26.0 0.0020631 0.00184 7.0 0
0 1 0 0 48.709500000000006 43.8 18.4 0.09969959500021722 0.10264950000000002 3.6 0
0 0 0 1 50.318 46.25613500000001 14.0 0.037582 0.06006 2.0 0
0 0 0 1 55.574 58.23561000000001 57.0 1.9302e-06 0.019403 1.95 0
0 0 1 0 57.760000000000005 53.45858500000001 2.15 0.63805215 0.0 15.0 0
0 0 0 1 46.448499999999996 44.776898 4.0 0.31818 0.25155050000000007 6.75 0
0 1 1 1 39.93 30.5652 35.0 0.00029243 0.00145 1.0 0
0 1 0 0 49.409499999999994 45.4857 18.95 0.104422007003 0.10448600000000001 2.5 0
0 0 0 1 48.01049999999999 43.08674 1.0 0.70175 0.130524 6.05 0
1 0 0 0 50.86 47.658145000000005 19.65 0.05561900500000001 0.041152499999999995 1.9 0
0 0 1 0 48.8895 51.8 0.0 0.99648 0.0 1.0 0
0 0 1 0 50.5335 59.6364 1.0 0.70699 0.0 7.0 0
0 0 1 0 46.254 56.401025000000004 5.9 0.6651451235279999 0.0 7.0 0
0 0 0 1 57.568000000000005 55.359455000000004 74.0 3.9213e-08 0.00026999999999999995 1.7 0
0 0 0 1 50.88 46.871045 13.0 0.040215 0.20563199999999998 1.75 0
0 0 0 1 47.179 31.43 18.0 0.014875 0.00382 2.0 0
0 1 0 0 54.05 48.4127 22.6 0.0567895627 0.00255 1.0 0
1 0 0 0 60.0 59.99189 98.0 0.016234179471986653 4.2000000000000004e-05 1.85 0
1 0 0 0 58.09 58.732854999999994 21.0 0.0386487101487 0.08674150000000001 2.75 0
0 0 0 1 47.05149999999999 41.15372 5.0 0.28079 0.40489 2.0 0
0 1 1 0 46.254 56.401025000000004 5.9 0.6651451235279999 0.0 7.0 0
0 1 0 0 46.886 25.5 18.0 0.03369152500000001 0.02388 3.0 0
0 1 0 1 47.700500000000005 48.0824 18.0 0.012735 0.00928 1.0 0
0 0 0 1 47.665499999999994 46.834388000000004 4.0 0.34549 0.2337955 5.55 0
0 1 0 0 50.35447767066693 44.52678267539525 24.651144857041167 0.09658699853529934 0.10095995499099822 3.9706941388277657 0
0 1 0 0 50.35447767066693 44.52678267539525 24.651144857041167 0.09658699853529934 0.10095995499099822 3.9706941388277657 0
0 1 0 0 44.346999999999994 7.27273 8.05 0.22630904999999996 1.0 4.0 0
0 0 1 0 46.19 49.25748 11.0 0.063757 0.01224 4.0 0
0 0 0 1 52.9225 49.46895 48.0 1.4905e-05 0.021026500000000004 1.8 0
0 1 0 0 47.736000000000004 0.0 4.0 0.36646 1.0 2.0 0
0 1 1 1 50.889 59.5556 18.0 0.013784 0.01321 1.0 0
0 0 1 0 48.958 42.50708 17.85 0.038248553000000005 0.01806 2.0 0
1 0 0 0 60.0 59.99189 98.0 0.016234179471986653 4.2000000000000004e-05 1.85 0
0 0 0 1 43.954499999999996 44.579840000000004 14.0 0.032515 0.10411600000000001 2.65 0
0 0 1 0 50.319500000000005 45.076885 16.05 0.0952976595 0.00848 6.0 0
0 0 0 1 47.7995 46.981563 4.0 0.33868 0.13629700000000003 5.95 0
0 0 0 1 49.138999999999996 41.984157 18.0 0.013022 0.09110400000000002 2.35 0
0 0 0 1 49.494 50.53589999999999 15.0 0.026082 0.15933049999999999 1.95 0
0 0 0 1 55.18 45.623255 14.0 0.03662 0.10920749999999999 2.95 0
0 0 0 1 47.96 47.11732 19.0 0.01036 0.0833895 2.85 0
0 0 0 1 47.9585 47.09941499999999 26.0 0.0019971 0.00145 3.0 0
1 0 0 0 47.32 38.15184000000001 19.95 0.024941281141999998 0.051544 2.5 0
1 0 0 0 41.65 41.995865 16.65 0.14237602 0.17121 1.0 0
0 1 0 0 50.3075 40.6064 14.0 0.03453 0.0066 1.0 0
0 0 0 1 49.716 46.806270000000005 16.0 0.021405 0.07675299999999999 1.7 0
1 0 0 0 60.0 59.99189 98.0 0.016234179471986653 4.2000000000000004e-05 1.85 0
0 1 0 0 45.664 59.35 15.2 0.0540184275 0.03 2.0 0
0 0 0 1 45.626000000000005 47.00527999999999 28.0 0.0014518 0.051995 2.35 0
0 0 0 1 50.2 49.379704999999994 20.0 0.0085306 0.0479575 2.75 0
0 0 0 1 55.659000000000006 59.81685 99.0 1.1448e-10 0.0 1.95 0
0 1 0 1 53.266 61.4634 58.0 1.4941e-06 0.040593500000000005 3.05 0
0 0 0 1 40.429500000000004 59.795015 246.0 2.282e-25 0.0 1.95 0
0 0 0 1 50.19000000000001 47.93954500000001 13.0 0.040406 0.16770250000000003 2.55 0
0 0 0 1 49.059 40.22479 23.0 0.0046737 0.00442 3.0 0
1 1 1 0 60.0 60.0 172.0 5.9649e-18 0.0 1.0 1
0 0 0 1 45.85350000000001 45.13165500000001 13.0 0.047379 0.11718199999999998 2.55 0
0 0 0 1 50.590500000000006 44.399334999999994 24.0 0.0036002 0.05548749999999999 3.4 0
0 0 0 1 44.469500000000004 12.1186 8.0 0.14621 0.04145 1.0 0
0 0 1 1 50.893 40.968509999999995 18.0 0.013446 0.0063 2.0 0
0 0 0 1 47.2 41.11099000000001 19.0 0.011435 0.1062095 2.15 0
0 0 0 1 51.213499999999996 46.86032 23.0 0.0045351 0.096449 1.85 0
0 0 0 1 50.78 45.846213 16.0 0.020246 0.147243 2.9 0
0 0 0 1 52.225 49.558350000000004 48.0 1.5601e-05 0.0210365 1.75 0
0 0 0 1 47.42250000000001 44.064285000000005 3.0 0.40033 0.01234 2.0 0
0 0 0 1 34.75 38.588280000000005 75.0 3.1162e-08 0.0934205 1.9 0
0 0 1 0 55.61550000000001 48.1086795 9.15 0.47443429935699993 4e-05 9.0 0
0 0 0 1 51.286 46.312035 24.0 0.0033928 0.030407 2.55 0
0 0 1 0 39.98 39.53176499999999 25.4 0.07224021206055 0.00198 2.0 0
0 0 0 1 48.1565 49.9861 15.0 0.026207 0.167655 2.7 0
1 0 0 1 57.02 49.310745000000004 24.0 0.0032438 0.02012 4.0 0
0 0 1 0 57.7325 46.63334999999999 5.8 0.37584091499999994 0.0 29.0 0
0 0 0 1 54.47 43.445235000000004 14.0 0.034011 0.104959 3.05 0
0 0 0 1 48.688 37.670715 10.0 0.080248 0.151187 2.85 0
0 0 1 0 47.022000000000006 32.3465435 2.0 0.57894 0.09064 2.0 0
0 0 0 1 52.60699999999999 53.563625 49.0 1.0225e-05 0.016406499999999997 1.6 0
0 0 0 1 40.429500000000004 59.795015 255.0 0.0 0.0 1.95 0
0 0 0 1 34.32 30.46488 119.0 1.1946e-12 0.11620149999999999 1.7 0
0 0 0 1 54.545 57.16633 69.0 1.1865e-07 0.024713000000000002 2.55 0
0 0 0 1 47.232 33.630395 20.0 0.0094343 0.07646800000000001 3.5 0
0 0 0 1 48.567 45.177020000000006 18.0 0.014108 0.1171155 2.3 0
0 1 0 0 48.00450000000001 57.3867 19.75 0.12365415417999999 0.00024 1.0 0
0 0 0 1 45.128 44.21624 7.0 0.1701 0.1736155 5.3 0
0 0 0 1 45.99550000000001 41.637119999999996 17.0 0.017025 0.12185249999999996 1.8 0
0 1 1 0 47.572500000000005 48.711865 20.45 0.06512218579999998 0.05958 2.0 0
0 0 0 1 50.8435 45.149105000000006 14.0 0.034977 0.171513 2.95 0
0 0 0 1 49.322500000000005 43.84963499999999 15.0 0.028995 0.170428 1.95 0
0 0 1 1 50.51 42.238445 22.0 0.005223 0.00088 1.0 0
0 0 0 1 47.96150000000001 48.513231499999996 10.0 0.089594 0.14267749999999998 2.8 0
0 0 0 1 45.6635 48.1455 28.0 0.0015266 0.05137200000000001 2.05 0
1 1 1 0 60.0 60.0 74.0 3.629e-08 0.0 2.0 1
1 0 0 0 46.08 53.017129999999995 12.4 0.24825034049999997 0.06307 7.0 0
1 0 0 1 60.0 57.144705 49.0 1.1209e-05 0.0816505 2.9 1
0 1 0 1 45.098 41.9697 16.0 0.023549 0.04063 2.0 0
0 0 0 1 46.68299999999999 41.558755000000005 17.0 0.016878 0.10019449999999999 1.85 0
0 0 0 1 55.83 45.74340500000001 14.0 0.031948 0.113476 2.65 0
0 0 0 1 48.714999999999996 48.042989999999996 24.0 0.0032884 0.06709699999999999 2.45 0
0 0 0 1 49.910000000000004 45.17474 21.0 0.0071071 0.0601495 2.35 0
0 0 1 0 47.66600000000001 43.18138499999999 18.95 0.027847968499999997 0.00754 2.0 0
0 0 0 1 51.4005 49.713274999999996 32.0 0.00059389 0.046545 1.95 0
1 1 1 1 60.0 60.0 69.0 1.2155e-07 0.0 9.0 1
0 1 0 0 41.0325 0.0 4.35 0.5742076399999999 1.0 1.0 0
1 1 1 0 60.0 59.531 163.0 4.8908e-17 0.0 1.0 1
0 0 0 1 45.336 38.9302 28.0 0.0015506 0.01295 1.0 0
0 0 1 0 44.8055 34.67268 16.35 0.070442052 0.04281 1.0 0
0 0 0 1 51.859 43.64018 13.0 0.041478 0.07831099999999999 2.05 0
0 0 0 1 50.864000000000004 13.6061 19.0 0.011306 0.11473 1.0 0
0 0 0 1 45.96900000000001 56.3481 33.0 0.00047823 0.05385 3.0 0
0 1 1 0 57.747 59.9419 23.55 0.07370779952685 0.0 19.0 0
0 0 0 1 43.2595 35.334680000000006 5.0 0.25362 0.1949715 4.4 0
0 0 1 0 46.9255 44.031135000000006 5.0 0.30209 0.01057 2.0 0
0 0 0 1 48.851 39.43267000000001 10.0 0.099617 0.0972315 3.25 0
0 0 0 1 49.914 42.913734999999996 27.0 0.0018561 0.03188149999999999 2.4 0
0 0 0 1 50.254000000000005 45.378405 12.0 0.058423 0.12922899999999998 2.35 0
1 0 0 0 47.9 39.55714499999999 8.0 0.15787 0.13668199999999997 5.1 0
0 0 0 1 49.322500000000005 47.962050000000005 40.0 9.9376e-05 0.024267499999999997 2.3 0
0 0 1 0 47.7645 48.517335 1.0 0.76292 0.0 2.0 0
0 0 0 1 49.519999999999996 49.741465 17.0 0.019837 0.13831549999999998 1.6 0
0 0 0 1 51.4005 49.713274999999996 32.0 0.00061413 0.04898399999999999 1.8 0
1 0 0 1 38.0 42.0710735 13.0 0.048749 0.14907049999999997 2.85 0
0 1 1 0 48.02300000000001 54.8261 16.75 0.046709265 0.01851 2.0 0
1 0 0 0 48.17 41.840085 36.1 0.036318891025730354 0.03878550000000001 1.7 0
0 0 0 1 54.07649999999999 60.0 22.0 0.0055722 0.41056 2.0 0
0 0 0 1 48.14950000000001 55.8036 17.0 0.019942 0.34573 1.0 0
0 0 0 1 49.036 46.687025 15.0 0.026811 0.089072 2.05 0
0 0 1 0 54.028000000000006 60.0 9.0 0.11649 0.0 4.0 0
0 0 1 0 51.640499999999996 38.57554 17.7 0.103166197 0.00442 3.0 0
0 0 0 1 47.9435 47.16897999999999 8.0 0.13721 0.09464449999999999 3.2 0
0 0 1 0 55.8775 55.5 13.5 0.1747110371 0.0 22.0 0
0 0 0 1 49.116 45.695719999999994 24.0 0.0037533 0.0891275 2.25 0
0 0 0 1 50.2735 46.19929 23.0 0.0045566 0.098083 1.85 0
1 0 0 1 45.83 42.819485 20.0 0.009024 0.07272950000000002 2.0 0
0 0 0 1 47.407000000000004 54.5511 70.0 9.7508e-08 0.0 2.0 0
0 0 1 0 57.59100000000001 56.19512999999999 8.2 0.4717386793099999 0.00207 11.0 0
0 0 0 1 48.081 46.500835 22.0 0.0061755 0.12501050000000002 2.45 0
0 0 1 0 53.13399999999999 51.1463 14.6 0.150532629926 0.0001 27.0 0
0 0 0 1 50.506499999999996 51.02505999999999 12.0 0.055222 0.12219899999999999 5.05 0
0 0 0 1 49.5365 49.20246 19.0 0.011877 0.184421 1.9 0
0 0 0 1 47.833 46.75546 21.0 0.0067867 0.00213 3.0 0
0 0 0 1 40.429500000000004 59.795015 255.0 0.0 0.0 1.95 0
1 1 1 0 60.0 60.0 83.0 4.0506e-09 0.0 1.0 1
0 0 0 1 49.547000000000004 45.29028 14.0 0.034602 0.10327800000000001 3.2 0
0 1 0 1 40.6 34.3886 23.0 0.0046876 0.00392 2.0 0
0 0 0 1 56.21 52.25541 15.0 0.025979 0.143193 2.3 0
0 0 1 0 49.926 41.61597 0.0 1.0 0.0 10.0 0
0 0 0 1 46.24250000000001 43.537955 14.0 0.03355 0.1599085 1.9 0
0 0 0 1 47.6555 39.524829499999996 13.0 0.049148 0.08184 2.0 0
0 0 0 1 52.081 48.689589999999995 45.0 2.664e-05 0.0047175 2.45 0
0 0 1 0 57.7325 54.002815 11.5 0.3134485156785 0.0 19.0 0
0 0 0 1 57.05 50.031760000000006 31.0 0.00072038 0.00141 5.0 0
0 0 0 1 49.8035 60.0 14.0 0.038986 0.45987 2.0 0
0 0 1 0 57.760000000000005 53.45858500000001 2.15 0.63805215 0.0 15.0 0
0 0 0 1 47.241499999999995 50.45355 42.0 6.2488e-05 0.033758500000000004 3.45 0
0 0 1 1 49.8685 47.936365 32.0 0.0005964 0.00341 1.0 0
0 0 0 1 48.279 44.47891499999999 18.0 0.015705 0.0283135 1.9 0
1 0 0 0 58.39 58.80114999999999 21.5 0.04749673000343765 0.09360199999999999 3.0 0
1 0 0 0 60.0 59.99189 98.0 0.016234179471986653 4.2000000000000004e-05 1.85 0
0 0 0 1 49.044 58.3546 14.0 0.032838 0.1764675 1.9 0
0 0 0 1 56.763 59.795015 195.0 2.7383e-20 0.0 1.9 0
0 0 0 1 46.64150000000001 46.919773000000006 4.0 0.33766 0.0795105 5.55 0
0 0 0 1 51.076499999999996 42.82348499999999 13.0 0.040968 0.129831 2.4 0
0 0 0 1 47.7 54.2969 18.0 0.014523 0.00656 4.0 0
1 0 0 1 46.17 46.594924999999996 28.0 0.0013378 0.050112000000000004 2.45 0
1 0 0 0 52.24 36.088480999999994 9.0 0.12147 0.17935 2.0 0
0 0 0 1 46.09 36.0293875 10.0 0.097191 0.11196 2.0 0
0 0 0 1 47.921499999999995 53.4049 29.0 0.0010908 0.054578499999999995 2.5 0
1 1 1 0 60.0 60.0 94.0 3.2331e-10 0.0 1.0 1
0 0 1 0 58.302 52.8424 54.45 0.13475244650142015 0.0 2.0 0
1 0 0 0 55.62 57.29978999999999 21.15 0.024244525500000003 0.063029 2.0 0
0 0 1 0 48.919 41.826139999999995 14.9 0.08573562250000001 0.02876 1.0 0
0 0 0 1 49.8405 43.240695 18.0 0.01311 0.102037 2.9 0
0 0 0 1 40.429500000000004 59.795015 255.0 0.0 0.0 1.95 0
0 0 0 1 46.95 46.14162499999999 18.0 0.015073 0.143804 2.3 0
0 0 1 0 31.61 32.310855 9.0 0.12424 0.04205 1.0 0
0 0 0 1 48.558499999999995 43.492125 17.0 0.016688 0.08085200000000001 2.6 0
0 0 0 1 45.051 59.7083 28.0 0.001323 0.04895 2.0 0
0 0 1 0 46.622499999999995 45.713915 21.0 0.04274839044999999 0.00133 3.0 0
0 0 0 1 49.13400000000001 15.6897 27.0 0.0018433 0.02725 2.0 0
0 0 1 0 47.407000000000004 15.0 0.0 1.0 0.0 2.0 0
0 1 0 0 45.509 59.2624 11.0 0.068178 0.02014 2.0 0
0 0 0 1 35.22 45.473325 26.0 0.0021082 0.086169 2.65 0
0 0 0 1 48.37499999999999 28.2927 8.0 0.12733 0.1915575 3.0 0
0 0 0 1 46.35450000000001 43.122245 17.0 0.016812 0.10264250000000001 1.95 0
0 0 0 1 49.862500000000004 44.04445849999999 13.0 0.048076 0.18188200000000002 1.8 0
0 0 0 1 54.13 48.414245 13.0 0.042866 0.11219000000000001 2.3 0
0 1 0 1 47.38099999999999 47.338305 18.0 0.014649 0.00132 1.0 0
1 0 0 0 60.0 59.99189 98.0 0.016234179471986653 4.2000000000000004e-05 1.85 0
0 0 1 0 57.59100000000001 56.195130000000006 8.0 0.52057898881 0.0 11.0 0
0 0 0 1 46.388 47.853135 29.0 0.0011434 0.11951450000000004 1.75 0
0 0 0 1 46.44949999999999 48.306084999999996 17.0 0.016096 0.13609100000000002 3.95 0
0 0 0 1 45.102999999999994 36.927859999999995 33.0 0.00045518 0.02935 1.0 0
1 0 0 0 22.94 24.285625000000003 24.15 0.10393949499999999 0.23025 2.3 0
0 0 1 0 49.2295 48.185165 20.6 0.0743008728 0.05883 2.0 0
0 0 1 0 56.24 51.54443000000001 17.35 0.07064040094999999 0.07693 3.0 0
0 1 1 1 31.32 26.5976 23.0 0.0048896 0.00132 2.0 0
1 0 0 0 52.96 49.37003 17.45 0.036875517499999996 0.0490935 2.15 0
0 0 1 1 47.146499999999996 44.85147 26.0 0.0020179 0.00172 2.0 0
0 0 0 1 40.429500000000004 59.795015 255.0 0.0 0.0 1.95 0
0 0 1 1 46.557500000000005 38.38217999999999 9.0 0.12077 0.3167 1.0 0
0 0 0 1 48.48049999999999 44.407065 21.0 0.0063934 0.1114425 2.0 0
0 0 0 1 46.101000000000006 59.7574 20.0 0.0091404 0.00818 4.0 0
0 0 0 1 47.422999999999995 46.890918 4.0 0.34286 0.184862 5.4 0
0 0 0 1 50.9485 45.480785000000004 23.0 0.0041516 0.11540550000000001 1.6 0
0 0 0 1 47.978500000000004 50.84029 15.0 0.025815 0.09395300000000001 2.05 0
0 0 0 1 49.153499999999994 49.15729 38.0 0.000128 0.03589250000000001 2.5 0
1 0 0 0 49.1 37.524089999999994 7.0 0.17522 0.16165150000000003 4.5 0
0 0 0 1 47.036500000000004 43.492125 17.0 0.016747 0.116375 1.85 0
0 0 0 1 56.44 50.307385 14.0 0.032885 0.06168 3.0 0
0 1 1 0 56.199 54.8636 5.85 0.40277484999999996 0.00037 17.0 0
0 0 0 1 51.104 49.614125 16.0 0.024771 0.1310415 2.65 0
1 0 0 0 48.99 45.49715500000001 10.0 0.086172 0.10721699999999998 4.3 0
0 1 0 0 57.47 55.0833 15.6 0.07491899849999999 0.02574 4.0 0
1 0 0 0 12.06 45.16657 40.0 8.926e-05 0.0241615 3.45 0
1 0 0 0 47.82 40.147544999999994 16.45 0.11434697299999999 0.069011 1.55 0
0 0 0 1 46.4485 44.776898 4.0 0.32006 0.251597 6.8 0
1 0 0 0 47.3 39.415634999999995 15.8 0.08516975700000001 0.04505 1.0 0
0 0 1 1 45.531 50.05997000000001 25.0 0.0030399 0.02144 2.0 0
0 0 1 0 57.59100000000001 56.195130000000006 8.0 0.52057898881 0.0 11.0 0
0 1 0 0 45.09400000000001 7.0 7.0 0.17647 1.0 2.0 0
0 0 0 1 50.410999999999994 50.35537 13.0 0.040335 0.01838 2.0 0
0 0 0 1 47.3785 48.969485000000006 38.0 0.00015673 0.0376875 2.25 0
0 0 0 1 45.3245 41.96834499999999 3.0 0.48127 0.18383200000000005 5.55 0
0 0 0 1 47.1505 32.867380499999996 5.0 0.26667 0.188678 3.7 0
0 0 1 0 44.3005 41.012449999999994 9.5 0.204600038 0.58972 4.0 0
0 0 0 1 45.92 44.290800000000004 16.0 0.02407 0.097561 4.2 0
0 0 0 1 46.123000000000005 43.26683 9.0 0.10667 0.12758000000000003 3.85 0
1 0 0 0 50.81 47.454190000000004 19.55 0.0334475515 0.047229999999999994 1.85 0
0 0 0 1 44.852000000000004 43.937605000000005 14.0 0.039724 0.09316450000000001 2.45 0
0 0 0 1 52.15849999999999 60.0 19.0 0.012413 0.00715 2.0 0
0 0 1 0 49.926 41.615970000000004 0.0 0.97798 1e-05 10.0 0
0 0 0 1 49.171 49.2353 19.0 0.011083 0.0424 1.0 0
0 0 0 1 40.429500000000004 59.795015 255.0 7.00649e-45 0.0 1.95 0
0 1 0 0 50.35447767066693 44.52678267539525 24.651144857041167 0.09658699853529934 0.10095995499099822 3.9706941388277657 0
0 0 0 1 48.85 46.71777 43.0 4.9456e-05 0.016966500000000002 2.7 0
1 0 0 0 41.89 31.150404999999996 20.75 0.039993417545 0.06814700000000001 1.65 0
0 0 0 1 48.78 46.263745 38.0 0.00013503 0.04668099999999999 2.25 0
0 0 1 0 48.947 50.70869 57.0 1.995e-06 0.0 3.0 0
0 0 0 1 45.873000000000005 38.361149999999995 7.0 0.18301 0.23529 3.0 0
0 0 0 1 47.169 47.90412 4.0 0.37535 0.15621549999999998 4.05 0
1 1 1 1 60.0 60.0 34.0 0.0003184 0.00021 2.0 1
0 0 0 1 51.436 40.65474350000001 22.0 0.0056045 0.149215 1.8 0
0 0 0 1 46.266 33.426680000000005 9.0 0.10315 0.35615 2.0 0
0 0 0 1 47.9045 43.67629000000001 8.0 0.14046 0.10343050000000001 3.1 0
0 0 1 0 44.765 48.560050000000004 0.0 0.86275 0.00025 8.0 0
0 0 0 1 40.429500000000004 59.795015 255.0 2.2424000000000003e-29 0.0 1.95 0
0 1 0 0 55.317499999999995 55.6739 20.4 0.0738155170235 0.1027505 4.6 0
0 1 0 0 46.928999999999995 47.91856 11.0 0.076942 0.02616 2.0 0
0 1 0 0 48.0615 49.293009999999995 10.0 0.087008 0.11365650000000001 4.2 0
1 0 0 0 51.2 43.26739 23.0 0.0041218 0.131979 1.75 0
0 1 0 0 44.572500000000005 59.8991 6.8 0.51869095155 0.0 3.0 0
0 0 0 1 57.85999999999999 58.641875000000006 166.0 2.0023e-17 0.0 1.8 0
0 0 0 1 47.237500000000004 39.84261 22.0 0.0053271 0.08673649999999998 1.95 0
0 0 0 1 47.96150000000001 48.5132315 10.0 0.089706 0.15861350000000002 2.8 0
0 0 0 1 45.964 41.128835 9.0 0.11426 0.1411665 3.8 0
0 0 0 1 45.854000000000006 43.923610000000004 14.0 0.033691 0.1376075 2.55 0
0 0 0 1 43.7 47.075464999999994 16.0 0.024239 0.10542200000000002 3.3 0
0 0 1 0 49.328500000000005 53.727315 8.35 0.392381661 0.02974 8.0 0
0 0 0 1 49.84049999999999 43.240695 18.0 0.013119 0.102037 2.9 0
0 0 0 1 50.317 42.72288 18.0 0.013292 0.1137505 2.85 0
1 1 1 1 60.0 60.0 48.0 1.5781e-05 0.0 1.0 1
0 0 1 0 46.829 57.2039 21.2 0.199737370171 2e-05 2.0 0
0 0 0 1 49.519999999999996 49.741465 17.0 0.019843 0.13831549999999998 1.6 0
0 1 0 0 43.204499999999996 14.25 7.4 0.27210425 1.0 2.0 0
0 0 0 1 45.3335 40.472305000000006 18.0 0.014277 0.05304 1.0 0
0 0 0 1 59.159499999999994 58.381245 94.0 3.3319e-10 0.0 1.9 0
0 1 0 1 46.90850000000001 36.87845 34.0 0.00038507 0.05463 1.0 0
0 0 0 1 47.222500000000004 46.83133 23.0 0.0047232 0.019164999999999995 2.55 0
0 0 0 1 48.498 37.0010375 19.0 0.011841 0.15385 2.0 0
0 0 0 1 48.5005 48.94193 19.0 0.010484 0.054617000000000006 2.95 0
0 0 0 1 48.290000000000006 41.858180000000004 15.0 0.029714 0.2274605 2.05 0
0 0 0 1 43.836 42.323750000000004 13.0 0.046281 0.37904 2.0 0
0 0 1 1 45.826 36.36693 9.0 0.12387 0.08285 1.0 0
0 0 0 1 50.808499999999995 38.8123365 15.0 0.02649 0.21873 3.0 0
0 1 0 0 49.04549999999999 45.0563 17.6 0.12474228621800001 0.045072499999999995 5.45 0
0 0 0 1 47.4755 43.39381 6.0 0.23394 0.18210900000000002 3.25 0
0 1 0 0 41.421499999999995 33.4336 22.7 0.028700793369999998 0.025959500000000007 1.8 0
0 0 0 1 50.0595 41.423055 11.0 0.078576 0.0053 3.0 0
0 0 0 1 49.401 36.969015 6.0 0.20485 0.1047185 6.2 0
0 0 0 1 47.169 42.050667 4.0 0.393 0.159891 4.0 0
0 0 0 1 49.239 43.271583500000006 13.0 0.048364 0.1222905 3.25 0
0 0 0 1 47.986 43.492125 17.0 0.016693 0.08085200000000001 2.6 0
0 0 1 0 41.629 32.81557000000001 0.0 1.0 0.10564 1.0 0
0 0 0 1 49.422999999999995 37.783130500000006 19.0 0.011032 0.0484315 2.75 0
0 1 0 0 50.35447767066693 44.52678267539525 24.651144857041167 0.09658699853529934 0.10095995499099822 3.9706941388277657 0
0 0 1 0 57.7325 50.52250500000001 5.6 0.3696701000000001 2e-05 21.0 0
0 0 0 1 45.32449999999999 45.148044999999996 3.0 0.4888 0.1715875 7.6 0
0 0 0 1 49.301500000000004 41.43290499999999 24.0 0.003252 0.0494 1.0 0
0 0 0 1 45.882000000000005 39.08592 9.0 0.12121 0.0946 8.0 0
1 0 0 0 47.92 40.51182000000001 16.85 0.0858994425 0.06663200000000001 1.65 0
0 0 0 1 47.06249999999999 44.183415 13.0 0.043952 0.17402 2.0 0
0 0 0 1 52.351 60.0 18.0 0.015187 0.01981 3.0 0
0 0 0 1 45.813500000000005 46.95931 25.0 0.0025334 0.53429 1.0 0
0 0 0 1 45.32449999999999 45.148044999999996 3.0 0.49565 0.0940195 5.7 0
0 0 0 1 52.614 60.0 32.0 0.00061484 0.21638 1.0 0
0 0 1 0 49.38199999999999 42.3853 7.0 0.16363 0.00043 1.0 0
0 0 1 0 58.302 52.8424 54.45 0.13475244650142015 0.0 2.0 0
0 0 1 0 52.471000000000004 60.0 0.0 0.93335 0.0 4.0 0
0 0 1 0 50.40749999999999 45.189975000000004 7.0 0.17711 0.0 17.0 0
0 0 0 1 47.395 40.13791 13.0 0.048958 0.09507 2.0 0
0 0 1 0 44.50099999999999 36.53977 4.0 0.36462 0.14178 1.0 0
1 0 0 0 55.63 41.21508 10.0 0.097857 0.084945 4.05 0
0 0 0 1 40.429500000000004 59.795015 255.0 0.0 0.0 1.95 0
0 0 0 1 52.061 43.63162 22.0 0.0058695 0.0223 1.0 0
0 0 0 1 45.03 47.090225000000004 40.0 9.5526e-05 0.00762 1.0 0
0 0 0 1 51.859 44.011965000000004 13.0 0.041366 0.08218500000000001 2.3 0
0 0 0 1 51.166 60.0 26.0 0.0021391 0.09451 3.0 0
0 0 1 0 57.7325 47.21576 6.15 0.34756381500000005 0.00014 26.0 0
0 0 1 0 43.053 30.580417500000003 1.0 0.64115 0.30732 2.0 0
0 0 0 1 52.78 47.78291 16.0 0.024367 0.0906505 2.65 0
0 0 0 1 47.3415 44.400904999999995 24.0 0.0038659 0.14106349999999998 2.4 0
1 1 1 1 60.0 60.0 45.0 2.5439e-05 0.0 3.0 1
0 0 0 1 48.51499999999999 41.26783999999999 16.0 0.02284 0.068633 3.65 0
0 0 0 1 48.610499999999995 45.41214000000001 22.0 0.0060336 0.08817 2.25 0
0 1 0 0 48.841499999999996 23.02 37.0 0.00017714 0.00247 3.0 0
0 0 0 1 55.91 48.777675 12.0 0.059756 0.10731 6.0 0
0 0 0 1 46.295500000000004 41.36656000000001 6.0 0.23987 0.12473949999999998 6.2 0
0 0 1 0 57.760000000000005 53.45858500000001 2.15 0.63805215 0.0 15.0 0
0 0 0 1 48.279 44.47891499999999 18.0 0.015766 0.029111500000000002 1.95 0
0 0 0 1 46.062 41.208055 25.0 0.0028839 0.0761545 2.2 0
0 0 0 1 44.001999999999995 20.6311 17.0 0.017527 0.10679 4.0 0
0 0 0 1 49.248 46.806270000000005 16.0 0.021435 0.07684100000000002 1.7 0
0 0 0 1 48.0595 45.35647 21.0 0.0075298 0.1323315 3.75 0
0 0 0 1 47.489 59.9848 18.0 0.015496 0.03636 1.0 0
0 0 0 1 47.096500000000006 47.118480000000005 4.0 0.36161 0.26362700000000006 4.35 0
0 0 1 0 46.293000000000006 48.56356 42.0 5.2901e-05 0.00017 2.0 0
0 0 0 1 46.811 47.75483499999999 16.0 0.021121 0.11304949999999998 2.0 0
1 0 0 0 50.0 44.57851 24.65 0.026300962421500002 0.047289000000000005 2.0 0
0 0 0 1 51.101 46.784479999999995 14.0 0.037328 0.1065485 2.1 0
0 0 0 1 46.452999999999996 39.44694 20.0 0.0099252 0.01557 1.0 0
1 0 0 0 41.62 40.24628 10.0 0.08382 0.07404000000000001 3.95 0
0 0 0 1 50.31699999999999 48.269009999999994 27.0 0.0016706 0.0484445 1.9 0
1 0 0 1 52.82 40.46442 24.0 0.0032179 0.03201 1.0 0
0 0 0 1 57.314499999999995 59.997335 149.0 1.2312e-15 0.0 1.9 0
0 0 0 1 42.197500000000005 59.7883 33.0 0.00044875 0.23178 1.0 0
1 0 0 0 48.9 43.105255 16.2 0.04611691450000001 0.04228950000000001 2.15 0
0 0 0 1 50.08149999999999 51.584105 34.0 0.00037662 0.0347495 2.2 0
0 0 0 1 45.719 44.507308 16.0 0.020255 0.13412549999999998 2.65 0
0 1 1 0 44.4775 24.451 6.0 0.22113 0.02048 1.0 0
0 0 0 1 46.564 43.59316450000001 36.0 0.0002061 0.0417425 2.2 0
0 0 0 1 45.6635 48.1455 28.0 0.0015185 0.0459985 1.95 0
0 0 0 1 43.443 47.179935 5.0 0.29557 0.13899099999999998 5.1 0
0 0 1 1 50.923500000000004 43.62267000000001 10.0 0.088555 0.00104 1.0 0
0 0 0 1 49.2375 42.242617 18.0 0.01265 0.134853 2.2 0
0 0 0 1 47.8335 43.4712115 10.0 0.080354 0.46874 1.0 0
0 0 0 1 47.1545 34.824765 2.0 0.54746 0.1430365 4.9 0
0 0 1 0 57.7325 52.7124 7.0 0.3323796899999999 1e-05 20.0 0
0 0 0 1 60.91 49.316874999999996 11.0 0.070475 0.136759 5.25 0
0 0 1 0 53.01649999999999 60.0 8.0 0.13802 0.0 5.0 0
0 0 0 1 51.25600000000001 52.22311499999999 12.0 0.05418 0.10448900000000001 3.45 0
0 0 0 1 48.839 48.710645 38.0 0.00014097 0.0399625 2.3 0
0 0 0 1 46.963499999999996 41.780168 16.0 0.023288 0.17112 3.0 0
0 0 0 1 49.10449999999999 42.53210700000001 18.0 0.013081 0.10203699999999997 2.9 0
0 0 0 1 49.587 42.793045 20.0 0.0089134 0.0898485 1.65 0
0 1 0 1 48.416 48.57980500000001 16.0 0.024331 0.12156 2.35 0
0 0 0 1 44.8685 39.831540000000004 3.0 0.45455 0.112376 4.7 0
0 0 0 1 51.53750000000001 41.639126499999996 15.0 0.026034 0.20476 4.0 0
0 0 1 0 41.1205 23.007332 0.0 0.90486 0.20652 2.0 0
1 0 0 0 36.19 29.677464999999994 18.3 0.10453595645 0.0982915 1.45 0
0 0 0 1 34.72 42.6972145 36.0 0.0002341 0.08094950000000001 1.8 0
0 1 0 0 59.8845 60.0 51.4 0.13680397870097638 0.061791 2.85 0
0 0 0 1 44.61 33.0287 21.0 0.0069139 0.00077 2.0 0
0 0 0 1 49.951499999999996 46.712415 17.0 0.019224 0.00841 3.0 0
0 0 1 0 48.8895 56.0385 4.0 0.38016 0.0 1.0 0
0 0 0 1 48.732000000000006 47.167914999999994 13.0 0.045246 0.1288645 3.0 0
1 1 1 1 60.0 60.0 60.0 8.7056e-07 0.0 7.0 1
0 0 0 1 50.2085 41.610656500000005 15.0 0.027804 0.41969 3.0 0
0 0 0 1 46.822 43.537955 14.0 0.03349 0.159213 1.95 0
0 1 0 0 48.65 45.2459 21.3 0.04995875226800001 0.08561349999999998 2.0 0
0 0 0 1 48.329 47.214884999999995 43.0 4.6102e-05 0.009719500000000002 2.4 0
0 0 0 1 49.400999999999996 36.969015 6.0 0.20588 0.13211650000000003 5.4 0
0 0 1 0 46.0935 53.168944999999994 44.0 3.2363e-05 0.0043 11.0 0
0 0 0 1 49.322500000000005 47.96205 40.0 9.7535e-05 0.024267500000000004 2.3 0
0 0 0 1 49.138999999999996 41.984156999999996 18.0 0.013028 0.091104 2.35 0
0 0 0 1 46.4485 44.776898 4.0 0.32312 0.13238100000000003 5.05 0
0 0 1 0 47.40700000000001 22.3636 0.0 0.89263 2e-05 2.0 0
0 0 1 0 57.222500000000004 59.1972 4.7 0.5717499559999999 0.0 12.0 0
1 0 0 0 60.0 59.99189 98.0 0.016234179471986653 4.2000000000000004e-05 1.85 0
0 0 0 1 54.74 45.705765 22.0 0.0055974 0.02802 2.0 0
0 0 0 1 47.71499999999999 41.78466 20.0 0.0079934 0.06361 2.0 0
0 0 0 1 49.8475 44.070565 27.0 0.0018445 0.031769500000000006 2.5 0
1 0 0 0 60.0 59.99189 98.0 0.016234179471986653 4.2000000000000004e-05 1.85 0
0 1 0 0 47.177499999999995 35.08417 20.0 0.0093841 0.060190999999999995 3.35 0
0 0 0 1 45.6635 48.1455 28.0 0.0015363 0.053280499999999995 2.05 0
0 0 0 1 50.222 42.345825000000005 14.0 0.036016 0.11319449999999998 1.9 0
0 0 0 1 44.597500000000004 36.5397665 7.0 0.18357 0.141131 5.9 0
0 0 1 0 56.42750000000001 53.762635 3.5 0.677560634 0.0 10.0 0
0 0 0 1 45.753499999999995 45.447235 14.0 0.033765 0.1374375 3.3 0
1 0 0 0 53.96 52.853795000000005 18.45 0.075305060655 0.07080349999999999 2.0 0
1 0 0 0 52.45 41.155114999999995 5.0 0.27663 0.12118 1.0 0
0 0 1 0 45.728 36.916656499999995 20.3 0.017452718 0.01067 1.0 0
0 0 0 1 47.395 40.59648 13.0 0.049703 0.15385 3.0 0
0 0 0 1 49.88199999999999 43.326805 30.0 0.00099566 0.021703999999999998 1.8 0
1 0 0 0 43.38 41.644594999999995 13.5 0.15968686999999998 0.14887 2.0 0
0 0 0 1 51.2105 42.823485 13.0 0.041004 0.13426900000000003 2.45 0
1 0 0 0 60.0 59.99189 98.0 0.016234179471986653 4.2000000000000004e-05 1.85 0
0 0 0 1 56.12 37.524089999999994 7.0 0.175 0.1676235 3.8 0
0 0 0 1 48.536500000000004 47.052895 21.0 0.0076478 0.08025849999999998 2.65 0
0 1 0 0 48.059000000000005 29.898 27.0 0.001719 0.08323 1.0 0
0 0 0 1 50.925 42.22426 6.0 0.21169 0.48915 7.0 0
0 0 1 0 57.7325 47.254325 6.7 0.338877165 0.0 27.0 0
0 0 1 0 57.56 54.17863 3.7 0.5274955000000001 0.0 16.0 0
0 0 0 1 47.169 42.295435000000005 4.0 0.37936 0.136631 5.2 0
0 1 0 0 47.294 29.7727 22.65 0.016176598935 0.01831 1.0 0
0 0 0 1 51.452999999999996 49.614125 16.0 0.024864 0.1043205 2.45 0
1 0 0 0 51.06 49.062945 22.9 0.031926738605 0.028402999999999994 1.8 0
0 0 0 1 57.107499999999995 59.11505999999999 116.0 2.2151e-12 0.0 2.2 0
0 0 0 1 47.54550000000001 39.64856999999999 18.0 0.014499 0.12232600000000005 2.3 0
0 0 0 1 48.9315 47.6038 17.0 0.018616 0.09105549999999998 2.8 0
0 0 1 0 59.19500000000001 58.63666500000001 54.2 0.21766662893659486 0.0 3.0 0
0 0 0 1 46.732 42.26304499999999 20.0 0.0098786 0.049752000000000005 2.9 0
0 1 0 0 47.953 14.3333 14.8 0.10543540150000001 0.01471 6.0 0
0 0 0 1 46.24250000000001 43.537955 14.0 0.03356 0.1599085 1.9 0
1 1 1 1 60.0 60.0 27.0 0.0016828 0.0003 1.0 1
0 0 0 1 49.038 39.742475 6.0 0.24887 0.10353 3.0 0
0 0 1 0 51.33 36.236219999999996 15.1 0.143612245 0.04021 1.0 0
0 0 0 1 44.31 42.841435000000004 22.0 0.0050779 0.0518125 2.05 0
0 0 1 0 49.72449999999999 42.77017 24.65 0.06336978095000001 0.0009 1.0 0
0 0 0 1 48.081 46.500834999999995 22.0 0.0062274 0.12406100000000002 2.3 0
0 0 0 1 49.794000000000004 55.755 24.0 0.0036 0.08608 1.0 0
1 0 1 0 60.0 46.089275 16.7 0.08462651045 0.08862 1.0 1
0 0 0 1 47.169 42.050667000000004 4.0 0.383 0.0682085 5.0 0
0 0 0 1 49.103 44.17323 16.0 0.022357 0.09593049999999999 2.05 0
0 0 0 1 49.873000000000005 48.83781 40.0 8.2644e-05 0.0244635 2.85 0
0 0 0 1 51.859 44.29129 13.0 0.041598 0.08632 2.0 0
0 1 0 1 44.857 33.5849 28.0 0.001281 0.00135 1.0 0
0 1 0 0 55.613 53.5208 9.3 0.264247515 0.53899 14.0 0
0 0 0 1 44.55 47.021170000000005 25.0 0.0030298 0.00822 2.0 0
0 0 0 1 46.1595 41.8467135 13.0 0.049188 0.17243999999999998 1.55 0
0 0 0 1 47.208999999999996 45.261655000000005 35.0 0.00029284 0.010065000000000001 2.55 0
0 0 0 1 45.64 46.802355 15.0 0.030706 0.1633975 1.95 0
0 1 0 0 45.489000000000004 5.75 5.05 0.53243189 1.0 1.0 0
0 0 0 1 48.275999999999996 47.53085 21.0 0.007896 0.0696375 2.45 0
1 1 1 0 59.5 60.0 114.0 3.7765e-12 0.0 3.0 1
0 0 0 1 44.852 43.937605000000005 14.0 0.039603 0.09316450000000001 2.45 0
0 0 0 1 47.021499999999996 36.638577500000004 10.0 0.095042 0.30674 2.0 0
0 0 1 0 47.9315 59.8723 2.0 0.58843 0.0 6.0 0
0 0 0 1 47.638 32.816649999999996 20.0 0.0094041 0.05966049999999999 3.35 0
0 1 0 0 58.92 59.076049999999995 19.2 0.10806848865379 0.110791 2.2 0
0 0 0 1 50.2735 43.51050500000001 12.0 0.054832 0.66667 2.0 0
0 1 0 0 58.5735 59.4587 34.95 0.1999180057601897 0.034923499999999996 3.4 0
0 0 0 1 40.429500000000004 59.795015 255.0 0.0 0.0 1.95 0
0 0 0 1 46.985499999999995 43.708615 16.0 0.023941 0.15125650000000002 3.9 0
0 0 0 1 47.553000000000004 46.22976 19.0 0.012148 0.0545795 2.8 0
0 0 0 1 55.5265 54.66567 55.0 2.9023e-06 0.0042179999999999995 2.75 0
0 0 0 1 53.3405 52.292245 54.0 3.5838e-06 0.0039675 3.55 0
0 0 0 1 45.42399999999999 45.131654999999995 13.0 0.047239 0.12387 2.75 0
0 1 1 0 49.8165 37.1618 9.0 0.10423 0.00542 1.0 0
0 0 0 1 47.65850000000001 42.9167 13.0 0.047819 0.0979 1.0 0
0 1 0 0 38.76 32.8642 18.45 0.0652649273 0.01008 1.0 0
0 0 0 1 47.2895 47.1249 16.0 0.021245 0.0502 2.0 0
0 0 0 1 47.52649999999999 44.60123499999999 18.0 0.014905 0.02675 1.0 0
0 0 0 1 40.429500000000004 59.795015 255.0 0.0 0.0 1.95 0
0 0 1 0 44.553 32.982225 16.5 0.06825539199999998 0.04349 1.0 0
1 0 0 0 38.67 29.712722500000005 22.1 0.05804609780900001 0.0781465 1.65 0
0 0 0 1 40.429500000000004 59.795015 255.0 6.1653e-37 0.0 1.95 0
0 0 0 1 56.25 45.323375000000006 14.0 0.035062 0.04034 2.0 0
0 0 0 1 48.949 44.834405000000004 14.0 0.03564 0.098663 2.1 0
0 1 0 0 50.35447767066693 44.52678267539525 24.651144857041167 0.09658699853529934 0.10095995499099822 3.9706941388277657 0
1 0 0 0 40.68 29.236694999999997 19.8 0.050677508 0.10606199999999999 2.1 0
0 0 0 1 48.37 37.84825 3.0 0.41846 0.43144 1.0 0
0 0 0 1 49.017 42.420115 18.0 0.013928 0.094836 1.7 0
1 0 0 0 57.38 60.0 3.0 0.48155 0.43761 1.0 0
0 0 0 1 50.708999999999996 48.19008 21.0 0.0073276 0.00942 2.0 0
1 0 0 0 43.17 33.396150000000006 19.1 0.06696887900000001 0.109959 2.45 0
0 0 1 0 55.5875 60.0 0.0 1.0 0.0 9.0 0
1 0 0 0 60.0 59.99189 98.0 0.016234179471986653 4.2000000000000004e-05 1.85 0
0 0 0 1 47.18550000000001 42.744223 16.0 0.023059 0.0261 1.0 0
0 0 0 1 46.580000000000005 43.708615 16.0 0.02401 0.1275525 3.8 0
0 0 0 1 47.169 42.050667 4.0 0.39348 0.1840025 3.75 0
0 0 0 1 49.11099999999999 49.24594 17.0 0.01926 0.12542000000000003 1.9 0
0 0 0 1 44.620999999999995 46.49284 17.0 0.01778 0.077804 4.05 0
0 0 0 1 50.75 39.748875000000005 16.0 0.023293 0.058959000000000004 3.3 0
0 0 0 1 43.7655 40.137750000000004 3.0 0.40157 0.12068550000000003 4.35 0
1 0 0 0 55.61 57.29978999999999 20.35 0.024545039499999997 0.06593750000000001 1.9 0
0 0 1 0 49.85850000000001 50.148395 0.0 0.99603 0.00051 3.0 0
0 0 1 0 47.764500000000005 48.517335 1.0 0.75411 2e-05 2.0 0
0 0 0 1 45.6635 47.97799 28.0 0.0014706 0.0366335 2.05 0
0 0 0 1 50.285000000000004 49.549744999999994 17.0 0.019481 0.13175150000000002 1.7 0
0 0 0 1 48.275999999999996 47.53085 21.0 0.0077039 0.079018 1.75 0
0 0 0 1 49.494 50.5359 15.0 0.026052 0.16005149999999999 2.0 0
0 0 1 0 50.15 53.746480000000005 11.0 0.076923 2e-05 12.0 0
0 0 0 1 51.425 60.0 16.0 0.02031 0.03373 1.0 0
1 0 0 0 39.82 30.300645000000003 38.2 0.022620550750000096 0.044621499999999995 1.8 0
0 0 0 1 42.585 39.2871 3.0 0.43933 0.17348199999999997 2.45 0
1 0 0 0 37.7 34.7303 8.0 0.12674 0.2173755 3.05 0
0 0 1 0 49.152 48.57385 22.0 0.0054163 0.0 1.0 0
0 1 0 1 45.440999999999995 37.81796 9.0 0.11654 0.1282085 4.05 0
0 0 0 1 44.6895 39.759694999999994 7.0 0.17576 0.187861 3.7 0
0 0 1 0 44.4995 54.660865 1.0 0.66034 0.08034 7.0 0
0 0 0 1 44.432500000000005 41.59264 17.0 0.017389 0.118126 2.0 0
0 0 0 1 50.41949999999999 60.0 13.0 0.043111 0.3142 2.0 0
1 0 0 1 57.71 49.09214 17.0 0.01644 0.0869355 3.05 0
0 0 0 1 48.6775 43.6567 16.0 0.021755 0.11809449999999999 1.9 0
1 0 0 0 60.0 59.99189 98.0 0.016234179471986653 4.2000000000000004e-05 1.85 0
0 0 0 1 49.799499999999995 45.86222 30.0 0.00081384 0.05577399999999999 2.25 0
0 0 0 1 49.882 43.612455000000004 30.0 0.00090654 0.0393965 2.0 0
0 0 1 0 57.7325 52.7124 8.7 0.32098735165000003 0.0 20.0 0
0 0 0 1 48.967499999999994 46.2436 14.0 0.038345 0.130306 2.5 0
0 0 1 0 56.50750000000001 55.33380999999999 39.6 0.27223963912045207 0.0 4.0 0
0 0 0 1 46.45700000000001 47.601845000000004 17.0 0.017813 0.00866 3.0 0
0 0 0 1 58.17 51.30905 19.0 0.010457 0.04771850000000001 3.05 0
0 0 0 1 52.60699999999999 53.563625 49.0 1.0568e-05 0.017619499999999996 1.6 0
0 0 0 1 45.07699999999999 46.49284 17.0 0.017808 0.069634 3.95 0
0 0 0 1 48.779999999999994 45.934715000000004 13.0 0.041876 0.11389149999999999 2.0 0
0 0 1 0 48.513 48.165150000000004 20.45 0.11934966129999999 0.05758 2.0 0
0 0 0 1 58.4 42.878705 27.0 0.0017208 0.07035899999999999 2.4 0
0 0 0 1 52.44750000000001 42.9396935 22.0 0.0057344 0.10329450000000003 1.9 0
0 1 0 1 47.82899999999999 38.088274999999996 18.0 0.014762 0.050756 1.85 0
0 0 0 1 47.5625 44.026855 16.0 0.024199 0.12747400000000003 3.15 0
0 0 1 0 24.21 50.797245000000004 10.9 0.14077969999999998 0.77499 8.0 0
0 1 0 0 49.2645 29.0966 24.0 0.0033707 0.00238 2.0 0
1 0 0 0 60.0 59.99189 98.0 0.016234179471986653 4.2000000000000004e-05 1.85 0
0 0 1 0 50.1555 48.856825 24.0 0.003612 0.0 17.0 0
0 0 0 1 57.19199999999999 59.938914999999994 118.0 1.3709e-12 0.0 2.4 0
0 0 1 0 29.32 44.27588999999999 5.0 0.26538 0.03033 2.0 0
0 0 0 1 50.843500000000006 45.149105000000006 14.0 0.034965 0.1638085 2.95 0
0 0 1 0 57.760000000000005 53.102999999999994 4.4 0.598075439 0.0 13.0 0
0 0 0 1 50.58 39.69923000000001 18.0 0.013706 0.09625500000000001 1.8 0
0 0 0 1 45.67050000000001 40.50163 14.0 0.039087 0.17022500000000002 2.55 0
0 0 0 1 51.212 48.354684999999996 12.0 0.052103 0.12759700000000002 3.5 0
0 0 0 1 49.913999999999994 44.57084 27.0 0.0018756 0.024432 2.45 0
0 0 1 0 44.594 34.90077 16.45 0.06889634199999999 0.04383 1.0 0
0 0 0 1 47.80800000000001 44.91764 13.0 0.045809 0.12571899999999997 2.95 0
0 0 0 1 49.102999999999994 42.93106 16.0 0.022395 0.10421450000000002 2.15 0
0 1 0 1 47.8335 48.286109999999994 29.0 0.0010519 0.0465525 2.1 0
1 0 0 0 57.57 59.7017 2.0 0.5146 0.18101 1.0 0
0 0 1 0 26.44 30.270849 7.0 0.17459 0.52419 1.0 0
0 0 0 1 49.8155 43.0574465 15.0 0.027941 0.00859 2.0 0
0 0 1 0 45.647499999999994 38.617830000000005 7.0 0.19657 0.02716 1.0 0
0 0 0 1 51.859 43.64018 13.0 0.04144 0.07819199999999998 2.3 0
0 0 0 1 48.096999999999994 49.02478 21.0 0.0070552 0.02439 2.0 0
0 0 0 1 43.7375 50.411875 13.0 0.046546 0.151567 3.3 0
0 0 0 1 51.213499999999996 46.860319999999994 23.0 0.0045306 0.0972045 1.9 0
0 0 0 1 48.665 48.836875 15.0 0.026443 0.11987600000000001 2.8 0
0 0 0 1 46.42499999999999 41.050555 14.0 0.034231 0.1080305 1.8 0
0 1 0 0 56.397000000000006 57.8462 14.55 0.2669747391487 0.10260149999999998 5.35 0
0 0 1 1 51.36999999999999 44.457505 13.0 0.041717 0.04239 2.0 0
0 0 1 0 51.992 41.344335 16.0 0.10557369700000001 0.00414 3.0 0
0 1 0 0 35.6625 0.0 4.05 0.6211383300000001 0.9 1.8 0
0 0 1 0 49.939499999999995 49.35391500000001 12.0 0.059589 0.01122 7.0 0
0 0 0 1 48.055 45.38265 2.0 0.62169 0.139257 3.55 0
0 0 0 1 47.7235 47.052895 21.0 0.0076342 0.09266649999999998 2.75 0
0 0 0 1 45.999 35.038475 7.0 0.17625 0.4393 2.0 0
0 0 0 1 47.86 44.01357 13.0 0.043679 0.05182 2.0 0
0 0 0 1 47.928 45.13709849999999 13.0 0.048436 0.12806450000000003 3.05 0
0 0 0 1 47.994 41.03565 18.0 0.01442 0.119757 2.0 0
0 0 1 0 48.102000000000004 48.00094 23.0 0.0046161 0.00225 1.0 0
0 0 0 1 49.2415 60.0 36.0 0.00024139 0.0498 2.0 0
0 0 1 0 57.59100000000001 56.195130000000006 8.0 0.52057898881 0.0 11.0 0
0 0 0 1 58.54350000000001 60.0 24.0 0.0031775 0.17426499999999998 3.15 0
0 1 0 0 49.88199999999999 43.597905000000004 30.0 0.00092403 0.012042999999999998 2.05 0
0 0 0 1 47.725500000000004 44.61087150000001 10.0 0.099672 0.23297 8.0 0
1 0 0 0 53.71 52.57301 20.1 0.0305058442 0.044391 2.1 0
0 0 0 1 53.12 47.2395815 32.0 0.00060372 0.0670945 1.5 0
0 1 0 0 49.14149999999999 46.61515 12.0 0.058925 0.02006 1.0 0
0 0 0 1 50.368 47.955020000000005 20.0 0.0080056 0.0866085 2.0 0
1 0 0 0 60.0 59.99189 98.0 0.016234179471986653 4.2000000000000004e-05 1.85 0
0 1 1 0 49.540000000000006 60.473 22.45 0.20981386814926 9e-05 4.0 0
0 0 0 1 44.628499999999995 40.937844999999996 50.0 9.8657e-06 0.01788 1.0 0
0 0 0 1 46.1315 45.722494999999995 11.0 0.078571 0.116231 2.8 0
0 0 0 1 47.959 42.34141 20.0 0.0089413 0.08984849999999997 1.65 0
0 0 0 1 56.763 58.60997 177.0 1.9412e-18 0.0 1.9 0
0 0 0 1 46.0565 40.180625 8.0 0.12627 0.21835 3.0 0
0 0 0 1 50.08149999999999 51.584105 34.0 0.000392 0.0347495 2.2 0
0 0 0 1 45.339999999999996 49.45458 13.0 0.042872 0.1119475 2.35 0
1 1 1 0 60.52 60.0 110.0 8.0353e-12 0.0 2.0 1
0 0 0 1 47.993 40.8976825 25.0 0.0031137 0.10614100000000001 2.2 0
0 0 0 1 47.448 42.92539000000001 22.0 0.0051522 0.0317335 2.15 0
0 0 0 1 43.63 32.87952 255.0 0.0 0.105033 2.05 0
0 1 0 0 54.51099999999999 55.1341 16.5 0.14141348559999997 0.038150500000000004 4.45 0
0 0 0 1 44.8445 32.0979355 5.0 0.2652 0.20888150000000003 3.9 0
0 0 0 1 48.51499999999999 41.26783999999999 16.0 0.022843 0.068633 3.65 0
0 0 0 1 44.852 43.937605 14.0 0.039362 0.07975249999999999 3.35 0
0 0 1 0 44.65 42.373095 16.25 0.142200608 0.00198 1.0 0
0 1 0 0 50.35447767066693 44.52678267539525 24.651144857041167 0.09658699853529934 0.10095995499099822 3.9706941388277657 0
0 0 0 1 47.324 48.789615000000005 19.0 0.010568 0.06816849999999999 1.9 0
0 0 0 1 49.914 44.57084 27.0 0.0019628 0.027532499999999998 2.1 0
1 0 0 0 58.62 58.872024999999994 14.35 0.12568669500000001 0.10673300000000001 3.4 0
0 0 0 1 49.421499999999995 50.631249999999994 15.0 0.026021 0.142485 2.35 0
0 0 1 0 44.76499999999999 46.35352499999999 0.0 1.0 0.0 8.0 0
0 0 0 1 49.52 49.741465 17.0 0.019813 0.13831549999999998 1.6 0
0 1 0 1 49.632999999999996 59.7385 55.0 3.1155e-06 0.0 3.0 0
0 0 0 1 49.611999999999995 43.36475500000001 14.0 0.036232 0.10540849999999999 1.8 0
0 1 0 1 51.0995 52.8256 14.0 0.033079 0.17297899999999997 2.85 0
1 0 0 0 48.2 42.47718999999999 35.85 0.03969464102573035 0.0513755 1.8 0
0 0 0 1 48.135 42.968469999999996 15.0 0.029088 0.21156200000000003 2.55 0
0 1 0 1 49.52400000000001 28.5 17.0 0.016028 0.04083 3.0 0
0 1 0 0 50.716 47.59144 12.0 0.060058 0.107043 5.2 0
0 0 1 0 57.7325 52.7124 8.7 0.32098735165000003 0.0 20.0 0
0 0 0 1 48.18599999999999 46.307959999999994 24.0 0.0039525 0.02102 3.0 0
0 0 0 1 46.4665 44.038065 23.0 0.0048078 0.056476500000000006 2.4 0
0 0 0 1 49.14999999999999 41.19798999999999 18.0 0.014192 0.09100250000000001 2.3 0
0 0 0 1 51.8045 45.056395 13.0 0.040436 0.3991 1.0 0
1 1 1 0 60.0 60.0 134.0 3.5355e-14 0.0 2.0 1
0 1 0 0 38.21 29.018147499999998 34.05 0.035474632778999995 0.144094 2.1 0
1 0 0 0 37.99 41.64520649999999 13.05 0.13429335999999997 0.29579 3.0 0
0 0 0 1 47.808 46.192235000000004 13.0 0.045797 0.125719 2.95 0
0 0 1 1 48.39 51.1273 8.0 0.15737 0.04457 4.0 0
0 0 0 1 45.12799999999999 40.05806 7.0 0.1713 0.15481550000000002 5.7 0
0 0 1 0 44.49900000000001 53.069045 1.0 0.73394 0.00729 7.0 0
1 0 0 0 60.0 59.99189 98.0 0.016234179471986653 4.2000000000000004e-05 1.85 0
0 0 0 1 47.64399999999999 38.493575 9.0 0.12384 0.38012 23.0 0
0 0 0 1 47.658 39.01322999999999 22.0 0.005374 0.1077485 2.0 0
1 0 0 0 38.27 43.851620000000004 21.5 0.020388334449999997 0.03762 1.0 0
0 0 0 1 47.9275 36.88993000000001 9.0 0.10359 0.11570900000000002 3.45 0
0 1 0 1 48.86149999999999 27.0578 34.0 0.00032968 0.01646 4.0 0
0 0 0 1 46.44949999999999 48.306084999999996 17.0 0.016034 0.1495895 3.95 0
0 0 0 1 45.103500000000004 33.88976649999999 7.0 0.18301 0.12041349999999999 5.5 0
1 0 0 1 51.76 50.26771 11.0 0.077537 0.083135 3.9 0
0 0 1 0 50.676500000000004 56.459 0.0 0.87543 0.0 16.0 0
0 0 0 1 51.7605 60.0 29.0 0.0010987 0.00069 4.0 0
0 0 0 1 49.8455 46.313665 26.0 0.0023671 0.09493 2.55 0
1 0 0 0 42.38 30.779295 32.6 0.0190912832 0.08218 2.15 0
0 0 1 0 47.727500000000006 45.938235 19.3 0.14102139404999997 0.00092 2.0 0
0 0 1 0 47.764500000000005 48.517334999999996 0.0 0.95415 0.0 2.0 0
0 0 0 1 50.31699999999999 46.468695 27.0 0.0017651 0.062159 2.45 0
0 0 0 1 48.028999999999996 50.531819999999996 39.0 0.0001186 0.052817499999999996 2.1 0
0 0 0 1 46.047999999999995 44.153055 13.0 0.04264 0.24497 2.0 0
0 0 0 1 46.2615 49.59609999999999 17.0 0.016271 0.070022 1.8 0
0 0 0 1 50.96399999999999 41.768976499999994 15.0 0.027328 0.02489 2.0 0
0 1 1 1 43.54 33.6623 20.0 0.0096451 0.00972 2.0 0
0 1 0 0 54.51099999999999 55.1311 15.85 0.17734713559999998 0.038150500000000004 4.45 0
1 0 0 1 49.16 50.47355499999999 16.0 0.024596 0.10818449999999999 2.35 0
0 0 0 1 49.882 43.32680500000001 30.0 0.00094175 0.018840499999999996 1.85 0
0 0 0 1 52.387 44.560785 23.0 0.0044168 0.11874799999999999 2.35 0
0 0 1 1 41.59 46.28875999999999 19.0 0.01036 0.02299 3.0 0
0 0 0 1 50.368 47.955020000000005 20.0 0.0080968 0.08033300000000002 1.9 0
0 1 0 0 52.276499999999984 49.2115 4.1 0.51504255 0.00271 16.0 0
0 0 0 1 58.54350000000001 60.0 11.0 0.073354 0.19533849999999997 2.55 0
1 0 1 0 43.11 50.582845 16.7 0.10001511784999999 0.00473 6.0 0
0 0 0 1 47.66 46.479675 19.0 0.011585 0.113293 2.1 0
1 0 0 0 57.53 58.0333 5.0 0.27582 0.15011 1.0 0
0 0 0 1 48.279 44.478915 18.0 0.015572 0.060592499999999994 1.45 0
0 0 1 0 50.364999999999995 49.3462 24.0 0.0035644 0.0 9.0 0
0 0 1 0 47.327 47.88796 3.0 0.48718 0.0 11.0 0
0 0 1 0 44.3895 39.338 0.0 0.96274 6e-05 9.0 0
0 0 0 1 47.181 43.414895 18.0 0.014839 0.066634 2.0 0
1 0 0 0 47.68 40.147544999999994 18.85 0.04869828899999999 0.09193699999999999 1.6 0
0 0 0 1 50.227000000000004 36.3550125 19.0 0.010786 0.18093 2.0 0
0 0 0 1 48.0015 43.8363605 19.0 0.010806 0.0974845 2.0 0
0 0 0 1 43.938500000000005 46.92425000000001 13.0 0.046673 0.13661049999999997 3.65 0
0 0 0 1 46.548500000000004 49.59609999999999 17.0 0.016268 0.070022 1.8 0
0 0 0 1 50.797 31.8571 14.0 0.037944 0.145374 3.6 0
0 0 0 1 53.327999999999996 47.431065000000004 47.0 1.6461e-05 0.025160500000000002 1.6 0
1 0 0 0 52.79 49.061995 19.05 0.051684909050000005 0.0340705 2.1 0
0 0 0 1 46.309999999999995 41.3518535 13.0 0.049128 0.16525600000000001 1.7 0
0 0 1 0 47.407000000000004 21.9286 1.0 0.7741 0.0 2.0 0
1 0 0 0 58.59 58.922025 14.45 0.12562069999999997 0.09877099999999998 3.45 0
0 0 0 1 49.4865 41.85818 15.0 0.029743 0.22705799999999998 1.9 0
0 0 1 0 44.76499999999999 46.35352499999999 0.0 1.0 0.0 8.0 0
0 0 0 1 48.416 48.57980500000001 16.0 0.024343 0.12236349999999999 2.45 0
0 0 0 1 49.732499999999995 49.384641499999994 15.0 0.027247 0.09587799999999999 2.45 0
1 1 1 0 60.0 60.0 101.0 7.1839e-11 0.0 4.0 1
0 0 0 1 46.397499999999994 37.481235 20.0 0.0091482 0.11921 1.0 0
0 0 0 1 45.0415 42.6057 13.0 0.049421 0.142158 1.7 0
0 0 1 0 47.4405 49.60709 13.7 0.11340256200000001 0.46968 1.0 0
0 0 1 0 43.45700000000001 38.456675000000004 1.0 0.78106 0.21557 1.0 0
0 0 0 1 32.5 47.61699 21.0 0.0077744 0.00465 2.0 0
1 0 0 0 60.0 59.99189 98.0 0.016234179471986653 4.2000000000000004e-05 1.85 0
0 0 0 1 50.308 47.227594999999994 14.0 0.035234 0.139207 2.65 0
0 0 0 1 48.812999999999995 44.98228 8.0 0.13059 0.15972250000000002 3.2 0
0 0 0 1 49.12949999999999 45.77901 15.0 0.026608 0.1031195 2.45 0
0 0 0 1 49.322500000000005 47.96205 40.0 9.2528e-05 0.024267500000000004 2.3 0
0 0 1 0 59.19500000000001 58.63666500000001 54.2 0.21766662893659486 0.0 3.0 0
0 0 1 1 47.3865 34.31737999999999 20.0 0.0096262 0.3926 2.0 0
0 0 0 1 51.225999999999985 60.0 29.0 0.0011102 0.00853 4.0 0
1 1 1 0 60.0 60.0 75.0 2.5165e-08 0.0 1.0 1
1 1 1 0 60.0 60.0 97.0 1.8456e-10 0.0 1.0 1
1 0 0 0 60.0 59.99189 98.0 0.016234179471986653 4.2000000000000004e-05 1.85 0
0 0 0 1 49.868500000000004 46.8824 23.0 0.0045163 0.06044250000000001 1.95 0
0 0 0 1 48.989 46.659515000000006 31.0 0.00067904 0.0234315 2.05 0
0 0 0 1 50.616 18.0 23.0 0.0043724 1.0 3.0 0
1 0 0 0 52.23 48.35047 27.6 0.09045432849999999 0.054391 2.1 0
0 0 0 1 42.82 38.65058499999999 23.0 0.0041399 0.05599 1.0 0
0 0 1 0 47.764500000000005 40.29332 0.0 1.0 0.0 2.0 0
0 1 0 0 43.854 13.0345 7.0 0.18673 0.17794350000000003 3.35 0
0 0 0 1 49.9125 46.59592 12.0 0.056777 0.1116585 3.75 0
0 1 0 0 48.369 43.2727 22.3 0.0403011294635 0.0736845 3.65 0
0 0 1 0 48.27550000000001 40.815725 7.0 0.16991 0.0485 2.0 0
0 0 1 0 59.947500000000005 58.182465 81.15 0.05852936627391324 0.0 1.0 0
0 0 0 1 47.638000000000005 43.6567 16.0 0.021821 0.11536049999999998 1.95 0
0 0 0 1 40.429500000000004 59.795015 255.0 0.0 0.0 1.95 0
0 0 0 1 50.948499999999996 45.07096 23.0 0.0041178 0.09095 1.85 0
1 0 0 0 47.01 39.08172499999999 19.1 0.06089724570950002 0.054111000000000006 2.35 0
0 0 0 1 45.719 44.507308 16.0 0.020234 0.13412549999999998 2.65 0
1 1 1 0 60.0 60.0 85.0 2.8986e-09 0.0 1.0 1
0 0 1 1 48.80999999999999 45.016495 40.0 8.3828e-05 0.00033 1.0 0
0 0 0 1 50.8085 46.040045000000006 14.0 0.035078 0.00392 1.0 0
0 0 0 1 49.5415 45.591210000000004 14.0 0.035717 0.1425005 2.1 0
0 0 1 1 47.4525 41.242464999999996 13.0 0.04883 0.00775 2.0 0
0 0 0 1 49.17999999999999 46.82012 14.0 0.033492 0.0441 1.0 0
0 0 0 1 48.099000000000004 46.65316500000001 41.0 7.4664e-05 0.00593 2.0 0
0 0 0 1 51.16700000000001 27.15 13.0 0.041411 0.20559 1.0 0
0 0 0 1 45.55650000000001 49.124849999999995 13.0 0.042678 0.17053749999999995 2.5 0
0 0 0 1 48.18899999999999 41.8023875 25.0 0.0029543 0.05956750000000001 2.35 0
0 0 1 0 47.882999999999996 49.2074 9.0 0.10456 0.0077 2.0 0
0 0 0 1 56.23 45.74182500000001 14.0 0.038234 0.138155 2.85 0
0 1 1 0 49.51 59.2381 17.35 0.14829866905000003 0.00714 4.0 0
1 0 0 0 47.99 37.596806 8.0 0.14779 0.1066 2.0 0
1 1 1 0 60.0 60.0 113.0 4.4565e-12 0.0 2.0 1
0 1 0 1 45.1755 45.7029 25.0 0.0025184 0.07947699999999999 4.5 0
0 0 0 1 46.9955 37.3839 29.0 0.0010143 0.00029 2.0 0
0 0 0 1 50.672999999999995 49.3461315 32.0 0.00050152 0.048634500000000004 2.05 0
0 0 0 1 48.48049999999999 44.407065 21.0 0.0063455 0.11144250000000003 2.0 0
0 0 0 1 45.460499999999996 38.0803365 7.0 0.19151 0.179364 4.1 0
0 0 1 0 46.254 56.401025000000004 5.9 0.6651451235279999 0.0 7.0 0
1 0 0 0 45.72 37.130365 15.65 0.06973245 0.048365500000000006 1.95 0
0 0 0 1 47.448 43.722435000000004 22.0 0.0052334 0.037591000000000006 2.05 0
0 0 0 1 48.02300000000001 49.359660000000005 19.0 0.010508 0.06161399999999999 2.95 0
1 0 0 0 55.28 40.93614 5.0 0.27486 0.23907 1.0 0
1 0 0 0 60.0 59.99189 98.0 0.016234179471986653 4.2000000000000004e-05 1.85 0
0 0 0 1 49.150999999999996 40.503510000000006 26.0 0.0022906 2e-05 0.0 0
0 0 0 1 50.314 60.0 17.0 0.017234 0.1332 1.0 0
0 0 1 0 51.028999999999996 49.23259 49.0 1.0388e-05 1e-05 1.0 0
0 0 0 1 48.6725 42.78259499999999 16.0 0.022485 0.12530049999999998 2.85 0
0 0 0 1 48.663 49.614125 16.0 0.024556 0.07936299999999999 2.4 0
0 0 1 0 55.61550000000001 43.497504500000005 14.7 0.4667203782345001 0.00108 9.0 0
0 0 0 1 52.532000000000004 45.194689999999994 20.0 0.0086852 0.052662999999999995 2.3 0
0 0 0 1 52.33 51.92805499999999 66.0 2.2356e-07 0.024507 2.35 0
1 0 0 0 38.88 30.380642500000004 17.25 0.05184182500000001 0.070094 1.4 0
0 0 0 1 56.1915 58.78884000000001 158.0 1.3329e-16 0.0 1.9 0
0 1 1 0 44.173 24.209 7.0 0.19078 0.0095 1.0 0
0 0 0 1 45.6255 41.9355 5.0 0.28571 0.14268500000000003 5.55 0
0 0 1 0 52.545 59.3944 0.0 0.89664 0.0 8.0 0
0 0 0 1 48.536500000000004 47.052895 21.0 0.0076474 0.08025849999999998 2.65 0
0 0 0 1 49.400999999999996 36.969015 6.0 0.20946 0.167244 5.3 0
0 1 0 0 45.3425 57.3103 8.0 0.13185 0.02209 2.0 0
1 0 0 1 46.74 36.43223499999999 20.0 0.009711 0.02005 1.0 0
0 0 0 1 46.1015 42.758174999999994 13.0 0.047225 0.19309 5.0 0
0 1 0 0 42.219500000000004 58.2421 15.25 0.048208084 0.09639 1.0 0
0 0 1 0 42.16 41.640215 23.25 0.05623967049999999 0.00038 1.0 0
1 0 0 0 58.3 58.649469999999994 25.9 0.03779241500369539 0.1002585 3.05 0
0 0 0 1 47.9645 44.090225 13.0 0.04561 0.12925 11.0 0
1 0 0 0 48.65 42.6626 4.0 0.38485 0.0601 1.0 0
0 0 1 0 59.947500000000005 58.182465 81.15 0.05852936627391324 0.0 1.0 0
0 0 0 1 48.741499999999995 42.25186 15.0 0.031294 0.1473815 2.2 0
0 0 0 1 57.568000000000005 55.359455000000004 74.0 3.234e-08 0.00026999999999999995 1.7 0
1 0 0 0 59.93 59.81247499999999 69.1 0.0032861379081199995 0.015573 1.6 0
0 0 0 1 47.9585 36.247235 26.0 0.0020951 0.21653 4.0 0
1 0 0 0 44.95 32.928735 20.05 0.061055295077775 0.05975649999999999 2.25 0
0 0 1 0 57.266999999999996 52.21094000000001 6.3 0.4266906 0.0745 12.0 0
0 0 1 0 47.407000000000004 59.5 0.0 0.98714 8e-05 2.0 0
0 0 0 1 44.454 46.210205 13.0 0.043355 0.16365100000000005 3.2 0
0 0 0 1 50.775999999999996 46.80476 19.0 0.011675 0.11858500000000001 1.9 0
0 0 0 1 49.322500000000005 47.96205 40.0 9.5546e-05 0.024267499999999997 2.3 0
0 0 1 0 52.814499999999995 60.0 4.0 0.37755 0.0 8.0 0
0 1 0 0 50.35447767066693 44.52678267539525 24.651144857041167 0.09658699853529934 0.10095995499099822 3.9706941388277657 0
0 0 0 1 51.886 60.0 13.0 0.045648 0.08146 2.0 0
0 0 0 1 48.8305 46.500834999999995 22.0 0.0060869 0.109053 2.5 0
0 0 0 1 45.337999999999994 42.765 14.0 0.034151 0.105057 2.1 0
0 0 0 1 43.911500000000004 29.1324 13.0 0.046798 0.31709 5.0 0
0 0 0 1 48.900499999999994 45.247150000000005 23.0 0.0044706 0.01299 2.0 0
0 0 0 1 48.032 44.79481 8.0 0.13333 0.42136 5.0 0
0 0 0 1 46.73299999999999 49.485375 19.0 0.010616 0.06069500000000002 1.6 0
1 1 1 0 56.69 53.859 50.0 9.5643e-06 1e-05 2.0 1
0 0 0 1 50.03 47.096464999999995 14.0 0.036907 0.1219095 2.25 0
0 0 0 1 40.429500000000004 59.795015 255.0 1.6825e-32 0.0 1.95 0
0 1 0 0 56.06949999999999 56.678 21.3 0.1298514571748825 0.0303025 6.05 0
0 1 1 1 49.05999999999999 59.5682 20.0 0.0087204 0.00184 1.0 0
0 0 0 1 50.08149999999999 51.584105 34.0 0.00036301 0.034951499999999996 2.75 0
0 0 1 0 49.8825 48.02439500000001 0.0 0.929 0.0 1.0 0
0 0 0 1 46.41 41.764515 14.0 0.038884 0.03807 1.0 0
0 0 0 1 46.0055 44.5497 14.0 0.038558 0.00845 3.0 0
0 0 0 1 56.06 60.0 15.0 0.025216 0.20646 2.0 0
0 0 0 1 51.685 49.709325 53.0 4.2345e-06 0.025157500000000006 3.3 0
0 0 1 0 46.254 57.83892999999999 11.1 0.49916262945049994 6e-05 7.0 0
0 0 0 1 49.404999999999994 36.798833 15.0 0.029347 0.11081 2.0 0
0 0 1 1 49.465999999999994 45.80215 19.0 0.011879 0.00066 1.0 0
0 0 0 1 44.8685 39.831540000000004 3.0 0.45333 0.082309 4.3 0
0 1 1 1 45.36 36.9103 15.0 0.031125 0.01464 3.0 0
0 0 0 1 46.121500000000005 36.7273 4.0 0.32237 0.19392100000000004 7.1 0
0 0 1 0 48.011 44.059819999999995 18.8 0.030643336499999996 0.02316 1.0 0
0 0 0 1 50.61 47.800329999999995 17.0 0.019705 0.04004 2.0 0
0 0 0 1 45.049 46.765055 14.0 0.038876 0.05016 2.0 0
0 0 0 1 40.429500000000004 59.795015 255.0 0.0 0.0 1.95 0
1 0 0 0 49.44 38.048320000000004 3.0 0.41433 0.17233300000000001 8.5 0
0 0 1 0 59.947500000000005 58.182465 81.15 0.05852936627391324 0.0 1.0 0
0 0 0 1 47.26350000000001 48.525704999999995 17.0 0.018096 0.02004 1.0 0
0 0 1 0 46.266000000000005 52.30269 15.15 0.14134399015 0.05143 2.0 0
0 0 1 0 47.764500000000005 48.517335 2.0 0.5836 0.0 2.0 0
0 0 0 1 49.031 48.46268 32.0 0.00051009 0.00385 2.0 0
0 0 0 1 49.445499999999996 45.4696815 15.0 0.02711 0.097979 1.95 0
0 0 0 1 50.023 41.2516 17.0 0.018787 0.03431 2.0 0
0 0 0 1 46.07099999999999 47.80240500000001 16.0 0.020963 0.12704850000000004 2.1 0
0 0 0 1 47.7495 35.407889000000004 7.0 0.16992 0.36097 1.0 0
0 1 0 0 43.2045 2.66667 7.45 0.27100975000000005 1.0 2.0 0
0 1 0 1 47.48500000000001 54.4915 19.0 0.012216 0.04887 2.0 0
0 0 0 1 49.238 59.6739 7.0 0.17128 0.49443 4.0 0
1 0 0 0 42.38 30.779295 32.6 0.0190912832 0.08218 2.15 0
0 0 0 1 45.99900000000001 43.876505 25.0 0.0028451 0.0846695 1.9 0
1 0 0 0 58.4 29.224865 6.0 0.2294 0.04782 1.0 0
0 0 0 1 49.2535 42.548950000000005 6.0 0.22508 0.21384950000000003 4.45 0
0 0 1 0 47.327 47.395635000000006 3.0 0.45958 0.00019 10.0 0
0 0 0 1 45.9745 49.655685 25.0 0.0026692 0.055623 3.05 0
0 0 1 0 48.49650000000001 47.74425 4.0 0.37604 0.0 14.0 0
0 0 0 1 46.843999999999994 41.42252499999999 3.0 0.40441 0.42798 5.0 0
0 0 0 1 47.726 45.819925 17.0 0.018943 0.103382 2.65 0
0 1 0 0 50.35447767066693 44.52678267539525 24.651144857041167 0.09658699853529934 0.10095995499099822 3.9706941388277657 0
0 0 0 1 47.829 40.28732 18.0 0.014798 0.0620425 2.0 0
0 0 0 1 45.00750000000001 44.432559999999995 28.0 0.001355 0.055783000000000006 2.05 0
0 0 0 1 52.3725 47.410920000000004 44.0 3.9651e-05 0.031429 2.05 0
0 0 1 0 51.20399999999999 43.29156999999999 24.85 0.044350360765 0.00046 2.0 0
0 0 0 1 47.644000000000005 46.911215 18.0 0.015293 0.164269 2.75 0
0 0 1 0 48.74450000000001 47.612095 4.0 0.36842 0.0 10.0 0
0 0 0 1 49.483999999999995 49.015460000000004 29.0 0.0011851 0.07434549999999998 1.5 0
0 0 0 1 46.635000000000005 44.668434999999995 21.0 0.0066911 0.03136099999999999 2.9 0
0 0 1 0 59.947500000000005 58.182465 81.15 0.05852936627391324 0.0 1.0 0
0 0 0 1 55.65 47.624089999999995 26.0 0.0023163 0.1388915 2.2 0
0 0 1 1 49.429500000000004 21.8539 44.0 3.7948e-05 0.00176 1.0 0
0 0 0 1 47.67399999999999 45.617070000000005 13.0 0.045499 0.07498350000000001 2.8 0
0 0 1 0 47.6535 48.793735000000005 8.0 0.14983 0.00046 2.0 0
1 0 0 0 45.45 36.613330000000005 22.6 0.044007893409806 0.035008 1.9 0
0 0 0 1 56.327 56.147164999999994 86.0 2.217e-09 0.0008414999999999999 1.85 0
0 1 0 0 50.35447767066693 44.52678267539525 24.651144857041167 0.09658699853529934 0.10095995499099822 3.9706941388277657 0
0 0 0 1 45.5195 38.476735000000005 16.0 0.023447 0.10141799999999998 3.3 0
0 0 0 1 50.543000000000006 46.624900000000004 14.0 0.034791 0.11356950000000002 3.9 0
0 0 0 1 45.9745 51.06358 25.0 0.0025585 0.09309049999999999 4.15 0
0 0 0 1 48.752500000000005 39.073881 21.0 0.0063726 0.31179 2.0 0
0 0 0 1 49.799499999999995 45.86222 30.0 0.00085889 0.0351835 2.0 0
0 0 0 1 46.28150000000001 43.445235 14.0 0.033877 0.10941750000000001 3.6 0
0 0 1 0 42.352000000000004 51.247494999999994 11.9 0.14356125500000003 0.30799 2.0 0
0 0 1 0 48.481500000000004 46.81673 18.5 0.0878421878 0.00753 1.0 0
0 0 0 1 51.184999999999995 40.2858095 7.0 0.16522 0.02047 9.0 0
1 0 0 1 34.04 44.967850000000006 24.0 0.0037363 0.1165785 2.25 0
0 0 0 1 45.1415 45.95666 13.0 0.043498 0.18867899999999999 3.25 0
0 0 0 1 45.278499999999994 42.255799999999994 17.0 0.017445 0.12282250000000001 2.1 0
0 0 1 0 43.04899999999999 30.719455 0.0 0.87501 0.35979 1.0 0
0 0 1 0 43.054500000000004 37.184655 3.0 0.42801 0.08296 1.0 0
0 0 0 1 45.9165 44.13875 25.0 0.0028033 0.05792249999999999 2.05 0
0 0 0 1 47.169 42.050667 4.0 0.38428 0.07761300000000002 4.95 0
0 0 1 0 50.809000000000005 47.011829999999996 14.05 0.07216150000000002 0.10577 5.0 0
0 0 0 1 44.86450000000001 33.9343805 5.0 0.27376 0.15211299999999997 4.65 0
0 0 0 1 58.701 57.54574 122.0 5.9291e-13 0.00025 1.7 0
1 1 1 0 60.0 60.0 143.0 4.1126e-15 0.0 2.0 1
0 1 0 1 50.246 59.7763 19.0 0.010528 0.00746 1.0 0
0 0 0 1 47.723499999999994 47.906895000000006 21.0 0.0076105 0.10232400000000001 2.7 0
0 0 1 0 46.742000000000004 39.180005 18.5 0.0454881325 0.06767 4.0 0
0 0 0 1 45.99899999999999 43.876505 25.0 0.0028445 0.0846695 1.9 0
0 0 0 1 43.81 47.908435000000004 19.0 0.012057 0.108649 2.4 0
0 0 1 0 47.407 58.18 2.0 0.60647 0.00183 2.0 0
1 0 0 0 51.19 49.250225 19.95 0.062259448550000006 0.04922649999999999 2.0 0
0 0 0 1 48.24300000000001 40.134 16.0 0.022588 0.10143849999999999 3.4 0
0 0 1 0 46.272499999999994 43.76508 6.0 0.25086 0.05026 2.0 0
1 0 0 0 56.84 58.616385 20.05 0.015309248500000002 0.0639875 1.7 0
0 1 0 1 49.253499999999995 49.79875 41.0 7.9177e-05 0.076824 1.85 0
0 1 0 0 50.35447767066693 44.52678267539525 24.651144857041167 0.09658699853529934 0.10095995499099822 3.9706941388277657 0
1 0 0 0 60.0 59.99189 98.0 0.016234179471986653 4.2000000000000004e-05 1.85 0
0 0 1 0 43.26800000000001 43.23307499999999 11.05 0.16184007499999997 0.24087 4.0 0
0 0 0 1 48.2865 51.99142500000001 29.0 0.0010818 0.0399735 2.45 0
0 0 0 1 49.198 48.5426265 15.0 0.027874 0.083574 3.25 0
0 0 0 1 48.334500000000006 46.1476 20.0 0.0083591 0.05008 2.3 0
0 0 0 1 50.087999999999994 49.103875 14.0 0.035598 0.27785 1.0 0
0 0 0 1 47.3415 44.400905 24.0 0.0039042 0.12162450000000002 2.3 0
0 0 0 1 49.2055 48.78511999999999 19.0 0.011953 0.123389 2.45 0
0 0 0 1 46.5915 45.261655000000005 35.0 0.00026318 0.029212999999999996 2.6 0
0 0 0 1 48.45799999999999 51.1902715 15.0 0.027617 0.085673 3.45 0
0 0 0 1 52.387 44.560785 23.0 0.0044238 0.138484 2.5 0
0 0 0 1 57.568000000000005 55.359455000000004 74.0 3.5497e-08 0.00026999999999999995 1.7 0
1 0 0 0 60.0 59.99189 98.0 0.016234179471986653 4.2000000000000004e-05 1.85 0
0 0 0 1 50.47 48.364375 19.0 0.011772 0.17271449999999997 2.2 0
1 1 1 0 60.0 60.0 107.0 1.8466e-11 0.0 1.0 1
0 0 1 0 52.53399999999999 60.0 0.0 1.0 0.0 6.0 0
0 0 0 1 54.028 57.62235999999999 68.0 1.2994e-07 0.024768500000000002 2.55 0
0 0 0 1 45.337999999999994 42.765 14.0 0.034141 0.105057 2.1 0
0 0 1 1 47.94 40.092075 20.0 0.0097477 0.0046 2.0 0
0 1 0 0 58.54350000000001 60.0 24.0 0.0039245 0.1195455 3.35 0
0 0 0 1 45.528999999999996 46.20326999999999 13.0 0.043254 0.12008450000000001 3.15 0
0 0 0 1 48.97299999999999 51.190271499999994 15.0 0.027577 0.0966035 3.5 0
0 0 0 1 48.88700000000001 52.6887 23.0 0.0046534 0.01064 1.0 0
0 0 1 0 41.736999999999995 39.68356 13.5 0.13669387195000005 0.1852 3.0 0
0 0 0 1 45.111999999999995 32.9773805 5.0 0.26587 0.18698050000000002 3.65 0
0 0 0 1 51.436 40.65474350000001 22.0 0.0056061 0.14589349999999995 1.75 0
0 0 0 1 49.445 41.15907 21.0 0.0072415 0.13106 1.0 0
0 1 0 0 41.0325 0.0 4.35 0.5742076399999999 1.0 1.0 0
1 1 0 1 43.64 43.2203 26.0 0.0021211 0.061765 2.4 0
0 0 0 1 46.192499999999995 46.74255000000001 35.0 0.00031305 0.00592 2.0 0
0 0 1 0 46.134 48.764805 14.35 0.12169583804999999 0.16176 2.0 0
0 0 0 1 47.765 46.531185 23.0 0.0046698 0.025729000000000002 2.25 0
0 0 0 1 45.813500000000005 54.05449 25.0 0.0031615 6e-05 8.0 0
0 0 0 1 56.173 58.60730500000001 171.0 7.6226e-18 0.0 1.8 0
0 0 0 1 49.102000000000004 40.960175 13.0 0.044445 0.11593499999999997 2.65 0
0 0 0 1 48.025999999999996 50.531819999999996 39.0 0.00011348 0.0530455 1.9 0
0 0 0 1 56.763 59.795015 190.0 9.0044e-20 0.0 1.9 0
0 0 0 1 48.081 46.500835 22.0 0.006225 0.124061 2.3 0
1 0 0 0 49.17 43.292245 20.7 0.06283364859065001 0.0750575 2.15 0
0 1 0 0 27.32 22.63 17.5 0.15226220176925 0.114029 1.95 0
0 0 0 1 54.802499999999995 56.640769999999996 56.0 2.3353e-06 0.005773499999999999 2.05 0
0 0 0 1 47.9265 47.35031 18.0 0.015304 0.00381 15.0 0
0 0 1 0 57.760000000000005 53.102999999999994 4.4 0.598075439 0.0 13.0 0
1 1 1 0 59.91 60.0 123.0 4.5038e-13 0.0 1.0 1
0 1 0 0 47.9725 37.1933 23.0 0.0048408 0.00063 2.0 0
0 0 0 1 49.266 44.794455 26.0 0.0025088 0.11450700000000003 2.7 0
0 0 0 1 46.985499999999995 42.39003 16.0 0.023853 0.16277650000000002 3.9 0
1 0 0 1 45.71 45.743405 14.0 0.032613 0.161164 2.4 0
0 0 0 1 52.60699999999999 53.563625 49.0 1.074e-05 0.016319 1.7 0
0 0 1 0 49.24399999999999 45.8246635 15.4 0.11537715350000004 0.05514 3.0 0
0 0 0 1 46.815 45.953419999999994 21.0 0.0066549 0.03382149999999999 2.2 0
0 0 0 1 50.25750000000001 36.871520999999994 22.0 0.0053277 0.11795 2.0 0
1 0 0 0 52.88 35.62134 9.0 0.11275 0.31687 1.0 0
0 0 1 0 47.562 33.79387 11.65 0.258886002 0.64706 1.0 0
0 0 1 0 49.418499999999995 34.412316 6.0 0.24526 0.11364 2.0 0
0 1 0 1 49.9895 30.2386 18.0 0.013116 0.01234 2.0 0
1 0 0 0 60.0 59.99189 98.0 0.016234179471986653 4.2000000000000004e-05 1.85 0
1 0 0 0 49.31 43.44758 28.5 0.03157976675 0.075821 1.65 0
1 0 0 0 44.47 35.020309999999995 20.2 0.03734243406 0.05339699999999999 2.15 0
1 0 0 0 47.58 40.266845 23.05 0.051183073505499985 0.086921 2.15 0
0 0 0 1 46.5915 45.261655000000005 35.0 0.00027399 0.0106905 3.25 0
0 0 0 1 51.147499999999994 51.871925 12.0 0.056025 0.24011 20.0 0
1 0 0 0 37.09 28.4221925 40.05 0.1093449273 0.15162199999999998 2.1 0
0 0 1 0 45.73350000000001 25.9091 2.0 0.53203 0.06863 1.0 0
0 1 0 0 50.35447767066693 44.52678267539525 24.651144857041167 0.09658699853529934 0.10095995499099822 3.9706941388277657 0
0 0 0 1 45.671499999999995 59.6309 14.0 0.038716 0.45506 1.0 0
0 1 0 0 50.35447767066693 44.52678267539525 24.651144857041167 0.09658699853529934 0.10095995499099822 3.9706941388277657 0
0 0 0 1 47.831500000000005 38.52907950000001 16.0 0.024222 0.12351 2.0 0
0 1 1 0 48.580999999999996 54.0333 15.55 0.0933713385 0.03125 4.0 0
0 0 0 1 55.5265 54.66567 55.0 2.8494e-06 0.0039239999999999995 2.95 0
0 0 0 1 45.0065 44.739319 7.0 0.16664 0.19838450000000002 4.15 0
0 0 0 1 58.61 41.11927 18.0 0.013375 0.1357735 3.1 0
0 1 0 0 52.7275 60.0 26.55 0.028245129768999993 0.07 1.0 0
0 0 1 0 35.57 46.78544 14.65 0.11577513805000002 0.16541 2.0 0
0 0 0 1 48.688 37.635525 10.0 0.082353 0.1336945 3.6 0
1 0 0 0 51.99 49.04364499999999 21.65 0.05003359512129999 0.04031449999999999 2.0 0
1 0 0 0 60.0 59.99189 98.0 0.016234179471986653 4.2000000000000004e-05 1.85 0
0 0 0 1 49.266 44.79445499999999 26.0 0.0024598 0.11450700000000003 2.7 0
0 0 0 1 44.74 47.73297 26.0 0.0020137 0.00618 1.0 0
0 0 0 1 51.07549999999999 51.94528499999999 12.0 0.060034 0.00731 5.0 0
0 0 0 1 49.2665 45.03337 22.0 0.0055165 0.18402 1.65 0
0 0 0 1 53.161500000000004 46.396015 63.0 4.7486e-07 0.0001015 1.95 0
0 0 1 0 49.051500000000004 42.541769 16.0 0.08724340750000001 0.04798 3.0 0
0 0 0 1 48.72849999999999 43.973495 8.0 0.13684 0.0427 16.0 0
0 0 0 1 58.27 42.03656000000001 16.0 0.022741 0.09768249999999999 3.9 0
0 0 1 0 49.029 22.3582 0.0 0.9491 0.0 12.0 0
0 0 0 1 48.665 48.836875 15.0 0.026384 0.1558795 2.65 0
0 0 0 1 46.062 41.20805500000001 25.0 0.0028825 0.0761545 2.2 0
0 0 0 1 48.989 46.659515000000006 31.0 0.00067911 0.0234315 2.05 0
0 0 0 1 49.713499999999996 39.435680000000005 18.0 0.013582 0.09665950000000001 2.15 0
0 0 1 0 50.083 32.2321 11.0 0.071689 0.0 1.0 0
0 0 1 0 43.312000000000005 45.405175 0.0 1.0 0.0 6.0 0
0 0 0 1 48.294500000000006 44.0208 23.0 0.004876 0.01269 3.0 0
0 0 0 1 47.7255 45.2028915 10.0 0.095773 0.05809 10.0 0
0 0 0 1 43.7655 40.137750000000004 3.0 0.41384 0.13841550000000002 7.7 0
0 0 0 1 49.537 46.652840000000005 21.0 0.007415 0.10462350000000002 3.1 0
1 0 0 0 43.07 32.94016 17.0 0.084563943 0.09243950000000001 2.15 0
0 0 0 1 43.855000000000004 26.6269 17.0 0.017361 0.19106 1.0 0
0 0 0 1 48.51350000000001 26.7653 15.0 0.031393 0.39727 3.0 0
0 0 0 1 41.72 45.743405 14.0 0.032444 0.1265505 2.45 0
0 0 0 1 42.403499999999994 44.579840000000004 14.0 0.032285 0.087039 2.85 0
0 0 0 1 49.205499999999994 48.78512 19.0 0.011978 0.11807749999999999 2.55 0
1 0 1 1 60.0 52.21311000000001 45.0 2.8156e-05 0.0 1.0 1
0 0 0 1 46.934000000000005 46.812025 18.0 0.015383 0.135253 2.15 0
0 0 1 0 56.29350000000001 55.9302 12.05 0.2364430890285 2e-05 18.0 0
0 0 0 1 47.592 41.258505 14.0 0.034281 0.08933100000000001 1.7 0
0 0 1 0 48.6125 52.90018 11.0 0.070824 0.01639 3.0 0
0 0 0 1 49.53 47.13719 17.0 0.016348 0.09322699999999999 2.45 0
0 0 1 0 45.3825 53.7692 0.0 0.85951 0.00018 8.0 0
0 0 1 0 51.6 44.15 17.25 0.09758400499999999 0.00242 3.0 0
0 0 0 1 50.2445 53.639709999999994 50.0 8.7663e-06 0.034488 1.65 0
0 1 0 0 50.3415 57.25 18.75 0.044236250000000005 0.00455 3.0 0
0 0 1 0 57.7325 50.522505 5.55 0.38110710000000003 6e-05 21.0 0
0 0 1 0 57.7325 45.555165 8.5 0.272908985 0.0 23.0 0
0 0 0 1 48.791 46.672275 19.0 0.011208 0.00445 2.0 0
0 0 1 0 49.509 44.635605000000005 0.0 1.0 0.0 16.0 0
1 1 1 0 60.0 60.0 69.0 1.0791e-07 0.0 3.0 1
0 0 0 1 48.812 44.159589999999994 33.0 0.00049526 0.022029000000000003 2.1 0
1 0 0 0 57.34 58.859429999999996 16.65 0.06888745 0.085083 2.0 0
0 0 0 1 58.701 57.54574 122.0 5.301e-13 0.00025 1.7 0
0 0 0 1 40.429500000000004 59.795015 255.0 2.8e-37 0.0 1.95 0
0 0 0 1 40.27 38.341080000000005 35.0 0.00030603 0.013840000000000002 2.5 0
0 0 0 1 45.821 37.279955 9.0 0.11581 0.14319599999999996 3.9 0
0 0 0 1 49.88199999999999 43.32680500000001 30.0 0.00094354 0.018840499999999996 1.85 0
0 0 0 1 50.2 49.793185 20.0 0.0085205 0.04795749999999999 2.75 0
0 0 0 1 49.1945 46.766875 11.0 0.071318 0.53978 1.0 0
0 0 0 1 49.483999999999995 49.015460000000004 29.0 0.0012486 0.033315500000000005 1.6 0
0 0 0 1 48.0525 38.24789 6.0 0.22085 0.1627745 6.2 0
1 1 1 0 60.0 60.0 130.0 8.8626e-14 0.0 3.0 1
0 0 1 0 46.904 42.24356999999999 16.25 0.058121152999999995 0.03006 3.0 0
0 0 0 1 47.735 50.383615 32.0 0.00058901 0.00044 3.0 0
0 0 0 1 43.7655 40.13775 3.0 0.41864 0.1759145 8.0 0
1 0 0 0 50.91 40.037 3.0 0.46732 0.11902199999999999 6.0 0
0 0 0 1 42.585 43.230975 3.0 0.44425 0.14270000000000002 2.45 0
0 0 1 0 51.887 43.06805 6.0 0.25 0.0 14.0 0
1 0 0 0 60.0 59.99189 98.0 0.016234179471986653 4.2000000000000004e-05 1.85 0
1 0 0 0 29.35 24.412369999999996 16.85 0.10659051899999998 0.078575 2.5 0
0 0 0 1 48.232000000000006 50.735795 17.0 0.0182 0.054859000000000005 2.1 0
0 0 1 0 42.346000000000004 41.354445 12.15 0.15598439000000003 0.14371 2.0 0
0 0 0 1 42.585 37.32431 3.0 0.43765 0.15946600000000002 2.6 0
0 0 1 0 50.1065 42.06091 12.2 0.17012235000000003 0.42059 5.0 0
0 0 0 1 51.943 55.11143500000001 59.0 1.0243e-06 0.023294500000000003 1.95 0
1 0 0 0 42.51 30.779295 32.6 0.028800446950000003 0.078167 2.55 0
0 0 0 1 47.795 44.947205000000004 18.0 0.014881 0.08173699999999999 2.05 0
0 0 0 1 57.11 39.863144999999996 23.0 0.0044636 0.01721 1.0 0
0 0 0 1 49.266 44.79445499999999 26.0 0.0024629 0.11450700000000003 2.7 0
0 0 0 1 48.722 36.378715500000006 19.0 0.011116 0.08646050000000001 2.65 0
0 0 1 0 47.3825 28.1429 6.0 0.20277 0.05263 3.0 0
0 0 0 1 48.7045 48.939274999999995 14.0 0.033961 0.04943 2.0 0
0 0 1 0 49.328500000000005 53.68411 6.2 0.58414086 0.0 8.0 0
0 0 0 1 52.12550000000001 46.85084500000001 22.0 0.0058333 0.06108 2.0 0
0 0 0 1 48.081 40.513665 20.0 0.0091548 0.070103 2.25 0
0 0 1 0 46.6295 43.15028650000001 10.0 0.080622 0.06325 2.0 0
0 1 0 0 40.442 27.6 7.4 0.33858476500000007 1.0 1.0 0
0 0 0 1 44.7095 44.067173000000004 16.0 0.023831 0.04829 4.0 0
1 0 0 0 60.0 59.99189 98.0 0.016234179471986653 4.2000000000000004e-05 1.85 0
0 0 1 0 38.7255 25.0 1.0 0.66368 0.12121 1.0 0
0 0 1 0 47.919 46.927135 0.0 0.84018 0.00314 2.0 0
1 0 0 0 53.78 52.57301 22.6 0.021032901355 0.049463999999999994 2.1 0
1 1 1 0 60.0 60.0 118.0 1.5424e-12 0.0 2.0 1
0 0 1 0 57.7325 50.99003 9.0 0.3534949640285 0.0 18.0 0
0 0 0 1 57.18 48.12081500000001 23.0 0.0048931 0.08308650000000001 2.2 0
0 0 1 0 58.682 47.3891 24.25 0.14578062833 2e-05 3.0 0
0 1 0 0 54.56 52.8503 17.2 0.04803460885 0.0451285 1.9 0
1 0 0 0 43.91 35.20969 17.9 0.13689332599999998 0.079565 1.75 0
0 0 0 1 50.502500000000005 45.378405 12.0 0.058345 0.12899900000000003 2.35 0
0 0 0 1 51.37950000000001 44.917585 14.0 0.037924 0.16088 1.0 0
0 0 0 1 55.659000000000006 59.81685 99.0 1.0702e-10 0.0 1.95 0
0 0 0 1 50.013000000000005 46.456525000000006 14.0 0.036763 0.0714275 2.35 0
0 0 0 1 43.898500000000006 44.579840000000004 14.0 0.031973 0.10000799999999999 2.75 0
0 0 1 0 44.77 44.98216 18.0 0.052439043 0.05176 1.0 0
0 0 0 1 45.114 47.36822499999999 28.0 0.0013902 0.0632055 2.2 0
0 0 0 1 47.448 42.92539000000001 22.0 0.0051951 0.033198 2.05 0
1 0 0 0 60.0 59.99189 98.0 0.016234179471986653 4.2000000000000004e-05 1.85 0
1 0 1 0 38.78 46.60222 4.0 0.32598 0.00348 2.0 0
0 1 1 1 49.058499999999995 58.0061 76.0 2.1026e-08 4e-05 1.0 0
1 0 0 0 51.09 42.06107 14.15 0.16606576265 0.12401 1.0 0
0 0 0 1 49.2375 42.242617 18.0 0.01272 0.08512 2.2 0
0 0 0 1 47.9275 39.99249999999999 9.0 0.10407 0.11253250000000001 3.9 0
0 0 0 1 47.274 45.98912 11.0 0.073359 0.1062895 3.55 0
0 0 1 0 57.7325 50.99003 9.0 0.3534949640285 0.0 18.0 0
0 1 0 0 50.35447767066693 44.52678267539525 24.651144857041167 0.09658699853529934 0.10095995499099822 3.9706941388277657 0
0 0 0 1 51.452999999999996 49.614125 16.0 0.024932 0.10141049999999999 2.1 0
1 0 0 0 49.11 42.655699999999996 24.85 0.06001505809375851 0.05605450000000001 2.15 0
0 0 0 1 46.083 43.122245 17.0 0.016789 0.10489700000000002 1.95 0
1 0 0 0 53.72 52.57301 20.6 0.024478549199999998 0.044391 2.1 0
0 0 0 1 49.690999999999995 43.34841000000001 14.0 0.038133 0.01116 2.0 0
0 0 0 1 49.071000000000005 43.93426999999999 18.0 0.015418 0.03632 1.0 0
0 0 1 1 44.38 45.517585000000004 14.0 0.038059 0.00605 2.0 0
0 0 1 0 47.790000000000006 48.517335 3.0 0.48333 0.0 2.0 0
0 0 1 0 53.18700000000001 60.0 9.0 0.11936 0.0 2.0 0
0 1 0 0 47.1035 58.1463 16.85 0.05001753799999999 0.02932 3.0 0
0 0 0 1 45.32449999999999 45.148044999999996 3.0 0.5 0.0768565 7.8 0
0 0 1 0 57.7325 47.120895 7.1 0.30368318000000005 0.0 25.0 0
1 0 0 0 47.29 38.372975 21.0 0.021256426142 0.042541999999999996 2.35 0
0 1 0 0 56.427499999999995 52.38257 8.3 0.3113498149999999 0.04974 10.0 0
0 0 1 0 56.42750000000001 53.762635 3.5 0.677560634 0.0 10.0 0
1 0 0 0 60.0 59.99189 98.0 0.016234179471986653 4.2000000000000004e-05 1.85 0
1 0 0 0 60.0 59.99189 98.0 0.016234179471986653 4.2000000000000004e-05 1.85 0
1 0 0 0 43.97 35.209689999999995 17.55 0.153915501 0.0859 1.6 0
0 0 1 0 46.846000000000004 38.448585 15.75 0.04974732 0.00779 2.0 0
1 0 0 0 42.39 30.779295 33.4 0.0186469217 0.08387250000000002 2.3 0
0 1 0 1 46.8925 46.22976 19.0 0.012201 0.06098450000000001 3.2 0
0 1 0 0 54.1265 54.5714 18.25 0.0571528389254 0.0344225 4.1 0
0 0 1 0 49.328500000000005 53.68411 10.7 0.37917531995 0.0001 8.0 0
0 0 0 1 46.706500000000005 46.650245 16.0 0.020838 0.10364499999999999 2.2 0
0 0 0 1 46.346 49.05 13.0 0.043131 0.0926355 3.2 0
0 0 1 0 47.751000000000005 40.15605 4.0 0.35877 0.39394 3.0 0
1 0 0 0 60.0 59.99189 98.0 0.016234179471986653 4.2000000000000004e-05 1.85 0
0 0 0 1 47.248 45.41158 18.0 0.015315 0.16680350000000002 2.65 0
0 0 0 1 50.2305 48.42768 17.0 0.018342 0.08312150000000001 1.95 0
1 0 0 0 46.17 37.57035 28.65 0.019873546594342647 0.07225000000000001 2.35 0
1 0 0 0 60.0 59.99189 98.0 0.016234179471986653 4.2000000000000004e-05 1.85 0
0 0 1 0 40.658500000000004 49.657304999999994 15.15 0.05293807500000001 0.25439 1.0 0
0 0 0 1 50.181 42.57278 21.0 0.0072786 0.16221 1.0 0
0 1 1 0 49.43300000000001 40.35721999999999 24.05 0.08473273350001014 0.00497 2.0 0
0 0 0 1 45.12 39.321625 13.0 0.049365 0.0688 2.0 0
0 0 1 0 45.418 45.07615499999999 11.85 0.13282760999999998 0.57826 3.0 0
0 0 0 1 48.687999999999995 41.517375 10.0 0.083573 0.0763075 3.75 0
0 0 1 0 50.122 41.830985000000005 6.0 0.21369 0.0 4.0 0
0 0 1 0 47.741 48.517334999999996 7.0 0.19851 0.0 2.0 0
0 1 0 0 50.35447767066693 44.52678267539525 24.651144857041167 0.09658699853529934 0.10095995499099822 3.9706941388277657 0
0 1 0 0 45.7085 59.7031 16.7 0.04026301850000001 0.03416 3.0 0
0 1 0 0 46.252500000000005 48.10188000000001 17.05 0.0791587185 0.01396 2.0 0
0 0 0 1 49.644999999999996 43.113206500000004 15.0 0.02676 0.23529 1.0 0
0 0 0 1 56.06 45.135149999999996 12.0 0.055233 0.09889 4.0 0
1 0 0 1 50.1 40.67763500000001 15.0 0.029449 0.16495049999999997 2.05 0
1 0 1 0 30.24 44.0818 8.0 0.13862 0.02807 3.0 0
1 0 0 0 45.02 39.322025 14.6 0.10361455699999997 0.07443 2.0 0
0 0 1 0 48.526 45.01887000000001 0.0 1.0 0.0 17.0 0
0 0 0 1 47.64 44.5041 29.0 0.0010749 0.01379 1.0 0
0 1 0 0 41.0325 0.0 4.35 0.5742076399999999 1.0 1.0 0
0 0 1 0 46.901 43.592855 8.0 0.15516 0.01404 2.0 0
0 0 1 1 47.483 47.87543 24.0 0.003896 0.0 1.0 0
0 0 0 1 46.121500000000005 4.75 4.0 0.32408 0.14225150000000003 5.25 0
0 1 0 0 43.204499999999996 20.0 8.4 0.25367646499999996 1.0 2.0 0
0 0 0 1 48.963 41.5937665 15.0 0.030389 0.16667 2.0 0
0 0 1 0 50.442 45.04802000000001 22.35 0.0566912412 0.00258 1.0 0
0 0 0 1 49.484 49.015460000000004 29.0 0.0012374 0.0333155 1.6 0
0 0 0 1 26.22 28.195705000000004 255.0 9.7414e-28 0.1739215 2.6 0
0 0 0 1 41.78 45.116290000000006 22.0 0.0060062 0.01234 2.0 0
1 0 0 0 48.08 48.077715000000005 29.0 0.0011337 0.12666850000000002 2.0 0
0 0 0 1 47.278 36.780615 20.0 0.0093465 0.06408749999999999 2.85 0
0 0 0 1 47.0255 39.544065 6.0 0.23529 0.2070725 4.9 0
0 0 0 1 47.1705 32.895415 20.0 0.0095578 0.1259525 2.45 0
1 0 0 0 51.79 48.725995 17.75 0.06403758600000001 0.0394625 2.05 0
1 0 0 0 60.0 59.99189 98.0 0.016234179471986653 4.2000000000000004e-05 1.85 1
1 0 0 0 55.5 55.817240000000005 16.55 0.08393400650000002 0.06484549999999999 1.7 0
0 0 0 1 58.795 57.385475 81.0 6.3177e-09 0.0058275 2.1 0
0 0 0 1 47.829 40.28732 18.0 0.014795 0.0620425 2.0 0
0 0 0 1 47.274 45.98912 11.0 0.073347 0.1062895 3.55 0
1 0 0 0 46.67 37.757169999999995 19.55 0.06905108900000001 0.0907415 1.8 0
0 0 1 0 46.9525 42.095459999999996 17.6 0.1006464497 0.00917 1.0 0
0 0 0 1 50.266999999999996 44.6618815 15.0 0.027838 0.06101 3.0 0
1 0 1 0 48.87 52.7249 12.0 0.061565 0.00017 1.0 0
1 0 0 0 58.95 59.07605000000001 19.2 0.10806848865379 0.1114285 2.1 0
0 0 0 1 47.98 44.93785999999999 20.0 0.0082389 0.13255899999999998 2.15 0
0 0 0 1 50.190000000000005 47.93954500000001 13.0 0.039955 0.18723549999999997 2.7 0
0 0 1 0 56.427499999999995 52.408885 7.25 0.43213706499999993 0.01357 10.0 0
0 0 0 1 49.400999999999996 36.969015 6.0 0.20905 0.16583699999999998 5.25 0
1 0 0 0 47.83 40.147545 16.25 0.11572297299999998 0.07136 1.6 0
0 0 0 1 55.54 46.16436 22.0 0.0061379 0.1327525 2.15 0
0 0 0 1 47.407 38.486467000000005 4.0 0.33128 0.40558 1.0 0
0 0 0 1 50.5495 41.5998915 15.0 0.02959 0.3498 2.0 0
0 0 1 0 57.59100000000001 56.195130000000006 8.0 0.52057898881 0.0 11.0 0
0 0 0 1 48.153000000000006 46.500835 22.0 0.0061096 0.11090550000000002 2.6 0
0 0 1 0 44.38 47.83461 15.95 0.05330492 0.0531 1.0 0
1 0 0 0 50.34 46.271115 18.9 0.04864160395 0.07895949999999999 2.05 0
1 0 0 0 43.54 33.984930000000006 34.6 0.077731023755 0.08950149999999998 2.0 0
0 1 0 1 45.617 38.68471499999999 13.0 0.047404 0.03641 1.0 0
0 0 1 0 43.312000000000005 52.04321500000001 0.0 0.93661 0.0 6.0 0
0 1 0 0 40.2625 28.0 1.0 0.67848 1.0 2.0 0
0 0 1 0 59.19500000000001 58.63666500000001 54.2 0.21766662893659486 0.0 3.0 0
0 0 0 1 50.7415 39.1067 22.0 0.0057611 0.00064 1.0 0
1 0 0 0 30.46 24.646054999999997 15.8 0.11317755350000003 0.1244655 1.85 0
0 0 0 1 52.081 48.690675 45.0 2.6083e-05 0.0047175 2.45 0
0 0 1 0 45.5745 41.93136 17.2 0.03685619799999999 0.05231 1.0 0
0 0 0 1 45.854 34.813914999999994 7.0 0.18039 0.141578 5.65 0
1 0 0 0 60.0 59.99189 98.0 0.016234179471986653 4.2000000000000004e-05 1.85 0
0 1 0 1 52.21 48.158795000000005 14.0 0.032829 0.02646 4.0 0
0 0 0 1 50.509 40.8233 23.0 0.0040943 0.20274 1.0 0
0 0 0 1 50.367999999999995 47.955020000000005 20.0 0.0080699 0.08042099999999999 1.85 0
0 1 0 1 49.02949999999999 60.6897 10.0 0.0972 0.110805 3.9 0
1 0 0 0 54.71 55.640435000000004 20.75 0.07602313585 0.048687999999999995 1.8 0
0 0 1 0 47.407000000000004 32.7 4.0 0.3761 0.0 2.0 0
1 0 0 0 50.24 39.55021 17.75 0.032208536999999995 0.15287 1.0 0
0 0 0 1 47.71249999999999 45.66098000000001 22.0 0.0058804 0.086996 1.95 0
0 0 1 0 57.7325 47.21576 6.15 0.34756381500000005 0.0 26.0 0
1 0 0 0 37.39 28.8760425 14.05 0.129270845 0.1406065 2.15 0
0 0 0 1 48.318 46.06189500000001 10.0 0.086167 0.1054705 4.2 0
0 0 0 1 44.852 43.937605000000005 14.0 0.039436 0.0847185 3.5 0
0 0 1 1 47.52 43.16741 29.0 0.0010768 0.01517 3.0 0
0 1 1 0 45.455499999999994 31.85 14.7 0.10870834199999999 0.04342 1.0 0
1 0 0 0 58.77 58.88348499999999 14.8 0.093936125 0.11647599999999998 2.8 0
0 0 0 1 48.688 37.63552500000001 10.0 0.082251 0.13316299999999998 3.15 0
0 0 0 1 56.1915 58.78884000000001 158.0 1.4636e-16 0.0 1.9 0
0 0 1 0 50.816 49.080020000000005 13.0 0.041051 0.0 3.0 0
0 0 0 1 51.0535 59.9478 19.0 0.010954 0.01163 3.0 0
0 0 0 1 51.104 49.614125 16.0 0.024782 0.1325455 2.65 0
0 0 1 0 55.6155 48.672864499999996 8.15 0.54164100001079 1e-05 9.0 0
0 0 1 0 46.633500000000005 47.306185 24.05 0.0451370095 0.00128 2.0 0
0 0 0 1 50.333 46.96424999999999 14.0 0.038116 0.13548900000000003 2.85 0
0 0 1 0 47.794 47.19955 22.5 0.035250496284999995 0.01718 1.0 0
0 0 0 1 48.688 37.635525 10.0 0.082353 0.1336945 3.6 0
1 0 0 0 60.0 59.99189 98.0 0.016234179471986653 4.2000000000000004e-05 1.85 0
0 1 0 0 48.851 39.43267000000001 10.0 0.096489 0.085532 4.6 0
0 0 0 1 48.458 50.50155149999999 15.0 0.027649 0.0758635 3.55 0
0 0 0 1 51.274 43.222674999999995 24.0 0.0035753 0.080354 3.4 0
0 0 1 0 44.96849999999999 34.6929325 2.0 0.55289 0.0926 1.0 0
0 0 1 0 46.254 56.401025000000004 5.9 0.6651451235279999 0.0 7.0 0
0 0 0 1 47.051500000000004 45.61707 13.0 0.045652 0.1194035 3.4 0
0 0 1 0 52.592499999999994 49.292088 16.0 0.02202 0.0 19.0 0
1 0 0 0 48.76 42.246845 18.35 0.0455056385 0.049935999999999994 1.7 0
0 0 0 1 43.809000000000005 33.975771 50.0 8.3536e-06 0.11905 2.0 0
0 1 0 1 46.732 42.263045 20.0 0.00981 0.065198 2.45 0
0 0 0 1 46.656 48.406330000000004 17.0 0.017906 0.08172299999999999 3.75 0
0 0 0 1 48.952999999999996 40.046869 16.0 0.021433 0.21041 2.0 0
0 0 0 1 46.8745 47.10920999999999 13.0 0.043932 0.21979100000000001 2.9 0
0 0 0 1 50.885 46.169435 12.0 0.057604 0.08024899999999999 2.95 0
0 0 0 1 58.7 46.97478000000001 18.0 0.014601 0.02159 2.0 0
0 0 0 1 49.2565 44.34134999999999 14.0 0.034442 0.09382700000000001 3.25 0
0 0 1 0 56.314499999999995 48.378535 18.1 0.252469592665 2e-05 2.0 0
0 0 0 1 59.96350000000001 57.510540000000006 126.0 2.4561e-13 0.00025 1.65 0
0 0 0 1 49.054 41.926855 33.0 0.00040119 0.026631500000000002 2.0 0
1 0 0 0 49.24 38.540582500000006 8.0 0.13348 0.15748 2.0 0
0 0 0 1 56.17 42.4688285 13.0 0.049124 0.16655599999999998 1.65 0
0 0 0 1 45.99550000000001 43.17283 17.0 0.016961 0.10083899999999998 1.9 0
0 0 0 1 40.429500000000004 59.795015 255.0 0.0 0.0 1.95 0
0 0 1 0 48.96950000000001 36.661985 0.0 1.0 0.00126 4.0 0
1 0 0 0 55.69 57.299789999999994 19.4 0.028176640499999996 0.040820499999999996 2.1 0
0 0 0 1 44.660500000000006 47.24245500000001 17.0 0.017593 0.3487 2.0 0
0 0 0 1 50.675 50.912144999999995 17.0 0.019416 0.1210455 1.65 0
1 0 0 1 52.17 47.13719 17.0 0.016343 0.093227 2.45 0
0 1 1 1 42.04 30.253 47.0 1.7652e-05 0.00012 1.0 0
0 1 0 0 56.87 60.0 20.1 0.04274682125 0.00301 1.0 0
0 0 1 0 57.56 52.678075 3.7 0.5274955000000001 4e-05 16.0 0
0 0 0 1 49.52 49.741465 17.0 0.019704 0.12791450000000001 1.65 0
0 0 1 0 50.3645 49.009915 93.0 4.3932e-10 0.0 1.0 0
0 0 1 0 59.19500000000001 58.63666500000001 54.2 0.21766662893659486 0.0 3.0 0
0 0 0 1 48.57300000000001 46.838605 15.0 0.03066 0.171385 1.95 0
0 0 0 1 50.317 44.620005000000006 27.0 0.001707 0.036329999999999994 2.4 0
0 0 1 1 49.02 42.748310000000004 13.0 0.04815 0.02266 4.0 0
0 0 0 1 49.156 46.20207500000001 38.0 0.00015467 0.0013 4.0 0
0 0 1 0 57.56 52.678075 3.7 0.5274955000000001 4e-05 16.0 0
1 0 1 0 47.22 46.848895 12.35 0.22126916875 0.00675 5.0 0
0 0 0 1 46.976 45.378235 31.0 0.00077146 0.05531100000000001 1.85 0
0 0 0 1 48.105000000000004 50.25378 37.0 0.00019663 0.00128 2.0 0
0 0 0 1 58.54350000000001 60.0 14.0 0.035096 0.23908849999999998 3.1 0
1 0 0 0 60.0 59.99189 98.0 0.016234179471986653 4.2000000000000004e-05 1.85 0
0 0 0 1 47.1505 32.8673805 5.0 0.26746 0.16035950000000002 3.7 0
0 0 0 1 45.0415 42.6057 13.0 0.049775 0.07506949999999998 2.4 0
0 0 0 1 48.812999999999995 44.594375 8.0 0.13208 0.11350800000000001 4.45 0
0 0 1 0 48.16600000000001 42.07875 15.9 0.078828726 0.03023 1.0 0
0 0 0 1 48.362 49.21752 17.0 0.016383 0.09160349999999999 2.4 0
0 0 1 0 46.581 48.313278 16.0 0.023979 1e-05 12.0 0
0 0 0 1 47.24899999999999 45.617070000000005 13.0 0.045536 0.083874 2.65 0
0 0 0 1 46.04600000000001 57.92 5.0 0.3083 0.14771099999999998 4.35 0
0 0 0 1 47.18749999999999 47.0159 13.0 0.042395 0.36602 2.0 0
0 0 0 1 49.138999999999996 41.984156999999996 18.0 0.012988 0.0921275 2.45 0
0 0 0 1 46.49100000000001 49.70378 11.0 0.074974 0.109079 5.3 0
0 0 1 0 56.50750000000001 55.747569999999996 16.0 0.32074221730541996 0.0 5.0 0
0 0 0 1 57.568000000000005 55.359455000000004 74.0 3.9715e-08 0.00026999999999999995 1.7 0
1 0 0 1 55.19 47.99703 21.0 0.0075963 0.13635199999999997 3.9 0
1 0 0 0 48.7 44.53170000000001 18.65 0.07123001400000002 0.06220450000000001 1.7 0
0 0 0 1 51.4005 49.713274999999996 32.0 0.0006195 0.04898400000000001 1.8 0
0 0 0 1 51.452999999999996 49.614125 16.0 0.024896 0.1043205 2.45 0
0 0 0 1 50.936499999999995 47.910624999999996 11.0 0.067669 0.31146 0.0 0
0 0 1 0 44.11 16.7241 4.0 0.39161 0.0766 1.0 0
0 0 0 1 50.4655 40.743244999999995 19.0 0.011504 0.04017 1.0 0
0 0 0 1 47.795 43.414895 18.0 0.014865 0.066634 2.0 0
0 0 0 1 46.6905 47.10562 13.0 0.046122 0.10604200000000001 3.0 0
0 0 0 1 46.131499999999996 45.722494999999995 11.0 0.077652 0.1000245 3.7 0
0 0 1 1 48.0735 33.9586075 10.0 0.080042 0.09774 2.0 0
0 0 0 1 48.815 39.878161 18.0 0.014093 0.1625 2.0 0
0 0 1 0 49.85850000000001 50.708690000000004 1.0 0.73041 0.00028 3.0 0
0 0 1 0 51.029 57.607115 3.7 0.52156275 0.0 6.0 0
0 0 0 1 53.803999999999995 50.15175 64.0 3.9023e-07 1e-05 2.8 0
0 1 0 0 41.480000000000004 33.202 21.45 0.03451134807 0.050945 1.7 0
0 0 1 0 49.8825 48.02439500000001 0.0 0.9272 0.0 1.0 0
0 1 0 0 47.952999999999996 46.91503 28.75 0.008522165185 0.00171 1.0 0
0 0 0 1 50.715999999999994 47.100025 12.0 0.060838 0.1219505 4.15 0
0 0 0 1 45.114 47.232654999999994 28.0 0.0013968 0.0594935 2.15 0
0 1 0 0 50.35447767066693 44.52678267539525 24.651144857041167 0.09658699853529934 0.10095995499099822 3.9706941388277657 0
0 1 0 0 51.028 0.0 18.0 0.013317 1.0 3.0 0
1 0 0 0 45.38 35.54873 19.75 0.05007084154980601 0.05002049999999999 2.0 0
1 0 0 0 46.04 37.182930000000006 29.0 0.021107446594342646 0.050875000000000004 2.05 0
0 0 1 1 48.38250000000001 44.027370000000005 18.0 0.013977 0.0002 1.0 0
1 0 0 0 59.57 59.328065 57.55 0.03305532994910641 0.0666605 3.8 0
0 0 0 1 49.914 44.57084 27.0 0.0018881 0.021477 2.3 0
0 0 0 1 50.396 48.46945 12.0 0.056191 0.11122299999999999 5.25 0
0 0 0 1 47.1545 40.075445 2.0 0.52615 0.0881455 4.95 0
0 1 1 0 49.831 58.3143 26.0 0.0023473 0.00145 3.0 0
0 0 0 1 47.919500000000006 45.41267 26.0 0.0021508 0.059802 2.4 0
0 0 0 1 52.625 60.0 50.0 8.5357e-06 0.00175 1.0 0
0 1 0 0 44.659499999999994 9.75 5.0 0.2847 1.0 4.0 0
0 0 0 1 48.652 46.285699999999984 21.0 0.006951 0.08259899999999999 1.65 0
0 0 0 1 50.0535 45.11345 13.0 0.040706 0.16513950000000002 2.65 0
0 0 1 0 50.562999999999995 40.357415 19.95 0.09835081935000001 0.00301 1.0 0
1 0 0 1 38.51 35.17266 19.0 0.010439 0.24367 1.0 0
0 1 0 0 46.04600000000001 45.670632999999995 16.0 0.023408 0.02782 2.0 0
0 0 1 0 47.2475 50.194935 16.6 0.0855497135 0.01325 2.0 0
0 0 0 1 42.19 48.31631 17.0 0.019142 0.10982800000000001 2.6 0
0 0 0 1 49.997499999999995 47.83896 14.0 0.035178 0.15637750000000003 2.6 0
0 0 0 1 56.85 46.2273 20.0 0.0083681 0.07242099999999999 2.2 0
0 0 0 1 48.186 39.526416 24.0 0.0037959 0.33236 2.0 0
0 0 0 1 47.9275 37.0017 9.0 0.10345 0.1099145 4.7 0
0 0 0 1 49.3985 58.0 17.0 0.019447 0.09698599999999999 1.75 0
0 0 0 1 45.377 41.096824999999995 16.0 0.023571 0.12350499999999998 2.9 0
0 0 0 1 49.7385 46.494625 14.0 0.037243 0.05494 1.0 0
0 0 1 0 45.864000000000004 42.18670999999999 11.8 0.15387455 0.64706 2.0 0
0 0 1 0 46.677499999999995 52.4286 0.0 0.98332 0.00025 4.0 0
1 0 0 0 46.22 37.57035 23.0 0.020432946594339998 0.09301000000000001 2.05 0
1 0 0 0 60.0 59.99189 98.0 0.016234179471986653 4.2000000000000004e-05 1.85 0
0 0 1 0 50.099999999999994 48.52835 18.35 0.159863768 0.0008 3.0 0
0 0 1 0 46.685 39.006561 8.0 0.1521 0.31028 2.0 0
0 0 0 1 49.4945 45.1838805 15.0 0.02539 0.08579450000000002 1.55 0
0 0 0 1 52.027 45.105565 15.0 0.028555 0.0895765 2.45 0
0 0 1 0 39.97 36.6381295 9.0 0.1114 0.08519 2.0 0
0 0 0 1 57.8335 56.52828999999999 82.0 5.4993e-09 0.0003655 1.9 0
0 0 0 1 48.97 44.65904 21.0 0.0078208 0.01793 1.0 0
1 0 0 0 60.0 59.99189 98.0 0.016234179471986653 4.2000000000000004e-05 1.85 0
0 0 0 1 51.212 48.354685 12.0 0.052148 0.12759700000000002 3.5 0
0 0 0 1 51.685 49.709325 53.0 4.105e-06 0.02516300000000001 3.35 0
0 0 1 0 55.6155 45.2604145 8.5 0.537484194357 0.00025 9.0 0
1 0 0 0 60.0 59.99189 98.0 0.016234179471986653 4.2000000000000004e-05 1.85 0
0 0 0 1 48.379000000000005 59.9662 17.0 0.01834 0.08293 3.0 0
0 0 0 1 47.169 45.543459999999996 4.0 0.37143 0.18764699999999998 3.95 0
0 0 0 1 49.88 41.56347000000001 13.0 0.047391 0.1504045 3.2 0
0 0 1 0 48.311 38.8 19.0 0.012379 0.35714 1.0 0
0 0 0 1 48.812999999999995 44.98228 8.0 0.12837 0.16943249999999999 3.15 0
0 0 1 0 50.235499999999995 46.217095 0.0 1.0 0.0 11.0 0
0 0 0 1 50.3035 41.452999999999996 19.0 0.01013 0.06078 1.0 0
0 0 0 1 51.834 41.876345 13.0 0.041198 0.083621 2.2 0
0 0 1 0 47.4125 49.752175 15.9 0.04563003 0.02656 2.0 0
1 0 0 0 57.32 58.865010000000005 17.45 0.045805040000000005 0.0910465 2.0 0
0 0 0 1 50.911500000000004 48.87298 14.0 0.034997 0.07974 3.0 0
0 0 0 1 48.9755 33.626096000000004 4.0 0.32688 0.44275 2.0 0
0 0 0 1 57.833499999999994 58.617650000000005 168.0 1.2687e-17 0.0 1.8 0
1 0 0 0 48.52 43.772385 21.15 0.069940811847935 0.063175 1.8 0
0 0 0 1 49.1935 47.132255 14.0 0.034649 0.103079 3.35 0
0 0 0 1 44.593 44.65961 5.0 0.30481 0.152266 5.45 0
1 0 0 0 43.85 35.288644999999995 16.45 0.1381245895 0.0984845 1.75 0
0 0 1 0 50.964999999999996 59.6721 7.65 0.5549143059225001 0.0 7.0 0
0 1 0 0 35.6625 0.0 4.05 0.6211383300000001 0.9 1.8 0
0 1 0 1 54.22149999999999 59.315 41.0 6.7208e-05 0.04382099999999999 3.6 0
1 0 0 0 51.08 49.062945 22.8 0.032796690205 0.022739000000000002 1.7 0
0 0 0 1 44.204499999999996 47.5193 13.0 0.046378 0.04498 3.0 0
0 0 0 1 40.429500000000004 59.795015 255.0 0.0 0.0 1.95 0
0 0 1 1 46.135 49.433725 11.0 0.078935 0.09061 1.0 0
0 0 0 1 47.02550000000001 41.403235 6.0 0.23663 0.1982895 5.85 0
0 0 0 1 47.027499999999996 47.89512499999999 10.0 0.087777 0.0570045 3.75 0
0 1 0 0 43.806 48.336705 28.0 0.0012787 0.0011 2.0 0
0 0 1 0 49.328500000000005 52.27270500000001 9.7 0.38029907599999996 0.01408 8.0 0
0 0 0 1 50.18749999999999 44.674705 11.0 0.065489 0.12026150000000002 5.95 0
0 0 0 1 51.00350000000001 48.412345 8.0 0.1567 0.06633 10.0 0
0 0 0 1 49.153499999999994 49.15729 38.0 0.00013838 0.0358925 2.5 0
0 0 0 1 47.48649999999999 46.450715 19.0 0.012318 0.07160649999999999 2.35 0
0 1 0 0 45.504999999999995 28.2644 20.45 0.030194923000000002 0.00237 3.0 0
0 0 0 1 47.8335 48.286109999999994 29.0 0.0010378 0.030861999999999994 2.15 0
0 0 1 0 51.75 44.52425 27.0 0.04372832792999999 0.00019 1.0 0
0 0 0 1 49.211499999999994 44.34135 14.0 0.034387 0.0868855 2.45 0
0 0 0 1 47.415499999999994 42.2696415 10.0 0.092709 0.1160555 5.05 0
0 0 0 1 46.6195 47.112190000000005 9.0 0.11076 0.16171249999999998 3.5 0
0 0 0 1 50.715999999999994 47.578955 12.0 0.061158 0.10344650000000002 3.4 0
0 0 1 0 50.6745 49.43525 0.0 0.85951 0.00294 1.0 0
0 0 0 1 49.035999999999994 46.615269999999995 15.0 0.026852 0.0901505 1.6 0
0 0 1 0 57.7325 50.99003 9.0 0.3534949640285 0.0 18.0 0
0 0 0 1 45.529 48.694475 13.0 0.043183 0.10826349999999998 3.15 0
1 0 0 0 60.0 59.99189 98.0 0.016234179471986653 4.2000000000000004e-05 1.85 0
0 0 1 0 51.44200000000001 21.5455 8.0 0.15362 0.01049 3.0 0
0 0 1 0 42.955499999999994 51.89485 0.0 0.8122 0.08079 6.0 0
0 1 0 0 47.723499999999994 24.4419 9.0 0.10169 0.06353 3.0 0
0 0 1 0 56.50750000000001 55.33380999999999 39.6 0.27223963912045207 0.0 4.0 0
0 0 0 1 46.580000000000005 43.708615 16.0 0.024012 0.1275525 3.8 0
0 0 0 1 49.462 42.880535 13.0 0.044892 0.1489085 1.8 0
0 0 0 1 45.479499999999994 28.7895 5.0 0.26471 0.1935 2.0 0
0 0 1 0 47.449 51.846064999999996 18.0 0.015827 0.0 7.0 0
0 0 0 1 48.40849999999999 46.67329 15.0 0.030366 0.19716949999999997 2.05 0
1 0 1 0 42.34 58.923064999999994 8.3 0.5087211859224999 7e-05 7.0 0
0 0 0 1 43.443 47.179935 5.0 0.29643 0.14918650000000003 4.55 0
0 0 0 1 48.616 36.2 4.0 0.34737 0.43707 12.0 0
0 0 0 1 49.033500000000004 44.365735 16.0 0.022021 0.14809399999999998 3.05 0
1 0 0 0 37.51 48.17856000000001 12.55 0.10971948500000002 0.38275 6.0 0
0 0 0 1 49.831 50.642 26.0 0.0024012 0.39436 2.0 0
0 0 0 1 20.65 47.49190500000001 5.0 0.29754 0.199502 3.95 0
1 0 0 0 55.3 55.75707 19.55 0.0377920845 0.0581205 1.7 0
0 1 0 0 53.48649999999999 53.1039 22.0 0.13701974490002425 0.0572775 4.0 0
0 0 0 1 47.164500000000004 49.989625000000004 11.0 0.077519 0.02152 3.0 0
0 0 0 1 48.775999999999996 41.887585 19.0 0.011741 0.55073 4.0 0
1 0 0 0 60.0 59.99189 98.0 0.016234179471986653 4.2000000000000004e-05 1.85 0
0 0 0 1 45.075 43.978085 13.0 0.04599 0.12004 3.0 0
0 0 0 1 47.727999999999994 46.504758 16.0 0.020692 0.05682 2.0 0
1 0 0 0 46.14 37.570350000000005 28.95 0.016748496594342643 0.07354849999999999 2.3 0
0 0 0 1 44.2715 39.759694999999994 7.0 0.17647 0.1709825 3.8 0
0 0 0 1 52.62 48.6284965 15.0 0.02775 0.08203200000000001 3.6 0
1 0 0 0 57.84 58.21934000000001 23.1 0.04747075931013571 0.051545999999999995 2.85 0
0 1 0 0 47.9275 41.70426500000001 9.0 0.10446 0.11365100000000002 3.85 0
0 0 0 1 43.855000000000004 42.31156599999999 17.0 0.017423 0.23636 2.0 0
0 0 0 1 47.183499999999995 43.8615145 36.0 0.00023212 0.079396 2.05 0
0 0 0 1 49.054 41.926855 33.0 0.00040418 0.026631500000000002 2.0 0
0 0 0 1 45.6715 48.17398999999999 14.0 0.038938 0.13039 3.0 0
0 0 0 1 49.882999999999996 46.165245 19.0 0.011534 0.06855649999999999 2.05 0
0 0 1 0 57.7325 53.997245 10.1 0.19517075165000003 0.00034 19.0 0
0 0 0 1 47.832499999999996 37.852635 9.0 0.11642 0.35714 1.0 0
1 0 0 0 57.17 58.888305 18.35 0.06373818 0.07455549999999998 2.45 0
0 0 1 0 44.717499999999994 38.38759600000001 1.0 0.66246 0.07981 2.0 0
0 0 0 1 46.82000000000001 36.913 20.0 0.0096742 0.1537005 2.0 0
1 0 0 0 56.57 58.33932 18.85 0.059900235 0.1014715 1.8 0
0 0 0 1 49.57299999999999 41.81451 15.0 0.028865 0.07306750000000001 1.9 0
0 0 0 1 49.4105 46.240134999999995 13.0 0.0452 0.12489949999999998 2.55 0
0 0 0 1 47.83200000000001 49.02224500000001 17.0 0.017945 0.0667065 3.85 0
0 0 0 1 47.4665 49.867525 21.0 0.0068054 0.09745449999999997 2.25 0
1 0 0 0 60.0 59.99189 98.0 0.016234179471986653 4.2000000000000004e-05 1.85 0
0 1 0 0 48.42700000000001 25.5859 20.05 0.033465121 0.01202 1.0 0
0 0 0 1 50.2685 43.158474999999996 24.0 0.0034381 0.09838950000000002 2.4 0
1 1 1 0 60.0 60.0 81.0 7.5932e-09 0.0 2.0 1
0 0 0 1 48.6785 42.870144999999994 13.0 0.044962 0.137802 1.85 0
0 0 0 1 46.1515 40.02344 14.0 0.038915 0.1841285 2.2 0
0 0 0 1 47.1885 45.94335 31.0 0.00073521 0.025684999999999996 1.8 0
0 0 0 1 45.077000000000005 47.961535000000005 17.0 0.017838 0.08674299999999999 3.95 0
1 0 0 0 51.11 49.058975 21.25 0.040932737355 0.022463 1.7 0
0 0 0 1 43.2595 35.33468 5.0 0.25862 0.1973395 4.25 0
0 0 0 1 45.6635 46.93193 28.0 0.0014742 0.0366335 2.05 0
0 0 0 1 50.25750000000001 45.804365 22.0 0.0051549 0.06392 2.0 0
0 0 0 1 57.314499999999995 59.997335 149.0 1.0371e-15 0.0 1.9 0
0 0 0 1 46.732 42.26304499999999 20.0 0.0098651 0.053486 2.55 0
0 0 1 0 53.876999999999995 51.56882499999999 12.0 0.057344 0.01061 3.0 0
0 0 1 0 50.927499999999995 49.5714 14.15 0.16509733875 0.01131 5.0 0
1 0 0 0 56.24 40.940760000000004 9.0 0.10011 0.15049 2.0 0
0 0 0 1 47.265 4.0 18.0 0.015295 1.0 1.0 0
1 0 0 0 60.0 59.99189 98.0 0.016234179471986653 4.2000000000000004e-05 1.85 0
0 0 0 1 48.812999999999995 43.98256500000001 8.0 0.13148 0.121353 4.15 0
0 1 0 0 47.39 38.3015 21.85 0.05532976739050001 0.00493 2.0 0
0 0 0 1 48.2925 19.8947 13.0 0.045052 0.0095 2.0 0
1 0 0 0 50.18 45.152305 20.7 0.0717259104715 0.0831985 1.8 0
0 0 0 1 51.943000000000005 55.11143500000001 59.0 1.1057e-06 0.028772000000000002 1.95 0
0 0 0 1 48.75249999999999 26.1667 21.0 0.0063928 0.37126 3.0 0
0 0 0 1 51.804500000000004 42.406275 13.0 0.039935 0.60088 1.0 0
0 0 1 0 47.4255 49.37243 14.0 0.29950022740000004 0.0268 7.0 0
1 0 0 0 60.0 59.99189 98.0 0.016234179471986653 4.2000000000000004e-05 1.85 0
0 0 1 0 48.3935 47.34563750000001 2.0 0.60488 0.00018 12.0 0
0 0 1 0 48.487 46.118185 16.25 0.051553357499999994 0.0643 1.0 0
0 1 0 0 47.233 31.2782 9.0 0.10098 0.17952449999999998 4.4 0
0 0 1 0 46.690999999999995 50.030204999999995 5.0 0.25798 0.0 10.0 0
0 0 0 1 46.488 33.538985999999994 7.0 0.16089 0.30872 2.0 0
0 0 0 1 49.501999999999995 46.39644500000001 14.0 0.038251 0.13504199999999997 2.9 0
0 1 0 1 45.8355 48.168769999999995 25.0 0.0027817 0.00148 2.0 0
0 0 0 1 57.864 58.78884000000001 160.0 9.428e-17 0.0 1.65 0
0 0 1 0 48.864999999999995 35.3194 22.0 0.0052154 0.00046 1.0 0
0 1 0 1 47.7845 59.3667 17.0 0.019538 0.03942 2.0 0
0 0 0 1 52.339999999999996 47.40487999999999 14.0 0.037541 0.17021100000000003 3.95 0
0 0 0 1 48.279 44.478915 18.0 0.015574 0.060592499999999994 1.45 0
0 0 0 1 41.5 45.473325 26.0 0.0020867 0.086004 2.65 0
0 1 0 0 44.572500000000005 59.5769 8.9 0.51092201775 0.0 3.0 0
0 0 0 1 48.284000000000006 43.741110000000006 20.0 0.0090761 0.07562250000000001 2.1 0
0 0 0 1 46.564 43.59316450000001 36.0 0.000204 0.0417425 2.2 0
0 0 0 1 49.701499999999996 45.175670000000004 21.0 0.0073594 0.02598 1.0 0
0 0 0 1 48.688 37.63552500000001 10.0 0.082271 0.13316299999999998 3.15 0
0 0 0 1 50.062000000000005 43.2906 19.0 0.011404 0.07372 2.0 0
0 0 1 0 44.4325 45.4062 8.0 0.15352 0.00875 1.0 0
0 0 0 1 45.242000000000004 36.610130000000005 9.0 0.11541 0.23859 3.0 0
0 0 0 1 47.089999999999996 52.043229999999994 29.0 0.0010303 0.00794 4.0 0
0 0 0 1 39.0 41.069145999999996 12.0 0.057074 0.09577 2.0 0
0 1 0 0 54.12650000000001 54.4324 16.2 0.07195666987540002 0.029069500000000005 6.5 0
0 0 0 1 41.16 47.09566 31.0 0.00066947 0.046991500000000005 2.0 0
0 0 0 1 50.709999999999994 42.022155 23.0 0.0040769 0.15553 4.0 0
0 0 0 1 46.9005 36.602315 18.0 0.014714 0.0512725 1.85 0
0 0 0 1 48.008500000000005 56.175 24.0 0.0037001 0.05526199999999999 2.75 0
0 0 0 1 48.06499999999999 46.205598 16.0 0.020576 0.08839 1.0 0
0 0 1 1 51.3925 47.898089999999996 11.0 0.064836 0.02047 5.0 0
0 0 1 0 47.764500000000005 40.29332 0.0 1.0 0.0 2.0 0
0 0 0 1 46.166 42.294485 29.0 0.0011603 0.53625 1.0 0
0 0 0 1 48.60350000000001 40.99992999999999 6.0 0.22222 0.2333685 5.9 0
0 0 0 1 45.671499999999995 48.79101 14.0 0.039538 0.06884 11.0 0
0 0 0 1 48.56400000000001 44.405964999999995 14.0 0.0328 0.17668450000000005 1.95 0
1 0 0 0 57.48 58.70059 15.65 0.090778665 0.0730305 2.0 0
1 0 0 0 58.16 58.732854999999994 19.6 0.042145647648700005 0.0829955 2.4 0
1 0 0 0 57.53 42.276689999999995 14.65 0.08300698999999999 0.19347 5.0 0
0 0 1 0 44.86699999999999 26.96 3.0 0.4655 0.05674 3.0 0
0 0 1 0 45.820499999999996 34.53087950000001 9.0 0.11322 0.09433 2.0 0
0 0 0 1 46.86 46.455595 14.0 0.035558 0.12820649999999997 2.2 0
1 0 0 0 49.66 43.439615 19.15 0.1290525276235 0.054557999999999995 1.95 0
0 0 0 1 46.624500000000005 50.13568000000001 12.0 0.060481 0.00914 1.0 0
0 0 0 1 50.8505 44.536918 16.0 0.02164 0.68531 2.0 0
0 1 0 0 49.82 33.7009 16.0 0.022742 0.10218 6.0 0
0 0 1 0 57.641000000000005 52.727845 13.0 0.48482393000011614 0.0 12.0 0
0 0 0 1 47.17200000000001 49.85038 21.0 0.0068603 0.12547899999999998 1.7 0
0 0 0 1 52.592499999999994 48.534507999999995 16.0 0.022022 0.03984 5.0 0
0 0 0 1 48.794500000000006 46.916039999999995 19.0 0.010096 0.10274150000000001 2.9 0
0 0 0 1 51.8995 43.61625 23.0 0.0043324 0.12311100000000001 2.25 0
0 0 1 0 45.093 40.760925 5.0 0.28998 0.35385 4.0 0
0 0 0 1 47.3415 44.400904999999995 24.0 0.0039665 0.1218195 2.3 0
0 0 0 1 46.6055 45.925665 16.0 0.020871 0.11482800000000001 2.15 0
0 0 0 1 51.7845 60.0 21.0 0.0067161 0.00827 3.0 0
1 0 0 0 59.33 58.964315 41.15 0.12201086229918982 0.07963450000000001 3.7 0
0 0 0 1 51.07350000000001 48.6840965 15.0 0.028022 0.0706905 2.7 0
0 0 0 1 45.964499999999994 43.876504999999995 25.0 0.0028376 0.064464 1.95 0
0 0 1 0 48.724500000000006 48.024395000000005 10.0 0.09772 0.0 1.0 0
0 0 0 1 50.790499999999994 44.2643985 13.0 0.047851 0.17095049999999998 2.55 0
0 0 0 1 50.019 46.45652500000001 14.0 0.036694 0.096303 2.25 0
1 0 0 0 57.1 41.3910815 5.0 0.28228 0.157194 3.35 0
0 0 0 1 49.4945 45.1838805 15.0 0.02537 0.10585350000000002 1.65 0
1 0 1 0 41.76 45.263945 12.6 0.109873755 0.33824 2.0 0
0 0 0 1 48.688 37.670715 10.0 0.080488 0.145929 2.0 0
0 0 0 1 45.206500000000005 34.57062549999999 5.0 0.27264 0.15436100000000003 4.05 0
0 1 0 0 42.91 25.551 7.0 0.16891 0.08219 1.0 0
1 1 1 1 60.0 60.0 18.0 0.014902 0.01164 3.0 1
0 0 0 1 45.103500000000004 34.8998065 7.0 0.18268 0.1129005 5.55 0
0 0 0 1 47.249500000000005 40.757915 13.0 0.049275 0.08076 1.0 0
0 0 0 1 43.16 46.624900000000004 14.0 0.034799 0.131447 3.95 0
0 0 0 1 46.8045 47.23765 17.0 0.017957 0.02684 1.0 0
0 1 0 1 55.34 47.87296500000001 17.0 0.016463 0.01417 2.0 0
0 1 0 0 35.6625 0.0 4.05 0.6211383300000001 0.9 1.8 0
0 0 0 1 47.5865 46.69119499999999 13.0 0.043779 0.24141549999999995 2.3 0
0 0 1 0 46.021 52.84443 1.0 0.76141 0.20938 6.0 0
0 0 1 0 51.029 57.607115 3.7 0.52156275 0.0 6.0 0
0 0 0 1 48.45799999999999 48.5971315 15.0 0.027678 0.07646250000000002 3.4 0
0 0 1 0 49.43000000000001 50.176520000000004 8.0 0.14687 0.02614 4.0 0
0 0 0 1 45.128 42.02475 7.0 0.17053 0.1741835 5.45 0
0 0 0 1 51.855 60.0 9.0 0.12486 0.29424 1.0 0
0 0 0 1 47.227999999999994 46.229760000000006 19.0 0.012166 0.053662999999999995 2.8 0
0 0 0 1 40.429500000000004 59.795015 255.0 3.7274499999999995e-43 0.0 1.95 0
0 0 1 0 47.246 49.203085 2.0 0.52279 0.00102 2.0 0
0 0 0 1 49.501999999999995 46.39644500000001 14.0 0.038274 0.11722649999999998 2.9 0
0 0 1 1 42.47 47.048265 43.0 4.0194e-05 0.00166 1.0 0
1 0 0 0 37.14 39.404785 15.1 0.10148376750000002 0.13043 2.0 0
0 0 0 1 50.190000000000005 47.939545 13.0 0.040087 0.18913 2.6 0
0 0 1 1 44.318 50.708690000000004 13.0 0.047136 0.0 3.0 0
0 0 0 1 49.1675 46.719075 27.0 0.001664 0.00211 2.0 0
0 0 0 1 48.379 43.875825 17.0 0.018311 0.14361 2.0 0
0 0 0 1 45.0065 43.132889 7.0 0.16035 0.20609000000000002 3.55 0
0 0 0 1 48.001 39.8200555 19.0 0.010902 0.028607499999999998 2.15 0
0 0 0 1 48.812 44.15959 33.0 0.00049016 0.022029 2.1 0
1 0 0 0 54.82 39.68168 7.0 0.17669 0.1709825 3.8 0
0 0 1 1 47.92949999999999 48.483165 29.0 0.001133 0.0012 1.0 0
0 0 0 1 48.518 36.5427075 2.0 0.56324 0.16048049999999997 6.1 0
0 0 1 0 52.5415 44.632735000000004 18.75 0.14804325775 0.00133 4.0 0
0 0 0 1 40.429500000000004 59.795015 255.0 0.0 0.0 1.95 0
0 1 1 0 47.2245 49.29524 10.35 0.23449039999999996 0.16749 7.0 0
0 0 1 0 51.6305 44.41999 23.85 0.16462333311500005 0.00036 2.0 0
0 0 0 1 56.5 45.16066 20.0 0.0087138 0.060323499999999995 1.8 0
0 0 0 1 48.57149999999999 50.606649999999995 15.0 0.026101 0.1612635 1.9 0
0 0 0 1 42.608999999999995 59.8621 41.0 7.4037e-05 0.17352 2.0 0
0 0 0 1 48.582 45.407084999999995 26.0 0.0021578 0.06458499999999999 2.25 0
0 0 0 1 48.741499999999995 42.25186000000001 15.0 0.031361 0.1436645 2.2 0
0 0 1 0 44.1985 53.2727 15.85 0.0866012825 0.12799 2.0 0
0 1 0 0 34.345 23.1429 17.2 0.10117397750000001 0.096884 3.3 0
0 0 0 1 50.64 58.6148 16.0 0.021714 0.03287 1.0 0
1 0 0 0 17.87 24.285625000000003 54.25 0.11689343806347914 0.20696999999999996 2.25 0
0 0 1 0 56.427499999999995 53.330155000000005 9.45 0.2444038106 0.25088 10.0 0
1 0 0 0 55.02 55.955034999999995 22.15 0.030323026022232503 0.037823 1.95 0
0 0 0 1 49.625 48.40496 20.0 0.0084614 0.05108300000000001 2.55 0
1 0 0 0 57.37 58.859429999999996 16.75 0.06779070499999999 0.08613950000000001 2.1 0
0 0 0 1 45.946 40.43173 25.0 0.0028898 0.07615449999999999 2.2 0
0 0 0 1 49.906000000000006 42.855905 21.0 0.00717 0.061526500000000005 2.45 0
0 0 0 1 50.396 46.417725000000004 12.0 0.05588 0.13618750000000002 5.0 0
0 0 0 1 49.959500000000006 44.59599 11.0 0.073295 0.30707 2.0 0
0 0 0 1 55.8745 57.239225 77.0 1.6174e-08 0.00019850000000000003 1.7 0
0 0 0 1 49.3985 50.631249999999994 15.0 0.026018 0.142485 2.35 0
0 0 0 1 56.557 54.417975 84.0 3.2083e-09 0.0007435 1.7 0
0 0 1 1 48.763000000000005 42.427375 19.0 0.012057 0.00233 3.0 0
0 0 0 1 47.727500000000006 47.34916 8.0 0.13486 0.18923050000000002 4.55 0
0 1 0 1 49.35 39.2864 47.0 1.8356e-05 0.00017 1.0 0
1 0 0 0 60.0 59.99189 98.0 0.016234179471986653 4.2000000000000004e-05 1.85 0
0 0 1 0 56.55 43.508759999999995 19.7 0.07227500248999999 0.00605 1.0 0
0 0 0 1 43.7655 40.137750000000004 3.0 0.40476 0.10199649999999998 5.1 0
0 0 1 0 52.461 46.567125 19.8 0.04950407799999999 0.00934 3.0 0
0 0 0 1 53.39 37.0349055 19.0 0.011174 0.0861245 2.65 0
0 0 0 1 48.0545 48.52642 17.0 0.018731 0.09965950000000001 2.6 0
0 0 1 0 57.7325 50.99003 9.0 0.3534949640285 0.0 18.0 0
0 0 0 1 47.5005 47.210195 19.0 0.012097 0.0937295 2.4 0
0 0 1 0 52.534000000000006 60.0 0.0 0.96649 1e-05 6.0 0
0 0 0 1 49.914 44.57084 27.0 0.0019657 0.027532499999999998 2.1 0
0 0 0 1 49.213 59.7972 41.0 6.9578e-05 0.00339 1.0 0
0 0 0 1 56.22 42.5721 23.0 0.0042207 0.1021115 2.0 0
0 0 1 0 50.03 39.910180000000004 20.25 0.0587187457 0.0062 2.0 0
0 0 0 1 53.7 45.262634999999996 18.0 0.015429 0.1294845 2.05 0
0 0 1 1 48.18599999999999 49.114375 24.0 0.0038026 3e-05 6.0 0
0 0 0 1 51.076499999999996 42.369305000000004 13.0 0.040846 0.1357025 2.55 0
0 0 0 1 56.1915 58.812290000000004 152.0 5.3294e-16 0.0 2.0 0
1 0 0 0 44.89 33.328265 19.0 0.06921278195 0.06293950000000001 2.2 0
0 1 0 0 44.9185 46.7956 28.0 0.0015018 0.00213 2.0 0
0 0 0 1 49.138999999999996 41.984156999999996 18.0 0.012984 0.091429 2.4 0
0 0 0 1 50.18749999999999 44.674705 11.0 0.06523 0.09490600000000002 5.1 0
1 0 0 0 47.61 38.723139999999994 5.0 0.26265 0.43802 1.0 0
0 0 0 1 59.286 58.622945 131.0 6.8574e-14 0.0 1.65 0
0 0 0 1 48.99 46.7519 15.0 0.026665 0.089115 2.45 0
0 1 0 1 50.18749999999999 44.674705 11.0 0.065637 0.121803 6.0 0
0 1 0 1 46.337 45.48922 13.0 0.043659 0.20239700000000002 2.95 0
0 0 0 1 49.882 43.621120000000005 30.0 0.00092714 0.012244999999999999 2.0 0
0 0 0 1 48.779999999999994 44.373765 13.0 0.041869 0.11389149999999999 2.0 0
1 0 0 0 17.42 24.285625000000003 55.6 0.11406165106347918 0.20697000000000002 2.25 0
1 0 0 0 59.33 58.964315 41.15 0.12201086229918982 0.07963450000000001 3.7 0
0 0 0 1 51.4005 50.707995 32.0 0.00058548 0.044444 2.4 0
0 0 0 1 39.07 28.323315 255.0 0.0 0.10622999999999998 1.75 0
0 0 0 1 49.417500000000004 49.821335 26.0 0.0022513 0.14989349999999999 1.95 0
0 0 0 1 49.7815 49.56535999999999 14.0 0.034687 0.05911 3.0 0
0 0 0 1 49.5415 45.35884 12.0 0.062481 0.32777 2.0 0
0 1 0 0 45.855999999999995 39.4172 31.0 0.00073579 0.00018 1.0 0
0 0 0 1 52.0105 41.443662999999994 16.0 0.022354 0.06086 1.0 0
0 0 0 1 49.5115 40.2768315 15.0 0.030105 0.55355 1.0 0
1 0 0 0 27.84 24.575425 17.65 0.12287571576925001 0.1341145 2.1 0
0 0 1 0 46.650999999999996 48.981915 16.95 0.036447129 0.04736 2.0 0
1 0 0 0 36.88 28.418994999999995 255.0 0.0 0.13724350000000002 1.75 0
0 0 1 0 49.028499999999994 43.002487 2.0 0.57895 0.0 9.0 0
0 0 1 0 49.328500000000005 53.68411 6.2 0.58414086 0.0 8.0 0
0 0 0 1 49.234 46.80025499999999 23.0 0.0045884 0.07676350000000001 1.8 0
0 0 0 1 50.5455 45.804179999999995 24.0 0.0036138 0.057347 3.2 0
0 0 1 0 56.50750000000001 48.17485 15.15 0.2099599698 0.00052 5.0 0
0 0 0 1 48.492999999999995 59.795015 213.0 4.5788e-22 0.0 1.95 0
0 0 0 1 45.6635 48.14549999999999 28.0 0.001522 0.05137200000000001 2.05 0
0 0 0 1 49.2375 45.009041999999994 18.0 0.012966 0.0968095 2.85 0
0 1 0 0 50.35447767066693 44.52678267539525 24.651144857041167 0.09658699853529934 0.10095995499099822 3.9706941388277657 0
0 0 0 1 47.422999999999995 46.890918 4.0 0.3426 0.185175 5.4 0
0 1 1 0 57.760000000000005 53.102999999999994 4.4 0.598075439 0.0 13.0 0
0 1 1 0 54.241499999999995 59.0714 43.0 4.3277e-05 0.0 12.0 0
0 0 1 0 48.646 49.696852 2.0 0.56036 1e-05 10.0 0
1 0 0 0 36.67 29.065949999999994 45.0 0.08875130925000001 0.13693300000000003 1.8 0
0 0 0 1 47.723499999999994 47.906895000000006 21.0 0.0076111 0.10232400000000001 2.7 0
0 0 0 1 47.435 45.97354 18.0 0.015191 0.00949 2.0 0
0 0 0 1 49.198 48.682061499999996 15.0 0.02793 0.09213000000000002 2.75 0
0 0 0 1 49.266 44.79445499999999 26.0 0.0024367 0.114507 2.7 0
0 0 0 1 49.980000000000004 46.501524999999994 37.0 0.00018149 0.026546000000000004 2.75 0
1 0 0 0 42.39 47.371655000000004 21.4 0.018848482 0.01599 1.0 0
0 1 0 0 48.8455 58.6892 27.95 0.030449027577775 0.00181 1.0 0
0 0 1 0 47.7645 48.517335 1.0 0.79416 2e-05 2.0 0
0 1 1 0 45.199000000000005 39.0526 11.3 0.21356131949999999 0.0 29.0 0
0 0 0 1 49.19800000000001 48.68206149999999 15.0 0.027945 0.09213000000000002 2.75 0
1 0 0 0 49.15 32.788615500000006 5.0 0.26331 0.14721199999999998 4.25 0
0 0 0 1 48.3455 7.27273 10.0 0.091143 0.1975065 4.9 0
1 0 0 0 60.0 59.99189 98.0 0.016234179471986653 4.2000000000000004e-05 1.85 0
0 0 1 0 44.51599999999999 38.606570000000005 13.8 0.1366691055 0.07966 1.0 0
0 0 0 1 49.992 41.707541500000005 15.0 0.028216 0.06298 1.0 0
0 0 1 0 57.747 60.1695 11.65 0.24758701999999996 0.00152 8.0 0
0 0 0 1 48.986 57.9333 6.0 0.23077 0.3614 19.0 0
0 0 0 1 48.56099999999999 49.79875 41.0 7.5868e-05 0.076824 1.85 0
0 0 1 0 49.28799999999999 48.567045 18.25 0.17607461149999998 0.00688 4.0 0
0 0 0 1 42.544 42.5847 31.0 0.00072431 0.0979 1.0 0
0 0 0 1 48.03 48.6284965 15.0 0.027799 0.068669 3.55 0
1 0 0 0 45.22 35.106539999999995 25.0 0.06508411021184099 0.09706799999999999 2.05 0
0 0 1 0 48.9415 43.082013 20.5 0.07004334200000002 0.00319 2.0 0
0 0 1 0 47.014500000000005 40.3747 22.7 0.026836873049999998 0.00445 2.0 0
0 0 0 1 43.29 45.743405 14.0 0.032077 0.124932 2.15 0
1 0 0 0 47.18 38.08719 22.1 0.0215971319095 0.044425000000000006 2.25 0
0 0 0 1 53.327999999999996 47.367745 47.0 1.6981e-05 0.024929 1.75 0
0 1 0 1 47.677499999999995 44.74613 18.0 0.015198 0.0367 2.0 0
0 0 0 1 43.3 42.60737999999999 13.0 0.044272 0.128967 2.6 0
0 0 1 0 43.969 22.7857 10.25 0.20028009500000002 0.29167 4.0 0
0 0 0 1 46.448499999999996 44.776898 4.0 0.31746 0.25251950000000006 6.8 0
1 0 1 0 44.2 41.810469999999995 20.85 0.045315594550000005 0.00231 2.0 0
0 0 1 0 48.911500000000004 45.77368499999999 20.55 0.025392184499999998 0.00339 3.0 0
0 0 1 0 47.764500000000005 48.00334 3.0 0.47535 0.0005 2.0 0
0 0 0 1 44.218500000000006 45.559794999999994 28.0 0.0014139 0.00064 4.0 0
0 0 0 1 48.5135 43.1132065 15.0 0.030842 0.25455 1.0 0
0 0 1 0 45.23 38.147975 20.8 0.10225615855 0.00048 1.0 0
0 1 0 0 50.35447767066693 44.52678267539525 24.651144857041167 0.09658699853529934 0.10095995499099822 3.9706941388277657 0
0 0 0 1 43.7655 40.13775 3.0 0.41053 0.1022665 6.95 0
0 0 1 0 47.327 38.7058445 3.0 0.48939 3e-05 9.0 0
0 0 0 1 51.67 43.903819999999996 20.0 0.008653 0.08368400000000001 1.8 0
0 0 1 0 43.7445 45.766725 18.0 0.025234911 0.0322 1.0 0
0 1 0 0 50.35447767066693 44.52678267539525 24.651144857041167 0.09658699853529934 0.10095995499099822 3.9706941388277657 0
0 0 1 0 51.425 45.5262 12.0 0.062163 0.08441 4.0 0
0 0 0 1 48.7185 46.659515 31.0 0.00063227 0.039011 1.95 0
0 0 0 1 52.387000000000015 42.74467 23.0 0.0044102 0.11874799999999996 2.35 0
0 0 0 1 50.948499999999996 45.07096 23.0 0.004051 0.10860599999999998 2.0 0
1 0 0 0 60.0 59.99189 98.0 0.016234179471986653 4.2000000000000004e-05 1.85 0
0 0 0 1 46.894 50.199415 41.0 6.3696e-05 0.07548950000000001 2.4 0
0 0 0 1 46.548500000000004 48.578435 17.0 0.016257 0.07649900000000001 1.8 0
0 1 0 0 45.059999999999995 22.2 5.0 0.29121 0.03106 1.0 0
0 0 1 0 44.853500000000004 45.35448 15.65 0.06520076500000001 0.07416 1.0 0
0 0 0 1 49.914 44.57084 27.0 0.0019308 0.027532499999999998 2.1 0
0 0 1 0 49.33299999999999 55.0 1.0 0.75806 0.0 14.0 0
0 0 0 1 50.356500000000004 50.21256999999999 17.0 0.018428 0.07667150000000002 1.95 0
0 0 0 1 47.3635 42.8776165 10.0 0.093615 0.08457500000000001 3.95 0
0 1 1 1 60.0 60.0 74.0 3.327e-08 0.0 1.0 1
0 0 0 1 48.275999999999996 47.53085 21.0 0.0078725 0.06963749999999999 2.45 0
0 0 0 1 50.31699999999999 46.20651499999999 27.0 0.0017687 0.058923 2.3 0
0 1 0 1 45.6225 44.453855000000004 36.0 0.00023227 0.01278 2.0 0
0 1 0 1 46.370999999999995 48.281628 16.0 0.024044 0.00071 18.0 0
0 1 0 1 47.534499999999994 50.4158 16.0 0.020316 0.01616 13.0 0
0 0 0 1 45.998999999999995 43.895945000000005 25.0 0.0028551 0.0850365 2.3 0
0 0 0 1 53.42 46.63301 15.0 0.030016 0.22213849999999996 2.3 0
0 0 0 1 48.851 39.43267 10.0 0.098383 0.09823049999999998 3.25 0
0 0 0 1 44.597500000000004 38.385011500000005 7.0 0.18369 0.18940299999999996 5.95 0
0 0 0 1 45.9745 45.411415 25.0 0.0026951 0.056519 2.15 0
0 0 1 0 45.1065 49.88889 14.2 0.29508270740000003 0.01034 7.0 0
0 0 0 1 44.35 48.414245 13.0 0.042915 0.12469650000000002 2.4 0
0 0 0 1 51.076499999999996 42.68864 13.0 0.040832 0.165084 2.7 0
0 0 0 1 51.212 47.802659999999996 12.0 0.052928 0.0878825 4.3 0
0 0 0 1 46.706500000000005 46.650245 16.0 0.020828 0.10394099999999999 2.0 0
0 0 0 1 46.65 46.188715 23.0 0.0045819 0.07436200000000001 1.8 0
0 0 0 1 52.1435 42.595383500000004 22.0 0.0056986 0.11491199999999999 1.85 0
0 0 0 1 50.88799999999999 9.704167000000002 6.0 0.22377 1.0 2.0 0
0 1 0 0 58.61049999999999 59.75 30.1 0.07641864202500415 0.0244745 2.9 0
0 1 1 0 46.96300000000001 44.8571 11.0 0.071514 0.01577 1.0 0
0 0 1 0 48.561 48.85553 20.75 0.054358765650000015 0.00794 1.0 0
0 0 0 1 48.091 49.278575000000004 38.0 0.00015626 0.0 2.0 0
0 0 1 0 33.77 44.4608495 12.8 0.15218424349999998 0.09004 2.0 0
0 0 0 1 47.96 46.899915 19.0 0.010351 0.0722785 2.9 0
0 0 0 1 49.9815 48.517720000000004 17.0 0.01929 0.101667 1.8 0
0 0 0 1 49.708 48.463375 22.0 0.0061898 0.01668 2.0 0
0 0 0 1 50.84349999999999 46.159955000000004 14.0 0.035031 0.1568825 3.0 0
0 0 0 1 49.587 44.01918 20.0 0.0089009 0.0905665 1.65 0
0 0 0 1 51.436 40.65474350000001 22.0 0.0056081 0.14589349999999998 1.75 0
0 0 0 1 51.546499999999995 60.0 28.0 0.0014969 0.02537 3.0 0
0 0 0 1 43.77 44.780142999999995 16.0 0.024815 0.09751 1.0 0
0 0 0 1 48.75099999999999 48.515085000000006 24.0 0.0032706 0.06606999999999999 2.35 0
0 0 1 0 48.8895 59.4771 0.0 0.95265 0.0 1.0 0
1 0 0 0 58.21 58.59389500000001 16.6 0.04371604690000001 0.11622200000000002 2.4 0
0 0 0 1 49.131 49.015460000000004 29.0 0.0011661 0.107738 1.6 0
0 1 0 0 50.35447767066693 44.52678267539525 24.651144857041167 0.09658699853529934 0.10095995499099822 3.9706941388277657 0
0 1 0 0 44.0515 0.0 8.35 0.36288547 1.0 3.0 0
0 0 0 1 46.5915 45.261655000000005 35.0 0.00028075 0.011151000000000003 3.05 0
0 0 0 1 44.745000000000005 44.732 5.0 0.29279 0.0942925 3.95 0
0 0 0 1 40.429500000000004 59.795015 255.0 0.0 0.0 1.95 0
0 0 0 1 52.5515 54.697795 56.0 2.2261e-06 0.005773499999999999 2.05 0
0 0 0 1 49.524 50.401295000000005 17.0 0.015963 0.00286 6.0 0
1 0 0 0 47.27 38.372975 20.8 0.022535426142 0.042154500000000004 2.4 0
0 0 0 1 47.7655 39.620435 20.0 0.0091923 0.03472 2.0 0
0 0 0 1 49.9595 42.67883500000001 18.0 0.013175 0.09571450000000001 3.0 0
0 0 0 1 58.45 42.4688285 13.0 0.049249 0.15739350000000002 1.7 0
0 0 0 1 47.4865 46.450715 19.0 0.012543 0.09614249999999999 2.3 0
0 0 0 1 55.83 41.19798999999999 18.0 0.014179 0.1156185 2.05 0
0 0 0 1 50.05200000000001 41.355740000000004 18.0 0.014284 0.125222 2.0 0
0 0 0 1 46.894 50.199415 41.0 6.3618e-05 0.0754895 2.4 0
0 0 0 1 48.614000000000004 46.226055 20.0 0.0091258 0.07435800000000001 2.2 0
0 1 0 0 41.0325 1.0 6.7 0.39301836500000004 1.0 1.0 0
0 0 0 1 46.147000000000006 44.507308 16.0 0.020546 0.13175900000000001 2.35 0
0 0 0 1 48.239 45.464415 15.0 0.030301 0.20805350000000003 1.9 0
0 0 1 0 47.109 58.2708 2.0 0.51199 0.0 5.0 0
0 0 1 0 49.711 48.024395000000005 10.0 0.0853 2e-05 1.0 0
0 0 0 1 49.523999999999994 49.66856 17.0 0.015998 0.53045 1.0 0
1 0 0 0 46.38 37.093735 19.3 0.06320207615000001 0.06799700000000002 1.65 0
0 0 0 1 45.460499999999996 38.40718149999999 7.0 0.18626 0.1546545 3.5 0
0 0 1 0 45.335 25.8333 7.0 0.16099 0.03478 2.0 0
0 0 1 0 45.094 48.517335 16.0 0.023421 0.0 2.0 0
1 0 0 0 60.03 59.970775 55.85 0.00023647019871885243 0.00020999999999999998 1.8 0
1 0 0 0 51.28 47.506882499999996 2.0 0.59729 0.076174 6.45 0
0 0 0 1 45.941 36.98653499999999 9.0 0.11749 0.26728 3.0 0
0 0 0 1 49.9895 52.4214 18.0 0.01265 0.08957 1.0 0
0 0 0 1 44.837 44.18197 14.0 0.032251 0.01491 1.0 0
0 0 0 1 47.925000000000004 39.8465 20.0 0.0091844 0.08239350000000002 2.0 0
0 0 0 1 45.719 44.507307999999995 16.0 0.020212 0.1104655 2.7 0
0 0 0 1 49.98950000000001 58.2456 18.0 0.012825 0.08444 11.0 0
1 0 0 0 60.0 59.99189 98.0 0.016234179471986653 4.2000000000000004e-05 1.85 1
0 0 1 0 44.76499999999999 47.703525 0.0 0.99621 0.0 8.0 0
0 0 1 0 49.8825 48.02439500000001 3.0 0.39831 0.0 1.0 0
0 0 1 0 48.608000000000004 48.42782 3.0 0.40364 0.00056 2.0 0
0 0 0 1 50.66 42.57278 21.0 0.0079092 0.16993 1.0 0
0 0 0 1 45.0065 43.132889 7.0 0.16026 0.20609000000000002 3.55 0
0 0 0 1 53.6075 60.0 8.0 0.15605 0.26476 10.0 0
1 0 0 0 60.0 59.99189 98.0 0.016234179471986653 4.2000000000000004e-05 1.85 0
1 0 0 0 43.05 32.94016 16.65 0.086406708 0.1003355 2.05 0
0 0 0 1 50.509 51.3596 23.0 0.004087 0.09623 3.0 0
0 0 0 1 47.51350000000001 45.389860000000006 26.0 0.0020613 0.08218850000000001 2.7 0
0 0 0 1 45.525 44.507308 16.0 0.020452 0.14649399999999999 3.0 0
0 0 0 1 47.80800000000001 46.192235000000004 13.0 0.045774 0.125719 2.95 0
0 0 0 1 49.211499999999994 43.065639999999995 14.0 0.034359 0.100196 1.7 0
0 1 0 0 47.45550000000001 26.4659 9.0 0.12037 0.05466 3.0 0
0 0 0 1 46.018 46.650245 16.0 0.020727 0.1166185 2.3 0
0 0 1 0 46.143 27.2812 12.0 0.051811 0.0913 1.0 0
0 0 0 1 48.74150000000001 45.82357 15.0 0.030553 0.188322 2.0 0
0 0 0 1 50.948499999999996 45.07096 23.0 0.0039822 0.10860599999999998 2.0 0
0 0 0 1 47.70399999999999 45.36334 11.0 0.072233 0.092103 3.45 0
0 0 0 1 48.81300000000001 47.161294999999996 8.0 0.13368 0.15281050000000002 4.5 0
0 0 0 1 50.19000000000001 47.93954500000001 13.0 0.040305 0.2092855 2.75 0
0 0 0 1 41.737 39.19351999999999 42.0 5.0427e-05 0.03485 1.0 0
0 0 1 0 41.357 12.6071 1.0 0.72147 0.38462 1.0 0
0 0 0 1 44.6865 39.84414 17.0 0.017297 0.10421449999999999 2.65 0
0 1 0 0 41.0325 0.0 4.35 0.5742076399999999 1.0 1.0 0
0 0 1 0 45.376999999999995 36.738696 7.0 0.16782 0.18854 2.0 0
0 0 0 1 48.28 44.40538 17.0 0.016661 0.077394 2.6 0
0 0 0 1 56.12 46.481525000000005 14.0 0.036165 0.06044 2.0 0
1 1 1 0 60.0 60.0 107.0 1.6535e-11 0.0 2.0 1
0 0 1 0 49.944 49.622985 23.25 0.028002424704999994 0.00551 1.0 0
0 1 0 0 51.1 46.2353 20.5 0.04903714635499999 0.0840465 3.05 0
0 1 1 0 49.8625 44.950995000000006 21.4 0.026387619 0.00249 1.0 0
1 0 0 0 52.22 48.35047 27.6 0.09045432849999999 0.054391 2.1 0
0 0 0 1 50.1185 25.1036 15.0 0.025124 0.10053 1.0 0
0 0 0 1 49.9595 42.67883500000001 18.0 0.013168 0.09783449999999999 3.05 0
0 0 1 0 48.2845 12.5 29.0 0.0010069 0.00476 4.0 0
0 0 0 1 48.081 46.500834999999995 22.0 0.0062304 0.118592 2.15 0
0 0 1 1 51.034499999999994 48.198814999999996 30.0 0.00098556 0.00645 1.0 0
0 0 0 1 46.023999999999994 42.065625 13.0 0.042467 0.14805 2.0 0
0 0 1 0 44.572500000000005 52.0476 17.1 0.30695276144 1e-05 3.0 0
0 0 0 1 48.362 49.21752000000001 17.0 0.016355 0.0943505 2.4 0
0 0 1 0 45.53249999999999 39.930989999999994 8.0 0.1542 0.13561 1.0 0
0 0 0 1 53.1845 47.344755 20.0 0.0086278 0.068815 2.55 0
1 0 0 0 41.84 31.364914999999996 16.55 0.06079020500000001 0.0756575 1.65 0
0 0 0 1 45.460499999999996 38.4789215 7.0 0.1929 0.175302 4.8 0
0 0 0 1 46.295500000000004 41.49228000000001 6.0 0.2419 0.12960950000000002 4.45 0
0 0 0 1 51.07350000000001 48.6840965 15.0 0.028014 0.0706905 2.7 0
0 0 0 1 58.31 50.58959 19.0 0.010344 0.0814425 3.5 0
0 0 1 0 52.18 47.5633715 10.0 0.091072 0.0105 4.0 0
0 0 0 1 55.089 51.057 65.0 2.803e-07 0.024508 2.7 0
0 0 0 1 51.69350000000001 46.81370499999999 14.0 0.037498 0.15423050000000002 3.75 0
0 0 0 1 47.20899999999999 45.261655000000005 35.0 0.00029217 0.010065000000000001 2.55 0
0 0 1 0 57.7325 53.65029500000001 4.7 0.4899218 0.0 17.0 0
0 0 0 1 48.2555 43.62117 6.0 0.23087 0.14820350000000002 4.85 0
0 0 0 1 50.187499999999986 44.674705 11.0 0.065739 0.12288249999999998 6.05 0
0 0 1 0 57.7325 42.518965 5.8 0.375840915 0.0 37.0 0
0 0 0 1 56.334 56.185285 89.0 1.2449e-09 9.8e-05 1.6 0
0 0 1 0 57.59100000000001 56.195130000000006 8.0 0.52057898881 0.0 11.0 0
0 0 0 1 56.763 59.795015 203.0 4.1891999999999996e-21 0.0 1.9 0
0 0 0 1 45.4165 41.30401500000001 9.0 0.12488 0.23194649999999997 4.55 0
0 0 1 0 44.05050000000001 43.1031915 11.45 0.14982407 0.3107 3.0 0
0 1 0 1 49.361000000000004 50.8466 27.0 0.001955 0.00323 2.0 0
0 0 0 1 50.010000000000005 48.28185 17.0 0.016395 0.02456 2.0 0
0 0 1 0 43.3 43.35075500000001 28.1 0.08147312066705001 0.00018 2.0 0
0 0 0 1 48.51350000000001 38.14287649999999 15.0 0.030832 0.06423 4.0 0
0 0 1 0 58.302 52.8424 54.45 0.13475244650142015 0.0 2.0 0
0 0 1 0 57.7325 47.21576 6.15 0.34756381500000005 2e-05 26.0 0
0 0 0 1 49.862500000000004 44.04445849999999 13.0 0.048076 0.18188200000000002 1.8 0
0 0 1 0 48.8895 42.4828 0.0 0.96407 0.0 1.0 0
0 0 0 1 53.80800000000001 51.057 65.0 2.7757e-07 0.024508 2.7 0
0 0 0 1 46.217 39.241625000000006 18.0 0.014223 0.29503 4.0 0
0 0 0 1 46.9615 46.602875 17.0 0.016925 0.04172 3.0 0
0 0 1 0 51.28 42.211285 21.65 0.0469001764 0.00332 1.0 0
1 1 1 0 60.0 59.9714 99.0 1.1003e-10 0.0 1.0 1
1 0 0 0 58.55 58.922025000000005 13.7 0.13360049000000002 0.09596849999999998 3.45 0
0 1 0 1 51.991 60.0 39.0 0.000119 6e-05 1.0 0
0 0 0 1 45.32449999999999 41.96834500000001 3.0 0.47895 0.11603400000000001 3.8 0
0 1 0 0 44.469 15.4706 14.2 0.20022118653999996 0.10897 1.0 0
0 0 1 1 42.46 43.22244 13.0 0.043108 0.01133 2.0 0
0 0 1 0 57.7325 47.120895 7.45 0.28113968 2e-05 25.0 0
0 1 0 0 57.732499999999995 51.613275 8.1 0.30860378499999996 0.17158 17.0 0
0 0 0 1 48.7185 46.659515 31.0 0.00063113 0.039011 1.95 0
0 0 0 1 45.885999999999996 48.979525 25.0 0.0029798 0.00586 2.0 0
0 1 0 0 49.051500000000004 46.401353500000006 15.8 0.0934151825 0.0484 3.0 0
0 0 0 1 47.142500000000005 30.732851 4.0 0.35141 0.57 2.0 0
0 0 0 1 43.33 45.82227 36.0 0.00024178 0.04734 2.0 0
0 0 1 0 57.641 52.244275 13.75 0.40883329380011607 0.00407 12.0 0
0 0 0 1 46.4485 44.776898 4.0 0.32308 0.13238100000000003 5.05 0
0 0 1 1 49.682 24.3387 14.0 0.033251 0.06142 2.0 0
0 0 1 0 44.343 37.087990000000005 0.0 0.79868 0.20553 1.0 0
0 0 0 1 48.0235 44.5906 16.0 0.021161 0.321 2.0 0
0 0 0 1 49.797000000000004 43.830496499999995 15.0 0.029823 0.46978 1.0 0
0 0 1 0 48.88600000000001 55.2414 12.0 0.052863 0.0 2.0 0
0 0 1 0 48.1495 50.62027500000001 19.7 0.06217933234999999 0.00841 1.0 0
0 0 0 1 48.564 44.405964999999995 14.0 0.032768 0.17175350000000003 1.85 0
0 0 1 0 49.8825 48.024395000000005 2.0 0.61111 0.0 1.0 0
0 0 0 1 49.587 44.019180000000006 20.0 0.0088936 0.11454450000000001 2.55 0
0 0 0 1 55.19 39.31137 20.0 0.008484 0.0241 1.0 0
0 0 0 1 49.95450000000001 38.329893000000006 15.0 0.029469 0.10349 2.0 0
0 0 1 0 44.25149999999999 47.57083000000001 3.0 0.5 0.00664 7.0 0
1 1 0 0 31.12 31.4537 14.0 0.09319002500000001 0.11022999999999998 2.3 0
0 0 1 0 48.77350000000001 41.924955 17.05 0.051491235999999996 0.01963 2.0 0
0 1 1 1 45.098 25.8718 28.0 0.001308 0.00579 1.0 0
1 1 1 0 60.0 60.0 133.0 4.5182e-14 0.0 3.0 1
0 0 0 1 45.135 35.775215 7.0 0.18301 0.23529 4.0 0
0 0 0 1 45.01 42.396004999999995 16.0 0.022534 0.103971 3.4 0
0 1 0 1 49.7305 29.4558 27.0 0.00187 0.00073 2.0 0
0 0 1 0 47.764500000000005 48.517335 6.0 0.24482 0.0 2.0 0
1 0 0 0 19.92 24.285625000000003 30.65 0.10556513305873352 0.22918499999999997 2.2 0
0 0 0 1 48.86049999999999 42.94434149999999 15.0 0.030526 0.27018 1.0 0
0 0 0 1 48.153000000000006 46.500834999999995 22.0 0.0061151 0.1371755 2.6 0
0 0 0 1 45.69 59.1985 38.0 0.0001384 0.01647 1.0 0
0 0 1 0 50.702 44.369995 18.05 0.06168585249999999 0.01636 4.0 0
0 0 0 1 43.2595 35.334680000000006 5.0 0.25199 0.1949715 4.4 0
0 0 0 1 53.34250000000001 45.19469 20.0 0.0086976 0.05291 2.3 0
1 0 0 0 36.63 29.065949999999997 43.65 0.09073032195 0.13903899999999997 1.75 0
0 0 0 1 47.51350000000001 45.389860000000006 26.0 0.0020296 0.07048299999999999 2.75 0
0 0 0 1 49.3515 45.2669 21.0 0.0073604 0.1083585 2.1 0
0 0 0 1 48.352999999999994 49.62195 29.0 0.0010735 0.0395675 2.35 0
0 0 0 1 48.481500000000004 35.7368 17.0 0.019234 0.10657699999999999 2.05 0
1 0 0 0 46.88 38.23082000000001 17.6 0.08257247300000001 0.08440199999999999 1.8 0
0 1 1 0 46.829 60.7042 18.3 0.20030585811500004 3e-05 2.0 0
0 1 0 0 53.22 48.9391 14.7 0.163373682 0.1274465 4.5 0
0 0 0 1 47.74249999999999 50.04821 29.0 0.0011131 0.07280549999999998 2.3 0
0 0 0 1 49.3255 50.88462 39.0 0.0001018 0.022619 1.95 0
0 0 0 1 51.028 43.7459 18.0 0.013298 0.17052 2.0 0
0 0 0 1 50.716499999999996 43.6631 15.0 0.027158 0.27867 1.0 0
0 0 0 1 39.3 43.365956499999996 15.0 0.02625 0.25701 2.0 0
0 0 0 1 48.8605 43.362331499999996 15.0 0.030485 0.23039 2.0 0
0 0 0 1 50.222500000000004 35.803975 6.0 0.21739 0.13612600000000002 3.8 0
1 0 0 0 60.0 59.99189 98.0 0.016234179471986653 4.2000000000000004e-05 1.85 0
0 1 0 0 48.7025 40.189280000000004 17.9 0.08518512850000001 0.01351 1.0 0
0 0 0 1 44.09 42.03656 16.0 0.022885 0.060289999999999996 3.4 0
0 0 0 1 49.0055 45.199775 21.0 0.0070231 0.056643 2.2 0
0 0 0 1 43.7655 37.67251 3.0 0.42105 0.1870525 7.25 0
0 0 0 1 40.429500000000004 59.795015 255.0 0.0 0.0 1.95 0
1 0 0 0 45.19 34.745200000000004 21.2 0.06692176016203501 0.09662549999999999 2.2 0
0 0 0 1 49.3365 46.240134999999995 13.0 0.045157 0.12507399999999996 2.5 0
1 0 0 0 44.73 41.752469999999995 15.55 0.11755270185000002 0.17747 2.0 0
1 0 0 0 58.11 58.732854999999994 19.3 0.050465512648699994 0.0842115 2.85 0
0 0 1 0 46.8605 45.396550000000005 20.95 0.04007677455 0.00244 2.0 0
0 0 0 1 56.763 58.60997 179.0 1.1407e-18 0.0 1.9 0
0 0 0 1 54.81 46.455595 14.0 0.035513 0.13093499999999997 2.2 0
0 0 0 1 45.347 45.835903 16.0 0.020606 0.149488 2.35 0
0 0 0 1 49.352000000000004 45.655665 17.0 0.019013 0.02463 3.0 0
0 1 0 0 41.4675 16.0 1.0 0.63519 1.0 1.0 0
0 0 0 1 36.82 50.11932 21.0 0.007712 0.00282 2.0 0
0 0 0 1 46.226 48.74064 14.0 0.032446 0.0311 13.0 0
0 1 0 0 47.764500000000005 48.517335 87.0 1.8094e-09 0.0 2.0 0
1 1 1 0 60.0 60.0 66.0 2.0208e-07 0.0 2.0 1
0 0 0 1 49.419999999999995 54.9344 14.0 0.034106 0.26621 3.0 0
0 0 0 1 47.797000000000004 49.88350499999999 17.0 0.018113 0.0447605 2.05 0
0 0 1 0 47.568 47.558299999999996 15.7 0.07415044149999997 0.01478 2.0 0
1 0 0 0 41.84 31.364914999999996 16.55 0.06079020500000001 0.0756575 1.65 0
0 0 1 0 45.776999999999994 14.7097 13.65 0.1364554735 0.09166 2.0 0
0 0 0 1 47.448 42.92539000000001 22.0 0.0051213 0.051450499999999996 2.2 0
0 0 0 1 51.38250000000001 46.846445 46.0 2.1521e-05 0.020937 2.0 0
0 0 0 1 49.231500000000004 45.18373000000001 22.0 0.0059853 0.078355 2.0 0
0 0 0 1 49.834999999999994 36.4668 24.0 0.0034669 0.35676 2.0 0
0 0 1 0 45.6485 43.364869999999996 3.0 0.43808 0.01441 1.0 0
1 0 1 0 33.04 50.236452 16.65 0.08054360949999999 0.24488 1.0 0
0 0 0 1 51.2 40.71074 14.0 0.032713 0.0057 3.0 0
0 0 1 1 46.24399999999999 45.93075 39.0 0.00011139 0.00538 2.0 0
0 0 0 1 28.56 41.21508 10.0 0.097596 0.0843825 4.5 0
0 0 0 1 45.528999999999996 46.203269999999996 13.0 0.043315 0.162809 3.15 0
0 0 0 1 47.4865 46.450715 19.0 0.012549 0.09614249999999999 2.3 0
1 0 0 0 58.64 59.10594 14.65 0.11691789500000001 0.10673300000000001 3.4 0
0 0 0 1 45.15749999999999 44.917584999999995 14.0 0.032285 0.15382 1.0 0
1 0 0 0 43.53 33.984930000000006 22.5 0.08004732375499998 0.08950150000000001 2.0 0
0 0 0 1 47.528499999999994 45.4555065 10.0 0.092375 0.08608 3.0 0
0 0 1 0 47.175 44.017990000000005 16.25 0.06191297850000001 0.06411 2.0 0
0 0 0 1 47.547000000000004 43.842135 23.0 0.004892 0.07628800000000001 2.05 0
0 0 0 1 47.248000000000005 46.812025 18.0 0.015331 0.16680350000000002 2.65 0
0 0 0 1 45.0065 43.132889 7.0 0.15935 0.20609000000000002 3.55 0
0 0 0 1 48.851 39.43267000000001 10.0 0.096534 0.07718499999999999 4.7 0
0 0 0 1 46.009 45.56102 21.0 0.0066211 0.049182 2.3 0
0 0 0 1 38.28 41.073495 13.0 0.04053 0.10239 1.0 0
0 1 0 0 44.961000000000006 30.2963 14.35 0.064436825 0.07407 1.0 0
0 0 0 1 47.9755 44.293834999999994 15.0 0.029048 0.20405499999999996 2.4 0
0 0 0 1 50.96600000000001 55.8583 22.0 0.0062382 0.07326 1.0 0
0 0 0 1 45.0065 43.132889 7.0 0.1618 0.21497950000000002 3.1 0
0 0 0 1 47.5005 48.30353 19.0 0.012064 0.09211799999999999 2.4 0
0 0 0 1 50.08149999999999 51.584105 34.0 0.00039142 0.0347495 2.2 0
0 0 0 1 48.055 50.12960999999999 2.0 0.60044 0.08543900000000001 6.35 0
0 1 0 0 46.829 55.4357 10.45 0.5501708478946801 0.0 2.0 0
0 1 1 0 57.75999999999999 53.662915 2.1 0.65096265 1e-05 15.0 0
0 0 0 1 46.51199999999999 44.07129 8.0 0.14763 0.10083899999999998 2.3 0
1 0 0 0 60.0 59.99189 98.0 0.016234179471986653 4.2000000000000004e-05 1.85 0
1 0 1 0 40.8 41.111865 7.0 0.1606 0.03696 2.0 0
0 0 0 1 53.342499999999994 45.19469 20.0 0.0086947 0.052662999999999995 2.3 0
0 0 0 1 53.327999999999996 47.431065000000004 47.0 1.6735e-05 0.024929 1.75 0
0 0 0 1 55.33050000000001 56.640769999999996 56.0 2.0753e-06 0.005773499999999999 2.05 0
0 0 0 1 50.24100000000001 54.7031 24.0 0.0035884 0.09502649999999999 3.45 0
0 1 0 1 47.223 38.5778 49.0 1.2204e-05 5e-05 2.0 0
0 0 0 1 50.2575 44.04025 22.0 0.0050479 0.09277 1.0 0
0 0 1 1 50.822 47.3788 24.0 0.0034181 0.0003 2.0 0
0 0 1 0 46.50350000000001 40.14397 16.1 0.05922592699999999 0.07203 2.0 0
1 0 0 0 47.63 40.49738 22.05 0.045225688505499996 0.08369650000000001 2.2 0
0 0 0 1 45.748000000000005 46.538275 28.0 0.0014748 0.00224 1.0 0
1 0 0 0 60.0 59.99189 98.0 0.016234179471986653 4.2000000000000004e-05 1.85 0
0 0 0 1 46.226 27.2947 14.0 0.032301 0.10347 4.0 0
0 0 0 1 48.133500000000005 50.478899999999996 41.0 7.2414e-05 0.07682399999999999 1.85 0
0 0 0 1 45.1195 47.754329999999996 31.0 0.00071383 0.07383 3.0 0
0 0 0 1 49.84949999999999 41.7486215 15.0 0.028953 0.09231 3.0 0
0 0 0 1 44.48500000000001 39.15865 9.0 0.11761 0.150387 3.6 0
0 0 1 0 48.00450000000001 32.0576 16.0 0.21526116278 0.00019 1.0 0
0 0 1 0 49.557 49.42595 4.0 0.34655 0.01734 3.0 0
0 0 0 1 47.04599999999999 49.64113 25.0 0.0028594 0.00484 2.0 0
1 0 0 0 50.3 45.945220000000006 18.45 0.051201353949999986 0.08660350000000001 1.9 0
0 0 1 1 50.097 47.011934999999994 15.0 0.025366 0.00213 1.0 0
0 0 1 0 57.718999999999994 59.8289 6.9 0.5123588643100001 1e-05 11.0 0
0 1 0 0 53.971000000000004 54.8298 21.2 0.0796408266509237 0.0647055 6.7 0
0 0 1 1 50.51899999999999 45.917955 8.0 0.1439 0.00068 1.0 0
0 0 0 1 50.190000000000005 47.939545 13.0 0.040132 0.1828735 2.45 0
0 1 0 0 56.819 57.525 25.75 0.12154957320399998 0.042176000000000005 4.55 0
0 0 0 1 50.211999999999996 40.6088165 15.0 0.029207 0.14848 1.0 0
0 0 0 1 46.226000000000006 45.942585 14.0 0.03178 0.14674 1.0 0
0 0 0 1 46.295500000000004 41.32859500000001 6.0 0.24074 0.1543275 4.8 0
1 1 1 1 60.0 60.0 40.0 9.7866e-05 6e-05 2.0 1
0 0 0 1 51.55649999999999 41.559464 16.0 0.022024 0.15879 2.0 0
0 0 0 1 47.553 46.229760000000006 19.0 0.012165 0.053662999999999995 2.8 0
0 0 0 1 45.9745 51.063579999999995 25.0 0.0025954 0.0814865 4.15 0
0 0 0 1 53.1845 47.344755 20.0 0.0086419 0.03778 2.45 0
0 1 0 1 48.889500000000005 62.8655 73.0 4.4545e-08 0.00138 1.0 0
1 0 0 0 47.95 40.07441 8.0 0.13502 0.13961 1.0 0
1 0 0 0 50.75 47.49826 16.1 0.06567206950000001 0.043213999999999995 1.95 0
0 0 0 1 45.4 44.417995 13.0 0.04841 0.00439 2.0 0
0 0 0 1 49.266 44.79445499999999 26.0 0.0024678 0.11450700000000003 2.7 0
0 0 0 1 52.25 42.56694 22.0 0.0054842 0.1676815 1.9 0
0 1 1 0 44.572500000000005 58.4947 17.75 0.23175824614999999 0.00019 3.0 0
0 0 0 1 46.34 40.29114499999999 45.0 2.6503e-05 0.0540015 2.4 0
0 0 0 1 46.409499999999994 43.51823499999999 11.0 0.079283 0.01561 1.0 0
0 0 0 1 49.740500000000004 59.8487 14.0 0.034714 0.0565 2.0 0
0 0 0 1 57.57600000000001 58.622945 136.0 2.2443e-14 0.0 1.6 0
1 0 0 0 60.0 59.99189 98.0 0.016234179471986653 4.2000000000000004e-05 1.85 0
0 0 0 1 43.657000000000004 59.795015 215.0 2.9372e-22 0.0 1.95 0
0 0 0 1 46.672000000000004 43.32011 20.0 0.0099029 0.05965 2.0 0
0 1 0 0 45.175 56.699 4.0 0.38724 0.07047 3.0 0
1 0 0 0 60.0 59.99189 98.0 0.016234179471986653 4.2000000000000004e-05 1.85 0
0 1 1 1 47.790499999999994 59.8831 17.0 0.017881 0.00124 1.0 0
1 0 0 0 57.34 58.859429999999996 16.65 0.06888745 0.085083 2.0 0
0 0 0 1 47.448 42.92539000000001 22.0 0.0051949 0.033198000000000005 2.05 0
0 0 1 0 49.944 48.187104999999995 22.9 0.028248384705 0.00546 1.0 0
0 0 1 0 52.362 50.025 14.1 0.18939703992600002 0.0 27.0 0
0 0 1 0 45.864 42.234575 13.2 0.14451567 0.56324 2.0 0
0 0 0 1 58.18 47.461079999999995 15.0 0.026585 0.10244650000000002 2.5 0
0 0 0 1 48.175999999999995 48.297934999999995 21.0 0.0068825 0.00688 2.0 0
0 1 1 1 48.009499999999996 60.566 21.0 0.0067946 0.0 7.0 0
1 0 0 0 50.57 47.463480000000004 21.3 0.09192274600133456 0.0574485 2.05 0
0 0 1 0 57.760000000000005 54.77026500000001 7.85 0.41341468764 0.0 14.0 0
0 0 0 1 34.1 45.857836500000005 15.0 0.027383 0.15775 2.0 0
1 0 0 0 60.0 59.99189 98.0 0.016234179471986653 4.2000000000000004e-05 1.85 0
0 0 1 0 57.7325 53.642340000000004 4.5 0.5048073 1e-05 17.0 0
0 0 1 0 43.8535 53.189935000000006 1.0 0.68305 0.0 7.0 0
0 1 0 0 54.511 55.16 16.5 0.14141348559999997 0.03815050000000001 4.45 0
0 0 1 0 48.786500000000004 38.410935 9.0 0.11471 0.00988 9.0 0
0 0 1 0 45.8 43.894544999999994 26.45 0.019430841370550005 0.00203 2.0 0
0 0 0 1 46.295500000000004 41.49228000000001 6.0 0.24632 0.152313 3.45 0
0 0 0 1 43.35 45.604915000000005 14.0 0.036775 0.09432 2.15 0
0 0 0 1 49.862500000000004 44.0444585 13.0 0.048012 0.13935150000000002 2.5 0
0 0 1 0 59.19500000000001 58.63666500000001 54.2 0.21766662893659486 0.0 3.0 0
0 0 0 1 47.7425 50.04821 29.0 0.0011083 0.0719365 2.3 0
0 0 0 1 49.57299999999999 41.81451 15.0 0.028881 0.091021 1.95 0
0 0 0 1 45.813500000000005 42.34009 25.0 0.0025159 0.26961 3.0 0
0 0 1 0 49.290000000000006 49.88 1.0 0.71193 0.0 3.0 0
0 0 1 0 44.433499999999995 43.759150000000005 14.4 0.12923355148000001 0.24377 2.0 0
0 0 0 1 48.673500000000004 57.9048 20.0 0.0088148 0.49746 19.0 0
0 0 0 1 46.01549999999999 42.20403999999999 13.0 0.043724 0.04462 1.0 0
0 0 0 1 34.68 44.21496 62.0 5.1941e-07 0.08319000000000001 1.9 0
0 1 0 0 43.4705 42.785289999999996 20.55 0.02214584045 0.03765 1.0 0
0 0 1 0 43.478500000000004 50.70869 13.0 0.046322 2e-05 3.0 0
0 0 1 0 49.4335 49.8442795 11.0 0.072619 0.0 9.0 0
0 0 0 1 51.223 60.0 15.0 0.031623 0.49532 2.0 0
0 0 0 1 44.852 40.952025000000006 14.0 0.039211 0.13996599999999998 3.4 0
0 0 0 1 46.682 59.2157 20.0 0.0082505 0.00557 1.0 0
1 0 0 0 48.38 43.37585 12.6 0.128906575 0.13992 2.0 0
0 0 0 1 45.971999999999994 33.9 18.0 0.015552 0.07225 1.0 0
0 0 0 1 47.052499999999995 45.819925000000005 17.0 0.019038 0.10084800000000001 2.9 0
0 0 1 0 46.159 43.0480465 10.0 0.094284 0.035 3.0 0
0 1 0 1 51.58549999999999 60.0 15.0 0.030842 0.02643 3.0 0
0 0 0 1 48.758 40.99993 6.0 0.22175 0.2333685 5.9 0
0 0 0 1 48.48049999999999 44.407065 21.0 0.0063823 0.1114425 2.0 0
0 0 1 0 49.658 45.663615 11.0 0.069031 0.00174 3.0 0
0 0 1 0 49.452999999999996 43.87723 17.5 0.09676373225000001 0.00404 4.0 0
1 0 0 0 58.37 58.74586999999999 25.9 0.04730256000369539 0.10202799999999998 3.0 0
0 0 1 0 57.760000000000005 53.102999999999994 4.4 0.598075439 0.0 13.0 0
0 1 0 0 53.4095 52.9368 21.45 0.08014558600002424 0.0788435 2.9 0
0 0 0 1 50.083000000000006 40.60918 13.0 0.044649 0.136972 1.95 0
0 0 0 1 49.053999999999995 41.926855 33.0 0.00042345 0.0334005 2.05 0
1 0 0 0 56.03 57.649625 18.8 0.04430237905000001 0.049991499999999994 2.8 0
0 0 0 1 48.9955 17.775 26.0 0.0024177 0.00542 2.0 0
0 0 0 1 47.1545 39.50516 2.0 0.52419 0.1359445 4.45 0
0 0 0 1 55.10949999999999 58.814544999999995 100.0 9.0984e-11 0.0 1.95 0
0 1 0 0 50.35447767066693 44.52678267539525 24.651144857041167 0.09658699853529934 0.10095995499099822 3.9706941388277657 0
1 1 1 1 42.5 28.9811 31.0 0.00069751 0.0008 2.0 0
0 0 1 1 49.8765 47.502405 18.0 0.015348 0.01102 2.0 0
0 0 1 0 51.4885 11.3 11.15 0.22342840369999997 0.0 35.0 0
0 0 0 1 49.799499999999995 45.86222 30.0 0.00082139 0.055774000000000004 2.25 0
0 0 0 1 56.79 46.16436 22.0 0.0060283 0.1205195 1.9 0
0 0 0 1 48.6785 42.870144999999994 13.0 0.044964 0.137802 1.85 0
0 0 0 1 57.314499999999995 59.997335 148.0 1.3176e-15 0.0 1.9 0
1 0 0 0 60.0 59.99189 98.0 0.016234179471986653 4.2000000000000004e-05 1.85 0
0 0 0 1 45.460499999999996 38.4789215 7.0 0.19833 0.20124499999999998 3.8 0
0 0 1 0 44.735 49.55781 11.0 0.069661 0.00919 1.0 0
0 1 0 0 50.697500000000005 49.549744999999994 17.0 0.019515 0.1318765 1.7 0
1 0 0 1 55.1 44.55523 23.0 0.0044416 0.16518449999999998 2.5 0
0 0 0 1 51.6865 48.151325 15.0 0.028459 0.13025599999999998 2.55 0
0 0 0 1 50.029999999999994 46.60812 14.0 0.036943 0.1215635 2.2 0
0 1 0 0 58.7075 59.3596 31.9 0.09090870632793861 0.023346000000000002 3.3 0
0 0 0 1 47.394999999999996 39.55018 13.0 0.049341 0.14025 1.0 0
1 0 0 0 40.85 29.236694999999997 28.55 0.07357654650000002 0.08583500000000001 1.8 0
0 0 0 1 50.386 47.51179 14.0 0.03539 0.00714 2.0 0
0 0 1 1 49.825 44.31915000000001 23.0 0.0041454 0.00415 2.0 0
0 0 0 1 50.36 45.473324999999996 26.0 0.0021106 0.0999305 2.75 0
0 0 0 1 53.6245 52.135725 48.0 1.3417e-05 0.004510499999999999 1.7 0
0 0 0 1 50.461 46.54461 14.0 0.03479 0.32289 2.0 0
0 0 1 0 48.095000000000006 39.0248215 18.4 0.0692584751 0.01001 1.0 0
0 0 0 1 48.928999999999995 58.3717 16.0 0.02446 0.11585050000000004 2.25 0
0 0 0 1 53.342499999999994 45.194689999999994 20.0 0.0087155 0.059163 1.8 0
0 0 0 1 46.63 46.903715000000005 21.0 0.0075592 0.13668750000000002 3.8 0
0 0 0 1 37.67 47.871245 28.0 0.0014627 0.0603495 2.25 0
0 0 0 1 45.821 37.279955 9.0 0.11573 0.14319600000000002 3.9 0
0 1 0 0 59.8845 60.0 51.4 0.13680397870097638 0.061791 2.85 0
1 0 0 0 45.46 36.613330000000005 19.2 0.044641468360000006 0.03886100000000001 1.85 0
0 0 0 1 47.51350000000001 45.389860000000006 26.0 0.0020652 0.08218850000000001 2.7 0
0 0 1 0 49.926 41.61597 0.0 1.0 0.0 10.0 0
0 0 0 1 50.58 40.588334999999994 18.0 0.013682 0.1409575 1.85 0
0 0 1 0 41.42150000000001 36.748335 0.0 0.79872 0.10008 1.0 0
0 0 1 0 59.19500000000001 58.63666500000001 54.2 0.21766662893659486 0.0 3.0 0
0 1 0 0 43.204499999999996 16.6667 8.15 0.264522465 1.0 2.0 0
1 0 0 1 45.13 39.80531 13.0 0.04748 0.11211 1.0 0
0 0 0 1 46.572 30.169 18.0 0.014408 0.47739 2.0 0
0 0 0 1 45.113 59.3306 25.0 0.0027897 0.22047 1.0 0
0 0 0 1 43.26 42.36793200000001 18.0 0.013119 0.08655000000000002 3.0 0
0 1 0 0 45.012 45.680565 3.0 0.49455 0.00255 19.0 0
0 0 0 1 47.919500000000006 45.41267 26.0 0.0021491 0.059802 2.4 0
0 0 0 1 45.525 44.507308 16.0 0.020462 0.12683250000000001 2.85 0
0 0 0 1 47.415499999999994 44.1192065 10.0 0.09264 0.11605550000000002 5.05 0
0 0 0 1 45.99899999999999 43.876505 25.0 0.0028442 0.0846695 1.9 0
1 0 0 0 41.11 28.782880000000006 30.95 0.0962426866943 0.06954450000000001 2.2 0
0 0 1 0 50.3365 48.881344999999996 2.0 0.55002 0.00064 3.0 0
0 1 0 0 50.35447767066693 44.52678267539525 24.651144857041167 0.09658699853529934 0.10095995499099822 3.9706941388277657 0
0 0 0 1 49.278 44.35108150000001 15.0 0.028133 0.01389 2.0 0
0 0 1 0 43.009 42.795635 16.9 0.049794620500000004 0.09317 1.0 0
0 1 0 1 58.544000000000004 60.0 64.0 3.4232e-07 0.186571 3.7 0
0 0 1 0 57.7325 52.7124 8.7 0.32098735165000003 0.0 20.0 0
1 0 1 0 37.38 47.47450500000001 20.3 0.0415660358 0.06021 2.0 0
0 0 0 1 48.7415 40.62337000000001 15.0 0.031108 0.093275 2.5 0
0 0 0 1 46.733000000000004 49.16623 19.0 0.010593 0.04894300000000001 1.8 0
1 0 0 1 54.25 47.14304500000001 18.0 0.01584 0.01074 1.0 0
0 1 1 0 50.774 49.3846 15.6 0.16424289774999998 0.00443 5.0 0
0 0 1 0 52.39649999999999 58.7875 0.0 0.92639 0.0 18.0 0
0 0 1 0 49.0415 45.32765 19.5 0.0225451985 0.01579 1.0 0
0 0 1 0 50.2175 59.6456 0.0 0.8882 0.0 4.0 0
1 0 0 0 52.67 47.79901500000001 17.8 0.07586238349999999 0.034738 2.05 0
0 0 1 0 47.48450000000001 48.51733500000001 16.0 0.023142 0.0 2.0 0
0 0 1 0 55.802499999999995 47.553934999999996 21.5 0.075359759 0.00033 4.0 0
0 0 0 1 56.78150000000001 58.81229 151.0 7.2016e-16 0.0 1.95 0
1 0 0 0 45.8 36.974235 16.45 0.09111596770000001 0.05125300000000001 1.6 0
0 0 1 0 47.07 46.33143 20.45 0.029708428200000005 0.00543 1.0 0
0 0 1 0 44.369 39.420120999999995 15.5 0.07958232449999998 0.2 2.0 0
0 0 0 1 54.028 57.62235999999999 68.0 1.4886e-07 0.024768500000000002 2.55 0
0 0 1 0 50.122499999999995 47.330589999999994 0.0 0.84744 0.0 4.0 0
0 0 1 1 50.979 45.01716499999999 11.0 0.067288 0.03053 2.0 0
1 0 0 0 49.67 44.782560000000004 12.2 0.11230057 0.09709 2.0 0
1 0 0 0 52.54 48.25446 15.85 0.0886989955 0.050959500000000005 2.15 0
0 0 0 1 47.13250000000001 57.2308 8.0 0.12821 0.09524 4.0 0
0 0 0 1 50.075 39.02724500000001 22.0 0.0055045 0.393 4.0 0
0 0 1 0 50.92 42.32901500000001 16.6 0.18606934175 0.002 4.0 0
1 0 0 0 54.22 54.2053 16.95 0.046106984049999994 0.07054950000000001 2.1 0
1 0 0 0 50.25 46.52216 17.65 0.07447471750000001 0.08625099999999998 1.85 0
1 0 0 0 56.66 44.23315 11.0 0.067543 0.145125 5.7 0
0 0 0 1 49.495000000000005 43.65493 16.0 0.022181 0.10162800000000001 2.25 0
0 0 1 0 49.328500000000005 53.68411 9.3 0.44829274495 3e-05 8.0 0
0 1 0 0 50.35447767066693 44.52678267539525 24.651144857041167 0.09658699853529934 0.10095995499099822 3.9706941388277657 0
0 0 0 1 49.8295 38.258461 21.0 0.0076193 0.11606 2.0 0
0 0 0 1 48.0315 43.644574999999996 14.0 0.033337 0.1482015 2.6 0
0 0 0 1 43.29 47.969425 42.0 5.3968e-05 0.037707000000000004 3.0 0
0 0 0 1 52.027 45.105565 15.0 0.02861 0.0905185 2.4 0
0 0 0 1 46.15650000000001 42.42260999999999 8.0 0.14386 0.1375065 3.35 0
0 0 1 0 44.07 45.9589 15.65 0.10549978499999998 0.05534 1.0 0
0 0 0 1 48.673500000000004 37.02115500000001 20.0 0.0087298 0.14997 2.0 0
0 0 1 0 47.354 44.69503 3.0 0.41672 0.0 14.0 0
0 0 0 1 49.873000000000005 48.837810000000005 40.0 8.5215e-05 0.024463500000000003 2.85 0
1 0 0 0 57.46 58.70059 14.75 0.11478643499999999 0.08598549999999999 2.0 0
1 0 0 0 59.97 59.873815 98.0 0.0008401197680637913 0.014302500000000001 1.55 0
0 0 0 1 43.898500000000006 44.579840000000004 14.0 0.031885 0.11566999999999998 2.35 0
0 0 0 1 46.0235 56.85 9.0 0.1175 0.12424899999999997 4.95 0
0 0 0 1 50.2615 45.915969999999994 72.0 5.0396e-08 9e-05 1.0 0
0 0 0 1 49.6005 49.64656 17.0 0.016436 0.40179 1.0 0
0 0 0 1 49.263 38.236705 6.0 0.22567 0.12491 3.0 0
0 1 0 1 52.67 42.678196500000006 15.0 0.03058 0.02316 4.0 0
0 0 0 1 52.097500000000004 43.401123000000005 16.0 0.022142 0.10931 1.0 0
0 0 0 1 45.266999999999996 44.059415 16.0 0.023679 0.1924875 2.15 0
0 0 0 1 47.4865 46.450715 19.0 0.012518 0.0961425 2.3 0
0 0 0 1 45.450500000000005 41.23490499999999 31.0 0.00075794 0.02483 1.0 0
0 0 0 1 47.285999999999994 25.7391 26.0 0.0020198 0.11339 2.0 0
0 0 1 0 37.21 34.834649999999996 17.95 0.05909279100000001 0.01229 1.0 0
0 0 0 1 48.43549999999999 42.313315 19.0 0.012452 0.0446 1.0 0
0 0 0 1 51.29 60.0 35.0 0.00025399 0.44582 1.0 0
0 1 0 0 57.080499999999994 58.4732 15.5 0.210331385362205 0.08514200000000001 3.45 0
0 0 1 0 49.321999999999996 46.15761 5.0 0.27589 0.00149 4.0 0
1 0 0 0 59.96 59.890919999999994 92.95 0.0008446801967192911 0.014302500000000001 1.4 0
0 1 0 0 50.5815 8.72222 11.35 0.15468727500000004 1.0 5.0 0
1 0 0 0 47.8 40.147544999999994 15.85 0.119076848 0.068747 1.5 0
0 0 0 1 48.068999999999996 46.667339999999996 13.0 0.044045 0.21290199999999998 2.9 0
1 0 0 0 60.0 59.99189 98.0 0.016234179471986653 4.2000000000000004e-05 1.85 0
0 0 0 1 50.18749999999999 44.674705 11.0 0.063904 0.10465150000000001 4.65 0
0 0 0 1 45.7565 43.923610000000004 14.0 0.033716 0.1355 3.35 0
0 0 0 1 47.726 45.819925 17.0 0.01896 0.10509600000000001 2.6 0
0 0 0 1 47.7215 47.13756 4.0 0.31818 0.43901 13.0 0
0 0 1 0 46.4945 45.07613500000001 23.5 0.049514539499999996 0.00141 2.0 0
0 0 0 1 37.35 42.152855 17.0 0.016832 0.1275795 1.85 0
0 0 1 1 48.307 47.24342 23.0 0.0046763 0.00835 2.0 0
0 0 0 1 48.153000000000006 46.500835 22.0 0.0061176 0.1361285 2.55 0
0 0 0 1 54.545 57.16633 69.0 1.1845e-07 0.024713000000000002 2.55 0
0 0 1 0 46.185 46.946884999999995 8.0 0.12785 0.10527 3.0 0
0 0 0 1 51.38249999999999 47.14655 46.0 2.2407e-05 0.020937 2.1 0
0 0 0 1 48.284000000000006 43.74111 20.0 0.0090548 0.058822 2.1 0
1 0 0 0 59.2 58.975159999999995 38.9 0.1228249006891898 0.0946835 3.1 0
1 0 0 1 51.67 46.838205 16.0 0.022126 0.121814 3.15 0
0 0 0 1 49.858000000000004 51.584105 34.0 0.00034402 0.013942500000000002 2.9 0
0 0 0 1 49.2385 48.837325 24.0 0.0037147 0.094453 2.05 0
0 1 0 0 50.35447767066693 44.52678267539525 24.651144857041167 0.09658699853529934 0.10095995499099822 3.9706941388277657 0
0 0 0 1 49.708 47.915499999999994 14.0 0.034677 0.103079 3.35 0
0 1 0 1 45.62500000000001 50.6098 17.0 0.01771 0.03022 1.0 0
0 0 1 0 48.483999999999995 34.8816 21.0 0.007055 0.0033 2.0 0
1 1 1 0 60.0 60.0 119.0 1.0974e-12 0.0 3.0 1
0 0 1 0 45.1065 53.58186500000001 13.8 0.3286122074000001 0.00785 7.0 0
0 1 0 0 41.0325 2.0 7.25 0.3671701150000001 1.0 1.0 0
0 1 0 0 45.668 47.823485 5.0 0.30377 0.41095 17.0 0
0 0 1 0 46.590500000000006 38.740390000000005 15.65 0.06895274500000001 0.02012 1.0 0
0 0 1 0 50.318 44.282415 0.0 0.97229 0.0 12.0 0
0 0 0 1 43.94 30.460599000000002 7.0 0.16171 0.25751 1.0 0
1 0 0 1 46.19 39.272205 13.0 0.048496 0.03837 1.0 0
0 0 0 1 47.7215 40.5655145 4.0 0.34286 0.52605 9.0 0
0 0 0 1 49.4945 45.1838805 15.0 0.025325 0.097117 1.55 0
0 0 0 1 46.19199999999999 41.3518535 13.0 0.049091 0.187404 1.65 0
0 0 1 0 46.378 48.556830000000005 5.0 0.30574 0.00268 2.0 0
1 0 0 1 37.36 39.08502 15.0 0.029229 0.22461450000000002 2.25 0
0 0 0 1 47.48950000000001 40.778775 8.0 0.15385 0.13493 0.0 0
0 1 0 0 50.35447767066693 44.52678267539525 24.651144857041167 0.09658699853529934 0.10095995499099822 3.9706941388277657 0
0 0 1 0 42.721999999999994 46.39073649999999 15.95 0.05490497799999999 0.03406 2.0 0
0 1 0 1 47.329499999999996 47.10226999999999 18.0 0.014853 0.00177 2.0 0
0 0 0 1 44.211000000000006 46.86657 36.0 0.00021931 0.01063 1.0 0
0 0 0 1 50.40650000000001 49.345555000000004 24.0 0.0033154 0.037881 2.75 0
0 0 0 1 54.65 49.84402 14.0 0.031998 0.03047 2.0 0
0 0 0 1 55.89 42.713125000000005 18.0 0.013999 0.03082 1.0 0
0 0 0 1 57.0875 55.32023 85.0 2.974e-09 0.0007435 1.85 0
0 0 0 1 48.7185 46.659515 31.0 0.00067253 0.0240815 2.05 0
0 0 0 1 47.42 41.7878535 13.0 0.048658 0.1331625 3.2 0
0 0 0 1 47.031499999999994 44.588499999999996 4.0 0.36364 0.2834175 4.35 0
1 0 0 0 47.99 41.44928 22.6 0.038711431260085 0.044088999999999996 1.5 0
1 1 1 0 60.0 60.0 94.0 3.202e-10 0.0 2.0 1
0 0 0 1 48.486 40.89768250000001 25.0 0.0030066 0.022580999999999997 2.1 0
0 0 0 1 47.3785 48.969485000000006 38.0 0.00015161 0.0376875 2.25 0
0 0 1 0 44.517 33.43198399999999 7.0 0.19384 0.1532 1.0 0
0 0 0 1 45.46 38.903740000000006 9.0 0.11371 0.1608715 4.1 0
0 0 0 1 46.295500000000004 41.49228000000001 6.0 0.25086 0.0900525 4.2 0
0 0 0 1 52.93 43.86928 13.0 0.041912 0.0999195 1.85 0
0 0 0 1 46.071 47.80240500000001 16.0 0.020987 0.1315975 1.95 0
0 0 0 1 48.080999999999996 46.500835 22.0 0.0062108 0.124061 2.3 0
0 0 0 1 50.2435 46.608034999999994 12.0 0.057862 0.09086350000000001 2.65 0
0 0 0 1 47.797000000000004 49.88350499999999 17.0 0.018044 0.064051 2.0 0
0 0 0 1 49.274 47.96205 40.0 9.0693e-05 0.0245315 2.25 0
0 1 1 1 48.924 42.616485 9.0 0.1229 0.01809 4.0 0
0 0 0 1 47.15 48.077715 29.0 0.0011957 0.11623350000000002 1.55 0
0 0 0 1 49.8755 44.465683000000006 16.0 0.024699 0.26168 1.0 0
0 1 0 0 48.0045 54.629 20.2 0.12344021967999999 0.00027 1.0 0
0 1 0 0 50.35447767066693 44.52678267539525 24.651144857041167 0.09658699853529934 0.10095995499099822 3.9706941388277657 0
0 0 0 1 48.836999999999996 46.80025500000001 23.0 0.0045948 0.05007350000000001 1.9 0
0 0 0 1 47.80800000000001 46.192235000000004 13.0 0.045768 0.125719 2.95 0
1 0 0 0 60.0 59.99189 98.0 0.016234179471986653 4.2000000000000004e-05 1.85 0
0 0 0 1 28.44 43.109970000000004 17.0 0.017023 0.12008300000000001 2.15 0
0 1 0 0 50.35447767066693 44.52678267539525 24.651144857041167 0.09658699853529934 0.10095995499099822 3.9706941388277657 0
0 0 1 0 47.084 36.89149999999999 17.4 0.0406022935 0.02187 2.0 0
0 0 0 1 47.8295 43.656699999999994 16.0 0.021804 0.1153605 1.95 0
0 0 0 1 45.719 44.507308 16.0 0.019961 0.12806599999999999 2.75 0
0 1 0 0 45.489000000000004 5.75 5.05 0.53243189 1.0 1.0 0
0 0 1 0 50.697500000000005 44.41999 25.2 0.16445276458000002 0.00037 2.0 0
0 0 1 0 49.8825 48.024395000000005 5.0 0.25791 0.0 1.0 0
0 0 0 1 47.80800000000001 44.91764 13.0 0.045808 0.12571899999999997 2.95 0
0 0 1 0 49.405 26.3846 15.0 0.029233 0.18571 5.0 0
0 0 1 0 59.19500000000001 58.63666500000001 54.2 0.21766662893659486 0.0 3.0 0
0 0 0 1 49.5105 39.695386500000005 15.0 0.028174 0.04173 1.0 0
0 1 0 0 48.480000000000004 22.1383 12.0 0.054264 0.02788 1.0 0
0 0 0 1 47.0385 48.32505999999999 17.0 0.016204 0.0735015 2.1 0
0 0 1 0 51.79100000000001 40.44847 18.8 0.0259252085 0.00511 3.0 0
0 0 0 1 51.706999999999994 47.907085 14.0 0.037181 0.13037 2.25 0
0 0 0 1 47.9275 41.704265 9.0 0.10466 0.099705 3.9 0
1 0 0 0 48.96 43.105255 20.3 0.05771947000310851 0.04139 2.2 0
0 0 0 1 50.3775 50.9707 12.0 0.061856 0.14695450000000002 4.95 0
0 0 0 1 46.91 39.557145 8.0 0.15605 0.1646965 4.5 0
0 0 0 1 47.84149999999999 40.6088165 15.0 0.030361 0.16025 1.0 0
0 1 0 0 41.07 28.075 14.75 0.13349746145999997 0.1097515 2.1 0
0 0 0 1 45.239 41.935500000000005 5.0 0.28431 0.16580450000000002 4.8 0
0 0 0 1 47.0515 45.61707 13.0 0.04556 0.07868900000000001 3.15 0
0 0 0 1 45.114 47.36822499999999 28.0 0.0013906 0.0632055 2.2 0
0 0 0 1 44.852 40.952025000000006 14.0 0.039224 0.14110099999999998 3.25 0
0 0 1 0 47.9195 45.18394 20.85 0.037230597285 0.01781 1.0 0
0 0 0 1 47.765 46.531185 23.0 0.0046701 0.025729000000000002 2.25 0
0 0 0 1 50.58 40.588335 18.0 0.013649 0.124977 1.9 0
0 0 0 1 48.6225 50.7778 13.0 0.044444 0.1159895 2.2 0
0 0 0 1 46.448499999999996 44.776898 4.0 0.32971 0.130324 3.35 0
0 0 0 1 52.089 51.18169 12.0 0.053635 0.05146649999999999 4.55 0
1 0 0 0 58.56 58.922025000000005 13.7 0.13360049 0.0959685 3.45 0
0 0 0 1 48.18250000000001 40.698125000000005 13.0 0.048293 0.1028 1.0 0
0 0 1 0 46.387499999999996 45.829245 18.55 0.0286126435 0.02863 2.0 0
0 0 1 0 55.03850000000001 60.0 12.0 0.05453 0.0 5.0 0
0 0 0 1 56.07 40.8366585 13.0 0.047511 0.1423355 3.0 0
0 0 0 1 49.9615 45.5342415 15.0 0.027055 0.079405 1.85 0
0 1 1 0 49.84 42.8939 11.0 0.07605 0.00831 2.0 0
0 1 0 0 43.2045 8.66667 8.1 0.27740518000000003 1.0 2.0 0
0 0 0 1 56.763 59.795015 192.0 5.0557e-20 0.0 1.9 0
0 1 0 0 49.234 46.80025500000001 23.0 0.004584 0.0767635 1.8 0
0 0 0 1 48.11749999999999 43.856184999999996 13.0 0.044142 0.12429 2.0 0
0 0 0 1 53.68 42.073295 17.0 0.017082 0.10400250000000003 2.5 0
1 0 0 0 59.94 59.81334999999999 68.7 0.0031350014201200005 0.0157205 1.65 0
0 0 1 0 48.49499999999999 48.01896 17.75 0.08568681510000001 0.01274 3.0 0
0 0 0 1 48.080999999999996 46.500834999999995 22.0 0.0061379 0.1328985 2.35 0
0 0 0 1 51.468500000000006 60.0 16.0 0.020031 0.11081 1.0 0
1 0 1 0 35.35 45.004715000000004 15.65 0.062417459999999994 0.06491 2.0 0
0 0 0 1 49.827999999999996 40.361284999999995 19.0 0.011521 0.22793 3.0 0
0 0 0 1 47.51350000000001 45.389860000000006 26.0 0.0020432 0.070483 2.75 0
0 0 0 1 56.18 42.739050000000006 15.0 0.029829 0.21638249999999992 2.3 0
0 0 0 1 50.8215 47.707634999999996 44.0 3.5754e-05 0.00272 1.0 0
0 0 0 1 44.454 46.210205 13.0 0.043354 0.16365100000000005 3.2 0
0 0 0 1 50.227000000000004 37.453885 19.0 0.010794 0.16549 1.0 0
0 0 0 1 51.452999999999996 49.614125 16.0 0.025095 0.1014105 2.1 0
0 0 0 1 48.1005 44.407065 21.0 0.0065849 0.05471549999999999 2.35 0
0 0 0 1 46.158 48.8470415 10.0 0.088926 0.11586350000000001 2.3 0
0 0 1 0 45.968 48.36859 11.0 0.070896 0.00966 1.0 0
0 0 0 1 44.852 43.937605000000005 14.0 0.039534 0.092798 3.55 0
0 0 1 0 46.99 40.03502 22.7 0.0569173805 0.00039 1.0 0
0 0 0 1 47.8335 48.28611 29.0 0.001022 0.0347595 1.95 0
0 0 0 1 49.524 31.1229 17.0 0.015994 0.25252 4.0 0
0 0 1 0 45.7345 44.329595 1.0 0.72144 0.38322 3.0 0
0 0 0 1 50.1505 43.369405 19.0 0.011495 0.0844635 2.15 0
0 0 0 1 49.401 36.969015 6.0 0.19996 0.07104200000000001 4.8 0
0 0 0 1 40.38 47.902895 13.0 0.043541 0.21411799999999998 3.3 0
0 0 0 1 44.593 44.65961 5.0 0.30271 0.218818 5.15 0
0 0 1 0 59.947500000000005 58.182465 81.15 0.05852936627391324 0.0 1.0 0
0 0 0 1 46.225 45.46378 20.0 0.0097866 0.00682 1.0 0
0 0 1 0 58.05 48.39128 15.1 0.13454285849999997 0.00534 4.0 0
0 1 0 1 42.95 46.95005 17.0 0.018951 0.06177 1.0 0
0 0 0 1 51.804500000000004 44.131705 13.0 0.040541 0.09771 6.0 0
0 0 0 1 48.6115 48.94193 19.0 0.010453 0.054853000000000006 3.0 0
0 0 1 1 48.805 44.73581 24.0 0.0037644 0.0002 1.0 0
0 0 0 1 46.3745 44.668434999999995 21.0 0.0067014 0.029789 2.9 0
0 0 0 1 46.8805 54.6582 20.0 0.0082114 0.02152 2.0 0
0 0 0 1 48.275999999999996 47.53085 21.0 0.0078262 0.06963749999999999 2.45 0
0 0 0 1 49.914 44.57084 27.0 0.0019467 0.027532499999999998 2.1 0
0 0 1 0 46.1705 37.14906499999999 16.05 0.13513471390499998 0.07608 2.0 0
0 0 0 1 46.018 46.650245 16.0 0.020723 0.11661849999999999 2.3 0
1 0 0 0 28.46 48.064099999999996 14.5 0.10501954499999999 0.26461 1.0 0
0 0 1 0 56.52 48.914320000000004 21.15 0.1568363249 0.00015 4.0 0
1 0 0 0 42.21 30.81597 23.05 0.0138611109795 0.06992999999999999 1.6 0
0 0 0 1 40.59 42.154225000000004 18.0 0.013253 0.1030025 2.95 0
0 0 0 1 45.4165 41.30401500000001 9.0 0.12391 0.16587000000000002 4.45 0
0 0 0 1 45.617000000000004 48.9403 13.0 0.04642 0.134185 3.25 0
0 0 0 1 44.241 45.765179999999994 36.0 0.00021246 0.12024 3.0 0
0 0 0 1 48.039 43.7945515 10.0 0.090553 0.18750150000000002 4.85 0
0 0 0 1 48.558499999999995 44.40538 17.0 0.016679 0.08085200000000001 2.6 0
0 0 0 1 47.169 42.295435000000005 4.0 0.37936 0.136631 5.2 0
0 0 0 1 48.9315 47.6038 17.0 0.018567 0.0950435 2.8 0
0 0 1 0 54.847500000000004 59.4714 1.0 0.69727 0.0 13.0 0
1 0 0 0 58.6 58.872024999999994 14.35 0.12568669500000001 0.098771 3.45 0
0 0 1 0 44.2735 44.888619999999996 13.05 0.12251416 0.17986 2.0 0
0 0 0 1 47.222500000000004 46.83133 23.0 0.0047201 0.019164999999999998 2.55 0
0 1 0 0 56.42750000000001 53.32788000000001 7.65 0.388897565 0.00651 10.0 0
0 0 0 1 56.74 45.743405 14.0 0.03187 0.11347600000000002 2.65 0
0 0 1 0 50.8425 59.0897 0.0 0.82072 0.0 5.0 0
0 0 1 0 57.59100000000001 56.19512999999999 8.0 0.4661204293099999 4e-05 11.0 0
1 0 0 0 43.24 46.74219 13.95 0.134636361 0.09358 2.0 0
0 0 0 1 45.6685 44.432559999999995 28.0 0.0013616 0.04855150000000001 2.05 0
0 0 1 0 48.8895 27.4828 0.0 0.98427 0.0 1.0 0
0 0 0 1 47.15 48.577625 14.0 0.032762 0.08536 1.0 0
0 0 0 1 47.841499999999996 28.1511 17.0 0.01963 0.08677 1.0 0
0 0 0 1 47.448 42.92539000000001 22.0 0.0051035 0.05145050000000001 2.2 0
0 0 0 1 49.882000000000005 43.326805 30.0 0.00095304 0.0214335 1.95 0
0 0 0 1 50.775999999999996 46.80476 19.0 0.011671 0.09606500000000001 1.9 0
0 0 0 1 47.4455 48.8470415 10.0 0.089227 0.107595 2.9 0
0 0 0 1 40.429500000000004 59.795015 255.0 0.0 0.0 1.95 0
0 1 0 1 50.443 48.6783 30.0 0.00091259 0.00458 1.0 0
0 0 1 0 49.397 46.900645000000004 11.0 0.07103 0.00032 24.0 0
0 0 0 1 48.275999999999996 47.53085 21.0 0.0078432 0.0696375 2.45 0
0 0 0 1 45.0065 43.132889 7.0 0.15876 0.20609000000000002 3.55 0
1 0 0 0 58.31 58.649469999999994 25.8 0.04216891500369539 0.1002585 3.05 0
0 0 1 0 42.3745 43.891724999999994 3.0 0.43767 0.04639 3.0 0
0 0 1 0 57.56 54.17863 3.7 0.5274955000000001 0.0 16.0 0
0 0 0 1 50.7155 49.16955 14.0 0.03779 0.1378795 3.7 0
1 0 0 0 60.0 59.99189 98.0 0.016234179471986653 4.2000000000000004e-05 1.85 0
0 0 0 1 51.9625 42.6309935 22.0 0.0056664 0.12424400000000002 1.95 0
0 0 0 1 50.4455 42.829494999999994 81.0 6.393e-09 0.00731 3.0 0
0 0 0 1 51.0995 46.196915000000004 14.0 0.033063 0.1608325 2.65 0
0 0 0 1 48.279 44.47891499999999 18.0 0.015676 0.063984 1.55 0
1 0 0 0 19.73 24.285625000000003 39.0 0.10474748305873349 0.22918500000000003 2.2 0
0 0 0 1 46.69500000000001 47.11219000000001 9.0 0.11021 0.1829075 3.8 0
0 0 0 1 48.2655 32.3862 33.0 0.00044696 0.0004 1.0 0
0 0 0 1 46.9215 44.036860000000004 23.0 0.0047735 0.0343185 2.6 0
0 0 0 1 47.833499999999994 46.71323650000001 10.0 0.083011 0.23684 6.0 0
1 0 0 1 41.9 40.56572799999999 16.0 0.020816 0.05682 1.0 0
0 0 0 1 47.649 43.776039999999995 13.0 0.044339 0.04056 5.0 0
0 0 1 0 50.12949999999999 52.02654500000001 4.0 0.38044 0.02213 4.0 0
0 0 1 0 39.88 47.97665 21.4 0.06676956129999999 0.05741 2.0 0
0 0 1 0 56.42750000000001 53.762635 6.95 0.507106049 0.00034 10.0 0
0 1 0 0 41.0325 7.84615 8.55 0.32635927 1.0 1.0 0
0 1 0 0 44.0515 0.0 8.35 0.36288547 1.0 3.0 0
0 0 0 1 51.47800000000001 36.798832999999995 15.0 0.025626 0.10836 2.0 0
0 0 1 0 57.641000000000005 52.727845 13.0 0.48482393000011614 0.0 12.0 0
1 0 0 0 57.03 58.73230000000001 16.25 0.050057689 0.053436 2.3 0
0 1 0 0 45.807500000000005 45.7429 18.4 0.0334182585 0.0219 2.0 0
1 0 0 0 60.0 59.99189 98.0 0.016234179471986653 4.2000000000000004e-05 1.85 0
1 1 1 0 60.0 60.0 83.0 4.4165e-09 0.0 1.0 1
0 0 0 1 47.1545 33.847475 2.0 0.53755 0.26764350000000003 5.4 0
0 0 0 1 50.21 48.05193 37.0 0.00019187 0.029941000000000002 2.95 0
0 0 0 1 49.883 44.45021 19.0 0.011503 0.0844635 2.15 0
0 0 0 1 53.108999999999995 60.0 24.0 0.0034279 0.17779 1.0 0
0 1 0 0 54.52 56.6279 6.0 0.21776 0.16377950000000002 3.65 0
0 0 1 0 47.764500000000005 48.51733500000001 1.0 0.7754 0.0 2.0 0
0 1 0 0 50.18749999999999 44.674705 11.0 0.065599 0.121803 6.0 0
0 0 0 1 43.51 46.18697 41.0 6.9067e-05 0.0905965 2.3 0
0 0 0 1 42.75 41.9056695 36.0 0.00021818 0.09929999999999999 2.5 0
0 0 0 1 45.719 44.507308 16.0 0.020377 0.1474245 2.95 0
0 0 0 1 45.7885 40.777055000000004 5.0 0.3046 0.37564 2.0 0
0 0 0 1 52.33 47.660273000000004 16.0 0.022157 0.05183 3.0 0
0 0 0 1 48.48049999999999 44.407065 21.0 0.0063236 0.11144250000000003 2.0 0
0 0 0 1 51.1605 52.22311499999999 12.0 0.054327 0.0971105 3.5 0
0 0 1 0 57.7325 46.448975 5.9 0.36027841499999996 0.00015 30.0 0
0 0 0 1 49.577000000000005 46.135565 14.0 0.038145 0.13548900000000003 2.85 0
0 0 0 1 50.272 44.73118000000001 14.0 0.036643 0.098216 2.3 0
0 0 1 0 46.4445 38.873409499999994 5.0 0.28238 0.08509 2.0 0
0 1 0 0 42.9 24.102 13.45 0.11175414500000003 0.07306 2.0 0
0 0 0 1 50.036500000000004 21.4615 15.0 0.029089 0.67402 1.0 0
0 0 0 1 50.4895 45.735305000000004 14.0 0.034829 0.1465825 3.1 0
1 0 0 0 41.89 41.27314500000001 18.55 0.13780699300000002 0.00397 1.0 0
0 0 1 0 46.9105 42.527629999999995 18.6 0.037377218000000004 0.00191 3.0 0
0 0 1 0 49.328500000000005 53.68411 6.2 0.58414086 0.0 8.0 0
0 0 1 0 49.290000000000006 65.3846 1.0 0.71773 0.0 3.0 0
1 0 0 0 53.4 52.04866 18.65 0.0418890487 0.045835 1.7 0
0 0 0 1 45.6715 45.55914 14.0 0.039746 0.1383 1.0 0
1 0 0 0 59.64 59.46813999999999 57.35 0.031908657747307084 0.046426499999999996 2.65 0
0 0 1 0 57.38249999999999 53.22854500000001 27.1 0.175751271155 3e-05 1.0 0
0 1 0 0 47.58500000000001 35.4737 12.85 0.140064835 0.01134 2.0 0
0 0 0 1 49.266 44.794455 26.0 0.0024175 0.11321600000000002 2.75 0
0 0 0 1 48.851 39.43267000000001 10.0 0.096709 0.0828135 4.7 0
0 1 1 1 44.15 41.9337 45.0 3.056e-05 0.00047 1.0 0
0 0 0 1 49.129999999999995 40.092074999999994 20.0 0.0095091 0.00475 2.0 0
0 0 0 1 45.103500000000004 33.88976649999999 7.0 0.18293 0.1136125 5.55 0
0 0 0 1 50.9105 60.0 28.0 0.0014707 0.00352 1.0 0
0 0 0 1 45.85 40.63785 45.0 3.1054e-05 0.017694499999999995 2.3 0
0 0 0 1 47.4865 46.450715 19.0 0.012355 0.0786845 2.55 0
0 0 1 0 44.79799999999999 39.670645 5.0 0.25181 0.51128 4.0 0
0 0 0 1 55.13 39.13361999999999 20.0 0.0098636 0.065289 2.9 0
0 0 0 1 49.799499999999995 45.57375499999999 30.0 0.0008739 0.029784000000000012 2.2 0
0 1 0 0 58.67 59.6162 14.25 0.1290358525 0.111199 2.55 0
0 0 0 1 52.201499999999996 42.17536 23.0 0.0042507 0.1074255 2.05 0
0 0 0 1 46.485499999999995 44.913668 16.0 0.020852 0.04904 2.0 0
1 0 0 0 60.0 59.99189 98.0 0.016234179471986653 4.2000000000000004e-05 1.85 0
0 0 0 1 49.231 49.99601 37.0 0.0001619 0.02892450000000001 2.0 0
0 0 1 0 47.083999999999996 37.69913999999999 17.05 0.0654383535 0.02163 2.0 0
1 0 0 0 60.0 59.99189 98.0 0.016234179471986653 4.2000000000000004e-05 1.85 0
0 0 0 1 43.2595 35.334680000000006 5.0 0.25676 0.189757 4.0 0
0 0 0 1 43.25950000000001 35.334680000000006 5.0 0.2607 0.18158900000000003 5.9 0
0 0 0 1 48.331 22.2741 14.0 0.034084 0.01286 1.0 0
0 0 0 1 46.65 46.939545 17.0 0.019933 0.154534 1.65 0
0 0 0 1 47.8585 33.953230000000005 20.0 0.0095342 0.1259525 2.45 0
0 0 0 1 48.812999999999995 44.98228 8.0 0.127 0.17955499999999996 2.35 0
0 0 0 1 48.9945 45.544149999999995 15.0 0.030848 0.116357 2.1 0
0 1 0 0 46.669500000000006 52.8354 10.0 0.092193 0.04999 2.0 0
0 0 0 1 48.055 45.222117499999996 2.0 0.58475 0.0668355 7.1 0
0 1 0 0 50.318 44.246515 0.0 0.86078 0.0102 12.0 0
0 0 1 0 52.846000000000004 45.23686500000001 14.25 0.09773234224999999 0.01537 5.0 0
0 0 0 1 44.85 47.57290999999999 28.0 0.0013827 0.07501699999999999 2.3 0
0 0 0 1 43.7655 39.61394 3.0 0.41938 0.178229 7.95 0
1 0 0 0 58.68 59.22204000000001 14.65 0.117213345 0.10673300000000001 3.4 0
0 0 0 1 47.678999999999995 45.489219999999996 13.0 0.043714 0.23626200000000003 3.05 0
0 0 0 1 56.1915 58.78884000000001 157.0 1.8137e-16 0.0 1.9 0
0 1 0 0 57.74699999999999 60.0 33.45 0.013062946930499999 1.0 7.0 0
0 1 0 0 46.065 37.1404 11.8 0.145114935 0.0838 1.0 0
0 0 0 1 53.23 44.888025000000006 20.0 0.0088753 0.10575399999999999 2.55 0
0 0 0 1 45.510000000000005 43.691334999999995 17.0 0.017553 0.12154949999999998 2.2 0
0 1 0 1 54.31 53.5873 18.0 0.015829 0.00018 4.0 0
1 0 0 0 49.43 42.960699999999996 29.45 0.05968422779350001 0.047308499999999996 1.9 0
0 0 0 1 49.322500000000005 47.962050000000005 40.0 9.945e-05 0.024267499999999997 2.3 0
0 0 0 1 47.862500000000004 47.296485 23.0 0.0047557 0.05658 3.0 0
0 0 0 1 51.028 45.504509999999996 23.0 0.0043853 0.03336 2.0 0
0 1 0 0 45.864000000000004 10.333932 7.15 0.40509988999999996 1.0 2.0 0
1 0 0 0 41.75 31.088414999999998 18.2 0.06618822046499999 0.08734050000000002 1.75 0
0 0 0 1 56.48 48.10834 23.0 0.0050068 0.00203 1.0 0
0 0 1 0 49.328500000000005 53.68411 6.2 0.58414086 0.0 8.0 0
0 0 1 1 48.36600000000001 37.916162 18.0 0.014831 0.175 3.0 0
0 0 0 1 40.09 44.324755 18.0 0.01439 0.03975 2.0 0
0 0 1 0 50.816500000000005 50.504245000000004 12.0 0.057824 0.0 6.0 0
0 0 0 1 48.147 38.208214999999996 6.0 0.2201 0.1627745 6.2 0
0 0 0 1 40.14 48.613060000000004 21.0 0.0067115 0.049228 2.85 0
0 0 0 1 47.038499999999985 48.306084999999996 17.0 0.016157 0.09267800000000001 3.0 0
0 0 1 0 46.8125 37.733315000000005 14.95 0.11511518550000002 0.06025 4.0 0
0 0 1 0 50.039 41.830985000000005 6.0 0.21656 1e-05 4.0 0
0 0 0 1 48.779999999999994 45.934715000000004 13.0 0.041885 0.11389149999999999 2.0 0
1 0 0 0 60.0 59.99189 98.0 0.016234179471986653 4.2000000000000004e-05 1.85 0
0 0 0 1 51.93 45.134530000000005 19.0 0.012162 0.06802450000000002 2.9 0
0 0 0 1 49.665 44.47149 24.0 0.0037671 0.0891275 2.25 0
0 0 0 1 47.0275 49.293009999999995 10.0 0.087516 0.062228000000000006 3.45 0
0 0 0 1 49.825 55.5495 43.0 4.4584e-05 2e-05 3.0 0
0 0 0 1 48.224999999999994 45.811175 20.0 0.0084112 0.0568895 2.5 0
1 0 0 0 60.0 59.99189 98.0 0.016234179471986653 4.2000000000000004e-05 1.85 0
1 0 0 0 60.0 59.99189 98.0 0.016234179471986653 4.2000000000000004e-05 1.85 0
0 1 0 0 50.30149999999999 45.297295 12.0 0.058749 0.12375649999999998 2.95 0
1 0 0 0 43.81 35.98807 20.3 0.08821449738999998 0.0940475 1.75 0
0 0 0 1 53.35 44.282125 27.0 0.0019741 0.029790999999999995 2.25 0
0 0 1 1 39.25 43.343985 26.0 0.002036 0.00601 2.0 0
0 0 0 1 49.914 44.57084 27.0 0.0019548 0.027532499999999998 2.1 0
0 0 0 1 48.536500000000004 47.53085 21.0 0.0076765 0.07083400000000002 2.7 0
0 0 0 1 50.054 44.264398500000006 13.0 0.047912 0.1663445 2.6 0
0 0 0 1 49.4945 45.1838805 15.0 0.025312 0.09711699999999998 1.55 0
0 0 0 1 49.301500000000004 41.40459 24.0 0.0033035 0.00351 3.0 0
0 0 0 1 57.22 42.2558 17.0 0.017467 0.12065549999999998 2.1 0
0 0 0 1 44.620999999999995 46.49284 17.0 0.017788 0.07780400000000001 4.05 0
0 1 0 0 44.723 53.3223 13.65 0.15139565849999997 0.09034 2.0 0
1 0 0 0 59.79 59.615775000000006 74.8 0.0028503205991265053 0.010356 2.9 0
0 0 1 0 56.50750000000001 55.747569999999996 16.0 0.32074221730541996 0.0 5.0 0
0 0 0 1 51.9625 42.6309935 22.0 0.0056593 0.12441099999999998 2.0 0
1 0 0 0 25.98 24.285625000000003 56.5 0.13068997472850072 0.15949249999999998 1.85 0
0 1 1 1 46.905 50.214015 36.0 0.00020504 1e-05 3.0 0
0 1 1 0 48.67700000000001 58.5957 46.0 2.0628e-05 0.0 3.0 0
0 0 0 1 27.72 43.545354999999994 13.0 0.042498 0.26237 2.0 0
0 0 0 1 50.122499999999995 47.290665000000004 24.0 0.0034231 0.05567 2.0 0
0 0 0 1 53.36 41.938545000000005 16.0 0.023375 0.09435249999999999 3.2 0
0 1 0 0 50.35447767066693 44.52678267539525 24.651144857041167 0.09658699853529934 0.10095995499099822 3.9706941388277657 0
0 0 0 1 50.843500000000006 45.149105000000006 14.0 0.034912 0.14754699999999998 2.45 0
1 0 0 0 44.65 34.938165 20.65 0.033543575000000006 0.05692649999999999 2.0 0
0 0 1 0 49.2915 49.543409999999994 14.45 0.09725999149999999 0.06941 6.0 0
0 1 0 0 41.0325 0.0 4.35 0.5742076399999999 1.0 1.0 0
0 0 1 0 49.406499999999994 42.38554500000001 21.25 0.029696474000000007 0.00243 1.0 0
0 0 0 1 46.608999999999995 41.3518535 13.0 0.049021 0.188139 1.65 0
0 1 0 0 50.35447767066693 44.52678267539525 24.651144857041167 0.09658699853529934 0.10095995499099822 3.9706941388277657 0
1 0 0 0 57.49 58.70059 15.2 0.113251115 0.07303050000000001 2.0 0
0 0 0 1 53.327999999999996 46.49914 47.0 1.8853e-05 0.024336500000000004 1.9 0
0 0 0 1 50.361000000000004 46.22418 14.0 0.037018 0.11134650000000001 2.15 0
0 0 0 1 47.704499999999996 37.584445 15.0 0.029285 0.1713645 2.35 0
1 0 0 0 49.59 43.723065 21.5 0.11078051120700001 0.0497985 1.9 0
0 1 0 0 48.00450000000001 29.4563 18.75 0.47685242428325497 0.0 1.0 0
0 0 0 1 47.0395 43.492125 17.0 0.016729 0.071942 1.85 0
0 0 1 0 57.7325 46.63334999999999 5.8 0.37584091499999994 0.0 29.0 0
1 1 1 0 60.0 60.0 109.0 1.1065e-11 0.0 2.0 1
0 0 1 0 43.102999999999994 46.6667 0.0 1.0 0.0 6.0 0
0 0 0 1 48.836999999999996 46.80025500000001 23.0 0.0045943 0.05007350000000001 1.9 0
0 0 0 1 49.358000000000004 42.345825000000005 14.0 0.036029 0.11319449999999998 1.9 0
0 0 0 1 49.730500000000006 44.794455 26.0 0.0023879 0.08237649999999999 2.65 0
0 0 0 1 49.713499999999996 39.43568 18.0 0.013586 0.09887299999999999 2.25 0
0 0 1 0 43.441500000000005 38.36547 0.0 0.82072 0.04094 1.0 0
0 0 0 1 50.0385 48.70072 24.0 0.0034793 0.0534 5.0 0
1 1 1 1 59.72 58.8286 57.0 1.7511e-06 0.0 2.0 1
1 0 0 1 44.69 47.62409 26.0 0.002308 0.14496199999999998 2.15 0
0 0 0 1 51.5465 60.0 28.0 0.0015128 0.14753 1.0 0
0 0 1 0 45.009499999999996 40.052375 8.0 0.15188 0.0765 1.0 0
0 0 0 1 52.12 46.479325 21.0 0.0079362 0.02332 2.0 0
0 0 0 1 49.327000000000005 47.747091499999996 15.0 0.026941 0.01811 2.0 0
0 0 0 1 51.47149999999999 47.653225 62.0 5.5396e-07 0.009673999999999999 2.3 0
0 0 0 1 48.98 46.667339999999996 13.0 0.044107 0.21628699999999998 3.05 0
0 0 1 1 47.985 47.467335 29.0 0.0012146 5e-05 1.0 0
0 0 1 0 49.288 50.306445 18.6 0.1504151115 0.00705 4.0 0
0 0 0 1 47.0795 20.5515 17.0 0.017234 0.00668 3.0 0
0 0 0 1 48.794500000000006 46.916039999999995 19.0 0.010144 0.073615 2.35 0
0 0 0 1 47.534499999999994 45.2581 16.0 0.020497 0.0228 4.0 0
0 0 0 1 57.66 41.21508 10.0 0.096141 0.12888300000000003 4.8 0
0 0 0 1 50.23650000000001 60.0 35.0 0.00028123 0.0614 3.0 0
0 0 0 1 46.61450000000001 44.90916 13.0 0.045949 0.12045000000000002 2.8 0
0 1 0 0 50.30500000000001 55.1111 23.0 0.0042365 0.090989 2.0 0
1 0 0 0 58.59 40.07441 8.0 0.13214 0.13187 1.0 0
0 0 0 1 49.873000000000005 48.837810000000005 40.0 8.6933e-05 0.016524000000000004 2.8 0
0 0 0 1 45.617000000000004 50.42331 13.0 0.046447 0.14737 3.45 0
0 0 1 1 50.5055 22.7234 24.0 0.0035125 0.00421 1.0 0
1 0 0 0 43.25 33.28519 20.3 0.04014937340000001 0.09676349999999999 2.3 0
0 0 1 0 46.606 47.21766000000001 17.3 0.0826469085 0.01353 2.0 0
0 0 0 1 45.854 35.932249999999996 7.0 0.17931 0.16967 6.8 0
0 0 0 1 52.831500000000005 47.344755 20.0 0.0086063 0.06664650000000001 2.6 0
0 0 0 1 45.76 44.917585 14.0 0.031661 0.1552 1.0 0
0 0 0 1 45.719 44.507308 16.0 0.020286 0.14607050000000002 2.7 0
0 1 0 0 35.6625 5.0 13.7 0.133475823 0.7812775000000001 2.05 0
0 0 0 1 47.51350000000001 45.389860000000006 26.0 0.0020392 0.07048299999999999 2.75 0
0 0 0 1 57.8335 58.641875000000006 167.0 1.9518e-17 0.0 1.8 0
0 0 1 0 51.4165 43.37693 23.6 0.1626140835 0.00014 1.0 0
0 0 0 1 49.4105 47.167915 13.0 0.045223 0.12489950000000001 2.55 0
0 0 0 1 45.128 40.05806 7.0 0.17164 0.1548155 5.7 0
0 0 0 1 49.858000000000004 51.584105 34.0 0.00032963 0.016096500000000003 2.75 0
0 0 1 0 49.94349999999999 58.8852 2.0 0.51896 0.0 13.0 0
0 0 0 1 48.48049999999999 44.407065 21.0 0.0064514 0.10273199999999998 2.15 0
0 0 0 1 45.663500000000006 46.93193000000001 28.0 0.0014776 0.03718049999999999 2.05 0
0 0 0 1 44.852000000000004 43.937605000000005 14.0 0.039729 0.09316450000000001 2.45 0
0 0 1 0 58.302 52.8424 54.45 0.13475244650142015 0.0 2.0 0
1 0 0 0 46.69 37.940765000000006 18.15 0.074155817 0.0845255 1.85 0
0 0 0 1 47.993 40.8976825 25.0 0.0030847 0.10634949999999999 1.85 0
0 1 0 0 44.912 43.30042 14.3 0.15263227299999998 0.11688 3.0 0
0 0 1 0 45.741 37.7724765 19.75 0.0258598745 0.011 1.0 0
0 0 1 0 57.56 54.17863 3.7 0.5274955000000001 0.0 16.0 0
1 1 1 1 60.0 60.0 29.0 0.0012449 0.00068 1.0 1
0 0 0 1 50.224000000000004 40.5803235 22.0 0.0057865 0.0256295 1.85 0
0 1 0 0 50.16 42.452135000000006 12.0 0.050727 0.0177 1.0 0
0 1 1 0 46.59700000000001 33.9153 34.0 0.00033782 0.00282 2.0 0
0 0 0 1 57.314499999999995 59.997335 149.0 1.0414e-15 0.0 1.9 0
0 0 1 0 52.4575 60.0 13.0 0.039981 0.00097 2.0 0
0 0 0 1 50.15050000000001 43.369405 19.0 0.01149 0.103464 2.15 0
0 0 0 1 50.08149999999999 51.584105 34.0 0.00038379 0.0347495 2.2 0
0 1 1 1 47.6275 37.655010000000004 9.0 0.11337 0.03538 4.0 0
0 0 0 1 48.279 44.47891499999999 18.0 0.015695 0.028558 1.9 0
0 1 0 0 46.04600000000001 21.7 5.0 0.29477 0.1441465 5.0 0
0 0 0 1 53.55 46.5017 22.0 0.005953 0.01694 1.0 0
1 0 0 0 46.93 38.355 17.65 0.083318423 0.064132 1.8 0
0 0 0 1 40.429500000000004 59.795015 255.0 2.363e-27 0.0 1.95 0
0 0 0 1 48.932 50.63125 15.0 0.025968 0.1383445 2.35 0
0 0 0 1 53.144499999999994 47.903214999999996 45.0 2.904e-05 0.004873499999999999 2.9 0
0 0 1 0 48.7025 40.189280000000004 17.9 0.08518512850000001 0.01351 1.0 0
0 0 1 0 47.764500000000005 48.517335 6.0 0.21453 0.0 2.0 0
0 0 0 1 40.429500000000004 59.795015 255.0 0.0 0.0 1.95 0
0 0 0 1 48.48049999999999 44.407065 21.0 0.0063546 0.11144250000000003 2.0 0
0 1 0 1 50.321 49.468035 17.0 0.019344 0.08033100000000001 1.65 0
1 0 0 0 44.71 33.871325 24.35 0.01785062811925 0.047939 2.1 0
0 0 0 1 47.879000000000005 33.626096000000004 4.0 0.35268 0.45455 2.0 0
0 1 0 0 43.2045 0.0 5.85 0.45836299 1.0 2.0 0
0 1 0 1 47.7855 33.1591 32.0 0.00050808 0.00167 2.0 0
0 0 0 1 48.70249999999999 36.6164655 19.0 0.011296 0.12015100000000001 2.7 0
0 1 1 0 58.682 47.3891 24.25 0.14578062833 2e-05 3.0 0
0 1 1 1 46.916 34.5859 29.0 0.001016 0.00023 4.0 0
0 0 0 1 48.751 48.719285 24.0 0.0032421 0.0797975 2.05 0
0 0 0 1 46.2085 12.3214 14.0 0.038704 0.107594 2.15 0
0 0 0 1 47.169 47.24955 4.0 0.37579 0.15184100000000003 4.2 0
0 0 0 1 50.190000000000005 47.93954500000001 13.0 0.040417 0.1677025 2.55 0
0 0 0 1 48.70399999999999 44.93412 21.0 0.006774 0.06834 1.0 0
1 0 0 1 45.69 40.037205 22.0 0.0054107 0.15125800000000003 2.0 0
1 0 0 0 59.95 59.82857 83.7 0.0012564364007592182 0.0145645 1.95 0
0 0 0 1 53.5 47.871245 28.0 0.0015237 0.034555499999999996 2.0 0
0 0 0 1 47.545 49.4412 18.0 0.015213 0.45886 2.0 0
0 0 1 0 44.912000000000006 44.385515 14.8 0.138701373 0.11897 3.0 0
0 0 0 1 51.452999999999996 49.614125 16.0 0.024969 0.1014105 2.1 0
0 0 0 1 57.666 58.69863 79.0 1.205e-08 0.0058275 2.15 0
0 0 0 1 45.0785 44.43256 28.0 0.0013261 0.05779799999999998 2.35 0
0 0 0 1 47.86250000000001 45.971825 23.0 0.0047758 0.02344 3.0 0
0 0 0 1 49.266 44.794455 26.0 0.0024846 0.11450699999999998 2.7 0
1 0 0 0 50.06 44.65318 24.95 0.014102883921500001 0.068556 1.95 0
0 0 0 1 47.253 43.414895 18.0 0.014852 0.066634 2.0 0
0 0 1 0 59.947500000000005 58.182465 81.15 0.05852936627391324 0.0 1.0 0
0 0 0 1 45.0065 43.132889 7.0 0.16173 0.21497950000000002 3.1 0
1 0 1 0 40.55 42.541534999999996 20.3 0.022119265449999998 0.03724 1.0 0
0 0 0 1 40.429500000000004 59.795015 255.0 0.0 0.0 1.95 0
0 0 0 1 56.560500000000005 58.558125000000004 78.0 1.5649e-08 0.005559 2.0 0
0 0 0 1 51.569500000000005 60.0 21.0 0.0067291 0.00711 2.0 0
0 0 0 1 45.206 43.7328 14.0 0.031781 0.01044 2.0 0
0 0 0 1 57.26 45.38078 14.0 0.037179 0.1493185 2.25 0
0 0 0 1 48.309000000000005 41.55141999999999 10.0 0.083817 0.096279 3.55 0
0 1 0 0 45.864000000000004 10.333932 7.15 0.40509988999999996 1.0 2.0 0
0 0 1 1 51.314499999999995 46.5849 14.0 0.035226 0.04869 1.0 0
0 1 1 1 46.55 37.9604 35.0 0.00025644 0.00443 3.0 0
0 0 1 0 48.211 44.092935 24.8 0.035031462977775 0.00193 1.0 0
0 0 0 1 50.672999999999995 49.3461315 32.0 0.0005338 0.03555899999999999 2.1 0
0 0 0 1 46.884 39.429880000000004 20.0 0.0092959 0.0640505 2.9 0
0 0 1 0 43.9865 47.032105 3.0 0.45843 4e-05 8.0 0
0 1 0 0 53.85 54.9737 20.45 0.1439691637509237 0.087724 5.8 0
0 1 0 1 46.427499999999995 59.9917 42.0 5.5759e-05 0.00364 2.0 0
0 0 0 1 47.20899999999999 45.261655000000005 35.0 0.0002868 0.0106655 2.55 0
1 0 0 0 46.47 34.61932 6.0 0.23508 0.03567 1.0 0
0 0 0 1 56.763 59.795015 192.0 5.6008e-20 0.0 1.9 0
0 0 0 1 47.348499999999994 41.508514999999996 9.0 0.11985 0.01063 12.0 0
0 0 0 1 46.24250000000001 43.537955 14.0 0.033557 0.1599085 1.9 0
0 0 1 0 47.5005 45.71983 18.9 0.0271425915 0.0173 2.0 0
0 0 0 1 47.172 49.85038 21.0 0.00684 0.102266 2.1 0
0 0 0 1 49.685 39.986355 24.0 0.003765 0.06293 1.0 0
0 0 1 0 48.496500000000005 58.8542 4.0 0.32958 0.0 15.0 0
0 0 1 0 47.456999999999994 38.552200000000006 22.85 0.02676631305 0.00453 2.0 0
0 0 1 0 49.5345 48.999649999999995 27.0 0.0018665 0.0 1.0 0
1 0 0 1 49.2 45.80852 22.0 0.0062315 0.0309 3.0 0
0 0 1 0 58.411 54.88215 54.4 0.07921545788794804 1e-05 2.0 0
0 0 0 1 51.47149999999999 47.653225 62.0 5.4598e-07 0.009673999999999999 2.3 0
0 0 1 0 51.3355 43.11264 19.6 0.059835565499999986 0.00472 3.0 0
0 0 1 0 49.8825 48.02439500000001 5.0 0.31222 0.0 1.0 0
0 0 0 1 47.992999999999995 40.8976825 25.0 0.0030541 0.06721750000000001 1.9 0
0 0 1 0 55.6155 48.6728645 14.95 0.4390855217345 0.0 9.0 0
0 0 1 0 43.36 51.106105 17.5 0.036227011 0.02723 2.0 0
0 0 0 1 48.5595 46.8 9.0 0.10153 0.00911 26.0 0
0 0 0 1 48.86050000000001 50.496 15.0 0.030648 0.35621 1.0 0
0 0 0 1 45.192 59.9722 25.0 0.0028507 0.02859 2.0 0
1 0 0 0 24.86 24.285625000000003 45.9 0.11830101252700062 0.202561 2.3 0
0 0 0 1 45.114 47.36822499999999 28.0 0.0013933 0.05949349999999999 2.15 0
0 0 0 1 37.39 39.534955 22.0 0.0053707 0.10930150000000001 2.0 0
0 0 0 1 49.57299999999999 41.81451 15.0 0.028872 0.0730675 1.9 0
0 0 0 1 47.9265 45.25548 18.0 0.015356 0.27674 1.0 0
0 0 0 1 38.25 53.37548 18.0 0.014236 0.0585 7.0 0
0 0 1 0 45.18750000000001 33.975771 0.0 0.79772 0.10885 2.0 0
0 0 1 0 49.926 41.61597 0.0 1.0 0.00038 10.0 0
0 0 1 0 49.8825 34.246515 0.0 1.0 0.0 1.0 0
0 0 0 1 49.15 41.19799 18.0 0.014193 0.09100250000000001 2.3 0
0 0 0 1 48.7535 46.515695 26.0 0.0023286 0.10372999999999996 2.45 0
0 0 0 1 47.554500000000004 46.940275 4.0 0.35468 0.18991550000000001 5.75 0
0 0 0 1 52.01 58.048 19.0 0.012078 0.02433 3.0 0
1 0 0 0 59.37 58.959655 46.9 0.07935336896890641 0.07707349999999999 4.1 0
1 0 0 0 49.36 43.44758 28.85 0.06617993621 0.066744 1.7 0
0 0 0 1 49.4445 44.731179999999995 14.0 0.036591 0.09307249999999997 2.95 0
0 0 0 1 48.4805 44.407065 21.0 0.0064056 0.105065 2.05 0
0 0 0 1 44.852 40.90417000000001 14.0 0.039144 0.167653 3.6 0
0 0 0 1 54.4375 60.0 22.0 0.005678 0.07879 2.0 0
0 0 0 1 48.2 44.119895 22.0 0.0059419 0.08892149999999999 1.9 0
0 0 1 0 44.144499999999994 23.237027499999996 0.0 0.87799 0.28619 2.0 0
0 0 0 1 45.6255 41.9355 5.0 0.28571 0.14268500000000003 5.55 0
0 1 0 0 47.940999999999995 58.3333 17.8 0.06488597705 0.06991 3.0 0
0 1 0 0 43.529 42.8707 11.0 0.078258 0.01944 2.0 0
0 0 1 0 42.279 38.83298 1.0 0.69498 0.14471 1.0 0
0 0 0 1 53.24249999999999 58.62346 58.0 1.4965e-06 0.0191075 2.05 0
0 0 0 1 48.7185 46.659515 31.0 0.00066045 0.039011 1.95 0
0 1 0 0 38.11 27.0 11.95 0.1759979765 0.1257625 4.55 0
0 0 0 1 49.8115 60.0 13.0 0.046285 0.04535 1.0 0
1 0 0 0 51.02 41.011880000000005 7.0 0.19035 0.05125 2.0 0
0 0 0 1 46.758500000000005 49.367869999999996 17.0 0.016305 0.07654499999999999 1.6 0
0 0 0 1 46.4485 44.776898 4.0 0.32738 0.09695150000000001 4.0 0
0 0 1 0 57.7325 50.99003 9.0 0.3534949640285 0.0 18.0 0
1 0 0 0 50.95 48.185535 23.2 0.05524420710500001 0.035373499999999995 2.0 0
0 0 0 1 47.67399999999999 45.61707 13.0 0.045489 0.0749835 2.8 0
0 0 0 1 45.01 45.79293 14.0 0.036947 0.1303475 2.45 0
1 0 0 0 59.58 34.614605 6.0 0.2059 0.47537 4.0 0
0 0 0 1 49.831 44.727695 26.0 0.0024553 0.04652 3.0 0
0 0 0 1 49.036 46.687025 15.0 0.026805 0.089072 2.05 0
0 0 0 1 48.019000000000005 50.478899999999996 41.0 6.9659e-05 0.07578599999999999 2.4 0
0 0 0 1 50.9485 45.07096 23.0 0.0040858 0.14961750000000001 1.95 0
1 0 0 0 60.0 59.99189 98.0 0.016234179471986653 4.2000000000000004e-05 1.85 0
0 0 0 1 49.0445 46.941675 14.0 0.033097 0.64663 2.0 0
1 0 0 0 53.51 43.969085 15.05 0.096070256 0.06133 1.0 0
0 0 0 1 51.37950000000001 42.661100000000005 13.0 0.041378 0.04719 4.0 0
0 0 0 1 50.31699999999999 48.26901 27.0 0.0016204 0.043785000000000004 1.75 0
0 1 0 0 43.2045 0.0 5.85 0.45836299 1.0 2.0 0
0 1 1 1 48.883500000000005 40.41872500000001 11.0 0.076497 0.00553 3.0 0
1 0 0 0 58.73 59.0581 15.15 0.093475625 0.10958050000000001 3.45 0
0 0 0 1 46.9885 42.18951 20.0 0.0092468 0.00925 1.0 0
0 0 0 1 48.839000000000006 49.15729 38.0 0.00014035 0.035769999999999996 2.4 0
0 1 0 1 49.453500000000005 35.6167 13.0 0.041481 0.00878 1.0 0
0 0 0 1 50.069999999999986 45.78436 15.0 0.0267 0.0650415 2.25 0
1 0 0 0 59.75 59.637119999999996 78.0 0.0009855650026289393 0.010386 2.8 0
0 0 0 1 48.279 44.478915 18.0 0.015615 0.06962300000000002 1.45 0
0 0 0 1 47.42 50.92362 50.0 9.4401e-06 0.00544 1.0 0
0 0 0 1 49.469 59.6744 14.0 0.037268 0.09733 1.0 0
0 0 0 1 43.7655 40.137750000000004 3.0 0.39982 0.1206855 4.35 0
0 0 0 1 49.4765 45.752635 21.0 0.0070974 0.04972499999999999 2.5 0
0 0 0 1 45.9645 43.876504999999995 25.0 0.0028268 0.062470499999999984 2.0 0
1 0 0 0 52.82 45.268694999999994 11.0 0.067204 0.11928049999999998 5.1 0
0 0 0 1 50.190000000000005 47.93954500000001 13.0 0.040434 0.17875900000000003 2.65 0
0 0 1 0 57.760000000000005 53.45858500000001 2.15 0.63805215 0.0 15.0 0
0 0 0 1 49.7925 45.03031 14.0 0.035588 0.12008100000000002 1.95 0
1 0 0 0 59.01 59.13624 17.8 0.13892224365378997 0.11142850000000001 2.1 0
0 0 0 1 50.396 48.01745 12.0 0.056405 0.11309799999999999 5.15 0
0 1 0 0 45.8925 47.17154 15.0 0.031317 0.00819 1.0 0
0 0 0 1 47.547000000000004 43.842135 23.0 0.0049806 0.09846600000000001 1.9 0
0 0 1 0 49.2235 49.15258 8.0 0.12737 0.0 3.0 0
0 0 0 1 43.229 43.230975 3.0 0.44535 0.1452805 2.3 0
0 0 0 1 55.85350000000001 57.38250000000001 76.0 2.1458e-08 0.00019850000000000003 1.7 0
0 0 0 1 51.076499999999996 42.823485 13.0 0.040943 0.129831 2.4 0
0 0 0 1 42.74 43.584052 18.0 0.01305 0.08993799999999999 3.3 0
0 0 0 1 49.7135 39.435680000000005 18.0 0.013563 0.090726 2.15 0
0 0 0 1 48.51350000000001 40.6088165 15.0 0.03072 0.1672 1.0 0
0 0 0 1 46.646 46.9292 42.0 5.8212e-05 0.43502 10.0 0
0 0 0 1 49.7995 45.86222 30.0 0.00084979 0.037566 2.1 0
1 0 0 0 57.57 58.67877000000001 14.5 0.08294954 0.05648949999999999 1.7 0
0 0 1 0 51.342000000000006 47.870304999999995 22.95 0.06020766199000001 0.00572 1.0 0
0 0 0 1 45.854 43.923610000000004 14.0 0.033699 0.13760750000000002 2.55 0
0 0 0 1 58.795 57.385475 81.0 7.9265e-09 0.0058275 2.1 0
0 0 1 1 50.863 46.592055 27.0 0.0016752 0.0 1.0 0
0 0 0 1 48.8075 0.0 15.0 0.029853 1.0 1.55 0
0 0 0 1 51.1515 46.925285 19.0 0.010665 0.0032 1.0 0
0 0 0 1 50.279 41.26784 16.0 0.022802 0.07311949999999999 3.8 0
0 0 0 1 53.11 47.62409 26.0 0.0022897 0.14506000000000002 1.85 0
0 0 0 1 48.980000000000004 43.23739 13.0 0.044207 0.18183849999999996 3.05 0
0 0 0 1 40.66 45.473325 26.0 0.0020167 0.085175 2.75 0
1 0 0 0 30.1 24.646054999999997 15.8 0.12203644350000001 0.1108775 2.1 0
0 0 0 1 51.2105 42.82348499999999 13.0 0.040971 0.129831 2.4 0
1 0 0 0 60.0 59.99189 98.0 0.016234179471986653 4.2000000000000004e-05 1.85 0
0 1 0 1 49.9265 48.435995000000005 10.0 0.094721 0.00011 1.0 0
0 0 0 1 48.97 45.136405 15.0 0.030951 0.08931950000000001 2.2 0
1 0 0 0 38.77 30.3263575 18.3 0.071221444215 0.06959349999999999 1.45 0
1 0 0 0 60.0 59.99189 98.0 0.016234179471986653 4.2000000000000004e-05 1.85 0
0 0 0 1 47.807 45.36334 11.0 0.072331 0.09294500000000001 3.65 0
0 0 1 0 49.61300000000001 43.61736 9.0 0.10053 0.0 11.0 0
0 0 1 1 47.3445 47.31394 28.0 0.0015461 5e-05 1.0 0
0 0 0 1 49.799499999999995 44.540344999999995 30.0 0.00088303 0.029555000000000005 2.4 0
0 0 1 0 41.1 42.738665000000005 22.3 0.10115601555 0.00271 1.0 0
0 0 0 1 48.1365 45.54415 15.0 0.030873 0.10412649999999998 2.2 0
0 1 1 1 44.73 46.7099 27.0 0.0017047 0.00187 2.0 0
0 0 0 1 49.253499999999995 49.79875 41.0 7.6675e-05 0.076824 1.85 0
0 0 1 0 48.889500000000005 59.0 3.0 0.47604 1e-05 1.0 0
0 0 0 1 48.741499999999995 42.25186 15.0 0.031345 0.14393399999999998 2.15 0
0 1 0 0 43.2045 0.0 5.85 0.45836299 1.0 2.0 0
0 0 0 1 49.713499999999996 39.43568 18.0 0.01359 0.09887300000000002 2.25 0
0 0 0 1 50.422000000000004 34.7371 11.0 0.065501 5e-05 2.0 0
0 0 0 1 45.93 37.88234 37.0 0.0001843 0.0290365 2.8 0
0 0 0 1 45.103500000000004 33.1431415 7.0 0.18195 0.13629549999999999 5.8 0
1 0 0 0 55.04 55.81485 23.35 0.0221583810222325 0.037519 1.85 0
0 0 0 1 51.2265 39.599180000000004 6.0 0.21538 0.36774 5.0 0
0 0 0 1 50.24100000000001 60.0 36.0 0.00023293 0.22713 2.0 0
0 0 0 1 55.77 58.2 22.0 0.00542 0.11436149999999998 2.0 0
0 0 0 1 50.21000000000001 48.05193 37.0 0.00019406 0.029941000000000002 2.95 0
0 0 1 0 26.99 22.0 6.0 0.24258 0.3426 1.0 0
0 0 1 0 47.5055 48.33769 16.6 0.09299191700000001 0.0613 2.0 0
0 1 0 1 50.39 49.9577 24.0 0.0036112 0.0096 3.0 0
0 0 0 1 50.4125 48.98612 11.0 0.070707 0.30571 14.0 0
0 0 1 0 48.60200000000001 48.51733500000001 5.0 0.28659 0.0 2.0 0
0 0 0 1 46.884 39.42988 20.0 0.0092829 0.08819099999999999 1.7 0
0 0 0 1 48.2355 47.314994999999996 17.0 0.018804 0.10138149999999999 2.85 0
0 0 0 1 48.291999999999994 49.654081500000004 15.0 0.02741 0.087971 2.75 0
0 1 0 0 59.8845 60.0 51.4 0.13680397870097638 0.061791 2.85 0
0 1 0 0 35.6625 3.66667 12.65 0.18876412299999995 0.814611 2.05 0
0 1 0 0 50.1245 56.0085 14.25 0.09000835500000001 0.06601 6.0 0
0 0 0 1 49.2565 44.34134999999999 14.0 0.034507 0.09388200000000002 3.25 0
0 1 0 0 50.35447767066693 44.52678267539525 24.651144857041167 0.09658699853529934 0.10095995499099822 3.9706941388277657 0
0 0 0 1 50.9875 43.395655000000005 7.0 0.17641 0.47086 13.0 0
0 0 1 0 46.829 53.7647 8.75 0.5993027387946801 0.0 2.0 0
0 0 0 1 45.46 38.90374 9.0 0.1136 0.1617455 3.8 0
0 0 0 1 40.91 47.160565 17.0 0.016218 0.074295 1.7 0
0 0 0 1 45.3025 46.7759 84.0 3.641e-09 0.01487 1.0 0
1 1 1 0 60.0 60.0 163.0 4.2302e-17 0.0 2.0 1
0 0 0 1 49.7995 45.86222 30.0 0.00085722 0.0351835 2.0 0
0 1 0 0 43.653 58.8054 14.7 0.07051937999999999 0.03443 2.0 0
0 0 1 0 47.4255 49.6723 14.2 0.29508270740000003 0.02029 7.0 0
0 0 0 1 53.795 60.0 27.0 0.0017032 0.04717 3.0 0
0 0 0 1 46.976 45.378235000000004 31.0 0.0007905 0.055311 1.85 0
0 1 1 1 48.2125 41.423935 9.0 0.11345 0.03061 4.0 0
0 0 0 1 43.92799999999999 34.184430000000006 9.0 0.11425 0.11447 1.0 0
0 0 0 1 55.5265 54.66567 55.0 2.6005e-06 0.0042179999999999995 2.4 0
0 0 0 1 43.87950000000001 44.579840000000004 14.0 0.032417 0.0950475 2.6 0
1 0 1 0 37.41 42.56377499999999 5.0 0.26351 0.03432 2.0 0
0 0 1 1 34.81 42.31281 23.0 0.0043715 0.03642 2.0 0
0 1 0 1 51.395500000000006 55.0649 22.0 0.0057451 0.01461 1.0 0
0 0 1 0 48.2915 44.86201249999999 2.0 0.56593 0.0 17.0 0
0 0 0 1 51.1665 57.875 12.0 0.053936 0.06087 19.0 0
0 0 1 0 49.88249999999999 48.024395000000005 2.0 0.57411 0.0 1.0 0
0 0 0 1 43.506 44.579840000000004 14.0 0.032324 0.096025 2.85 0
0 0 1 0 46.7295 43.830835 4.0 0.31905 0.01065 2.0 0
0 0 0 1 48.9035 46.02068999999999 14.0 0.03415 0.04324 1.0 0
0 0 1 1 50.8255 47.129593 16.0 0.022093 0.00397 6.0 0
0 0 0 1 45.578 39.17451 34.0 0.00037582 0.16765 4.0 0
1 0 0 0 52.21 48.35047 30.4 0.0898766797713 0.05489499999999999 2.2 0
0 0 1 0 40.824000000000005 42.378485000000005 12.7 0.1061116575 0.23334 3.0 0
0 0 0 1 47.703500000000005 46.05371550000001 19.0 0.010751 0.09610700000000001 1.85 0
0 1 0 0 45.093999999999994 7.182544499999999 11.9 0.233295838 1.0 3.0 0
0 0 0 1 53.88 44.374039999999994 27.0 0.0017585 0.0792945 2.2 0
0 0 0 1 50.15 48.399725000000004 40.0 8.8362e-05 0.01404 3.0 0
0 0 0 1 50.08149999999999 51.584105 34.0 0.00036308 0.034951499999999996 2.75 0
1 0 0 0 45.56 36.80055499999999 25.95 0.0386679198623366 0.028250000000000004 1.95 0
0 0 0 1 49.882 43.326805 30.0 0.00097049 0.021703999999999998 1.8 0
0 0 0 1 49.10449999999999 42.532107 18.0 0.01306 0.1073695 3.0 0
0 0 1 0 52.242000000000004 47.090050000000005 29.95 0.030371971517049994 0.00017 2.0 0
0 0 0 1 46.976 45.378235000000004 31.0 0.00079219 0.055311 1.85 0
0 0 0 1 54.31 42.266560000000005 15.0 0.031195 0.11647750000000001 2.55 0
0 1 0 0 45.6 41.7847 9.0 0.10213 0.08311 1.0 0
0 0 1 0 57.760000000000005 53.102999999999994 4.4 0.598075439 0.0 13.0 0
1 0 0 0 54.17 54.2053 17.75 0.045564237550000004 0.067829 2.15 0
0 0 1 0 45.5305 42.114599999999996 16.2 0.1128978545 0.175 1.0 0
1 0 0 0 57.72 58.560015 21.25 0.06833482431092369 0.06408799999999999 2.15 0
0 0 0 1 50.76649999999999 43.0872 14.0 0.035484 0.32037 2.0 0
0 0 0 1 38.38 29.3511 14.0 0.031659 0.02555 1.0 0
1 1 1 0 60.0 60.0 144.0 3.276e-15 0.0 2.0 1
0 0 0 1 48.56549999999999 59.8786 15.0 0.030209 0.50549 1.0 0
0 0 0 1 47.0005 43.00014 20.0 0.0081546 0.02162 2.0 0
0 0 0 1 47.274 46.124835 11.0 0.073387 0.10628949999999997 3.55 0
0 0 0 1 46.295500000000004 41.30228000000001 6.0 0.2416 0.1296095 4.45 0
0 0 1 0 57.7325 52.7124 8.7 0.32098735165000003 0.0 20.0 0
1 0 0 0 49.15 38.64280000000001 14.45 0.12153199449999999 0.09928 1.0 0
0 0 0 1 52.7 46.194379999999995 16.0 0.024101 0.10610550000000003 4.3 0
0 0 0 1 47.3785 48.969485000000006 38.0 0.0001584 0.0376875 2.25 0
0 0 0 1 49.1445 46.449435 15.0 0.030739 0.14919100000000002 1.9 0
0 0 0 1 52.339999999999996 47.40487999999999 14.0 0.03754 0.17021100000000003 3.95 0
0 1 0 0 35.6625 2.0 4.9 0.55022022 0.95 2.15 0
0 0 0 1 47.419999999999995 41.7878535 13.0 0.04865 0.1331625 3.2 0
0 0 0 1 50.17100000000001 42.680809999999994 14.0 0.035779 0.14381349999999998 2.05 0
0 1 0 1 49.418 46.148264999999995 19.0 0.011306 0.00885 2.0 0
0 0 0 1 47.994 41.035650000000004 18.0 0.014384 0.10500400000000001 1.85 0
0 0 0 1 44.8445 32.09793549999999 5.0 0.26457 0.194108 3.75 0
0 0 1 1 42.12 37.795519999999996 20.0 0.0098636 0.01939 1.0 0
0 0 0 1 46.091499999999996 44.21033 14.0 0.032713 0.17121 3.0 0
1 0 0 0 42.11 31.024205000000006 25.8 0.0176017719195 0.06573799999999999 1.55 0
1 0 0 0 24.85 24.285625000000003 34.0 0.11911866252700062 0.202561 2.3 0
0 0 0 1 49.138000000000005 44.32136999999999 16.0 0.021701 0.11355 1.9 0
0 0 0 1 55.85350000000001 57.38250000000001 76.0 2.3301e-08 0.00019850000000000003 1.7 0
0 0 1 0 47.764500000000005 48.51733500000001 2.0 0.60449 0.0 2.0 0
0 0 0 1 48.71849999999999 46.659515000000006 31.0 0.00067619 0.023558500000000003 2.0 0
0 0 0 1 43.2595 35.33468 5.0 0.25498 0.1949715 4.4 0
0 0 1 0 49.453 44.828105 16.9 0.12808938225 0.00428 4.0 0
0 0 0 1 49.1825 44.775665000000004 26.0 0.002498 0.02727 2.0 0
0 0 1 0 48.034 56.1753 15.35 0.11765947850000005 0.01204 2.0 0
0 1 0 0 56.3935 57.9318 22.4 0.1790531934098 0.068015 6.0 0
0 0 0 1 46.295500000000004 41.49228000000001 6.0 0.2501 0.09005250000000001 4.2 0
0 1 0 0 49.461 58.4301 18.4 0.06182352010000001 0.01247 3.0 0
0 1 0 0 44.295 25.8594 8.0 0.13602 0.07489 1.0 0
0 0 0 1 46.0275 45.8555745 36.0 0.00022451 0.09613650000000001 2.2 0
0 0 1 0 48.546 40.344115 13.0 0.04793 0.00845 2.0 0
0 0 1 0 48.8345 45.0548 16.5 0.045900846499999995 0.02057 6.0 0
0 0 0 1 49.799499999999995 45.86222 30.0 0.00081677 0.05577399999999999 2.25 0
0 0 0 1 47.9585 46.816174999999994 26.0 0.0020928 0.10436 3.0 0
0 0 1 0 41.275999999999996 52.7377 1.0 0.71356 0.46796 2.0 0
0 0 0 1 46.61450000000001 46.537769999999995 13.0 0.046008 0.12805899999999998 2.85 0
1 0 0 0 55.29 55.75707000000001 19.65 0.035353169499999997 0.055021 1.7 0
0 0 0 1 50.715999999999994 47.578955 12.0 0.061512 0.167062 3.45 0
1 0 0 0 60.0 59.99189 98.0 0.016234179471986653 4.2000000000000004e-05 1.85 0
0 0 0 1 53.161500000000004 46.396015 63.0 4.8015e-07 1e-05 2.75 0
0 0 1 0 46.020999999999994 40.0 14.3 0.09744775950000001 0.0 37.0 0
0 0 0 1 50.31699999999999 46.08272 27.0 0.0016891 0.038847999999999994 2.4 0
0 1 0 0 45.489000000000004 5.75 5.05 0.53243189 1.0 1.0 0
0 0 0 1 49.8755 46.289002999999994 16.0 0.024652 0.22384 5.0 0
0 1 0 0 35.6625 0.0 4.05 0.6211383300000001 0.9 1.8 0
1 0 0 0 60.0 59.99189 98.0 0.016234179471986653 4.2000000000000004e-05 1.85 0
0 1 0 0 47.70399999999999 45.36334 11.0 0.07228 0.09210299999999998 3.45 0
0 0 0 1 49.831 11.7778 26.0 0.0024616 0.73077 1.0 0
0 0 0 1 47.703500000000005 47.59720050000001 19.0 0.010748 0.096107 1.85 0
0 1 0 0 44.74499999999999 44.732 5.0 0.29328 0.1039725 4.15 0
0 0 1 0 43.417 42.56309 16.3 0.051301825499999995 0.09464 1.0 0
1 1 1 1 60.42 60.4225 80.0 8.8799e-09 0.0 3.0 1
0 0 0 1 48.0375 40.771505000000005 16.0 0.022911 0.0599905 3.45 0
0 0 0 1 48.416 48.57980500000001 16.0 0.024346 0.12314099999999997 2.55 0
0 0 0 1 48.7535 46.51569500000001 26.0 0.0023377 0.10373000000000002 2.45 0
0 0 0 1 45.4165 38.730019999999996 9.0 0.12121 0.118802 4.05 0
0 0 0 1 46.8935 44.026855 16.0 0.024173 0.1125095 3.6 0
0 0 0 1 58.84 45.473325 26.0 0.0021159 0.0935855 2.65 0
0 0 1 0 47.071000000000005 44.07909500000001 15.55 0.09820957799999999 0.02871 3.0 0
0 0 1 0 54.6 47.975005 16.45 0.080271413 0.01608 2.0 0
0 0 0 1 57.01 44.672670000000004 14.0 0.033451 0.12471650000000004 2.7 0
0 0 0 1 46.241499999999995 46.650245 16.0 0.020773 0.1268265 2.15 0
0 0 1 0 51.75 44.52425 27.0 0.04372832792999999 0.00019 1.0 0
0 0 0 1 50.21 46.196915000000004 14.0 0.033007 0.1638165 2.65 0
0 0 0 1 50.31699999999999 46.206514999999996 27.0 0.0017734 0.06573949999999999 2.4 0
0 0 0 1 48.02 43.253052 18.0 0.012997 0.07774249999999998 2.95 0
0 0 0 1 52.959 60.0 24.0 0.0038217 0.01464 2.0 0
0 1 0 0 42.5 32.163 17.1 0.03571897 0.03626 2.0 0
0 1 0 0 44.617999999999995 0.0 6.7 0.34582199 1.0 4.0 0
0 0 0 1 48.581 43.711749999999995 10.0 0.084757 0.0641605 2.85 0
0 0 0 1 50.18749999999999 44.674705 11.0 0.064521 0.10465150000000001 4.65 0
0 0 1 0 42.721999999999994 44.9933015 15.75 0.057408928000000005 0.03377 2.0 0
0 0 1 0 47.483000000000004 47.875429999999994 24.0 0.0038636 0.0 1.0 0
0 0 0 1 50.94349999999999 49.26688 61.0 7.6076e-07 0.009674 2.0 0
0 0 1 0 53.1 42.311915 23.2 0.0660825255 0.0011 1.0 0
0 0 0 1 50.43650000000001 42.855905 21.0 0.007184 0.0726475 2.1 0
0 0 1 1 49.848000000000006 48.90510999999999 41.0 6.569e-05 0.0 2.0 0
0 0 0 1 44.593 44.65961 5.0 0.30769 0.128307 4.45 0
0 0 0 1 47.0145 47.436685000000004 23.0 0.0049497 0.01659 2.0 0
0 0 0 1 48.27550000000001 43.887575 18.0 0.013537 0.04018 2.0 0
0 0 0 1 47.169 42.050667 4.0 0.39535 0.1840025 3.75 0
0 0 0 1 49.92300000000001 45.057140000000004 22.0 0.0055293 0.1656275 1.7 0
0 0 1 0 44.986000000000004 36.392272000000006 4.0 0.34485 0.26911 1.0 0
1 0 0 0 60.0 59.99189 98.0 0.016234179471986653 4.2000000000000004e-05 1.85 0
0 0 0 1 50.089 49.81317 19.0 0.010113 0.02201 4.0 0
0 0 0 1 47.714999999999996 32.409931 20.0 0.0079695 0.20168 2.0 0
0 1 0 0 47.8465 33.5242 10.0 0.087655 0.1263 3.0 0
0 0 1 0 57.7325 46.63334999999999 5.8 0.37584091499999994 0.0 29.0 0
1 0 0 1 46.07 41.84685499999999 18.0 0.015761 0.03773449999999999 1.7 0
1 0 0 0 53.26 35.776300000000006 15.6 0.0770538074 0.12345 2.0 0
1 0 0 0 51.7 48.61403500000001 17.0 0.0577826127 0.04707750000000001 2.05 0
0 0 0 1 49.054 41.926855 33.0 0.00040505 0.026631500000000002 2.0 0
1 1 1 0 60.0 60.0 83.0 4.204e-09 0.0 1.0 1
0 0 0 1 46.16700000000001 37.59661 29.0 0.0011502 0.03117 1.0 0
0 0 0 1 46.31 39.775295 18.0 0.014473 0.11145600000000003 2.2 0
0 0 0 1 58.43 45.074889999999996 14.0 0.032918 0.02956 1.0 0
0 1 0 0 55.391000000000005 56.1 13.35 0.176767975 0.027825999999999997 3.9 0
0 0 0 1 49.044500000000006 26.5628 14.0 0.033092 0.06273 1.0 0
0 0 0 1 44.852 43.937605000000005 14.0 0.039364 0.07975249999999999 3.35 0
0 0 0 1 50.29100000000001 50.5052015 15.0 0.02819 0.1136665 2.4 0
0 0 0 1 51.436 42.5613735 22.0 0.0056254 0.1592855 1.9 0
0 0 0 1 47.183499999999995 43.861514500000006 36.0 0.00022858 0.09594749999999999 2.15 0
0 1 0 0 50.35447767066693 44.52678267539525 24.651144857041167 0.09658699853529934 0.10095995499099822 3.9706941388277657 0
0 1 0 0 40.71950000000001 0.0 0.0 1.0 1.0 1.0 0
0 0 0 1 47.726 45.819925000000005 17.0 0.018974 0.10509600000000001 2.6 0
0 0 1 0 47.49250000000001 42.365345000000005 18.3 0.0359723805 0.04332 2.0 0
0 0 0 1 53.15200000000001 53.607285000000005 60.0 8.1967e-07 0.023294500000000003 2.0 0
0 0 0 1 46.144 37.48046599999999 18.0 0.0144 0.2903 2.0 0
0 0 0 1 53.12 41.71791499999999 13.0 0.043856 0.23659 5.0 0
0 1 1 0 32.55 23.1282 5.0 0.30867 0.1182 3.0 0
0 0 0 1 47.9435 47.16897999999999 8.0 0.13725 0.090996 3.25 0
0 0 0 1 49.0035 45.944505 31.0 0.00072286 0.0176945 1.75 0
0 0 0 1 38.08 48.6284965 15.0 0.027765 0.082209 3.55 0
0 0 1 0 48.00450000000001 58.7778 23.2 0.38006863585664996 0.0 1.0 0
0 0 0 1 38.18 39.36011 60.0 9.9105e-07 0.129516 1.75 0
1 1 0 0 53.86 51.1976 19.5 0.049823389655 0.0671095 5.7 0
0 0 0 1 44.852 43.937605000000005 14.0 0.03952 0.09279800000000002 3.55 0
0 0 0 1 45.195 43.718235 14.0 0.039631 0.06364 2.0 0
0 0 0 1 50.190000000000005 47.93954500000001 13.0 0.040042 0.1872355 2.7 0
0 1 0 0 49.509 44.635605000000005 0.0 0.99574 0.00191 16.0 0
0 0 0 1 48.51349999999999 6.0 15.0 0.031408 1.0 2.0 0
0 0 0 1 50.94349999999999 49.26688 61.0 6.6705e-07 0.009674 2.0 0
0 0 0 1 46.3245 59.9231 13.0 0.042855 0.42425 1.0 0
1 1 1 1 60.0 60.0 13.0 0.045595 0.00529 3.0 1
0 0 0 1 54.87 46.0807865 15.0 0.030998 0.04358 3.0 0
0 0 0 1 47.74249999999999 52.31011500000001 29.0 0.0010978 0.054572999999999997 2.55 0
1 1 1 0 60.0 60.0 95.0 2.5541e-10 0.0 1.0 1
0 0 0 1 49.9735 48.41493 15.0 0.025713 0.0904615 2.05 0
0 0 0 1 47.345499999999994 34.770441 6.0 0.23331 0.16482 2.0 0
1 0 0 0 36.08 29.677464999999994 18.75 0.05537901745 0.09919050000000001 1.6 0
0 1 0 0 35.6625 0.0 4.05 0.6211383300000001 0.9 1.8 0
0 0 1 0 50.9585 46.534724999999995 16.05 0.0992513538 0.02908 5.0 0
1 0 0 0 60.0 59.99189 98.0 0.016234179471986653 4.2000000000000004e-05 1.85 0
0 0 0 1 47.553000000000004 46.49662 19.0 0.012143 0.0545795 2.8 0
0 0 0 1 45.32449999999999 45.148044999999996 3.0 0.49222 0.08534100000000001 6.95 0
0 0 0 1 55.63 42.55581999999999 13.0 0.039944 0.02598 1.0 0
1 0 0 0 59.97 59.873815 98.0 0.0008401197680637913 0.014302500000000001 1.55 0
0 0 0 1 47.159 47.758179999999996 13.0 0.042312 0.1810405 2.5 0
0 0 0 1 43.48 47.908435 19.0 0.012038 0.108649 2.4 0
0 0 0 1 48.851 39.43267000000001 10.0 0.099099 0.0972315 3.25 0
1 0 0 0 30.47 24.646054999999997 15.8 0.11317755350000003 0.12446549999999998 1.85 0
0 0 0 1 49.657 46.474554999999995 27.0 0.0018142 0.06565449999999999 2.2 0
0 0 0 1 47.2 41.823985 18.0 0.014993 0.1212335 2.0 0
0 0 0 1 49.222500000000004 40.99992999999999 6.0 0.22414 0.22643799999999997 5.4 0
0 0 0 1 43.855000000000004 40.5792115 17.0 0.017333 0.10798 2.0 0
0 0 0 1 50.93 47.095659999999995 31.0 0.0006746 0.0368085 1.95 0
0 0 0 1 50.859 49.741805 52.0 5.1468e-06 0.021266 2.35 0
0 0 0 1 41.24 41.4008 41.0 7.2442e-05 0.07968549999999999 2.3 0
0 0 0 1 46.29549999999999 41.49228000000001 6.0 0.24359 0.17010850000000002 4.3 0
0 0 1 0 41.9145 33.042176 0.0 0.80237 0.12905 2.0 0
0 0 0 1 58.036500000000004 59.07220500000001 96.0 2.2961e-10 0.0 2.3 0
1 0 0 0 49.77 43.439614999999996 20.55 0.05049169222349999 0.056295499999999984 1.8 0
0 0 0 1 41.26 38.93387 47.0 1.7679e-05 0.0434315 1.85 0
0 0 0 1 51.6785 43.6956 23.0 0.0042607 0.1074255 2.05 0
1 0 0 0 48.58 49.124810000000004 15.0 0.08321876 0.26274 1.0 0
0 0 0 1 50.319 46.00351 22.0 0.0059984 0.04051 2.0 0
0 0 0 1 48.751 48.719285 24.0 0.0031952 0.05319700000000001 2.0 0
1 0 0 0 57.99 58.380240000000015 18.9 0.0439058782487 0.0516245 2.75 0
0 0 0 1 46.009 45.56102 21.0 0.0066315 0.049182 2.3 0
0 0 0 1 44.55049999999999 29.3261 13.0 0.04688 0.13653 5.0 0
0 0 0 1 50.9485 45.07096 23.0 0.0040927 0.15216900000000003 1.9 0
0 0 0 1 48.741499999999995 42.38736 15.0 0.031207 0.101338 2.45 0
0 1 0 0 46.208000000000006 57.878 13.4 0.070872725 0.0491 2.0 0
0 1 0 0 35.6625 3.0 9.55 0.29467046500000005 0.9102135 1.95 0
0 0 1 0 49.6555 39.8101 6.0 0.23459 0.01069 2.0 0
0 0 0 1 45.0415 42.6057 13.0 0.049866 0.07506949999999998 2.4 0
1 1 0 1 45.03 25.0 16.0 0.023254 0.00123 4.0 0
0 1 0 1 47.8635 22.0396 13.0 0.045382 0.01169 1.0 0
0 0 0 1 45.467999999999996 36.379405 9.0 0.11222 0.31669 2.0 0
0 0 0 1 51.12 42.866094999999994 15.0 0.028626 0.09831150000000001 2.2 0
0 0 1 0 49.193 48.895559999999996 12.0 0.053148 0.00367 2.0 0
0 1 0 1 47.129000000000005 35.5903 53.0 4.3065e-06 0.00023 2.0 0
0 0 0 1 48.766 47.37586500000001 15.0 0.026276 0.160964 2.6 0
0 0 0 1 48.19199999999999 43.93573 13.0 0.042478 0.21215 17.0 0
0 0 0 1 47.94350000000001 47.994499999999995 8.0 0.13625 0.1905845 3.1 0
0 0 1 0 57.7325 52.7124 7.3 0.31577519 2e-05 20.0 0
0 0 0 1 50.47 48.364375 19.0 0.011772 0.17271449999999997 2.2 0
0 0 0 1 45.0065 43.132889 7.0 0.1592 0.20609000000000002 3.55 0
0 0 0 1 49.858000000000004 51.584105 34.0 0.00033742 0.0160965 2.75 0
0 0 0 1 48.331 39.50817599999999 19.0 0.011097 0.24012 2.0 0
0 1 1 1 49.681000000000004 50.472809999999996 12.0 0.061192 0.09819 3.0 0
0 0 0 1 52.806 59.795015 210.0 9.267e-22 0.0 1.9 0
0 0 0 1 46.346 49.050000000000004 13.0 0.043088 0.07313499999999999 3.05 0
0 0 0 1 45.6255 42.972559999999994 5.0 0.28797 0.125186 5.05 0
0 0 0 1 47.036500000000004 43.122245 17.0 0.01675 0.116375 1.85 0
0 0 0 1 49.4945 47.173935 15.0 0.025591 0.07214099999999998 2.0 0
0 0 0 1 47.02550000000001 41.403235 6.0 0.23663 0.1982895 5.85 0
0 0 1 0 48.968 44.9723995 1.0 0.70019 0.0 9.0 0
1 0 1 1 43.16 46.814164999999996 28.0 0.0014149 0.00343 2.0 0
0 0 1 1 29.17 48.76733500000001 22.0 0.0059037 0.01538 3.0 0
1 0 0 0 60.0 59.99189 98.0 0.016234179471986653 4.2000000000000004e-05 1.85 0
0 0 0 1 57.096500000000006 54.341085 83.0 4.2096e-09 0.001109 1.7 0
0 0 0 1 48.812 44.16505500000001 33.0 0.00046724 0.029774499999999992 2.05 0
1 0 0 0 60.0 59.99189 98.0 0.016234179471986653 4.2000000000000004e-05 1.85 0
0 0 1 0 39.087999999999994 45.169664999999995 5.0 0.30971 0.10869 1.0 0
0 1 0 0 46.6605 44.0328 6.0 0.24676 0.06601 2.0 0
0 0 0 1 49.25349999999999 49.79875 41.0 7.7383e-05 0.076824 1.85 0
0 0 0 1 48.133500000000005 50.478899999999996 41.0 7.2218e-05 0.07682400000000002 1.85 0
0 0 0 1 50.036500000000004 43.385521499999996 15.0 0.029151 0.46667 2.0 0
1 0 0 1 56.61 47.114875 23.0 0.0042555 0.02064 2.0 0
0 0 0 1 52.1435 40.7137685 22.0 0.0057222 0.1032945 1.9 0
0 0 0 1 45.46 38.903740000000006 9.0 0.11371 0.1608715 4.1 0
0 0 0 1 42.36 38.04725499999999 13.0 0.049926 0.03671 2.0 0
0 0 1 0 44.80550000000001 34.67268 14.95 0.09533280499999999 0.0426 1.0 0
1 0 0 0 52.54 48.25446 15.85 0.0886989955 0.050959500000000005 2.15 0
1 0 0 0 60.0 59.99189 98.0 0.016234179471986653 4.2000000000000004e-05 1.85 0
1 0 0 0 60.0 59.99189 98.0 0.016234179471986653 4.2000000000000004e-05 1.85 0
0 0 0 1 52.3725 47.410920000000004 44.0 3.9014e-05 0.031429 2.05 0
1 0 0 0 56.33 58.207085000000006 16.25 0.08784824999999999 0.05552100000000001 2.4 0
0 0 1 0 47.1 56.0615 0.0 0.93956 0.0 6.0 0
1 0 1 0 53.44 45.79697 4.0 0.33548 0.00893 1.0 0
1 0 0 0 58.18 58.732854999999994 16.55 0.0430883469 0.11419349999999999 2.45 0
1 0 0 0 52.83 48.468905 20.85 0.02184794905 0.033417999999999996 2.05 0
0 0 0 1 48.8325 40.136765000000004 19.0 0.011853 0.09982 1.0 0
1 0 0 0 48.75 42.246845 18.75 0.04530595899999999 0.049936 1.7 0
0 0 1 0 48.91 57.3894 3.0 0.43285 0.0 1.0 0
0 0 0 1 48.0 45.422365 38.0 0.00013948 0.04668100000000001 2.25 0
0 0 1 0 40.01 42.60211 12.3 0.11160104999999998 0.0993 2.0 0
0 0 0 1 47.4865 46.450715 19.0 0.012341 0.07987799999999999 2.5 0
0 0 1 1 49.59700000000001 46.486019999999996 12.0 0.055858 0.03974 2.0 0
0 0 1 0 56.50750000000001 50.5467 15.6 0.21100969880000003 0.00093 5.0 0
0 0 0 1 45.050999999999995 59.8165 28.0 0.0015361 0.04677 2.0 0
0 1 1 0 46.829 20.6957 22.2 0.20053214531499997 0.00046 2.0 0
1 0 0 0 59.79 59.615775000000006 74.8 0.0028503205991265053 0.010356 2.9 0
0 0 0 1 48.0545 47.774545 17.0 0.018698 0.0878685 2.7 0
0 0 0 1 45.377 38.97821499999999 16.0 0.023508 0.13126849999999998 3.25 0
0 0 0 1 49.2385 48.837325 24.0 0.003717 0.084046 2.25 0
0 0 0 1 50.47 48.364375 19.0 0.011772 0.17271449999999997 2.2 0
0 1 0 1 49.01350000000001 46.650769999999994 22.0 0.0051808 0.00837 2.0 0
0 0 0 1 48.94799999999999 44.980669999999996 22.0 0.0058626 0.086996 1.95 0
0 0 0 1 46.523 43.60680000000001 9.0 0.10766 0.1512835 3.2 0
0 0 1 0 26.48 18.4545 11.0 0.074456 0.01031 3.0 0
0 0 0 1 51.976 45.55746 23.0 0.0044568 0.1001795 2.2 0
0 0 0 1 53.09649999999999 60.0 30.0 0.00091224 0.00053 1.0 0
0 0 0 1 48.22 43.334785 31.0 0.00066245 0.00942 2.0 0
0 0 0 1 50.40650000000001 50.36619 24.0 0.003328 0.009315 2.95 0
0 0 0 1 49.2585 42.93106 16.0 0.02242 0.10421450000000002 2.15 0
0 0 0 1 48.0015 44.3634105 19.0 0.010805 0.0974845 2.0 0
0 0 0 1 49.577000000000005 46.135565 14.0 0.038146 0.13548900000000003 2.85 0
0 0 1 0 57.641 52.244274999999995 15.7 0.47228637380011607 0.00099 12.0 0
0 0 0 1 49.858000000000004 51.584105 34.0 0.00033367 0.016096500000000003 2.75 0
0 0 1 1 49.135 47.42224 21.0 0.0078415 0.02257 2.0 0
0 0 0 1 48.673500000000004 35.224045 20.0 0.0087387 0.16844 3.0 0
0 0 0 1 50.8205 60.0 10.0 0.087719 0.25002 1.0 0
0 0 1 0 55.556999999999995 44.78231999999999 13.35 0.13306642500000002 0.00968 5.0 0
1 0 0 0 60.0 59.99189 98.0 0.016234179471986653 4.2000000000000004e-05 1.85 0
0 0 0 1 50.05200000000001 39.55157 18.0 0.014344 0.11534750000000002 2.0 0
0 0 0 1 44.873000000000005 46.05526 17.0 0.017718 0.0814095 3.65 0
0 0 1 0 50.632 48.89954 7.0 0.16385 0.01923 3.0 0
0 0 0 1 47.927499999999995 43.153085 9.0 0.10552 0.06871049999999998 4.2 0
0 0 0 1 47.1545 34.62673 2.0 0.52987 0.1722395 4.35 0
0 0 0 1 48.7415 40.62337000000001 15.0 0.031123 0.09222599999999999 2.55 0
0 0 0 1 49.401 36.969015 6.0 0.20245 0.07671150000000002 5.0 0
0 0 0 1 49.695 49.733059999999995 17.0 0.019657 0.11915799999999999 1.7 0
0 1 0 0 47.97500000000001 33.619 17.1 0.09505906019999999 0.00804 1.0 0
1 0 0 0 58.3 58.649469999999994 25.9 0.03779241500369539 0.1002585 3.05 0
0 0 0 1 49.5565 46.02748 15.0 0.030046 0.173365 2.3 0
1 0 0 1 60.0 50.821555000000004 28.0 0.0013408 0.08479049999999999 2.15 1
1 0 0 0 59.76 59.604395 78.1 0.0009855650026265052 0.010386 2.8 0
1 0 0 0 43.44 33.38382499999999 23.05 0.065542678755 0.08732899999999999 1.85 0
0 0 1 1 45.54600000000001 40.2061545 8.0 0.13417 0.07026 2.0 0
0 0 0 1 46.44949999999999 48.306084999999996 17.0 0.016053 0.1495895 3.95 0
0 0 1 0 57.7325 47.21576 6.15 0.34756381500000005 0.0 26.0 0
0 0 1 0 50.5015 60.0 0.0 0.97448 0.0 7.0 0
0 0 0 1 50.73049999999999 30.929665 6.0 0.2201 0.57143 1.0 0
0 1 0 1 51.0515 60.0 39.0 0.00010213 0.00137 1.0 0
1 0 0 0 48.05 40.80156 9.0 0.11458 0.167208 3.7 0
0 0 0 1 51.601 46.813705 14.0 0.037439 0.152206 2.9 0
0 0 1 0 56.50750000000001 55.33380999999999 39.6 0.27223963912045207 0.0 4.0 0
0 0 0 1 46.123000000000005 43.26683 9.0 0.10662 0.14088700000000004 3.85 0
0 0 0 1 45.589000000000006 49.6364 10.0 0.080504 0.1543 2.0 0
0 0 0 1 49.158500000000004 58.4777 16.0 0.021529 0.04201 2.0 0
0 0 1 0 44.604 44.616455 12.95 0.1131089915 0.16484 1.0 0
0 0 0 1 59.932500000000005 59.96665999999999 110.0 9.8389e-12 0.0 2.1 0
0 0 0 1 48.0315 46.077385 14.0 0.033359 0.173163 2.65 0
0 0 1 1 43.9935 51.226164999999995 5.0 0.29601 7e-05 8.0 0
0 0 1 0 57.56 54.978125 2.45 0.63209895 4e-05 15.0 0
0 1 0 1 47.498 48.44935 25.0 0.0029974 0.00153 4.0 0
0 0 0 1 50.715999999999994 49.157445 12.0 0.060712 0.12195049999999999 4.15 0
0 0 0 1 47.1545 39.505160000000004 2.0 0.52381 0.14940850000000003 4.25 0
0 0 0 1 46.836999999999996 44.19255 13.0 0.044036 0.13091 1.0 0
0 0 0 1 32.66 46.594924999999996 28.0 0.0013097 0.06561699999999998 2.25 0
0 0 1 0 46.319 18.5714 5.0 0.26953 0.00932 2.0 0
0 1 0 0 50.35447767066693 44.52678267539525 24.651144857041167 0.09658699853529934 0.10095995499099822 3.9706941388277657 0
0 0 0 1 49.52149999999999 58.1446 11.0 0.074473 0.38931 1.0 0
1 1 1 0 40.53 26.7327 16.8 0.10714640000000002 0.00713 2.0 0
0 1 0 0 50.35447767066693 44.52678267539525 24.651144857041167 0.09658699853529934 0.10095995499099822 3.9706941388277657 0
1 0 0 1 51.9 48.811965 29.0 0.0010399 0.053059999999999996 2.1 0
1 0 0 1 45.59 44.31876 18.0 0.015287 0.15681450000000002 2.5 0
0 0 0 1 45.4165 41.30401500000001 9.0 0.12484 0.23194649999999997 4.55 0
0 0 1 0 49.4345 53.000775 11.0 0.071555 3e-05 12.0 0
1 0 0 0 56.44 57.96437999999999 16.35 0.044439396500000006 0.062775 2.3 0
0 1 1 0 45.844 27.8444 14.35 0.08378157950000001 0.10231 2.0 0
1 0 0 0 58.65 59.10594 14.65 0.11691789500000001 0.10673300000000001 3.4 0
0 0 1 0 56.42750000000001 53.762635 5.8 0.510664465 0.00037 10.0 0
0 0 0 1 48.541999999999994 47.567215000000004 13.0 0.042074 0.1292315 1.9 0
0 0 1 0 54.147500000000015 59.2632 0.0 0.89292 0.0 11.0 0
0 0 0 1 47.714999999999996 40.65336 20.0 0.0082532 0.08461 1.0 0
0 0 0 1 47.169 47.90412 4.0 0.37558 0.15161149999999998 4.0 0
0 0 0 1 47.993 40.8976825 25.0 0.0030676 0.09246950000000001 1.75 0
0 0 0 1 43.22 47.171705 16.0 0.023813 0.159633 3.95 0
0 0 1 0 47.537000000000006 49.23831 17.95 0.10117068709999999 0.01464 3.0 0
0 0 0 1 47.169 42.050667 4.0 0.39399 0.18400249999999996 3.75 0
1 1 1 0 60.0 60.0 51.0 7.3859e-06 0.0 4.0 1
0 0 0 1 48.515 42.38857 16.0 0.022865 0.07109000000000001 3.45 0
0 0 1 0 50.9585 46.534724999999995 15.0 0.09744938654999999 0.03251 5.0 0
0 0 1 1 47.56 46.74241000000001 24.0 0.0035833 0.00063 2.0 0
0 0 0 1 40.429500000000004 59.795015 255.0 0.0 0.0 1.95 0
0 0 0 1 50.20649999999999 49.377824999999994 56.0 2.3098e-06 0.00588 1.0 0
0 0 0 1 49.462 42.880535 13.0 0.044897 0.14890849999999997 1.8 0
0 0 0 1 47.207499999999996 36.342884999999995 20.0 0.009361 0.06258899999999999 2.85 0
0 0 0 1 46.522999999999996 43.2535 9.0 0.10791 0.17745899999999998 3.9 0
0 0 0 1 48.958 45.12932000000001 22.0 0.0060124 0.06595349999999998 2.2 0
0 0 0 1 44.2045 44.009215 13.0 0.046626 0.21383 3.0 0
0 1 0 0 45.093999999999994 7.182544499999999 11.9 0.233295838 1.0 3.0 0
0 1 0 0 47.764500000000005 48.517335 250.0 9.1599e-26 0.0 2.0 0
0 0 0 1 47.529999999999994 50.472455000000004 42.0 5.0894e-05 0.038407000000000004 2.95 0
0 0 0 1 46.34250000000001 34.6623705 5.0 0.27778 0.14043100000000003 3.0 0
0 0 0 1 48.064 49.882765 29.0 0.0010377 0.00041 2.0 0
0 0 0 1 50.319500000000005 42.050290000000004 18.0 0.014243 0.084838 2.1 0
0 0 0 1 49.914 44.57084 27.0 0.0018891 0.021477 2.3 0
0 0 0 1 48.9475 45.79001000000001 11.0 0.069502 0.15955950000000002 3.8 0
0 0 0 1 49.85 43.2976 18.0 0.013548 0.44458 1.0 0
0 0 0 1 47.6775 11.4375 13.0 0.047614 0.18182 1.0 0
0 0 0 1 47.0275 49.293009999999995 10.0 0.087321 0.093074 3.6 0
0 0 0 1 48.340999999999994 47.834824999999995 18.0 0.014545 0.02212 3.0 0
0 0 0 1 45.32449999999999 41.96834500000001 3.0 0.47895 0.11603400000000001 3.8 0
0 0 0 1 47.5865 46.42625499999999 13.0 0.043844 0.21407099999999998 2.4 0
0 0 0 1 50.0525 37.576454999999996 18.0 0.013622 0.09548199999999998 2.25 0
0 0 0 1 46.91 40.673044999999995 8.0 0.15415 0.176512 2.45 0
0 0 1 0 57.7325 47.254325 6.7 0.338877165 0.0 27.0 0
0 0 0 1 46.6905 47.04228 13.0 0.046191 0.12842199999999998 2.7 0
1 0 0 0 59.56 59.328064999999995 57.55 0.03305532994910641 0.066662 3.6 0
0 0 0 1 51.452999999999996 49.614125 16.0 0.025037 0.1014105 2.1 0
0 1 0 1 49.5 44.37995500000001 17.0 0.01592 0.00058 4.0 0
0 1 0 0 50.35447767066693 44.52678267539525 24.651144857041167 0.09658699853529934 0.10095995499099822 3.9706941388277657 0
0 0 0 1 50.177 42.05063 6.0 0.23248 0.0737 8.0 0
0 0 0 1 49.03 51.24058500000001 29.0 0.0010732 0.01195 4.0 0
0 1 0 0 50.35447767066693 44.52678267539525 24.651144857041167 0.09658699853529934 0.10095995499099822 3.9706941388277657 0
0 0 0 1 47.16899999999999 42.050667 4.0 0.39683 0.1840025 3.75 0
1 0 0 0 45.95 37.59731000000001 24.45 0.057813477700002634 0.0323885 1.85 0
0 0 0 1 51.212 47.28766 12.0 0.050604 0.056430499999999995 2.1 0
0 0 0 1 48.70249999999999 38.81126 19.0 0.011308 0.11919399999999998 2.75 0
1 0 0 0 60.14 60.02325499999999 51.4 0.013008606874062852 0.0262225 2.35 0
0 0 1 0 59.19500000000001 58.63666500000001 54.2 0.21766662893659486 0.0 3.0 0
1 0 0 1 53.31 46.63301 15.0 0.029888 0.22165149999999997 2.25 0
0 0 0 1 51.452999999999996 49.614124999999994 16.0 0.024806 0.128477 2.7 0
0 0 0 1 49.52 49.741465 17.0 0.019814 0.13831549999999998 1.6 0
0 1 0 0 55.7405 47.281515 18.4 0.1932207826 3e-05 2.0 0
0 0 0 1 47.1675 37.117200000000004 29.0 0.0012045 0.04957 1.0 0
0 0 0 1 47.069 19.2222 18.0 0.014495 0.1409 4.0 0
0 1 0 0 35.6625 4.0 13.7 0.133475823 0.814611 2.1 0
0 1 0 1 56.67 45.57230499999999 30.0 0.00080558 0.05739200000000001 2.25 0
0 0 0 1 48.812999999999995 43.98256500000001 8.0 0.13146 0.12135299999999997 4.15 0
0 0 0 1 47.554500000000004 46.940275 4.0 0.35468 0.18991550000000001 5.75 0
0 1 0 1 43.2595 35.33468 5.0 0.25806 0.19632299999999997 4.4 0
1 1 1 1 49.51 37.9899 63.0 4.4167e-07 0.0 4.0 0
0 1 1 1 50.8995 30.2737 22.0 0.005875 0.00018 3.0 0
0 0 0 1 48.751 48.719285 24.0 0.0032047 0.05319700000000001 2.0 0
0 0 0 1 50.20299999999999 44.457315 16.0 0.021654 0.09095600000000001 1.95 0
1 0 0 1 50.75 37.84403 20.0 0.0096662 0.1254485 2.0 0
0 1 1 0 49.0405 59.283 17.75 0.176937335 0.00069 1.0 0
1 0 0 0 15.9 24.285625000000003 55.6 0.11406165106347914 0.20697000000000002 2.25 0
0 0 1 0 57.7325 52.312425 3.7 0.5274955000000001 0.00013 16.0 0
0 0 0 1 46.5555 43.208315 18.0 0.014183 0.47654 1.0 0
0 0 1 0 59.19500000000001 58.63666500000001 54.2 0.21766662893659486 0.0 3.0 0
0 0 0 1 51.652 43.5677 23.0 0.0042734 0.0926275 2.25 0
0 0 0 1 50.0535 45.11345 13.0 0.040696 0.16513950000000002 2.65 0
0 0 1 0 46.467 46.86340499999999 4.0 0.32553 6e-05 7.0 0
0 0 0 1 48.83 42.036559999999994 16.0 0.022841 0.06461650000000001 3.75 0
0 0 0 1 48.135000000000005 41.0957 15.0 0.029139 0.2133655 2.55 0
0 0 0 1 50.029999999999994 46.456525 14.0 0.036831 0.09583000000000001 2.05 0
0 0 0 1 55.52650000000001 54.66567 55.0 2.9703e-06 0.0039239999999999995 2.95 0
1 0 0 0 60.0 46.50061 14.7 0.11663852045 0.34005 2.0 0
0 0 0 1 50.21 48.051930000000006 37.0 0.00018732 0.029941000000000002 2.95 0
0 0 0 1 44.852 43.937605000000005 14.0 0.039332 0.07975249999999999 3.35 0
0 0 1 0 58.302 52.8424 54.45 0.13475244650142015 0.0 2.0 0
0 0 0 1 48.97299999999999 51.190271499999994 15.0 0.027576 0.0966035 3.5 0
0 0 0 1 52.20149999999999 42.17536 23.0 0.0042468 0.10429699999999997 2.05 0
1 1 1 0 60.0 60.0 138.0 1.4731e-14 0.0 3.0 1
1 0 0 0 60.0 59.99189 98.0 0.016234179471986653 4.2000000000000004e-05 1.85 0
0 1 0 1 46.5675 56.8778 43.0 4.7479e-05 0.00814 1.0 0
0 0 0 1 52.92700000000001 60.0 17.0 0.016066 0.31566 4.0 0
0 0 0 1 45.99900000000001 43.876504999999995 25.0 0.0028472 0.0865955 1.9 0
1 0 0 0 42.86 32.41724 19.3 0.0671091405 0.08945600000000001 1.8 0
0 1 0 0 50.35447767066693 44.52678267539525 24.651144857041167 0.09658699853529934 0.10095995499099822 3.9706941388277657 0
0 0 0 1 45.813500000000005 45.405609999999996 25.0 0.0030621 0.03127 2.0 0
0 0 0 1 49.799499999999995 45.86222 30.0 0.0008056 0.05577399999999999 2.25 0
0 0 0 1 50.948499999999996 45.07096 23.0 0.0040029 0.10860599999999998 2.0 0
1 0 0 0 60.0 59.99189 98.0 0.016234179471986653 4.2000000000000004e-05 1.85 0
0 0 1 0 48.712500000000006 45.38960300000001 18.15 0.120312163 0.00333 2.0 0
0 0 0 1 50.948499999999996 45.07096 23.0 0.0040293 0.10860599999999998 2.0 0
0 0 0 1 48.3455 46.226055 20.0 0.0091361 0.06782999999999999 2.15 0
0 0 0 1 46.24250000000001 43.537955 14.0 0.033545 0.1599085 1.9 0
0 1 0 0 49.730999999999995 30.3351 9.0 0.12182 0.00042 1.0 0
0 1 0 0 50.35447767066693 44.52678267539525 24.651144857041167 0.09658699853529934 0.10095995499099822 3.9706941388277657 0
0 0 0 1 45.01 48.136700000000005 19.0 0.011921 0.01664 2.0 0
0 0 0 1 47.557 39.8465 20.0 0.0092362 0.08860950000000001 2.0 0
0 0 0 1 50.467 50.600905 24.0 0.0033403 0.009329 2.8 0
0 0 0 1 49.151 42.449769999999994 26.0 0.002259 0.14062 3.0 0
0 0 0 1 51.00699999999999 48.7037 19.0 0.010854 0.06073 3.0 0
0 0 0 1 50.21649999999999 40.868635 7.0 0.18182 0.49375 9.0 0
1 0 0 0 60.0 59.99189 98.0 0.016234179471986653 4.2000000000000004e-05 1.85 0
0 0 0 1 47.248000000000005 46.812025 18.0 0.015328 0.16680350000000002 2.65 0
1 0 0 0 38.39 41.937661500000004 18.6 0.07416624409999999 0.00975 1.0 0
1 0 0 0 60.0 59.99189 98.0 0.016234179471986653 4.2000000000000004e-05 1.85 0
0 1 0 0 50.35447767066693 44.52678267539525 24.651144857041167 0.09658699853529934 0.10095995499099822 3.9706941388277657 0
0 0 0 1 50.43650000000001 42.855905 21.0 0.0072038 0.0870735 2.05 0
0 0 0 1 57.272000000000006 56.808535000000006 88.0 1.4797e-09 9.8e-05 1.75 0
0 0 0 1 50.083000000000006 40.60918 13.0 0.044695 0.134331 1.85 0
0 0 0 1 45.9745 49.788685 25.0 0.002645 0.055661499999999996 3.55 0
0 0 1 0 58.5745 55.91438000000001 42.85 0.060801599244363014 1e-05 1.0 0
0 0 1 0 51.029 57.607115 3.7 0.52156275 0.0 6.0 0
0 1 0 0 47.238 23.1111 17.7 0.08673752849999998 0.05433 1.0 0
0 0 0 1 48.192 42.18761 6.0 0.22807 0.1489795 7.25 0
0 0 0 1 49.2375 42.242617 18.0 0.012739 0.07721999999999998 2.35 0
0 1 0 1 44.336499999999994 39.7955 28.0 0.0012759 0.01387 2.0 0
0 1 0 0 48.649 59.4656 16.55 0.182900976 0.00088 1.0 0
0 0 0 1 47.704499999999996 40.56955 15.0 0.029248 0.190075 2.4 0
0 0 0 1 49.40599999999999 48.38337 20.0 0.0084874 0.0500385 2.8 0
0 0 0 1 46.523 43.6068 9.0 0.10745 0.1512835 3.6 0
0 0 1 0 49.926 43.399215 0.0 0.83214 0.0 10.0 0
0 0 0 1 50.148500000000006 38.17857 18.0 0.013809 0.08233499999999999 2.05 0
0 0 0 1 46.768499999999996 46.423170000000006 4.0 0.35985 0.26266449999999997 4.4 0
1 0 0 0 48.78 42.24684499999999 19.25 0.0265692535 0.047843000000000004 1.7 0
0 0 0 1 40.429500000000004 59.795015 245.0 3.1045000000000004e-25 0.0 1.95 0
0 0 1 0 47.726 40.82313 0.0 0.93413 0.0 25.0 0
0 0 0 1 42.74 44.96785 24.0 0.0037367 0.1165785 2.25 0
0 0 0 1 45.32449999999999 44.26163 3.0 0.46798 0.0852285 5.95 0
0 0 0 1 51.98600000000001 44.011965000000004 13.0 0.041307 0.091903 2.35 0
0 0 0 1 46.7025 38.9400665 5.0 0.28226 0.15106950000000002 2.9 0
0 0 0 1 45.9165 44.13875 25.0 0.0027946 0.061502 2.15 0
0 1 1 0 48.6115 58.5897 15.0 0.030621 0.0047 2.0 0
1 0 0 0 22.52 24.285625000000003 30.5 0.0667881460587335 0.21980950000000005 2.35 0
0 0 0 1 48.7275 47.838640000000005 14.0 0.034057 0.0759 1.0 0
0 0 0 1 47.196 41.6354135 13.0 0.048842 0.16944750000000003 2.1 0
1 0 0 0 60.0 59.99189 98.0 0.016234179471986653 4.2000000000000004e-05 1.85 0
1 0 0 0 35.29 28.015584999999998 18.9 0.076836952085 0.0822515 1.75 0
0 0 0 1 52.584500000000006 44.052854999999994 23.0 0.0043484 0.13250550000000003 2.2 0
0 0 1 0 42.37 37.064184999999995 22.5 0.040647139199999995 0.00576 2.0 0
0 0 1 0 42.0945 51.23220500000001 13.95 0.1879145 0.29565 2.0 0
0 0 1 0 44.49900000000001 53.069045 1.0 0.74926 0.00071 7.0 0
0 0 0 1 49.5785 39.6953865 15.0 0.028684 0.04227 1.0 0
0 0 1 0 41.567499999999995 43.622615 12.65 0.18661930695 0.17626 3.0 0
0 0 0 1 45.941 36.98653499999999 9.0 0.11627 0.27027 3.0 0
1 0 0 0 60.0 59.99189 98.0 0.016234179471986653 4.2000000000000004e-05 1.85 0
1 0 0 0 42.99 32.94016 17.4 0.0566013915 0.081206 1.85 0
0 0 0 1 46.82099999999999 44.9733 13.0 0.048447 0.00812 13.0 0
0 0 0 1 51.282999999999994 53.639709999999994 50.0 8.8458e-06 0.034486 1.65 0
0 0 1 0 44.355000000000004 43.883919999999996 20.15 0.063099515435375 0.10638 3.0 0
0 0 0 1 51.076499999999996 42.823485 13.0 0.040926 0.129831 2.4 0
0 0 1 0 51.76649999999999 39.72168450000001 6.0 0.20155 0.0 9.0 0
0 1 0 1 45.719 44.507308 16.0 0.019987 0.12806599999999999 2.75 0
0 0 0 1 50.709999999999994 47.296485 23.0 0.0040519 0.05547 3.0 0
0 0 1 1 47.70700000000001 49.992715000000004 17.0 0.018009 0.0 2.0 0
1 0 0 0 43.76 35.875635 22.5 0.01539861239 0.094742 2.0 0
1 0 0 0 53.74 53.50879 17.55 0.051783452949999996 0.07995 3.0 0
0 0 1 0 57.7325 47.254325 6.7 0.338877165 0.0 27.0 0
0 0 0 1 49.8405 43.240695 18.0 0.01311 0.102037 2.9 0
0 0 1 0 50.221500000000006 49.601425 20.1 0.111536865 0.00878 4.0 0
0 0 0 1 40.429500000000004 59.795015 255.0 2.3796e-37 0.0 1.95 0
1 0 0 0 60.0 59.99189 98.0 0.016234179471986653 4.2000000000000004e-05 1.85 0
0 0 0 1 49.647 44.26318150000001 15.0 0.02984 0.02676 2.0 0
0 0 0 1 58.59 40.471365000000006 18.0 0.01421 0.090935 2.0 0
0 0 0 1 51.834 41.876345 13.0 0.041155 0.09769199999999999 2.35 0
0 0 1 0 44.572500000000005 54.5517 17.65 0.21551051765 0.00011 3.0 0
0 0 1 0 49.3865 50.9091 3.0 0.47214 0.00402 3.0 0
0 0 1 0 47.626 50.226440000000004 0.0 0.9423 0.0 5.0 0
0 0 1 0 45.62 48.98935 5.0 0.29211 0.00668 1.0 0
0 0 0 1 47.169 42.050667 4.0 0.38571 0.0761995 4.95 0
0 0 0 1 45.719 44.507308 16.0 0.020027 0.12806599999999999 2.75 0
0 0 0 1 46.131499999999996 45.722494999999995 11.0 0.079345 0.116231 2.8 0
0 0 0 1 47.529999999999994 50.472455000000004 42.0 5.0379e-05 0.038407000000000004 2.95 0
0 0 0 1 45.9955 43.17283 17.0 0.016959 0.10083899999999998 1.9 0
0 1 0 0 57.59 41.856179999999995 20.3 0.15507525905 0.00085 1.0 0
0 0 0 1 45.622 42.56227 13.0 0.047184 0.51889 4.0 0
0 1 0 0 48.834 33.0833 30.0 0.00093751 0.00025 2.0 0
0 0 0 1 49.638999999999996 40.46784000000001 18.0 0.013899 0.0989525 1.7 0
0 1 0 0 41.346000000000004 43.2644 5.0 0.26038 0.03592 2.0 0
0 0 0 1 46.69499999999999 46.830645 9.0 0.10986 0.1686625 3.65 0
1 0 0 0 60.0 59.99189 98.0 0.016234179471986653 4.2000000000000004e-05 1.85 0
0 0 0 1 49.422999999999995 37.783130500000006 19.0 0.011026 0.046329499999999996 2.65 0
0 0 0 1 46.960499999999996 40.175855 4.0 0.31746 0.33868 4.0 0
1 0 0 0 58.5 58.922025 13.35 0.14278876499999998 0.10171000000000001 3.65 0
0 0 0 1 44.7975 44.57984 14.0 0.032575 0.11129149999999999 2.65 0
0 0 0 1 49.79949999999999 46.28599 30.0 0.0008686 0.030254000000000003 2.15 0
0 0 0 1 45.119 41.633404999999996 1.0 0.67848 0.46946 3.0 0
0 0 1 1 44.97 48.606359999999995 28.0 0.0014193 0.00586 4.0 0
0 0 1 0 49.8825 47.932325000000006 3.0 0.43304 0.0 1.0 0
0 0 0 1 50.31699999999999 45.384065 27.0 0.0017561 0.0708145 2.35 0
0 0 0 1 46.976 45.378235 31.0 0.00075188 0.054963000000000005 1.45 0
0 0 0 1 50.31699999999999 48.26901 27.0 0.0016501 0.037844 1.9 0
0 0 0 1 50.315999999999995 31.554074999999994 6.0 0.20116 0.5584 0.0 0
0 0 0 1 45.23 35.819405 20.0 0.0093624 0.30045 3.0 0
0 0 0 1 48.628499999999995 43.532455 17.0 0.019484 0.00451 1.0 0
0 0 1 0 52.23100000000001 43.11263999999999 20.1 0.04612201549999999 0.00476 3.0 0
0 0 1 0 55.61550000000001 52.644605 9.3 0.5400312500775001 0.00092 9.0 0
0 0 0 1 53.75750000000001 60.0 13.0 0.03999 0.09672 2.0 0
0 0 0 1 47.51350000000001 45.389860000000006 26.0 0.0020533 0.08123700000000002 2.8 0
0 0 0 1 50.019 46.456525000000006 14.0 0.036686 0.09630299999999999 2.25 0
0 0 0 1 48.947500000000005 45.747675 11.0 0.069853 0.17022549999999997 5.2 0
1 0 0 1 43.36 34.530336000000005 20.0 0.0093175 0.11665 2.0 0
0 0 0 1 49.9505 27.8776 18.0 0.013795 0.10703 2.0 0
0 0 0 1 47.051500000000004 45.61707 13.0 0.045629 0.10016800000000001 3.35 0
0 0 0 1 49.495000000000005 43.65492999999999 16.0 0.022175 0.10162799999999998 2.25 0
0 0 0 1 51.612 48.508345 14.0 0.037698 0.13724850000000002 4.45 0
0 0 0 1 47.828 42.24214 13.0 0.048736 0.02787 4.0 0
1 0 1 0 21.96 33.8025775 7.0 0.18292 0.19774 2.0 0
0 0 0 1 48.231 37.867930500000014 19.0 0.010965 0.028807 2.15 0
0 1 0 0 47.6195 50.1161 15.25 0.1063315785 0.01467 2.0 0
0 0 0 1 56.763 59.795015 188.0 1.5083000000000001e-19 0.0 1.9 0
0 0 1 0 50.9585 46.534725 15.05 0.09631918655 0.03011 5.0 0
0 0 0 1 50.59349999999999 49.723275 14.0 0.036612 0.06285 3.0 0
0 0 1 1 44.6015 43.39297500000001 9.0 0.10966 0.02112 2.0 0
0 0 0 1 47.172000000000004 49.850379999999994 21.0 0.0068445 0.105992 2.15 0
0 0 0 1 49.062 50.02004 15.0 0.025728 0.1011675 2.05 0
0 0 1 0 59.19500000000001 58.63666500000001 54.2 0.21766662893659486 0.0 3.0 0
0 0 1 0 56.42750000000001 53.762635 5.75 0.522035965 0.00074 10.0 0
0 0 1 0 56.50750000000001 55.33380999999999 39.6 0.27223963912045207 0.0 4.0 0
0 1 0 1 47.0425 33.8767 13.0 0.048239 0.04016 2.0 0
0 0 0 1 46.29350000000001 40.260104999999996 14.0 0.038758 0.14036949999999998 2.0 0
0 0 0 1 44.593 46.098985 5.0 0.29794 0.203978 4.4 0
0 0 0 1 49.40599999999999 49.87785 20.0 0.0085044 0.04849 2.8 0
0 0 0 1 51.47149999999999 49.26688 61.0 6.3706e-07 0.009674 2.0 0
0 0 1 0 49.4165 41.775420000000004 13.55 0.13304896000000002 0.0372 4.0 0
0 0 0 1 51.076499999999996 42.82348499999999 13.0 0.040963 0.129831 2.4 0
0 0 0 1 45.67 42.03656 16.0 0.022916 0.058872499999999994 3.45 0
1 0 0 1 45.58 46.0276 34.0 0.0003689 0.0372805 2.85 0
0 0 1 1 50.56999999999999 49.252055 24.0 0.0034745 0.00208 1.0 0
0 0 0 1 56.327 56.147164999999994 86.0 2.044e-09 0.0008414999999999999 1.85 0
0 0 0 1 48.752500000000005 40.39305 21.0 0.0064958 0.3731 4.0 0
0 0 0 1 49.30349999999999 49.121445 51.0 7.4878e-06 0.0208415 1.8 0
0 0 1 1 43.911500000000004 44.28581 13.0 0.046806 0.00414 8.0 0
1 0 0 0 41.29 38.565430000000006 2.0 0.52416 0.1350265 4.3 0
0 0 0 1 47.818 43.019214999999996 13.0 0.0439 0.62784 2.0 0
0 0 0 1 47.448 42.92539000000001 22.0 0.0050433 0.05145050000000001 2.2 0
0 0 0 1 51.769999999999996 59.7769 13.0 0.040059 0.37959 2.0 0
0 1 0 0 50.35447767066693 44.52678267539525 24.651144857041167 0.09658699853529934 0.10095995499099822 3.9706941388277657 0
0 0 0 1 53.803999999999995 51.714470000000006 64.0 3.5118e-07 1e-05 2.85 0
0 0 1 0 57.56 54.17863 3.7 0.5274955000000001 0.0 16.0 0
1 1 1 0 60.0 60.0 73.0 4.2163e-08 0.0 3.0 1
0 0 0 1 50.18749999999999 44.674705 11.0 0.064678 0.10465149999999998 4.65 0
0 0 0 1 47.957499999999996 44.35346500000001 20.0 0.0090225 0.0754955 1.9 0
0 1 0 0 59.8845 60.0 51.4 0.13680397870097638 0.061791 2.85 0
0 0 0 1 49.5745 42.357955000000004 19.0 0.011414 0.10561450000000001 2.15 0
0 0 1 0 57.2255 53.591355 20.45 0.242691933075 4e-05 4.0 0
0 1 1 1 51.70899999999999 59.0794 15.0 0.026131 0.00356 3.0 0
1 0 0 0 34.85 27.90648 27.65 0.07782257605059999 0.086011 1.7 0
0 0 0 1 47.1545 40.075445 2.0 0.5265 0.1213435 3.85 0
0 0 0 1 46.295500000000004 41.30228000000001 6.0 0.24155 0.1296095 4.45 0
0 0 0 1 49.0065 44.055209999999995 14.0 0.036483 0.11387049999999996 2.85 0
0 0 0 1 50.966 43.1923595 22.0 0.0061289 0.07215 2.0 0
0 0 0 1 45.58 47.904165 24.0 0.00359 0.02537 2.0 0
0 0 0 1 45.426 46.535975 13.0 0.047059 0.15161249999999998 3.0 0
0 1 0 0 47.6715 39.9544 9.0 0.11976 0.02936 11.0 0
0 0 0 1 48.3255 41.0957 15.0 0.029164 0.2009185 2.45 0
0 0 1 1 40.98 49.96260000000001 29.0 0.0010974 0.0 2.0 0
0 0 0 1 49.726000000000006 51.48076 14.0 0.033647 0.00658 1.0 0
0 0 0 1 45.0065 43.132889 7.0 0.16507 0.1865315 4.75 0
0 0 1 0 49.714 41.727297500000006 2.0 0.50685 0.0 16.0 0
0 1 0 0 50.35447767066693 44.52678267539525 24.651144857041167 0.09658699853529934 0.10095995499099822 3.9706941388277657 0
0 0 0 1 50.02999999999999 46.456525 14.0 0.036858 0.10904850000000002 2.2 0
1 0 0 0 47.69 40.147544999999994 18.5 0.05269213899999999 0.0937695 1.55 0
1 0 0 0 53.63 39.330335000000005 15.25 0.09953297000000001 0.15112 1.0 0
0 0 0 1 45.6905 42.3515915 5.0 0.27143 0.3314 3.0 0
0 0 0 1 48.48049999999999 44.407065 21.0 0.0063959 0.1114425 2.0 0
0 0 0 1 47.220000000000006 42.43236 18.0 0.014944 0.11027899999999997 1.95 0
0 0 0 1 47.032999999999994 44.67267 14.0 0.033395 0.15017349999999996 2.65 0
0 0 0 1 50.148500000000006 39.63272 18.0 0.013816 0.0834025 1.95 0
0 0 0 1 58.824 58.45377499999999 106.0 2.0465e-11 0.0 1.95 0
0 1 0 0 50.35447767066693 44.52678267539525 24.651144857041167 0.09658699853529934 0.10095995499099822 3.9706941388277657 0
0 0 0 1 47.208999999999996 45.261655000000005 35.0 0.00030736 0.0132555 2.55 0
0 0 1 0 45.1065 54.267125 13.8 0.3286122074 0.00691 7.0 0
0 0 1 0 46.254 56.401025000000004 5.9 0.6651451235279999 0.0 7.0 0
0 0 0 1 48.56699999999999 43.685469999999995 18.0 0.014122 0.11794450000000001 2.4 0
0 0 0 1 43.3335 44.579840000000004 14.0 0.032385 0.09877499999999999 2.85 0
0 0 0 1 49.103 44.173230000000004 16.0 0.022384 0.10421450000000002 2.15 0
0 0 1 0 47.022 50.78362 1.0 0.68904 0.0 5.0 0
1 0 0 0 41.37 44.308524999999996 16.9 0.047201563 0.03231 3.0 0
0 0 0 1 46.1315 47.39403 11.0 0.076235 0.11038099999999999 4.45 0
0 1 0 0 45.74 34.9855 17.15 0.09058160654 0.11421 1.0 0
0 0 0 1 42.584999999999994 43.230975 3.0 0.4441 0.1591835 2.45 0
0 1 0 0 50.278 21.3929 15.0 0.026897 0.03115 2.0 0
0 0 1 0 49.4195 18.6724 4.0 0.38067 1e-05 3.0 0
0 1 0 1 57.09 59.8133 21.0 0.0072026 0.01307 2.0 0
0 1 0 0 50.35447767066693 44.52678267539525 24.651144857041167 0.09658699853529934 0.10095995499099822 3.9706941388277657 0
1 0 0 0 60.0 59.99189 98.0 0.016234179471986653 4.2000000000000004e-05 1.85 0
1 0 0 0 60.0 59.99189 98.0 0.016234179471986653 4.2000000000000004e-05 1.85 0
0 0 0 1 49.188 56.9143 10.0 0.081597 0.40056 1.0 0
0 0 0 1 45.83 45.743405 14.0 0.032536 0.11471 2.5 0
0 0 1 0 49.3285 53.91318 9.7 0.38029907600000007 0.0162 8.0 0
0 0 1 1 48.95 47.542735 3.0 0.43478 0.0 11.0 0
0 0 0 1 50.37 44.93785999999999 20.0 0.0082425 0.13255899999999998 2.15 0
1 0 0 0 60.0 59.99189 98.0 0.016234179471986653 4.2000000000000004e-05 1.85 0
0 0 0 1 45.964499999999994 43.876504999999995 25.0 0.0028346 0.064464 1.95 0
0 1 0 0 53.42 53.6122 15.7 0.241172621555 0.07490099999999998 3.55 0
0 0 0 1 46.7735 39.685995 20.0 0.009267 0.03152 1.0 0
0 0 0 1 49.57299999999999 41.986644999999996 15.0 0.028892 0.091021 1.95 0
0 0 1 0 44.76499999999999 46.35352499999999 0.0 1.0 0.0 8.0 0
0 0 1 0 46.397999999999996 38.297989 13.8 0.08056272 0.19145 1.0 0
0 0 0 1 44.852000000000004 43.937605000000005 14.0 0.039729 0.09316450000000001 2.45 0
0 0 0 1 50.672999999999995 50.3386565 32.0 0.00055329 0.053103500000000005 2.45 0
0 0 1 0 49.328500000000005 53.68411 12.05 0.288521466 0.00149 8.0 0
0 0 0 1 49.517 51.584105 34.0 0.00035656 0.031327 2.85 0
0 0 0 1 51.66400000000001 40.774145 22.0 0.0058097 0.01116 1.0 0
0 0 0 1 45.32449999999999 45.182685000000006 3.0 0.47009 0.07500000000000001 4.85 0
0 0 0 1 51.083 46.256495 20.0 0.008829 0.072121 2.65 0
0 0 1 0 50.077 45.10708999999999 16.85 0.1096987425 0.01519 4.0 0
0 0 1 0 43.0595 42.08942500000001 13.15 0.131626906 0.16591 4.0 0
0 0 0 1 44.668000000000006 59.6423 36.0 0.00022645 0.03183 2.0 0
0 0 0 1 48.931999999999995 51.23313 15.0 0.025933 0.11742299999999999 2.35 0
0 0 0 1 45.8535 45.131654999999995 13.0 0.047334 0.109501 2.6 0
0 0 1 1 56.1 45.967135 25.0 0.0027551 0.00113 4.0 0
0 0 0 1 47.4365 47.845569999999995 23.0 0.0047019 0.0197045 2.3 0
0 0 0 1 45.527499999999996 47.756235 17.0 0.017853 0.078792 3.8 0
0 1 1 1 48.190000000000005 45.004765 14.0 0.038462 0.00039 2.0 0
0 0 0 1 49.9825 53.6986 21.0 0.0075687 0.45915 1.0 0
0 0 0 1 49.483999999999995 49.015460000000004 29.0 0.0011916 0.0773495 1.65 0
0 0 0 1 46.319 40.023439999999994 14.0 0.038961 0.19079600000000002 2.6 0
0 0 0 1 49.147 49.80483 27.0 0.0018369 0.1835 5.0 0
0 0 0 1 47.322500000000005 18.3797 20.0 0.0098751 0.01391 6.0 0
0 1 0 1 45.709999999999994 48.660745000000006 28.0 0.0014267 0.0540915 2.15 0
0 0 0 1 49.138999999999996 41.984156999999996 18.0 0.012984 0.091429 2.4 0
0 0 1 0 55.528 50.07675 9.0 0.425294564 0.00654 9.0 0
0 1 0 0 46.623999999999995 38.0698 8.0 0.15773 0.04876 2.0 0
0 0 0 1 51.2 48.06171 43.0 4.4865e-05 0.00281 4.0 0
0 0 1 1 32.57 51.98911499999999 27.0 0.0018286 0.00062 3.0 0
0 0 1 0 47.188 43.964045000000006 16.9 0.048630599000000004 0.04262 2.0 0
0 0 0 1 55.089 51.066050000000004 65.0 2.9844e-07 0.024507499999999998 2.65 0
0 0 1 0 56.42750000000001 53.762635 6.55 0.475036874 9e-05 10.0 0
0 0 0 1 51.129000000000005 44.173455 7.0 0.16923 0.14895 16.0 0
0 1 0 0 46.948499999999996 56.72 16.85 0.05196324 0.01485 1.0 0
0 0 1 0 46.726 39.6836715 10.0 0.090314 0.02507 1.0 0
0 0 0 1 44.10150000000001 20.6842 2.0 0.51168 0.38905 3.0 0
0 0 0 1 49.523999999999994 46.372285 17.0 0.016038 0.05212 4.0 0
0 0 0 1 60.025999999999996 59.995835 109.0 1.2305e-11 0.0 2.25 0
1 1 1 1 50.97 60.0 41.0 7.7237e-05 1e-05 2.0 1
1 0 0 0 60.0 59.99189 98.0 0.016234179471986653 4.2000000000000004e-05 1.85 0
1 0 0 0 60.0 59.99189 98.0 0.016234179471986653 4.2000000000000004e-05 1.85 0
0 0 1 0 56.50750000000001 55.747569999999996 16.0 0.32074221730541996 0.0 5.0 0
0 0 0 1 46.91 39.557145 8.0 0.15726 0.13631849999999998 5.1 0
0 1 0 0 46.767500000000005 46.6226 7.0 0.17571 0.06712 3.0 0
0 0 1 0 34.18 45.260295 10.0 0.08739 0.00178 4.0 0
0 1 1 0 50.7475 40.5672 15.0 0.026565 0.0068 5.0 0
0 1 0 0 55.6155 44.756059500000006 10.05 0.5172432493570001 0.00214 9.0 0
0 0 0 1 47.993 40.8976825 25.0 0.0030318 0.07156749999999999 2.05 0
0 0 0 1 47.894499999999994 44.751144999999994 14.0 0.03848 0.13072150000000002 2.6 0
0 1 1 0 49.913 38.0615 27.0 0.0019447 2e-05 1.0 0
0 0 0 1 51.37950000000001 48.462815 14.0 0.037772 0.41202 6.0 0
0 1 0 0 58.29 60.0 30.4 0.008680659302500001 0.00022 1.0 0
0 0 0 1 51.282999999999994 53.639709999999994 50.0 8.0952e-06 0.03451 1.65 0
0 0 0 1 48.5505 43.565035 11.0 0.071739 0.58054 4.0 0
0 0 0 1 47.925 39.8465 20.0 0.009195 0.081228 2.05 0
0 0 0 1 45.998999999999995 43.876505 25.0 0.0028522 0.0850365 2.3 0
0 1 0 0 49.66 55.6094 66.0 2.3247e-07 0.00112 1.0 0
0 0 0 1 45.0415 42.6057 13.0 0.049683 0.08259699999999999 1.95 0
0 0 0 1 50.790499999999994 44.2643985 13.0 0.047858 0.1709505 2.55 0
0 0 1 0 46.855500000000006 48.517335 2.0 0.51665 0.0 2.0 0
0 0 0 1 56.61 47.968109999999996 16.0 0.021475 0.12674749999999999 1.7 0
0 1 0 0 55.390499999999996 55.8182 17.4 0.10350802275 0.089134 3.45 0
0 0 0 1 50.523999999999994 44.2643985 13.0 0.047841 0.17261999999999997 2.5 0
0 0 0 1 47.554500000000004 47.245529999999995 4.0 0.35141 0.13790549999999996 6.85 0
0 1 0 0 48.01 40.2397 20.1 0.0407811815 0.06643650000000001 2.85 0
0 0 0 1 55.7355 59.952465000000004 98.0 1.5324e-10 0.0 2.3 0
0 1 0 0 49.349999999999994 27.8636 47.0 1.9165e-05 0.0 1.0 0
0 0 1 0 39.22 40.14286 16.35 0.057159890000000005 0.02044 1.0 0
0 1 0 0 54.43 56.0221 15.85 0.1120799885 0.023294000000000002 3.0 0
0 0 0 1 48.60350000000001 40.99992999999999 6.0 0.22222 0.2333685 5.9 0
0 0 0 1 48.857000000000006 43.33563599999999 17.0 0.01818 0.18018 2.0 0
0 0 0 1 48.51899999999999 47.734116499999985 15.0 0.027707 0.073522 3.4 0
1 1 1 1 35.7 33.1609 21.0 0.0065661 0.00504 1.0 0
0 0 0 1 48.275999999999996 47.53085 21.0 0.0077051 0.079018 1.75 0
0 0 0 1 48.1565 50.786145 15.0 0.026182 0.159113 2.55 0
1 0 0 0 44.27 35.632915 24.2 0.02669804606 0.06889 2.2 0
0 0 0 1 45.278499999999994 42.255799999999994 17.0 0.017438 0.11797500000000001 2.1 0
1 0 0 0 54.75 38.51920500000001 15.45 0.06334267499999999 0.01946 2.0 0
0 0 0 1 48.533 49.015460000000004 29.0 0.0011687 0.10785199999999999 1.6 0
0 0 0 1 53.6245 52.29875 48.0 1.4158e-05 0.0235785 1.85 0
0 1 1 0 55.61550000000001 43.416764500000006 14.7 0.4667203782345 0.00127 9.0 0
1 0 0 0 46.94 38.355 17.65 0.083318423 0.068705 1.85 0
0 1 0 0 35.6625 12.6379 14.2 0.15428653750000001 0.38517499999999993 2.15 0
0 0 0 1 46.578500000000005 39.86188 17.0 0.017245 0.1189705 2.75 0
0 0 0 1 56.49 46.22766 21.0 0.0064108 0.0984445 2.05 0
0 1 1 1 48.760999999999996 40.3788 26.0 0.002045 0.0066 3.0 0
0 0 0 1 45.460499999999996 38.0803365 7.0 0.19051 0.17545249999999998 4.2 0
0 0 1 0 45.071999999999996 39.79732 1.0 0.7377 0.30438 4.0 0
0 0 1 0 45.290499999999994 37.439405 16.55 0.051337511999999995 0.08359 4.0 0
0 0 0 1 47.4975 34.39542 4.0 0.3739 0.66418 2.0 0
0 0 0 1 52.3725 47.86007 44.0 3.4265e-05 0.031347 2.15 0
1 0 0 0 46.5 37.75717 20.65 0.047955483 0.05897300000000001 1.7 0
0 0 0 1 46.65 42.26633 25.0 0.0029538 0.0578125 2.25 0
0 0 0 1 46.751999999999995 46.663304999999994 4.0 0.32353 0.01938 6.0 0
1 0 0 0 36.75 46.29004000000001 22.8 0.0145779185 0.01656 1.0 0
0 0 1 0 44.7025 45.49788 15.95 0.0518757625 0.04077 2.0 0
0 0 0 1 48.57299999999999 46.449435 15.0 0.0307 0.1212465 1.95 0
0 1 0 0 43.88 45.088314999999994 1.0 0.71112 0.09271249999999999 6.3 0
0 0 0 1 47.9265 41.43827 18.0 0.015339 0.49439 3.0 0
0 0 0 1 49.52 49.741465 17.0 0.019745 0.1352815 1.65 0
1 0 0 0 50.73 47.49826 19.85 0.06562268500133456 0.043247999999999995 2.0 0
0 0 0 1 47.2545 42.183544999999995 22.0 0.0052602 0.0567585 2.1 0
0 0 0 1 51.452999999999996 49.614125 16.0 0.025007 0.1014105 2.1 0
0 0 0 1 40.429500000000004 59.795015 240.0 9.0422e-25 0.0 1.95 0
0 0 0 1 48.081 46.500835 22.0 0.0062753 0.118592 2.15 0
0 0 0 1 48.48049999999999 44.407065 21.0 0.0064888 0.089809 2.0 0
0 1 0 0 48.5755 35.0323 21.0 0.0070908 0.01162 2.0 0
0 1 1 0 47.22449999999999 49.561205 10.35 0.23449039999999996 0.17094 7.0 0
0 0 0 1 47.422999999999995 46.890918000000006 4.0 0.34211 0.18430799999999997 5.55 0
1 0 0 0 24.43 24.285625000000003 14.4 0.10097463921000001 0.21194200000000002 2.5 0
0 0 1 0 55.343 54.4267 12.75 0.2083539371 0.0 23.0 0
0 0 0 1 45.0415 42.6057 13.0 0.049336 0.15499100000000002 1.65 0
0 1 0 0 55.8 59.9481 18.1 0.084387781 0.101651 3.2 0
0 0 1 0 57.7325 54.002815 11.5 0.3134485156785 0.0 19.0 0
0 0 0 1 40.429500000000004 59.795015 255.0 3.3727999999999996e-40 0.0 1.95 0
0 1 0 1 49.6 34.6406 21.0 0.0068131 0.00765 1.0 0
1 0 0 0 60.0 59.99189 98.0 0.016234179471986653 4.2000000000000004e-05 1.85 0
0 1 0 0 50.35447767066693 44.52678267539525 24.651144857041167 0.09658699853529934 0.10095995499099822 3.9706941388277657 0
0 0 1 0 51.029 57.607115 3.7 0.52156275 0.0 6.0 0
0 0 0 1 51.0735 48.6692015 15.0 0.028132 0.09000250000000003 2.4 0
0 0 0 1 56.763 58.60997 180.0 9.94e-19 0.0 1.9 0
0 0 1 0 50.8065 43.47904 25.45 0.055011074265 0.00035 1.0 0
0 0 0 1 47.807 45.36334 11.0 0.07237 0.092945 3.65 0
0 0 0 1 47.20700000000001 37.970142 4.0 0.33088 0.33088 1.0 0
1 0 0 0 47.58 40.266845 23.05 0.051183073505499985 0.086921 2.15 0
0 0 0 1 45.854000000000006 42.960285 14.0 0.033611 0.17122600000000002 2.55 0
0 0 0 1 45.644999999999996 42.31241000000001 16.0 0.023771 0.189787 2.95 0
0 0 0 1 48.318000000000005 45.266675000000006 16.0 0.021298 0.11974549999999999 1.75 0
0 0 0 1 46.70299999999999 38.7058445 3.0 0.40441 0.53348 9.0 0
0 0 1 0 59.19500000000001 58.63666500000001 54.2 0.21766662893659486 0.0 3.0 0
1 0 0 0 60.0 59.99189 98.0 0.016234179471986653 4.2000000000000004e-05 1.85 0
1 0 0 0 51.42 49.383995 16.8 0.067117673 0.05338999999999999 2.05 0
0 0 1 0 56.4 46.543425 10.0 0.095679 0.00616 1.0 0
0 0 0 1 50.966 39.774770000000004 22.0 0.0062174 0.49919 2.0 0
0 0 1 0 33.83 44.90781 16.1 0.10119185805000001 0.15878 2.0 0
0 0 0 1 47.67399999999999 45.61707 13.0 0.045489 0.0749835 2.8 0
0 0 0 1 50.43650000000001 44.85242000000001 21.0 0.0072328 0.1170495 2.05 0
0 0 1 0 50.6805 42.87217999999999 12.95 0.11518407 0.14607 5.0 0
0 0 0 1 53.161500000000004 46.396015 63.0 4.4423e-07 0.0001015 1.95 0
0 0 0 1 51.2315 48.754599999999996 15.0 0.028419 0.13190200000000002 2.45 0
0 0 1 0 47.461999999999996 40.4800475 2.0 0.56294 0.0 27.0 0
0 0 0 1 49.3255 50.88462 39.0 0.0001062 0.022619000000000004 1.95 0
0 0 0 1 47.445499999999996 47.383245 19.0 0.010303 0.09366250000000001 2.55 0
0 1 0 0 45.0065 43.132889 7.0 0.16559 0.2162135 5.0 0
0 1 0 0 45.864000000000004 10.333932 7.15 0.40509988999999996 1.0 2.0 0
1 0 0 0 51.41 45.08451 12.0 0.061696 0.14237 4.0 0
0 0 0 1 51.943000000000005 55.11143500000001 59.0 1.1586e-06 0.023294500000000003 1.95 0
0 0 0 1 49.289 59.7021 15.0 0.028708 0.03915 1.0 0
0 0 0 1 54.29 44.571355 18.0 0.013159 0.09742300000000001 3.1 0
0 0 0 1 28.32 37.0225775 24.0 0.0037182 0.20311 2.0 0
0 0 1 0 44.755 39.96932 13.05 0.1062388 0.40801 2.0 0
0 0 0 1 47.832 48.987785 17.0 0.017979 0.05854549999999999 3.95 0
0 0 0 1 51.40049999999999 49.713274999999996 32.0 0.0006078 0.06349350000000001 1.8 0
0 0 0 1 59.96900000000001 57.547925 125.0 2.8213e-13 0.00025 1.6 0
0 0 0 1 49.2665 43.42501 22.0 0.005493 0.162603 1.85 0
1 0 0 0 42.2 30.81597 23.05 0.013861110979499996 0.06993 1.6 0
0 0 0 1 44.81750000000001 42.491825 5.0 0.27607 0.45833 1.0 0
1 0 0 0 52.89 48.637985 18.55 0.02674067255 0.03762700000000001 2.05 0
0 0 0 1 50.499500000000005 47.6092 23.0 0.0044095 0.53365 1.0 0
1 0 0 0 56.13 58.308035 18.1 0.03441918249999999 0.07578900000000001 2.4 0
1 0 0 0 55.99 57.82577500000001 19.85 0.03883895875 0.046333 2.95 0
0 0 0 1 57.1 41.185325 15.0 0.028708 0.05829500000000001 2.2 0
0 0 0 1 58.22 45.34885 14.0 0.03946 0.16401 1.0 0
0 0 0 1 47.051500000000004 45.61707 13.0 0.045563 0.07868900000000001 3.15 0
0 1 0 1 47.551 62.1688 31.0 0.00069899 0.022791 2.0 0
0 0 0 1 49.092999999999996 43.372615 18.0 0.014006 0.08020550000000001 1.8 0
0 0 0 1 47.5555 47.01832999999999 17.0 0.016604 0.0814315 2.35 0
0 0 0 1 49.2375 42.242617 18.0 0.012836 0.07068500000000001 2.55 0
0 1 0 0 36.79299999999999 24.874 14.4 0.21566861450000002 0.1187795 2.5 0
0 0 0 1 50.21 48.05193 37.0 0.00019189 0.029941000000000002 2.95 0
0 0 0 1 52.63 46.22766 21.0 0.006346 0.09844450000000002 2.05 0
0 0 0 1 49.68 47.160565000000005 17.0 0.015942 0.15525000000000003 3.4 0
0 1 0 1 51.54600000000001 60.0 25.0 0.0030891 0.03001 1.0 0
0 0 0 1 47.029 47.048080000000006 20.0 0.0099154 0.02016 4.0 0
0 0 0 1 51.333000000000006 52.4677 19.0 0.01034 0.00163 1.0 0
0 0 1 0 50.49300000000001 57.573495 7.15 0.45211711965 2e-05 6.0 0
1 0 0 0 60.0 59.99189 98.0 0.016234179471986653 4.2000000000000004e-05 1.85 0
0 0 0 1 49.910000000000004 45.17474 21.0 0.0071084 0.0483635 2.3 0
0 1 1 0 59.85 60.0 136.0 2.471e-14 0.0 2.0 1
0 1 0 1 49.5815 46.165245 19.0 0.011548 0.07089999999999999 1.7 0
1 0 0 0 45.82 36.97423500000001 17.2 0.09083052770000001 0.0415865 1.55 0
1 0 0 0 60.0 59.99189 98.0 0.016234179471986653 4.2000000000000004e-05 1.85 0
0 0 1 0 57.7325 50.522505 5.6 0.3761006 0.00039 21.0 0
0 0 0 1 51.18950000000001 46.312035 24.0 0.0033826 0.030407 2.55 0
0 0 0 1 47.24400000000001 46.43769 4.0 0.35747 0.326596 4.25 0
0 0 0 1 48.136 56.7736 32.0 0.00059733 0.01476 2.0 0
0 0 1 0 41.92750000000001 34.94927500000001 3.0 0.48973 0.10851 1.0 0
0 0 0 1 53.09 51.610749999999996 31.0 0.00069455 0.00769 4.0 0
0 0 1 0 45.214999999999996 44.385515000000005 12.95 0.16572626299999998 0.12274 3.0 0
0 1 1 0 47.852 57.8989 42.0 6.2068e-05 0.0 1.0 0
0 0 1 0 50.03699999999999 44.16238500000001 17.0 0.12399137125 0.00347 4.0 0
0 0 1 0 56.739999999999995 53.045010000000005 23.45 0.31113136754321297 2e-05 1.0 0
0 0 0 1 48.5605 45.82357 15.0 0.030603 0.20074950000000005 2.0 0
0 0 0 1 52.387 44.560785 23.0 0.0044236 0.138484 2.5 0
1 0 0 0 60.0 59.99189 98.0 0.016234179471986653 4.2000000000000004e-05 1.85 0
1 1 1 0 59.91 60.0 130.0 9.9048e-14 0.0 1.0 1
0 1 0 0 43.854 29.0562 7.0 0.19943 0.2506765 3.65 0
0 0 1 0 49.32299999999999 43.660525 19.75 0.1017399215 0.0068 2.0 0
0 1 1 1 52.30499999999999 60.0 14.0 0.034075 0.04956 4.0 0
0 1 0 1 51.61500000000001 52.8 16.0 0.022153 0.00262 5.0 0
0 0 1 1 47.24 51.405860000000004 17.0 0.017873 0.00091 2.0 0
0 0 0 1 49.47549999999999 45.73378999999999 20.0 0.0084506 0.05099300000000001 2.6 0
1 1 1 0 60.0 60.0 129.0 1.0054e-13 0.0 1.0 1
0 0 0 1 50.509 31.9 23.0 0.0041757 0.29371 1.0 0
0 0 0 1 50.672999999999995 49.3461315 32.0 0.00050642 0.048634500000000004 2.05 0
0 0 0 1 48.251000000000005 37.0695955 19.0 0.011228 0.1130255 2.6 0
0 0 0 1 47.48650000000001 46.450715 19.0 0.012386 0.08277949999999999 2.5 0
1 1 1 1 32.04 23.734 14.0 0.038833 0.0046 1.0 0
1 1 1 0 60.0 60.0 101.0 7.4491e-11 0.0 1.0 1
1 1 1 0 58.31 59.8842 112.0 5.1549e-12 0.0 1.0 1
0 0 1 0 50.882999999999996 42.5584 4.1 0.51504255 0.0003 16.0 0
0 0 0 1 47.797 49.45013999999999 17.0 0.018028 0.0573855 2.45 0
0 0 0 1 47.713 43.823035000000004 27.0 0.0016082 0.0671 1.0 0
0 0 1 0 41.080999999999996 16.5714 3.0 0.43945 0.09023 1.0 0
0 0 0 1 56.763 58.60997 184.0 3.6079e-19 0.0 1.9 0
0 0 0 1 45.0415 42.6057 13.0 0.049467 0.13196449999999998 1.9 0
0 0 0 1 46.1205 46.92551 11.0 0.07395 0.1339595 3.5 0
1 0 0 0 53.54 44.01318 8.0 0.13971 0.07773 3.15 0
0 0 1 0 50.099999999999994 47.870290000000004 18.35 0.159863768 0.00086 3.0 0
0 0 0 1 53.091499999999996 60.0 44.0 3.9001e-05 0.00441 2.0 0
0 0 1 1 50.46 49.49928 17.0 0.018761 0.00248 4.0 0
0 0 0 1 58.2765 57.547655 104.0 3.6737e-11 0.0 1.75 0
0 1 0 0 44.17 35.597 22.75 0.019217959325 0.024030000000000003 1.85 0
0 0 0 1 46.401 38.81977 9.0 0.10853 0.09064 3.0 0
0 0 0 1 48.949 44.834405000000004 14.0 0.035644 0.098663 2.1 0
0 1 0 1 49.419999999999995 51.6355 14.0 0.034135 0.01938 4.0 0
1 0 0 0 46.81 36.224415 9.0 0.10163 0.0974145 4.2 0
0 0 0 1 47.286 22.3333 26.0 0.0020287 0.60579 1.0 0
0 0 0 1 46.976 45.378235000000004 31.0 0.0007921 0.055311 1.85 0
0 0 0 1 58.1185 57.43004 105.0 3.0568e-11 0.0 1.75 0
0 0 0 1 48.21300000000001 44.675185000000006 14.0 0.036497 0.03967 2.0 0
0 0 0 1 40.429500000000004 59.795015 230.0 9.768e-24 0.0 1.95 0
0 0 0 1 46.0915 48.82122 14.0 0.032698 0.05944 2.0 0
