0 0 1 0 57.7325 47.120895 7.45 0.28113968 2e-05 25.0 0
1 0 0 0 60.0 59.99189 98.0 0.016234179471986653 4.2000000000000004e-05 1.85 0
0 1 1 0 47.30449999999999 24.7949 7.0 0.17547 0.02844 1.0 0
1 0 0 0 39.63 31.080105000000003 34.4 0.04377057325000009 0.052983 1.9 0
0 0 0 1 49.519999999999996 49.741465 17.0 0.019847 0.13831549999999998 1.6 0
0 0 1 0 49.614999999999995 55.6 1.0 0.78219 0.0 17.0 0
0 0 1 0 50.0665 26.7059 2.0 0.52456 0.00219 1.0 0
0 0 0 1 54.028 54.250275 67.0 1.875e-07 0.024769000000000003 1.85 0
0 0 0 1 50.4705 44.097255000000004 14.0 0.036355 0.03117 3.0 0
0 0 0 1 48.86 40.218934999999995 13.0 0.04733 0.04958 1.0 0
0 1 0 0 45.9285 20.8333 13.4 0.139416345 0.07202 2.0 0
0 0 0 1 49.422999999999995 38.1335955 19.0 0.011056 0.05953650000000001 2.6 0
0 0 0 1 47.052499999999995 45.819925000000005 17.0 0.019035 0.0918055 2.85 0
0 0 0 1 49.9735 48.430465000000005 15.0 0.025678 0.0894435 2.05 0
0 0 1 1 47.061499999999995 55.3421 8.0 0.13647 0.11344 2.0 0
0 0 1 0 52.178 48.514185000000005 19.65 0.21396019195 0.00033 3.0 0
0 0 1 0 46.40500000000001 45.87970000000001 10.0 0.08512 0.01729 2.0 0
0 0 1 0 52.588 44.787715 16.0 0.10416967880000001 0.01982 5.0 0
0 1 0 1 47.3415 33.9145 24.0 0.0039112 0.068853 2.45 0
0 0 1 0 49.847 50.70869 2.0 0.61111 0.0 3.0 0
0 0 0 1 44.852 43.937605000000005 14.0 0.039482 0.08942750000000001 3.45 0
0 0 0 1 40.429500000000004 59.795015 255.0 3.2776000000000004e-33 0.0 1.95 0
0 0 0 1 49.851 59.6893 15.0 0.026154 0.50123 2.0 0
0 0 0 1 57.19199999999999 59.938914999999994 118.0 1.303e-12 0.0 2.4 0
0 0 0 1 47.3415 44.400904999999995 24.0 0.0039096 0.12162450000000002 2.3 0
0 0 0 1 47.103500000000004 43.113206500000004 15.0 0.031292 0.24158 1.0 0
0 0 1 0 49.104499999999994 59.3784 7.65 0.5549143059225001 0.0 7.0 0
0 0 0 1 50.54950000000001 51.6237 15.0 0.029682 0.23407 1.0 0
0 0 0 1 58.35 47.20915000000001 20.0 0.0087378 0.0850215 2.7 0
0 0 0 1 48.275999999999996 47.53085 21.0 0.0079134 0.06963749999999999 2.45 0
1 0 0 0 39.93 30.128310000000006 30.65 0.02591019376500009 0.04101 1.85 0
0 0 1 0 50.140499999999996 44.295190000000005 7.0 0.16693 3e-05 4.0 0
0 0 0 1 55.57 47.775651499999995 32.0 0.00052307 0.05777000000000001 2.25 0
0 0 1 0 56.50750000000001 55.33380999999999 39.6 0.27223963912045207 0.0 4.0 0
1 0 0 0 60.0 59.99189 98.0 0.016234179471986653 4.2000000000000004e-05 1.85 0
0 0 0 1 48.7185 46.659515 31.0 0.00067134 0.027623499999999995 2.0 0
1 0 0 0 60.0 59.99189 98.0 0.016234179471986653 4.2000000000000004e-05 1.85 0
0 1 0 0 45.8245 43.3 17.55 0.041308396000000004 0.03217 1.0 0
0 0 0 1 47.031499999999994 44.588499999999996 4.0 0.36364 0.2834175 4.35 0
0 0 0 1 46.91 39.557145 8.0 0.1569 0.13456849999999998 4.95 0
0 0 0 1 45.8615 42.972559999999994 5.0 0.28947 0.0898675 5.25 0
0 0 0 1 45.4165 41.30401500000001 9.0 0.12409 0.16587000000000002 4.45 0
0 0 0 1 52.013999999999996 25.4084 22.0 0.0057472 0.0046 2.0 0
0 0 0 1 45.510000000000005 43.691334999999995 17.0 0.017557 0.1215495 2.2 0
0 1 0 0 55.34 49.305719999999994 14.0 0.03552 0.02001 2.0 0
1 0 0 0 52.4 48.04329499999999 15.9 0.0763362935 0.073432 1.9 0
0 0 0 1 45.854 36.196535 7.0 0.17898 0.17716500000000002 5.0 0
0 0 0 1 46.7925 44.222455000000004 11.0 0.073064 0.120268 3.25 0
0 0 0 1 48.21 49.097295 17.0 0.019434 0.14176850000000002 1.7 0
0 0 0 1 49.3085 47.827020000000005 14.0 0.034491 0.21951 1.0 0
0 1 0 0 56.635500000000015 57.4342 19.95 0.09767454140400002 0.056145499999999994 4.35 0
0 0 0 1 45.4165 41.30401500000001 9.0 0.12384 0.17263650000000003 4.35 0
0 0 0 1 48.665 48.836875000000006 15.0 0.026407 0.14462 2.6 0
0 0 0 1 47.219 42.175385000000006 8.0 0.14141 0.138396 3.65 0
0 1 0 0 46.829 52.5338 23.8 0.08091733654455 0.00022 2.0 0
1 1 1 0 60.0 60.0 93.0 4.0499e-10 0.0 1.0 1
0 0 0 1 32.8 48.811965 29.0 0.0010721 0.06752949999999999 2.35 0
0 0 0 1 49.5605 48.96494 17.0 0.016224 0.0272 2.0 0
0 0 0 1 48.153000000000006 46.500834999999995 22.0 0.0061166 0.1361285 2.55 0
0 0 1 0 53.33600000000001 38.732505 11.0 0.065196 0.00688 3.0 0
0 1 0 0 44.773 39.253485 9.0 0.12531 0.08527 3.0 0
0 0 0 1 49.423 37.783130500000006 19.0 0.01101 0.0347615 2.6 0
0 0 0 1 48.32549999999999 41.0957 15.0 0.029151 0.21414649999999996 2.55 0
0 0 0 1 47.169 47.952389999999994 4.0 0.3698 0.20525349999999998 4.2 0
0 0 0 1 48.1495 45.090865 17.0 0.019815 0.21474 1.0 0
0 0 0 1 47.925 39.846500000000006 20.0 0.0091638 0.070103 2.25 0
0 0 0 1 45.79 42.642385 18.0 0.015642 0.07494 1.0 0
1 0 0 0 19.25 24.285625000000003 38.35 0.1181215830587335 0.20697000000000002 2.25 0
0 0 1 0 43.791 38.182775 2.0 0.60165 0.04179 1.0 0
0 0 0 1 49.153499999999994 49.15729 38.0 0.000132 0.03589250000000001 2.5 0
0 1 0 1 50.47 48.364374999999995 19.0 0.011787 0.1727145 2.2 0
0 1 0 0 42.2065 0.0 0.0 1.0 1.0 2.0 0
0 0 1 0 56.50750000000001 55.33380999999999 39.6 0.27223963912045207 0.0 4.0 0
0 0 0 1 46.11 50.473555 16.0 0.024508 0.07305950000000001 2.2 0
0 0 0 1 48.67 43.2281835 13.0 0.047873 0.158263 2.35 0
0 0 0 1 50.164 47.270415 32.0 0.00051701 0.0 4.0 0
0 0 0 1 49.0065 44.05521 14.0 0.036518 0.11430499999999999 2.75 0
0 0 0 1 50.590500000000006 44.399335 24.0 0.0035975 0.05548750000000001 3.4 0
0 0 1 0 41.595 35.95972999999999 7.0 0.19121 0.10905 1.0 0
0 0 1 0 48.00450000000001 38.6364 25.95 0.16623457367864997 1e-05 1.0 0
0 0 0 1 47.9395 50.732775 37.0 0.00018223 0.00025 3.0 0
0 0 0 1 50.9485 45.480785000000004 23.0 0.0041521 0.11540550000000001 1.6 0
0 0 0 1 49.322500000000005 47.96205 40.0 9.5107e-05 0.024267499999999997 2.3 0
0 0 0 1 49.14450000000001 45.68776 15.0 0.030764 0.15035150000000003 1.9 0
0 0 0 1 49.9125 44.97695499999999 12.0 0.057095 0.064941 3.2 0
0 0 0 1 47.169 42.050667 4.0 0.3956 0.18400249999999999 3.75 0
1 0 0 0 52.77 49.061995 18.85 0.05242374905 0.0340705 2.1 0
0 0 0 1 45.46300000000001 0.0 14.0 0.038961 1.0 1.0 0
0 0 0 1 47.8335 48.28611 29.0 0.0010037 0.0347595 1.95 0
0 0 0 1 47.528000000000006 46.08062499999999 8.0 0.15152 0.05455 2.0 0
0 0 0 1 50.8435 48.02876500000001 14.0 0.035124 0.16086249999999996 3.1 0
0 0 0 1 51.436 40.65474350000001 22.0 0.005599 0.14921500000000001 1.8 0
0 0 0 1 46.853 38.381116000000006 29.0 0.0010716 0.07922 2.0 0
0 0 0 1 43.7655 37.67251 3.0 0.4217 0.232115 7.2 0
0 0 0 1 51.083 46.256495 20.0 0.0088349 0.071679 2.6 0
0 0 0 1 41.58 43.644575 14.0 0.03328 0.16359250000000003 2.7 0
0 0 0 1 48.081 46.500835 22.0 0.0062718 0.118592 2.15 0
0 1 0 1 45.55 47.9196 27.0 0.0019087 0.041819 2.85 0
0 0 0 1 49.359500000000004 48.523695000000004 14.0 0.036418 0.04981 2.0 0
0 0 0 1 47.71499999999999 41.755645 20.0 0.0081231 0.02122 6.0 0
0 0 1 0 51.029 57.607115 3.7 0.52156275 0.0 6.0 0
1 0 0 0 59.56 59.328064999999995 57.55 0.03305532994910641 0.066662 3.6 0
1 0 0 0 58.18 37.093480000000014 5.0 0.25937 0.07014 1.0 0
0 0 0 1 43.48700000000001 55.7 42.0 5.0618e-05 0.0584 2.0 0
1 0 0 0 41.47 37.596806 8.0 0.13288 0.11837 2.0 0
0 0 0 1 48.751 48.719285 24.0 0.0031813 0.05319700000000001 2.0 0
0 0 1 0 44.461499999999994 44.284545 10.6 0.19049667 0.28088 4.0 0
0 0 1 0 51.791 40.44847 19.6 0.0245929655 0.00499 3.0 0
0 1 0 1 53.3985 60.0 30.0 0.00093885 0.00076 2.0 0
0 0 1 0 57.641000000000005 52.727845 13.0 0.48482393000011614 0.0 12.0 0
0 1 0 0 41.0325 20.5 8.25 0.326367365 1.0 1.0 0
0 0 0 1 48.20200000000001 37.05593999999999 18.0 0.014677 0.0441815 1.95 0
0 0 1 0 34.17 37.083909999999996 16.7 0.05082652295000001 0.02234 2.0 0
0 0 0 1 41.85 40.997025 13.0 0.046026 0.04948 2.0 0
0 0 0 1 43.052499999999995 34.916355 3.0 0.43653 0.16742000000000004 2.55 0
0 0 1 0 41.122 56.3333 14.4 0.07954323594999999 0.21538 3.0 0
0 0 0 1 48.964999999999996 47.972494999999995 21.0 0.0069325 0.03415 2.0 0
0 1 0 0 51.6235 60.0 8.0 0.15016 0.14302 1.0 0
0 0 0 1 47.46000000000001 45.7844 19.0 0.012083 0.01635 2.0 0
0 0 0 1 46.373000000000005 32.8825 17.0 0.017867 0.38402 2.0 0
0 0 1 0 57.75999999999999 52.78017 3.7 0.5274955 1e-05 16.0 0
1 0 0 0 46.14 37.570350000000005 28.95 0.016748496594342643 0.07354849999999999 2.3 0
0 0 1 0 43.9865 48.112390000000005 3.0 0.48633 0.0 8.0 0
0 1 1 1 50.73199999999999 37.5347 30.0 0.00081567 0.00369 1.0 0
0 0 0 1 54.802499999999995 56.640769999999996 56.0 2.3114e-06 0.005773499999999999 2.05 0
0 1 0 1 48.3095 52.1227 21.0 0.0070897 0.06562749999999999 2.05 0
0 0 0 1 45.324 38.1895725 25.0 0.0027242 0.17386 2.0 0
0 0 0 1 51.340999999999994 45.65516 20.0 0.008813 0.08759049999999999 2.75 0
0 0 0 1 48.564499999999995 43.1942 33.0 0.00041567 0.00015 4.0 0
0 0 0 1 47.05149999999999 45.61707 13.0 0.045571 0.07868900000000001 3.15 0
1 0 0 0 58.73 59.0581 15.15 0.093475625 0.10958050000000001 3.45 0
0 0 0 1 49.393499999999996 49.202459999999995 19.0 0.011883 0.191899 1.95 0
0 0 0 1 40.429500000000004 59.795015 255.0 0.0 0.0 1.95 0
0 0 0 1 45.719 44.507307999999995 16.0 0.020184 0.11470500000000002 2.7 0
0 0 1 0 47.3725 29.6 19.0 0.012388 0.003 1.0 0
1 1 1 1 60.0 60.0 39.0 0.00010363 2e-05 3.0 1
0 0 0 1 48.775999999999996 45.5442 19.0 0.011747 0.41015 4.0 0
0 0 1 0 56.50750000000001 55.747569999999996 16.0 0.32074221730541996 0.0 5.0 0
0 1 1 1 49.007999999999996 48.298955 18.0 0.013706 0.00016 2.0 0
0 1 0 0 46.2795 32.1468 12.0 0.06135 0.0215 2.0 0
0 0 0 1 46.584500000000006 41.63255 13.0 0.043367 0.21789 4.0 0
0 0 0 1 50.048 53.1796 19.0 0.010191 0.01867 4.0 0
0 0 1 0 53.17900000000001 60.0 2.0 0.54 0.0 9.0 0
1 0 0 0 54.13 54.166864999999994 17.6 0.058669192550000006 0.063896 2.1 0
1 0 0 0 40.45 30.04157 18.85 0.053672662999999995 0.092423 2.4 0
0 0 1 1 48.4065 47.76145 11.0 0.071095 0.0236 3.0 0
0 0 1 0 50.8745 60.0 10.0 0.088479 0.0 3.0 0
0 0 0 1 48.329 46.96721 43.0 4.0849e-05 0.005247 2.55 0
0 0 1 0 49.849000000000004 57.9286 14.75 0.10047720150000002 0.01195 6.0 0
1 1 1 1 60.0 60.0 55.0 2.8749e-06 0.0 4.0 1
0 0 0 1 47.0345 44.053555 20.0 0.0097783 0.085826 2.55 0
0 0 0 1 49.258500000000005 42.782595 16.0 0.022467 0.12535400000000002 2.5 0
0 0 0 1 57.793499999999995 56.780285000000006 70.0 7.965e-08 0.00026299999999999994 2.75 0
0 0 1 0 57.59100000000001 56.195130000000006 8.45 0.44594002931 0.0001 11.0 0
0 0 0 1 48.57299999999999 46.449434999999994 15.0 0.030695 0.12124650000000001 1.95 0
0 0 0 1 43.24 48.077715 29.0 0.0011455 0.12299750000000002 1.85 0
0 0 0 1 48.1005 44.407065 21.0 0.0065714 0.054671500000000005 2.35 0
0 0 1 0 46.88 55.527339999999995 10.85 0.33361874550000004 0.00396 7.0 0
0 0 0 1 47.8705 49.449915 37.0 0.00016906 0.00728 1.0 0
0 1 0 0 50.35447767066693 44.52678267539525 24.651144857041167 0.09658699853529934 0.10095995499099822 3.9706941388277657 0
0 0 1 1 48.76400000000001 37.7143 22.0 0.0055289 0.01022 1.0 0
1 0 0 0 52.73 48.33647500000001 17.85 0.0755940785 0.0333335 2.1 0
0 0 0 1 48.9315 47.6038 17.0 0.018623 0.09105550000000001 2.8 0
0 0 1 0 48.0045 17.3759 23.8 0.04711950618 0.00035 1.0 0
1 0 0 0 49.93 44.330095 21.3 0.03624301205 0.052418 1.7 0
0 1 1 0 42.804 54.53366 64.0 3.1845e-07 0.0 7.0 0
0 0 0 1 49.495 42.418255 16.0 0.02221 0.08490499999999998 2.2 0
0 0 1 0 51.79100000000001 40.44847 19.3 0.025783315499999997 0.00507 3.0 0
1 0 0 0 36.55 41.912665 33.0 0.00042336 0.04228449999999999 1.95 0
0 0 0 1 47.4865 46.450715 19.0 0.012366 0.078692 2.55 0
0 0 1 0 42.3265 37.816604999999996 0.0 0.79598 0.14971 1.0 0
0 1 0 0 46.595000000000006 24.1875 9.0 0.1144 0.02882 3.0 0
0 1 0 1 58.543499999999995 60.0 7.0 0.17327 0.23908849999999998 2.8 0
0 0 0 1 53.05 45.846213 16.0 0.020482 0.136141 3.1 0
0 1 0 0 53.80800000000001 60.0 18.0 0.014147 0.01148 2.0 0
0 0 0 1 50.08149999999999 51.584105 34.0 0.00038387 0.0347495 2.2 0
0 0 0 1 43.25950000000001 35.334680000000006 5.0 0.25981 0.176232 5.8 0
0 0 0 1 57.29 47.59504 15.0 0.026572 0.08246899999999999 2.55 0
0 0 0 1 54.545 57.16633 69.0 1.0284e-07 0.024713000000000002 2.55 0
0 0 0 1 45.153 45.95666 13.0 0.043599 0.21742649999999997 2.9 0
0 0 0 1 38.31 41.4172235 13.0 0.047667 0.12672 2.85 0
0 0 1 0 57.13 39.412475 10.0 0.085118 0.00918 3.0 0
0 0 1 0 47.327 58.3095 3.0 0.46518 0.0 11.0 0
0 0 0 1 45.813500000000005 45.3238645 25.0 0.0029094 0.00556 9.0 0
0 0 1 0 48.822500000000005 40.0417 9.85 0.28443615499999997 0.00187 6.0 0
1 0 0 1 57.33 44.36744999999999 21.0 0.0074469 0.11366100000000001 3.15 0
0 0 0 1 52.5 49.573969999999996 53.0 4.4267e-06 0.025163 3.05 0
0 0 0 1 47.8335 48.286109999999994 29.0 0.0010645 0.03778399999999999 2.5 0
0 1 0 0 50.35447767066693 44.52678267539525 24.651144857041167 0.09658699853529934 0.10095995499099822 3.9706941388277657 0
0 1 0 0 50.35447767066693 44.52678267539525 24.651144857041167 0.09658699853529934 0.10095995499099822 3.9706941388277657 0
0 0 1 0 47.221000000000004 40.301435 16.75 0.040923471499999996 0.06903 2.0 0
0 0 0 1 48.851 39.43267 10.0 0.09755 0.09065999999999999 4.4 0
0 0 1 0 47.7425 51.93572250000001 1.0 0.74735 0.0 17.0 0
0 0 0 1 48.72949999999999 44.2164 19.0 0.012151 0.01294 3.0 0
0 1 1 0 48.8895 34.5104 72.0 5.7228e-08 0.0 1.0 0
0 1 0 0 48.00450000000001 32.106 26.3 0.4396314382543868 0.0 1.0 0
0 1 0 0 48.821000000000005 47.33059000000001 69.0 1.0454e-07 0.0 4.0 0
0 0 0 1 48.186 43.025574999999996 24.0 0.0039191 0.42313 2.0 0
0 1 0 1 47.7905 15.8462 18.0 0.014418 0.00464 2.0 0
0 1 0 0 50.35447767066693 44.52678267539525 24.651144857041167 0.09658699853529934 0.10095995499099822 3.9706941388277657 0
0 0 0 1 45.07699999999999 46.49284 17.0 0.017812 0.069634 3.95 0
0 0 0 1 46.7935 40.2235585 13.0 0.048741 0.15595849999999997 2.8 0
0 0 0 1 49.914 44.57084 27.0 0.0018946 0.0212705 2.35 0
0 0 1 0 45.6305 49.307027500000004 2.0 0.60963 0.00025 6.0 0
0 0 0 1 44.505 44.45382 17.0 0.017661 0.1234565 2.25 0
0 0 1 0 48.4425 56.8 4.0 0.33537 0.0 4.0 0
0 0 0 1 49.114999999999995 47.043165 17.0 0.016448 0.04735 2.0 0
0 1 0 0 46.175 58.2105 16.0 0.023215 0.00872 1.0 0
0 0 0 1 42.43 50.090525 14.0 0.038711 0.05279 2.0 0
0 0 1 0 46.1575 40.86723 9.0 0.10113 0.01196 1.0 0
0 0 0 1 46.23550000000001 41.22535499999999 30.0 0.00079479 0.39725 3.0 0
0 0 0 1 47.376999999999995 42.313735 8.0 0.14559 0.46667 2.0 0
0 0 0 1 37.83 45.869915 39.0 0.00012301 0.0571605 2.15 0
0 0 0 1 49.258500000000005 42.782595 16.0 0.022465 0.12535400000000002 2.5 0
0 0 1 0 49.759499999999996 44.215379999999996 0.0 1.0 0.0 13.0 0
0 0 0 1 45.0065 43.132889 7.0 0.16573 0.222758 5.55 0
1 0 0 0 46.66 37.757169999999995 19.55 0.06905108900000001 0.08726550000000001 1.7 0
1 0 0 0 37.12 44.114345 16.85 0.10873842117000002 0.24549 2.0 0
1 0 0 0 56.93 59.9508 2.0 0.55887 0.49941 1.0 0
0 0 1 0 57.56 52.678075 3.7 0.5274955000000001 4e-05 16.0 0
0 0 0 1 49.94749999999999 35.2581 22.0 0.005731 0.070652 1.75 0
0 0 0 1 48.48049999999999 44.407065 21.0 0.0063175 0.11144250000000003 2.0 0
0 0 0 1 50.660000000000004 44.454744999999996 21.0 0.0075928 0.09289 1.0 0
0 0 0 1 51.212 47.28766 12.0 0.050152 0.056430499999999995 2.1 0
0 0 0 1 49.1025 49.221595 39.0 0.00012524 0.01366 3.0 0
0 0 1 0 48.958 42.50708 16.1 0.04440504 0.01813 2.0 0
1 0 1 1 41.58 50.450264999999995 24.0 0.0039558 6e-05 2.0 0
0 0 0 1 41.31 39.78505499999999 13.0 0.047361 0.05646 1.0 0
0 0 0 1 43.46 49.53142999999999 37.0 0.00016026 0.00057 2.0 0
0 0 0 1 50.675 49.549744999999994 17.0 0.019477 0.140579 1.85 0
1 0 0 0 59.66 59.46541500000001 54.4 0.03191334549209608 0.056239 3.2 0
0 0 1 0 49.888 42.147165 11.0 0.065985 0.07284 1.0 0
0 0 0 1 47.665499999999994 47.47523499999999 4.0 0.34799 0.1582185 6.2 0
0 0 0 1 51.834 41.876345 13.0 0.041153 0.09769199999999999 2.35 0
0 0 0 1 48.4705 44.293834999999994 15.0 0.029027 0.174661 2.05 0
0 0 0 1 48.232000000000006 49.66898 17.0 0.018227 0.07125150000000001 2.05 0
0 1 0 1 48.304500000000004 44.728989999999996 18.0 0.015191 0.00807 3.0 0
0 0 0 1 47.03450000000001 44.053555 20.0 0.0097862 0.085826 2.55 0
0 0 0 1 44.4945 44.579840000000004 14.0 0.032541 0.10335400000000002 2.6 0
0 0 0 1 47.658 39.01323 22.0 0.0053831 0.1029115 1.95 0
1 0 0 0 57.52 58.691455 14.65 0.11539150499999999 0.046991500000000005 1.9 0
0 1 0 0 45.1025 42.9032 8.0 0.13817 0.07039 1.0 0
0 0 0 1 50.674499999999995 45.03031000000001 14.0 0.035539 0.12757599999999997 2.1 0
0 0 0 1 50.797 55.0637 14.0 0.037886 0.1110875 4.55 0
1 0 0 0 60.0 59.99189 98.0 0.016234179471986653 4.2000000000000004e-05 1.85 0
0 0 1 0 46.254 54.08795500000001 9.75 0.33606112499999996 0.00199 7.0 0
0 1 0 0 50.35447767066693 44.52678267539525 24.651144857041167 0.09658699853529934 0.10095995499099822 3.9706941388277657 0
0 1 1 1 46.311 49.715345 39.0 0.0001087 0.0 3.0 0
0 0 0 1 49.400999999999996 38.044645 6.0 0.21116 0.1650335 5.0 0
1 1 1 0 60.0 60.0 66.0 2.4005e-07 0.0 2.0 1
0 0 0 1 48.48049999999999 44.407065 21.0 0.0064427 0.10580599999999998 2.1 0
0 0 0 1 48.329 46.96721 43.0 4.174e-05 0.005247 2.55 0
0 0 0 1 50.148500000000006 38.17857 18.0 0.013805 0.082335 2.05 0
1 0 0 0 47.97 40.51182000000001 21.2 0.08128485676008498 0.06375549999999999 1.55 0
0 0 0 1 44.852 43.937605000000005 14.0 0.039604 0.09316450000000001 2.45 0
0 0 0 1 44.4815 45.8182 7.0 0.16209 0.220919 4.95 0
1 0 0 0 45.43 36.61333 22.6 0.044007893409806 0.0431115 1.95 0
0 0 0 1 45.078500000000005 44.43256 28.0 0.0012825 0.0562885 2.25 0
0 0 0 1 49.5395 41.878601499999995 15.0 0.028983 0.26596 3.0 0
0 0 1 0 56.95 44.024164999999996 16.3 0.20959060775 0.00182 4.0 0
0 0 0 1 48.97299999999999 51.190271499999994 15.0 0.027574 0.0966035 3.5 0
0 0 0 1 46.91 39.557145 8.0 0.15766 0.13631849999999998 5.1 0
0 0 0 1 48.192 42.18761 6.0 0.22793 0.1634 7.15 0
0 0 1 0 44.540499999999994 18.4762 2.0 0.57523 0.14757 1.0 0
0 1 0 0 50.604 50.208055 14.1 0.1039776915 0.08872 6.0 0
1 0 0 0 55.16 55.796835 22.1 0.0271354615222325 0.05120650000000001 1.65 0
0 0 0 1 49.84749999999999 45.629005 21.0 0.0072885 0.1410855 2.0 0
1 0 0 0 41.71 31.115600000000008 6.0 0.24868 0.28061 3.0 0
0 0 0 1 58.543499999999995 60.0 15.0 0.029437 0.14535150000000002 3.5 0
0 0 0 1 46.39900000000001 47.754835 16.0 0.021138 0.1130495 2.0 0
0 0 0 1 37.84 45.27081 27.0 0.0017006 0.042826499999999997 2.4 0
0 0 1 0 57.7325 54.002815 11.5 0.3134485156785 0.0 19.0 0
0 0 0 1 39.96 38.34108 35.0 0.000315 0.013840000000000002 2.5 0
0 1 0 1 53.065 60.0 17.0 0.016125 0.00025 1.0 0
0 0 1 0 53.05 36.09668 17.3 0.07419016554999999 0.00455 2.0 0
1 0 0 1 44.75 42.013125 14.0 0.034025 0.10639450000000002 3.1 0
0 0 0 1 38.57 28.4658 21.0 0.0077629 0.00504 1.0 0
0 0 1 0 55.2445 60.0 1.0 0.63742 0.0 8.0 0
0 0 0 1 51.283 53.639709999999994 50.0 8.3429e-06 0.034488 1.7 0
0 0 0 1 49.799499999999995 45.86222 30.0 0.00083523 0.05577399999999999 2.25 0
0 1 0 1 51.713499999999996 45.423555 23.0 0.0042954 0.1542835 2.2 0
0 0 0 1 47.4865 46.450715 19.0 0.012348 0.07987799999999999 2.5 0
0 0 0 1 48.6115 48.163489999999996 19.0 0.01044 0.058072 3.1 0
1 0 0 0 52.02 36.224415 9.0 0.10009 0.0974145 4.2 0
0 0 0 1 44.759 44.579840000000004 14.0 0.032217 0.09703550000000001 2.0 0
1 0 0 0 37.12 27.697862499999996 1.0 0.63177 0.2741 2.0 0
0 0 1 0 49.759499999999996 44.215379999999996 0.0 1.0 0.0 13.0 0
0 0 1 1 42.32 40.45157 27.0 0.0019802 0.0195 1.0 0
0 0 0 1 48.439 14.3333 6.0 0.20798 0.1570875 5.35 0
1 0 0 1 51.14 43.63534 18.0 0.014031 0.0312 2.0 0
0 0 0 1 48.794500000000006 46.916039999999995 19.0 0.010139 0.10676350000000001 2.35 0
0 0 0 1 48.812999999999995 44.98228 8.0 0.12928 0.1618095 3.5 0
0 0 0 1 46.591 50.819015 41.0 6.6647e-05 0.00199 2.0 0
0 0 1 0 41.32 37.142395 16.65 0.0668009485 0.02175 2.0 0
1 1 1 1 60.4 60.4016 47.0 1.7477e-05 1e-05 3.0 1
1 0 0 0 60.1 59.959469999999996 67.3 0.012938277459206218 0.026036499999999997 2.65 0
0 0 1 1 49.685 44.518510000000006 24.0 0.00377 0.00575 1.0 0
0 0 0 1 49.914 44.57084 27.0 0.0019127 0.0196225 2.15 0
0 0 1 0 44.76499999999999 46.35352499999999 0.0 1.0 0.0 8.0 0
0 0 0 1 51.196999999999996 60.0 31.0 0.00065531 0.0928 1.0 0
1 1 1 1 60.0 60.0 54.0 3.3446e-06 0.0 2.0 1
0 0 0 1 48.055 43.550192499999994 2.0 0.58972 0.055501 6.0 0
1 0 0 1 58.27 47.365295 17.0 0.01628 0.075377 1.7 0
0 0 0 1 47.4755 44.474579999999996 6.0 0.23248 0.1321585 4.45 0
0 1 1 0 58.302 52.8424 54.45 0.13475244650142015 0.0 2.0 0
0 0 1 0 42.7255 39.404785 14.75 0.1014488625 0.13148 2.0 0
0 0 0 1 52.5515 54.697795 56.0 2.211e-06 0.005773499999999999 2.05 0
0 0 1 0 57.760000000000005 53.45858500000001 2.15 0.63805215 0.0 15.0 0
0 0 0 1 43.69500000000001 16.0 2.0 0.59669 0.27778 1.0 0
0 0 0 1 46.295500000000004 39.369095 6.0 0.23992 0.1247395 6.2 0
0 0 1 0 43.409000000000006 32.41058650000001 14.35 0.14643169849999998 0.10935 2.0 0
1 0 0 0 60.0 59.99189 98.0 0.016234179471986653 4.2000000000000004e-05 1.85 0
1 1 1 0 60.0 60.0 76.0 2.2964e-08 0.0 1.0 1
0 0 0 1 48.329 46.96721 43.0 3.9975e-05 0.005247 2.55 0
0 0 1 1 46.6035 40.88494 20.0 0.0092843 0.00412 2.0 0
1 1 1 1 60.0 60.0 31.0 0.00073712 0.00026 1.0 1
0 0 1 0 42.21 39.31726 19.95 0.03188637055 0.00441 2.0 0
0 0 0 1 47.370000000000005 43.70045650000001 10.0 0.091739 0.1250115 5.3 0
0 1 0 0 47.2325 54.0 10.0 0.091582 0.01329 2.0 0
1 1 1 1 60.0 60.0 55.0 2.5703e-06 0.0 2.0 1
0 0 0 1 44.414500000000004 37.096756500000005 10.0 0.085245 0.03889 1.0 0
0 0 0 1 25.77 40.765280000000004 13.0 0.044195 0.14664 3.0 0
0 1 0 0 48.601499999999994 45.1042 21.0 0.0071518 0.03416 3.0 0
1 0 0 0 53.12 50.258815 20.1 0.07747954955000001 0.05929150000000001 2.5 0
0 0 1 0 59.19500000000001 58.63666500000001 54.2 0.21766662893659486 0.0 3.0 0
0 0 0 1 55.949 56.12874000000001 75.0 2.52e-08 0.00026750000000000005 1.55 0
0 0 1 1 50.445 47.387405 5.0 0.27328 0.00462 1.0 0
0 1 0 0 56.37 58.209680000000006 15.3 0.093721825 0.06786600000000001 2.45 0
0 1 0 0 35.7 29.6084 24.0 0.0032098 0.042717000000000005 2.55 0
0 0 0 1 49.5415 45.591210000000004 14.0 0.035707 0.1425005 2.1 0
0 0 0 1 49.914 44.070565 27.0 0.0018482 0.031769500000000006 2.5 0
0 1 0 0 50.35447767066693 44.52678267539525 24.651144857041167 0.09658699853529934 0.10095995499099822 3.9706941388277657 0
1 0 0 0 34.24 41.11954 15.65 0.0678337495 0.09706 1.0 0
0 0 1 0 47.382 57.5897 1.0 0.76427 0.00033 21.0 0
0 0 1 0 44.48950000000001 24.4545 6.0 0.24434 0.10577 1.0 0
0 0 1 0 49.2455 45.078689999999995 11.0 0.07055 0.02934 1.0 0
1 0 0 0 60.0 59.99189 98.0 0.016234179471986653 4.2000000000000004e-05 1.85 0
0 1 0 0 45.09400000000001 3.0 7.0 0.18609 1.0 2.0 0
0 0 0 1 49.731 49.79875 41.0 7.3148e-05 0.07682399999999999 1.85 0
0 0 0 1 49.519000000000005 16.8485 22.0 0.005368 0.38068 2.0 0
0 0 1 0 59.19500000000001 58.63666500000001 54.2 0.21766662893659486 0.0 3.0 0
0 0 0 1 43.443 47.17993499999999 5.0 0.29545 0.11898800000000001 4.25 0
0 0 0 1 44.251 59.4924 13.0 0.043395 0.160533 3.1 0
1 0 0 0 46.18 37.57035 28.75 0.019595196594342647 0.073407 2.3 0
0 0 0 1 49.4405 43.385194999999996 27.0 0.0016071 0.02283 1.0 0
0 0 0 1 46.08 49.1356 13.0 0.04246 0.16119100000000003 2.7 0
1 0 0 0 45.17 34.7452 21.6 0.061961760162034994 0.0910715 2.3 0
0 0 0 1 47.754999999999995 40.878116 15.0 0.031225 0.08215 2.0 0
0 1 0 0 41.0325 21.0 8.4 0.32645849 1.0 1.0 0
0 0 1 0 41.594500000000004 34.956689999999995 1.0 0.67194 0.23609 1.0 0
0 0 0 1 48.028999999999996 50.531819999999996 39.0 0.00011518 0.0528175 2.1 0
0 0 0 1 55.69 47.22554 19.0 0.011724 0.15652499999999997 2.1 0
0 0 1 0 57.480000000000004 51.514790000000005 7.05 0.38891405 0.03831 12.0 0
1 0 0 0 60.0 59.99189 98.0 0.016234179471986653 4.2000000000000004e-05 1.85 1
1 0 0 0 60.0 59.99189 98.0 0.016234179471986653 4.2000000000000004e-05 1.85 0
0 0 0 1 50.456 40.713544999999996 19.0 0.01135 0.05619 1.0 0
1 0 0 0 36.33 29.677465 19.15 0.10309411195 0.09368499999999999 1.55 0
0 0 1 0 50.235499999999995 46.217095 0.0 1.0 1e-05 11.0 0
0 1 0 0 55.80300000000001 60.0 32.75 0.0068360451805 0.05332 3.0 0
0 0 1 0 47.727500000000006 45.612519999999996 19.95 0.13972325905 0.00094 2.0 0
0 0 0 1 48.7535 46.51569500000001 26.0 0.0023362 0.10373000000000002 2.45 0
0 0 1 0 45.525000000000006 42.76297649999999 12.95 0.11318408500000002 0.33012 3.0 0
0 0 0 1 48.71849999999999 46.659515000000006 31.0 0.00067582 0.023558500000000003 2.0 0
1 0 0 0 44.95 41.102160000000005 15.8 0.059981339999999994 0.06673 2.0 0
0 0 0 1 50.490500000000004 42.888175 18.0 0.013279 0.11799 1.0 0
0 0 0 1 51.0735 48.6692015 15.0 0.028071 0.070789 2.6 0
0 0 0 1 47.6305 48.68458 29.0 0.0011261 0.11211400000000002 1.95 0
1 0 0 0 44.71 33.871325 24.35 0.01785062811925 0.047939 2.1 0
0 0 0 1 49.266000000000005 44.794455 26.0 0.0024021 0.1132155 2.6 0
1 0 0 0 61.5 44.807145000000006 3.0 0.42293 0.02861 16.0 0
0 0 1 0 46.37049999999999 52.924955 41.0 6.412e-05 0.0 12.0 0
0 0 0 1 48.7185 46.659515 31.0 0.0006432 0.039011000000000004 1.95 0
0 0 0 1 48.130999999999986 46.38762500000001 26.0 0.0021715 0.0549005 2.05 0
0 0 0 1 57.314499999999995 60.0 146.0 2.0273e-15 0.0 1.85 0
0 0 0 1 45.460499999999996 38.4789215 7.0 0.19421 0.19667 3.1 0
0 0 1 0 46.455 50.023058 16.0 0.023426 0.0 8.0 0
0 0 0 1 51.107000000000006 40.580323500000006 22.0 0.0057532 0.07857600000000001 1.65 0
0 0 0 1 46.337 42.17234499999999 41.0 7.5291e-05 0.03151 2.0 0
0 0 0 1 49.2585 42.93106 16.0 0.02242 0.10421450000000002 2.15 0
1 1 1 0 60.0 60.0 104.0 3.4594e-11 0.0 2.0 1
1 0 0 0 60.0 59.99189 98.0 0.016234179471986653 4.2000000000000004e-05 1.85 1
0 0 0 1 46.5915 45.261655000000005 35.0 0.00026782 0.0322755 2.7 0
0 0 1 0 47.9195 43.658955000000006 16.6 0.09145850966 0.01029 2.0 0
0 0 1 0 46.32449999999999 52.24939500000001 16.45 0.0590491425 0.08568 3.0 0
0 0 0 1 46.4485 44.776898 4.0 0.32353 0.119941 4.3 0
0 0 1 0 49.691500000000005 50.70618 16.9 0.09999832135 0.00353 6.0 0
0 0 0 1 44.75 34.661950000000004 76.0 2.3385e-08 0.066252 2.05 0
0 1 0 0 47.085 34.1871 17.95 0.074577715 0.02347 3.0 0
0 0 0 1 52.1435 41.619158500000005 22.0 0.0057046 0.11491199999999999 1.85 0
0 0 0 1 51.859 44.011965000000004 13.0 0.041383 0.082783 2.35 0
0 0 0 1 49.325500000000005 50.88462 39.0 0.00010799 0.022619000000000004 1.95 0
0 0 0 1 50.68650000000001 46.256495 20.0 0.0088642 0.09304749999999999 2.5 0
0 0 0 1 51.878 44.493790000000004 23.0 0.0043181 0.12311100000000001 2.25 0
0 0 0 1 43.898500000000006 44.579840000000004 14.0 0.031932 0.11477650000000002 2.4 0
0 0 0 1 50.71 43.55947999999999 23.0 0.0042903 0.32029 5.0 0
0 0 0 1 47.208999999999996 45.261655000000005 35.0 0.00031432 0.0132555 2.55 0
0 0 0 1 49.536500000000004 49.344595 19.0 0.011848 0.18654849999999998 2.05 0
1 0 0 0 50.26 46.52216 17.8 0.0736058925 0.08685200000000001 1.8 0
0 0 0 1 47.665499999999994 47.14425999999999 4.0 0.34639 0.1681825 5.7 0
0 0 1 0 49.4375 49.168965 34.0 0.00034194 1e-05 1.0 0
0 0 0 1 48.318 46.06189500000001 10.0 0.086103 0.10547049999999998 4.2 0
0 1 0 0 45.489000000000004 5.75 5.05 0.53243189 1.0 1.0 0
0 0 0 1 44.873000000000005 46.05526 17.0 0.017714 0.0814095 3.65 0
0 0 0 1 50.77 47.99702 23.0 0.0046285 0.07404000000000001 1.85 0
0 1 0 1 44.5525 56.2436 28.0 0.0014112 5e-05 3.0 0
0 0 0 1 48.679500000000004 46.011129999999994 15.0 0.030143 0.13307549999999999 2.25 0
0 0 1 0 57.760000000000005 54.77026500000001 7.85 0.41341468764 0.0 14.0 0
0 0 1 0 47.19 42.835155 15.6 0.09553400399999998 0.02916 4.0 0
1 1 1 0 60.0 59.52 94.0 3.5863e-10 0.0 1.0 1
0 0 0 1 49.400999999999996 36.969015 6.0 0.20905 0.16583699999999998 5.25 0
0 0 0 1 47.993 40.8976825 25.0 0.0030452 0.066392 1.9 0
0 0 1 0 45.8405 49.45285 14.2 0.2950827073999999 0.01952 7.0 0
0 0 1 0 51.0595 10.2143 16.0 0.02175 0.02857 1.0 0
0 0 0 1 54.65 40.92296999999999 19.0 0.011747 0.0258 1.0 0
0 0 1 0 57.7325 54.002815 11.5 0.3134485156785 0.0 19.0 0
0 0 0 1 47.491 46.534075 15.0 0.030429 0.18739599999999998 1.85 0
0 1 0 0 46.611000000000004 53.4188 13.0 0.048831 0.00072 3.0 0
0 1 0 0 45.549 56.8 13.85 0.09831291 0.08856 3.0 0
0 0 0 1 51.943000000000005 55.11143500000001 59.0 1.1436e-06 0.023294500000000003 1.95 0
0 0 1 0 47.82000000000001 44.145455 16.75 0.07815974816 0.01061 2.0 0
0 0 0 1 48.0295 45.10864 27.0 0.0016224 0.02998 3.0 0
0 0 0 1 46.2735 58.25 4.0 0.33758 0.15233800000000003 5.75 0
0 1 0 0 48.225 55.175 16.1 0.08699701250000001 0.04875 3.0 0
0 0 0 1 45.0065 43.132889 7.0 0.16049 0.20608999999999997 3.55 0
0 0 1 0 46.4655 44.770235 0.0 1.0 0.0 20.0 0
0 0 1 0 48.03549999999999 50.70869 5.0 0.25332 0.0 3.0 0
0 0 0 1 41.775 24.625 67.0 1.6888e-07 0.48901 2.0 0
0 0 0 1 58.33050000000001 54.08497500000001 73.0 4.2026e-08 0.0002645 1.75 0
0 0 0 1 46.5895 42.765 14.0 0.034114 0.100061 2.1 0
0 0 1 0 47.5095 27.3944 12.0 0.061945 0.13202 2.0 0
0 0 0 1 49.266 44.794455 26.0 0.00247 0.11450700000000003 2.7 0
0 0 0 1 45.9745 51.06358 25.0 0.0025453 0.09309049999999999 4.15 0
1 1 1 0 60.0 60.0 93.0 4.6433e-10 0.0 2.0 1
1 0 0 0 47.97 40.51182000000001 21.2 0.08128485676008498 0.06375549999999999 1.55 0
0 0 0 1 40.429500000000004 59.795015 255.0 0.0 0.0 1.95 0
0 0 0 1 55.57200000000002 60.0 19.0 0.010532 0.00427 1.0 0
0 0 0 1 47.3 47.04005499999999 15.0 0.026895 0.09404749999999999 1.65 0
0 0 0 1 50.00150000000001 40.1309595 26.0 0.0023245 0.07099 2.0 0
0 0 1 0 54.717000000000006 50.464525 20.2 0.17005632595 0.00015 3.0 0
0 0 1 1 46.05200000000001 44.915878 16.0 0.021036 0.00531 2.0 0
0 0 1 0 49.0505 48.517334999999996 15.0 0.028995 3e-05 2.0 0
0 0 0 1 46.080000000000005 49.1356 13.0 0.042508 0.162828 2.6 0
0 0 0 1 46.61450000000001 46.537769999999995 13.0 0.045963 0.12044999999999999 2.8 0
0 1 0 0 50.50899999999999 46.24600500000001 12.0 0.059405 0.07797299999999999 3.95 0
0 0 0 1 45.4165 41.30401500000001 9.0 0.12471 0.2319465 4.55 0
0 1 0 1 48.48100000000001 40.4224 24.0 0.0031782 0.00189 2.0 0
0 1 0 0 50.4645 48.0761 15.75 0.13105947 0.0659215 3.05 0
0 0 0 1 45.32449999999999 45.148044999999996 3.0 0.50053 0.0768565 7.8 0
0 0 0 1 44.004 50.411875 13.0 0.046571 0.132738 3.3 0
0 0 0 1 48.458000000000006 39.3708 17.0 0.016815 0.06211 4.0 0
0 0 0 1 37.53 45.623255 14.0 0.036539 0.117411 2.65 0
0 0 0 1 45.267 44.05941500000001 16.0 0.023684 0.1931945 2.15 0
0 0 0 1 48.687999999999995 37.63552500000001 10.0 0.082408 0.1330875 3.85 0
0 0 0 1 47.85900000000001 42.59821000000001 22.0 0.0054432 0.153686 2.1 0
0 0 0 1 45.5095 42.31241 16.0 0.023732 0.18737099999999998 2.9 0
0 0 0 1 40.429500000000004 59.795015 255.0 6.2524e-32 0.0 1.95 0
0 0 0 1 50.367999999999995 47.955020000000005 20.0 0.008 0.0866085 2.0 0
0 0 1 0 49.4165 42.812020000000004 13.25 0.13676511 0.03776 4.0 0
0 0 0 1 49.493 45.08378499999999 26.0 0.0024435 0.01177 1.0 0
0 0 0 1 45.525 44.507308 16.0 0.020436 0.14649399999999999 3.0 0
0 0 0 1 46.4665 44.038065 23.0 0.0047933 0.055074500000000005 2.5 0
0 0 0 1 59.26649999999999 56.536654999999996 129.0 1.0315e-13 0.00025 1.55 0
1 0 0 1 57.16 43.151464999999995 19.0 0.011493 0.118295 2.2 0
0 0 0 1 41.9765 15.1667 41.0 7.4585e-05 0.50692 1.0 0
0 0 1 0 46.523 43.675975 18.9 0.04922113065999999 0.0098 2.0 0
0 0 1 0 43.717 0.0 0.0 1.0 0.11111 2.0 0
0 0 0 1 56.99 42.41026 24.0 0.0034234 0.09296599999999998 2.25 0
0 1 0 0 57.7325 49.006625 8.75 0.233769285 1.0 17.0 0
0 0 1 0 57.7325 54.002815 11.5 0.3134485156785 0.0 19.0 0
0 0 1 0 57.7325 45.00668499999999 5.8 0.375840915 0.0 31.0 0
0 0 1 0 55.5875 60.0 0.0 1.0 0.0 9.0 0
0 0 0 1 52.3725 47.86007 44.0 3.3234e-05 0.031347 2.15 0
0 1 0 1 48.92 19.0351 19.0 0.011117 0.14021 3.0 0
1 0 0 0 43.35 43.337615 18.25 0.05296725550000001 0.0513 1.0 0
0 0 0 1 50.94349999999999 49.26688 61.0 7.5291e-07 0.009674 2.0 0
0 0 0 1 58.85 43.642900000000004 14.0 0.036202 0.11467 1.0 0
0 0 0 1 48.00599999999999 43.337875 18.0 0.015477 0.07644050000000001 1.4 0
0 0 0 1 52.5 49.573969999999996 53.0 4.1564e-06 0.0251575 3.3 0
0 0 0 1 50.21 48.051930000000006 37.0 0.00018573 0.029941000000000002 2.95 0
1 0 0 0 60.0 59.99189 98.0 0.016234179471986653 4.2000000000000004e-05 1.85 0
0 0 0 1 51.83449999999999 60.0 20.0 0.0081555 0.02255 1.0 0
0 0 0 1 42.64 45.765625 14.0 0.0329 0.21837800000000002 1.8 0
0 0 0 1 51.366499999999995 42.66109999999999 13.0 0.041514 0.06235 4.0 0
0 1 0 0 50.35447767066693 44.52678267539525 24.651144857041167 0.09658699853529934 0.10095995499099822 3.9706941388277657 0
0 0 1 0 57.7325 54.76497500000001 4.5 0.5050428000000001 4e-05 17.0 0
0 0 1 0 46.106 40.599101000000005 5.0 0.312 0.25078 2.0 0
0 0 0 1 55.22 46.22766 21.0 0.006564 0.0694925 2.55 0
0 1 0 0 49.0405 50.4018 18.1 0.1775742134 0.00063 1.0 0
0 1 0 0 45.864000000000004 10.333932 7.15 0.40509988999999996 1.0 2.0 0
0 0 1 0 57.641 52.727845 11.95 0.505537293800116 6e-05 12.0 0
0 0 1 0 59.947500000000005 58.182465 81.15 0.05852936627391324 0.0 1.0 0
0 0 0 1 44.620999999999995 46.49284 17.0 0.017798 0.069634 3.95 0
0 0 1 0 47.562 40.642595 14.6 0.1379159973 0.57143 1.0 0
0 0 0 1 46.44850000000001 46.991233 4.0 0.33625 0.070767 4.55 0
1 0 0 0 59.67 59.459075000000006 57.65 0.0319132066121459 0.055534000000000014 3.15 0
1 0 0 0 60.0 59.99189 98.0 0.016234179471986653 4.2000000000000004e-05 1.85 0
0 0 0 1 48.019 50.478899999999996 41.0 6.8886e-05 0.0754895 2.4 0
0 0 1 0 48.057 36.9267 17.7 0.037575805000000004 0.01319 1.0 0
0 1 0 0 47.69 32.5038 19.05 0.047601489 0.06380300000000001 3.25 0
0 0 0 1 50.3275 49.477 15.0 0.029803 0.56944 2.0 0
0 0 0 1 47.1545 42.14179 2.0 0.51913 0.13316050000000001 4.9 0
0 0 0 1 50.457999999999984 44.480385 14.0 0.036856 0.18678 3.0 0
0 1 1 1 50.798500000000004 23.5472 17.0 0.019785 0.00624 1.0 0
0 1 0 0 50.35447767066693 44.52678267539525 24.651144857041167 0.09658699853529934 0.10095995499099822 3.9706941388277657 0
0 1 0 1 44.248000000000005 22.5534 33.0 0.00039955 0.01743 1.0 0
0 0 0 1 48.054500000000004 59.9686 27.0 0.0015895 0.05085 1.0 0
0 0 0 1 46.976 45.378235000000004 31.0 0.00078592 0.055311 1.85 0
0 1 0 0 58.54350000000001 60.0 11.0 0.075848 0.19460699999999997 3.85 0
1 1 1 0 60.0 60.0 94.0 3.7746e-10 0.0 4.0 1
0 0 0 1 50.368 47.955020000000005 20.0 0.008024 0.0866085 2.0 0
0 0 0 1 47.695499999999996 46.759575 4.0 0.33725 0.48638 6.0 0
0 0 0 1 51.2315 48.7546 15.0 0.028395 0.13190200000000002 2.45 0
0 0 0 1 47.504999999999995 49.78732 29.0 0.0011192 0.07249749999999999 2.2 0
0 0 0 1 46.09349999999999 34.8471 9.0 0.11792 0.28528 4.0 0
0 1 0 1 49.689499999999995 51.8222 18.0 0.012634 0.00581 1.0 0
0 0 0 1 48.228 46.534074999999994 15.0 0.030489 0.1954345 2.0 0
0 0 0 1 46.165 51.0 5.0 0.3 0.07748 3.0 0
0 0 1 0 44.3485 35.48868499999999 1.0 0.75262 0.04457 1.0 0
0 0 0 1 47.41 46.7519 15.0 0.026698 0.06358050000000001 2.25 0
1 0 0 0 59.63 51.3202 11.9 0.21261091999999998 0.2837 2.0 0
0 0 0 1 45.5475 46.9317 17.0 0.017841 0.01435 2.0 0
0 0 0 1 40.429500000000004 59.795015 255.0 0.0 0.0 1.95 0
0 0 0 1 43.7655 40.137750000000004 3.0 0.40316 0.12059 4.45 0
1 0 0 0 46.49 40.818545 17.35 0.12143219115 0.12877 1.0 0
0 0 0 1 49.3035 49.121445 51.0 7.4602e-06 0.021112999999999996 1.8 0
0 0 0 1 47.683499999999995 47.01491 17.0 0.016558 0.10443049999999998 3.2 0
1 0 0 0 58.11 58.732854999999994 19.3 0.050465512648699994 0.0842115 2.85 0
0 1 0 1 48.78249999999999 21.6569 15.0 0.028334 0.02177 2.0 0
0 0 0 1 49.882 43.326805 30.0 0.00096522 0.021703999999999998 1.8 0
0 0 0 1 48.0455 44.19255 13.0 0.04453 0.09047 1.0 0
0 0 0 1 49.322500000000005 47.962050000000005 40.0 9.9402e-05 0.024267499999999997 2.3 0
0 0 0 1 49.953 48.0085 15.0 0.029096 0.05663 2.0 0
0 0 0 1 43.06850000000001 40.96504 42.0 6.1899e-05 0.0186 1.0 0
0 0 1 0 46.682500000000005 48.257850000000005 13.9 0.10922215500000002 0.09091 3.0 0
0 0 1 0 48.1345 48.711865 20.35 0.0663433358 0.05942 2.0 0
0 0 0 1 49.205499999999994 48.78512 19.0 0.011978 0.11807749999999999 2.55 0
0 0 0 1 59.907500000000006 59.12228 112.0 6.3048e-12 0.0 2.0 0
1 0 0 0 50.98 48.76361 23.45 0.044468172105 0.0353735 2.0 0
0 0 0 1 49.054 41.926855 33.0 0.00041558 0.026631500000000002 2.0 0
0 0 0 1 58.1185 57.43004 105.0 3.156e-11 0.0 1.75 0
0 0 0 1 40.429500000000004 59.795015 255.0 0.0 0.0 1.95 0
0 0 1 0 40.51 17.4615 17.95 0.07040958654999999 0.15385 2.0 0
0 0 0 1 49.52749999999999 39.2321765 15.0 0.029076 0.40134 2.0 0
0 1 0 1 47.56400000000001 38.8897 18.0 0.014459 0.06098049999999999 1.9 0
0 0 0 1 42.33 52.255410000000005 15.0 0.025993 0.14319300000000001 2.3 0
0 0 0 1 47.341499999999996 44.400904999999995 24.0 0.003858 0.14115850000000002 2.45 0
1 0 0 0 60.0 59.99189 98.0 0.016234179471986653 4.2000000000000004e-05 1.85 1
0 0 0 1 49.484 49.015460000000004 29.0 0.0012361 0.033315500000000005 1.6 0
0 0 0 1 49.483999999999995 49.015460000000004 29.0 0.0012521 0.0333155 1.6 0
1 0 0 0 60.0 59.99189 98.0 0.016234179471986653 4.2000000000000004e-05 1.85 1
0 0 1 0 51.25 39.015840000000004 23.9 0.06691963705 0.0007 2.0 0
0 0 0 1 54.85 46.311879999999995 24.0 0.0036806 0.094529 3.0 0
0 0 1 0 47.6585 54.2308 13.0 0.047759 0.0 11.0 0
0 0 0 1 47.927499999999995 43.153085 9.0 0.10552 0.06871049999999998 4.2 0
1 0 0 0 60.0 59.99189 98.0 0.016234179471986653 4.2000000000000004e-05 1.85 0
0 0 0 1 57.61 44.19956 16.0 0.02237 0.11061249999999997 2.25 0
0 0 0 1 45.719 44.507308 16.0 0.020321 0.15043149999999997 2.9 0
0 0 0 1 58.54350000000001 60.0 16.0 0.021049 0.026155 3.75 0
1 0 0 0 60.0 59.99189 98.0 0.016234179471986653 4.2000000000000004e-05 1.85 0
0 0 0 1 57.3 47.83844499999999 16.0 0.02124 0.12213099999999999 2.0 0
0 1 0 0 47.358999999999995 40.5667 17.4 0.165136857184 0.057766 5.05 0
0 0 0 1 49.799499999999995 45.86222 30.0 0.00079641 0.05577399999999999 2.25 0
0 0 0 1 45.854 43.923610000000004 14.0 0.033702 0.1355 3.35 0
0 0 1 0 47.559000000000005 44.607479999999995 20.45 0.03054161875 0.00391 2.0 0
0 0 1 1 50.414 50.38641 43.0 4.7331e-05 0.0 3.0 0
0 0 0 1 52.94 43.27381 13.0 0.046096 0.11865400000000001 3.0 0
0 0 0 1 55.55 42.341409999999996 20.0 0.0089417 0.120191 2.55 0
0 0 0 1 50.490500000000004 48.773375 18.0 0.013244 0.03066 14.0 0
0 0 1 0 47.8155 48.51733500000001 3.0 0.49381 0.0 2.0 0
0 0 0 1 57.76 46.16436 22.0 0.0060248 0.1205195 1.9 0
0 0 0 1 48.84 44.257028 16.0 0.02126 0.14127 3.0 0
0 0 0 1 48.608000000000004 49.741805 52.0 5.6146e-06 0.0212635 2.35 0
0 0 0 1 48.82050000000001 23.96 26.0 0.0023924 0.00195 2.0 0
0 1 0 1 46.332 59.9621 17.0 0.017755 0.02436 3.0 0
0 0 1 0 50.037 44.16238500000001 17.0 0.12399137125 0.00342 4.0 0
0 0 0 1 44.74149999999999 47.509370000000004 5.0 0.29892 0.40238 7.0 0
0 0 0 1 50.31699999999999 48.26901 27.0 0.0016473 0.03783450000000001 1.65 0
0 0 0 1 49.266 44.79445499999999 26.0 0.0024598 0.11450700000000003 2.7 0
0 0 0 1 50.672999999999995 49.3461315 32.0 0.00050673 0.048634500000000004 2.05 0
0 1 0 0 58.89 59.052009999999996 17.5 0.10981355533379 0.09827050000000001 2.3 0
0 0 0 1 45.377 41.096825 16.0 0.02361 0.18571500000000002 2.2 0
0 0 0 1 45.9525 57.6286 29.0 0.0011381 0.26505 2.0 0
0 0 0 1 48.57300000000001 46.838605 15.0 0.03066 0.171385 1.95 0
0 0 0 1 48.794500000000006 46.916039999999995 19.0 0.010007 0.10274150000000001 2.9 0
0 0 0 1 50.5185 59.2593 9.0 0.11302 3e-05 18.0 0
0 0 0 1 48.610499999999995 45.41214000000001 22.0 0.0060246 0.0659535 2.2 0
1 0 0 0 57.05 58.73230000000001 16.9 0.075769084 0.048347499999999995 2.35 0
1 1 0 1 52.94 52.872 13.0 0.043847 0.2638809999999999 3.0 0
0 1 0 0 57.7325 43.019785 5.8 0.375840915 0.0 40.0 0
0 0 0 1 48.812 47.327980000000004 33.0 0.00045497 0.029654500000000007 2.15 0
0 0 0 1 37.53 45.748925 14.0 0.038165 0.14332650000000002 2.8 0
0 0 0 1 47.739 30.7625 17.0 0.01657 0.080497 3.2 0
0 0 0 1 50.279 41.26784 16.0 0.022798 0.09264949999999998 3.8 0
0 0 0 1 47.926500000000004 39.6328195 18.0 0.015235 0.08464 2.0 0
1 0 0 0 53.47 52.13408499999999 17.6 0.0746848172 0.047355999999999995 1.7 0
0 0 1 0 47.909499999999994 48.03953 21.7 0.08348652855 0.00103 2.0 0
0 0 1 0 49.328500000000005 53.68411 6.2 0.58414086 0.0 8.0 0
0 0 1 0 55.5755 60.0 20.95 0.31507442632200006 0.0 7.0 0
0 0 0 1 43.052499999999995 37.324310000000004 3.0 0.43678 0.16742 2.55 0
0 1 0 1 50.755500000000005 59.7162 33.0 0.00046612 0.0239655 1.8 0
0 0 1 0 47.188 43.964045000000006 18.15 0.036276146999999995 0.04281 2.0 0
0 0 1 0 46.331 47.48913499999999 13.0 0.043 0.0 14.0 0
0 0 0 1 45.460499999999996 38.4789215 7.0 0.19632 0.20668249999999996 3.8 0
0 0 0 1 48.565000000000005 47.660774999999994 4.0 0.32164 0.11135 16.0 0
0 1 0 0 50.118500000000004 59.9203 17.75 0.06602228549999999 0.00683 1.0 0
0 0 1 0 47.096500000000006 44.685335499999994 17.5 0.06394144469999999 0.04017 3.0 0
0 0 0 1 47.2585 46.890918000000006 4.0 0.34103 0.18348799999999998 5.85 0
0 1 0 0 57.71 58.560015 20.95 0.06915216431092369 0.06118199999999999 2.15 0
0 0 0 1 49.01199999999999 44.760679999999994 21.0 0.007178 0.06115 1.0 0
0 0 0 1 50.14300000000001 51.34973 8.0 0.15294 0.01713 4.0 0
0 0 0 1 46.86 43.266830000000006 9.0 0.10617 0.14407 4.35 0
1 0 0 0 60.0 59.99189 98.0 0.016234179471986653 4.2000000000000004e-05 1.85 0
0 0 0 1 48.01049999999999 48.70754 1.0 0.63158 0.09635 6.35 0
0 0 0 1 50.05800000000001 59.9929 24.0 0.0036271 0.49216 2.0 0
0 0 0 1 47.554500000000004 48.68553 4.0 0.35049 0.157643 6.8 0
0 0 0 1 49.9895 40.2589 18.0 0.013148 0.01069 5.0 0
1 0 0 0 60.0 59.99189 98.0 0.016234179471986653 4.2000000000000004e-05 1.85 0
0 0 0 1 47.70399999999999 45.45611 11.0 0.072169 0.115012 3.45 0
0 0 0 1 40.429500000000004 59.795015 255.0 6.0028e-30 0.0 1.95 0
0 1 0 1 51.07899999999999 60.0412 14.0 0.03599 0.00559 4.0 0
0 1 0 0 50.35447767066693 44.52678267539525 24.651144857041167 0.09658699853529934 0.10095995499099822 3.9706941388277657 0
0 0 0 1 57.8335 58.641875000000006 167.0 1.9494e-17 0.0 1.8 0
0 0 0 1 34.44 47.84982 18.0 0.015677 0.00757 1.0 0
0 0 1 0 51.778499999999994 43.639585000000004 22.85 0.024181379499999996 0.00846 3.0 0
0 0 1 0 55.448 47.96695 19.15 0.22311169344999998 0.00022 3.0 0
1 0 0 1 48.76 45.605535 37.0 0.00018145 0.06987 3.0 0
0 0 1 0 49.8825 48.024395000000005 3.0 0.44786 0.0 1.0 0
0 0 0 1 46.69449999999999 42.68678 13.0 0.042577 0.14738 3.0 0
0 0 0 1 54.38 40.642424999999996 13.0 0.044439 0.06393 4.0 0
0 0 0 1 51.8995 44.052855 23.0 0.0043413 0.14876150000000002 2.2 0
0 0 0 1 49.19800000000001 48.5426265 15.0 0.027799 0.07384 3.4 0
0 0 0 1 51.477999999999994 36.3561 15.0 0.025332 0.06391 1.0 0
1 0 0 0 42.57 31.969030000000004 19.65 0.05411084695 0.06450700000000001 2.3 0
0 1 0 1 46.310500000000005 60.1266 13.0 0.042778 0.01262 2.0 0
1 1 1 0 60.0 60.0 70.0 8.5454e-08 0.0 2.0 1
0 0 0 1 49.80400000000001 42.72288 18.0 0.013229 0.12146499999999998 2.95 0
1 0 0 0 53.42 52.04866 18.8 0.04187440369999999 0.045835 1.7 0
0 1 0 0 46.756 52.0833 15.35 0.11732072419999999 0.00837 1.0 0
0 0 0 1 46.297000000000004 59.9937 13.0 0.043482 0.20164 3.0 0
0 0 0 1 50.0355 46.73332 16.0 0.021558 0.115425 1.85 0
0 0 0 1 50.083000000000006 40.60918 13.0 0.04468 0.130196 1.9 0
0 0 0 1 49.322500000000005 43.849635 15.0 0.028981 0.170428 1.95 0
0 0 0 1 48.328500000000005 47.15337 19.0 0.010416 0.08698 3.2 0
0 0 1 0 47.4405 49.165135 12.45 0.24254226425000006 0.50404 1.0 0
0 0 0 1 51.3965 40.949005 18.0 0.013427 0.13942500000000002 2.3 0
0 0 1 0 47.6835 53.014044999999996 1.0 0.77951 1e-05 12.0 0
1 0 0 0 60.0 59.99189 98.0 0.016234179471986653 4.2000000000000004e-05 1.85 0
0 0 0 1 51.47 47.66672799999999 16.0 0.022958 0.08062 3.0 0
0 0 0 1 44.63 48.963185 14.0 0.036602 0.04553 5.0 0
0 0 0 1 46.748 41.85184 26.0 0.0020589 0.00427 2.0 0
0 0 1 1 48.3095 44.889105 24.0 0.0039689 0.0064 2.0 0
0 0 1 0 48.8775 19.94 10.0 0.099896 0.0014 1.0 0
0 1 1 0 49.590999999999994 55.7857 21.1 0.061199987700000014 0.00294 1.0 0
1 0 0 0 55.21 48.508535 11.0 0.069359 0.158709 3.85 0
0 0 0 1 41.19 32.81798 84.0 3.886e-09 0.059331999999999996 1.75 0
0 0 0 1 48.3875 48.552755 29.0 0.0011576 0.11909949999999998 1.65 0
1 1 1 0 60.0 58.9286 66.0 2.3698e-07 0.0 5.0 1
0 0 0 1 47.8335 48.286109999999994 29.0 0.0010473 0.04922599999999999 2.05 0
1 0 0 0 57.96 49.08646 11.0 0.078954 0.106677 3.05 0
0 1 0 0 46.829 58.8397 15.25 0.47678099088514997 0.0 2.0 0
0 0 1 0 43.038 36.363825 0.0 0.92679 0.13313 3.0 0
0 0 1 0 49.878499999999995 45.59044 22.45 0.11362004065000002 0.00072 1.0 0
0 0 0 1 48.03750000000001 39.03048 16.0 0.022952 0.06304049999999999 2.65 0
0 0 0 1 48.85850000000001 44.897788 16.0 0.022916 0.08888 1.0 0
0 1 0 0 45.04749999999999 25.6667 7.0 0.17583 0.02037 2.0 0
0 0 0 1 47.0395 43.492125 17.0 0.016742 0.116375 1.85 0
0 0 0 1 48.1365 47.244944999999994 20.0 0.0083092 0.069277 2.1 0
1 1 1 1 60.0 60.0 59.0 1.1589e-06 0.0 1.0 1
0 0 0 1 50.76649999999999 46.912225 14.0 0.035387 0.35271 1.0 0
0 0 0 1 50.31699999999999 46.08272 27.0 0.001686 0.0446805 2.45 0
0 0 0 1 53.1845 47.344755 20.0 0.0086327 0.06881499999999999 2.55 0
0 0 1 0 57.56 53.82062499999999 4.75 0.56248929 0.00041 13.0 0
0 0 0 1 48.288 43.929005000000004 13.0 0.043692 0.45899 2.0 0
0 0 0 1 45.57900000000001 38.00177000000001 7.0 0.17413 0.10889350000000002 4.0 0
0 0 0 1 49.134 43.364755 14.0 0.036163 0.0801125 2.0 0
0 0 0 1 47.553000000000004 43.67629 8.0 0.13971 0.073794 2.95 0
0 0 0 1 45.6315 45.85943 14.0 0.032506 0.01112 2.0 0
0 1 0 0 46.408 0.0 0.0 1.0 0.40001699999999996 5.25 0
0 0 1 0 53.008500000000005 60.0 2.0 0.52389 0.0 1.0 0
0 0 0 1 47.4865 46.450715 19.0 0.01256 0.0961425 2.3 0
0 0 0 1 45.1415 45.95666 13.0 0.043506 0.18867899999999999 3.25 0
1 0 0 0 59.29 58.97516 41.15 0.12201086229918982 0.0780735 3.2 0
0 0 0 1 46.4495 48.30608500000001 17.0 0.015862 0.15525000000000003 3.4 0
0 0 0 1 49.0255 40.723380000000006 13.0 0.04472 0.132929 1.85 0
1 1 1 0 53.59 59.4648 12.0 0.050496 0.00387 2.0 0
0 0 0 1 47.094500000000004 46.01512 23.0 0.0047614 0.034403 2.65 0
0 0 1 0 56.50750000000001 55.747569999999996 16.0 0.32074221730541996 0.0 5.0 0
0 0 0 1 47.852 48.01485 8.0 0.14936 0.05266 5.0 0
1 0 0 0 55.58 56.984939999999995 19.4 0.05149519600000001 0.0640935 1.85 0
0 0 1 0 47.9895 47.12959299999999 16.0 0.024224 0.00542 6.0 0
1 0 0 0 50.89 44.321575 12.0 0.053223 0.02065 1.0 0
0 1 0 0 35.6625 0.0 4.05 0.6211383300000001 0.9 1.8 0
1 0 0 0 27.3 24.285625 37.65 0.12603302297075009 0.14280200000000004 2.0 0
1 0 0 0 42.73 32.322055 20.9 0.0557872186 0.08391 1.85 0
0 0 0 1 51.416 45.75574999999999 23.0 0.0045052 0.092007 2.1 0
0 0 0 1 49.943 49.23472 14.0 0.037041 0.29464 1.0 0
0 0 0 1 50.367999999999995 47.955020000000005 20.0 0.0079663 0.0866085 2.0 0
0 0 0 1 50.100500000000004 48.860775 22.0 0.0050264 0.00941 3.0 0
0 0 0 1 49.9125 46.59592 12.0 0.056783 0.1116585 3.75 0
0 0 1 1 41.02 46.731125000000006 21.0 0.007369 0.05333 3.0 0
0 0 1 0 46.025 46.6667 0.0 1.0 0.0 4.0 0
0 0 0 1 49.777 48.83732500000001 24.0 0.0036906 0.1012885 3.1 0
0 0 0 1 47.722500000000004 46.08066000000001 14.0 0.038419 0.13062849999999998 2.5 0
0 1 0 0 50.35447767066693 44.52678267539525 24.651144857041167 0.09658699853529934 0.10095995499099822 3.9706941388277657 0
0 1 1 0 49.328500000000005 53.68411 10.3 0.335772771 0.00178 8.0 0
0 1 1 0 50.12 44.6964 30.0 0.00088938 0.0 4.0 0
0 0 0 1 50.11750000000001 45.082139999999995 17.0 0.019115 0.11963 4.0 0
1 0 0 0 41.71 31.088414999999998 18.55 0.06547531046499999 0.09392800000000001 2.0 0
0 0 0 1 58.12 42.870145 13.0 0.045011 0.13345100000000001 1.8 0
0 0 0 1 45.5175 9.36 33.0 0.00044644 0.10416 2.0 0
1 1 1 1 60.0 60.0 26.0 0.0020922 0.00046 5.0 1
1 1 1 0 60.0 59.8592 71.0 7.7983e-08 0.0 1.0 1
0 0 0 1 50.675 49.549744999999994 17.0 0.019475 0.140579 1.85 0
0 0 0 1 46.319 41.05253499999999 14.0 0.038998 0.19079600000000002 2.6 0
0 0 0 1 48.794500000000006 46.916039999999995 19.0 0.010158 0.07361500000000001 2.35 0
0 0 0 1 48.812999999999995 48.44618 8.0 0.13317 0.148342 4.4 0
0 0 0 1 48.2645 46.007295 23.0 0.0046264 0.046541 1.9 0
0 0 0 1 48.081 46.500835 22.0 0.0061778 0.1250105 2.45 0
0 0 0 1 59.977999999999994 57.548465 124.0 3.6234e-13 0.00025 1.65 0
0 0 0 1 47.51350000000001 45.389860000000006 26.0 0.0020431 0.070483 2.75 0
0 0 1 0 55.956999999999994 60.0 0.0 1.0 0.0 10.0 0
0 0 0 1 51.763999999999996 46.38266 24.0 0.0035538 0.00683 2.0 0
0 1 0 0 51.0185 31.4485 12.0 0.058779 0.00347 4.0 0
0 0 0 1 40.78 45.148885 14.0 0.035664 0.01405 1.0 0
0 0 0 1 51.073499999999996 48.6692015 15.0 0.02812 0.09056350000000002 2.4 0
1 0 0 0 48.38 42.193830000000005 9.0 0.12486 0.22297050000000002 4.8 0
0 0 1 1 39.14 48.512969999999996 17.0 0.0196 0.00439 2.0 0
0 0 0 1 49.401 36.969015 6.0 0.20116 0.07104200000000001 4.8 0
0 0 1 0 47.764500000000005 48.51733500000001 2.0 0.56522 0.0 2.0 0
0 0 1 1 43.33200000000001 34.23275 7.0 0.19318 0.13569 1.0 0
0 1 0 1 51.2285 56.3256 12.0 0.057853 0.06 5.0 0
0 1 0 0 45.864000000000004 10.333932 7.15 0.40509988999999996 1.0 2.0 0
1 0 0 0 60.0 59.99189 98.0 0.016234179471986653 4.2000000000000004e-05 1.85 0
0 0 0 1 50.40650000000001 50.35749500000001 24.0 0.0033168 0.037881000000000005 2.75 0
0 0 0 1 49.882000000000005 44.271515 30.0 0.00089728 0.039813 2.1 0
0 0 1 0 57.7325 54.002815 11.5 0.3134485156785 0.0 19.0 0
0 0 0 1 49.173500000000004 13.5 21.0 0.0075457 0.01552 2.0 0
0 0 1 0 44.54 46.8764 15.95 0.060256621350000004 0.03361 1.0 0
0 0 0 1 58.701 57.54574 122.0 5.8418e-13 0.00025 1.7 0
0 0 0 1 50.159499999999994 41.1289315 15.0 0.027315 0.13214 3.0 0
0 0 0 1 46.56400000000001 43.59316450000001 36.0 0.00021106 0.0417425 2.2 0
1 0 0 0 60.0 59.99189 98.0 0.016234179471986653 4.2000000000000004e-05 1.85 0
0 0 0 1 45.206500000000005 34.57062549999999 5.0 0.27264 0.15436100000000003 4.05 0
0 0 1 0 59.947500000000005 58.182465 81.15 0.05852936627391324 0.0 1.0 0
0 0 0 1 48.52 45.904970000000006 25.0 0.0027579 0.0105 1.0 0
0 0 0 1 52.081 48.69067499999999 45.0 2.6194e-05 0.004717 2.4 0
0 0 0 1 47.3415 44.400904999999995 24.0 0.0038681 0.1413595 2.5 0
0 0 0 1 51.452999999999996 49.614125 16.0 0.024898 0.1043205 2.45 0
0 0 0 1 38.82 46.092195 15.0 0.030528 0.19744250000000002 1.85 0
0 0 1 0 44.95 22.0 7.0 0.19773 0.44608 1.0 0
0 0 0 1 49.19800000000001 48.5426265 15.0 0.027851 0.0722095 3.1 0
0 0 0 1 51.976 45.557460000000006 23.0 0.0044638 0.1001795 2.2 0
0 0 1 0 45.259499999999996 24.2174 7.0 0.16057 0.34103 2.0 0
0 0 0 1 58.42 45.469025 12.0 0.062087 0.182659 2.9 0
0 1 0 0 49.67 42.0647 17.65 0.0853709905 0.0915635 5.3 0
0 0 0 1 47.751000000000005 40.15605 4.0 0.36264 0.4276 3.0 0
0 0 0 1 51.416 45.75575 23.0 0.0044994 0.09200699999999999 2.1 0
0 0 0 1 40.429500000000004 59.795015 255.0 0.0 0.0 1.95 0
0 0 0 1 47.8335 48.28611 29.0 0.0010233 0.0347595 1.95 0
0 0 0 1 50.815 52.0952 11.0 0.068908 0.44483 21.0 0
0 1 0 0 43.2045 0.0 5.85 0.45836299 1.0 2.0 0
0 0 0 1 47.51 45.54411 38.0 0.0001502 0.04668099999999999 2.25 0
1 0 0 0 46.07 37.18293 28.55 0.021165121594342647 0.041044000000000004 2.15 0
0 0 1 0 57.7325 52.7124 8.7 0.32098735165000003 0.0 20.0 0
0 0 0 1 51.477999999999994 26.037 15.0 0.025281 0.05965 1.0 0
0 0 0 1 51.8 41.49917500000001 25.0 0.0031117 0.055691000000000004 2.15 0
0 0 1 0 53.125 50.131925 9.45 0.371838814 0.01135 9.0 0
0 0 1 0 51.32650000000001 47.33059 2.0 0.59709 6e-05 4.0 0
0 0 0 1 59.2925 59.744885 108.0 1.2938e-11 0.0 2.2 0
0 1 0 0 47.286 43.0536 26.0 0.0021857 0.00331 3.0 0
0 1 0 1 46.05550000000001 37.6863 35.0 0.00030784 7e-05 2.0 0
1 1 0 1 46.32 35.2727 18.0 0.015043 0.12195 1.0 0
0 1 0 0 56.79299999999999 58.1346 19.4 0.10613470892130002 0.1309845 4.95 0
0 0 0 1 50.554 49.24121500000001 20.0 0.0085719 0.051792000000000005 2.6 0
1 1 0 0 49.6 34.9695 16.5 0.13256891799999998 0.0236245 2.05 0
1 0 0 0 42.96 44.55523 23.0 0.0044352 0.16518449999999998 2.5 0
0 0 0 1 46.4495 48.306084999999996 17.0 0.01608 0.13609100000000002 3.95 0
0 0 0 1 48.7315 43.2713 18.0 0.014142 0.11674300000000001 2.4 0
0 0 0 1 50.51449999999999 55.0 15.0 0.027364 0.42441 3.0 0
0 0 1 0 48.520500000000006 49.35782999999999 20.05 0.061139072350000004 0.00832 1.0 0
0 0 0 1 47.37950000000001 41.1638875 2.0 0.57143 0.141819 5.8 0
0 0 0 1 44.931999999999995 43.81929 17.0 0.017503 0.12084900000000001 2.25 0
0 1 0 0 41.638 32.4746 16.65 0.085636187 0.037492000000000004 4.15 0
0 0 1 0 55.80250000000001 47.310565000000004 20.25 0.1248723115 0.00027 4.0 0
0 1 0 1 55.74 47.160565000000005 17.0 0.016115 0.12586750000000002 3.75 0
0 0 0 1 49.10199999999999 42.832815 13.0 0.044278 0.1386365 2.75 0
0 0 0 1 53.05800000000001 56.47321000000001 56.0 2.4935e-06 0.005773499999999999 2.05 0
0 1 0 0 42.79100000000001 56.9861 3.0 0.43028 0.07383 1.0 0
0 0 0 1 48.891000000000005 48.581450000000004 17.0 0.016477 0.09767299999999998 3.15 0
0 0 0 1 45.510000000000005 45.657915 17.0 0.017563 0.12154949999999998 2.2 0
1 0 0 0 57.46 58.70059 14.75 0.11478643499999999 0.08598549999999999 2.0 0
1 1 1 0 60.0 60.0 142.0 5.988e-15 0.0 1.0 1
1 0 0 0 60.0 59.99189 98.0 0.016234179471986653 4.2000000000000004e-05 1.85 0
0 0 0 1 49.483999999999995 49.015460000000004 29.0 0.0011849 0.07434549999999998 1.5 0
0 1 0 1 50.9365 48.214925 11.0 0.065302 0.45047 6.0 0
0 0 0 1 49.093 43.372615 18.0 0.014016 0.08020550000000001 1.8 0
0 0 0 1 57.72 47.461079999999995 15.0 0.026585 0.10244649999999997 2.5 0
0 0 0 1 47.534499999999994 40.863103 16.0 0.020538 0.06962 4.0 0
0 0 1 0 57.75999999999999 53.662915 2.1 0.65096265 1e-05 15.0 0
0 1 0 0 58.608999999999995 59.7327 39.6 0.03388076712952778 0.019557 2.7 0
1 0 0 0 52.08 49.043645 19.95 0.059873050121299995 0.053439499999999994 1.95 0
1 0 0 0 59.72 59.63712 78.0 0.000985565002628939 0.024571 2.75 0
0 0 1 0 46.472 30.112203500000003 2.0 0.56229 0.55263 2.0 0
0 0 1 0 44.60399999999999 43.270585000000004 12.75 0.09584533000000002 0.16368 1.0 0
0 1 0 0 60.074 60.9036 18.9 0.12210653159399498 0.0374535 2.85 0
0 0 0 1 45.275999999999996 11.6923 2.0 0.54211 1.0 4.0 0
0 0 0 1 50.2435 46.608035 12.0 0.057842 0.09086350000000001 2.65 0
0 0 0 1 48.48049999999999 44.407065 21.0 0.0064809 0.092269 2.1 0
0 0 0 1 51.927 42.526415 23.0 0.0043888 0.12162199999999998 2.3 0
1 0 0 0 36.13 29.677464999999994 19.0 0.05816460044999999 0.0991905 1.6 0
0 0 0 1 50.31699999999999 46.08272000000001 27.0 0.0016887 0.038847999999999994 2.4 0
1 0 0 0 45.71 37.2718 19.8 0.0692812500023366 0.0483645 2.0 0
1 0 0 0 45.17 34.7452 21.6 0.061961760162034994 0.0910715 2.3 0
0 0 1 1 46.051500000000004 40.37419 13.0 0.04989 0.04846 2.0 0
0 0 0 1 48.778000000000006 44.119895 22.0 0.0059449 0.063526 2.0 0
0 0 0 1 48.6055 46.9271 18.0 0.015566 0.02063 1.0 0
0 0 0 1 53.803999999999995 50.15175 64.0 3.8188e-07 1e-05 2.8 0
0 0 0 1 48.427499999999995 41.15907 21.0 0.0069321 0.11429 1.0 0
0 0 0 1 47.5015 41.63255 13.0 0.044278 0.22157 4.0 0
0 0 0 1 47.51350000000001 45.389860000000006 26.0 0.0020449 0.070483 2.75 0
0 0 0 1 49.266 44.79445499999999 26.0 0.0024952 0.114507 2.7 0
1 0 0 0 60.0 59.99189 98.0 0.016234179471986653 4.2000000000000004e-05 1.85 1
0 0 0 1 48.822500000000005 47.96205 40.0 9.0133e-05 0.0245315 2.25 0
0 0 0 1 48.331 40.516625 19.0 0.01109 0.15867 3.0 0
0 0 0 1 47.169 42.050667 4.0 0.39108 0.159441 4.25 0
0 1 1 0 48.835 28.0189 8.0 0.12746 0.00688 1.0 0
0 1 0 0 42.2065 0.0 0.0 1.0 1.0 2.0 0
0 1 0 0 56.35 60.0 23.45 0.161968929269 0.107303 3.7 0
0 0 0 1 48.741499999999995 42.38736 15.0 0.031197 0.101338 2.45 0
0 0 0 1 52.1435 42.9396935 22.0 0.0057266 0.1032945 1.9 0
0 0 1 0 52.242 60.0 1.0 0.7425 0.0 3.0 0
0 0 0 1 43.443 47.17993499999999 5.0 0.29588 0.14737050000000002 4.55 0
0 0 0 1 47.508500000000005 44.80151000000001 3.0 0.42059 1e-05 17.0 0
0 0 0 1 46.608999999999995 41.6354135 13.0 0.048895 0.170315 1.6 0
1 0 1 1 28.12 21.5455 16.0 0.022168 0.05375 1.0 0
1 0 1 0 55.88 41.44986499999999 17.1 0.039841615000000004 0.0237 2.0 0
0 0 0 1 47.169 47.90412 4.0 0.37549 0.15161149999999998 4.0 0
1 0 0 0 51.39 48.2901 4.0 0.32134 0.40156 2.0 0
0 0 0 1 57.078500000000005 57.277609999999996 80.0 8.5418e-09 0.0058275 2.25 0
0 0 0 1 48.783500000000004 49.11243 17.0 0.018274 0.070892 2.05 0
0 0 0 1 49.231 49.99601 37.0 0.0001693 0.031614 2.1 0
0 0 0 1 47.39 45.22714 20.0 0.0080382 0.14027250000000002 1.95 0
0 0 0 1 47.169 47.249550000000006 4.0 0.37685 0.12654649999999998 4.7 0
0 0 1 0 42.899 42.0163745 14.75 0.1285022745 0.35726 2.0 0
0 1 0 0 47.991 43.518218 21.25 0.0711274445 0.003 2.0 0
0 0 0 1 50.190000000000005 47.93954500000001 13.0 0.039877 0.18723549999999997 2.7 0
0 0 0 1 41.17 28.928649999999998 255.0 0.0 0.0596005 1.8 0
0 0 0 1 53.2265 60.0 14.0 0.037873 0.09767 2.0 0
0 0 0 1 45.3245 45.26495 3.0 0.47312 0.11631799999999999 3.75 0
1 0 0 0 48.16 37.367055 4.0 0.37872 0.02838 1.0 0
0 0 0 1 48.081 46.500835 22.0 0.0062568 0.118592 2.15 0
0 0 0 1 48.093999999999994 14.7931 21.0 0.0070401 0.23879 2.0 0
1 0 0 0 34.3 27.934679999999997 26.9 0.1107251717675597 0.089502 1.7 0
0 0 0 1 50.197 55.9868 15.0 0.028915 0.0458 2.0 0
0 0 0 1 50.715999999999994 47.100025 12.0 0.060825 0.1219505 4.15 0
0 0 0 1 48.14 47.994499999999995 8.0 0.13598 0.180027 3.25 0
0 0 0 1 44.7815 44.342425 17.0 0.017598 0.11766700000000001 2.3 0
0 0 0 1 53.327999999999996 47.41203 47.0 1.8149e-05 0.024879000000000002 1.85 0
0 0 1 0 49.8825 34.246515 0.0 1.0 0.0 1.0 0
0 0 0 1 49.266 44.794455 26.0 0.002488 0.114507 2.7 0
1 1 1 0 60.0 60.0 121.0 6.7885e-13 0.0 1.0 1
0 0 0 1 45.0415 42.6057 13.0 0.049419 0.14215799999999995 1.7 0
0 0 0 1 48.2275 44.59555 10.0 0.085668 0.11976449999999998 3.8 0
0 0 0 1 47.094500000000004 47.138715000000005 23.0 0.0047392 0.029514000000000002 2.75 0
0 1 0 0 60.074 60.6545 21.05 0.097041120643995 0.03768850000000001 2.9 0
0 0 0 1 49.907 42.9192515 15.0 0.028378 0.31616 2.0 0
0 0 0 1 51.274 43.222674999999995 24.0 0.0035916 0.055596500000000014 3.4 0
1 0 1 0 48.21 47.822160000000004 23.0 0.0048433 0.00223 1.0 0
0 0 1 0 49.710499999999996 55.0286 2.0 0.56939 0.0 1.0 0
0 1 0 0 46.51649999999999 58.7552 17.8 0.08901569449999999 0.04349 2.0 0
0 0 0 1 47.678 48.66724 32.0 0.00056335 0.05849 3.0 0
0 0 0 1 54.1 47.901295000000005 44.0 3.5681e-05 0.0477195 2.1 0
0 0 0 1 46.91 41.116679999999995 8.0 0.15365 0.167806 2.7 0
0 0 0 1 47.31850000000001 43.019214999999996 13.0 0.04217 0.5 2.0 0
0 0 0 1 47.09450000000001 47.138715000000005 23.0 0.0047531 0.0331485 2.65 0
0 0 0 1 43.854 58.6757 7.0 0.19205 0.19875100000000004 4.1 0
0 0 0 1 50.08149999999999 51.584105 34.0 0.00036769 0.034609999999999995 2.55 0
1 0 0 1 49.88 52.34736 16.0 0.024139 0.00739 1.0 0
0 0 1 0 45.864000000000004 42.18670999999999 12.2 0.16793138500000002 0.63158 2.0 0
0 0 0 1 51.85450000000001 25.3 22.0 0.0057083 0.11109 2.0 0
0 0 0 1 50.317 45.573475 27.0 0.0018123 0.06565449999999999 2.2 0
0 0 0 1 49.231 47.25243 37.0 0.00017618 0.029569500000000006 2.65 0
0 0 1 0 46.254 56.401025000000004 7.4 0.572456833528 5e-05 7.0 0
0 0 0 1 47.81799999999999 43.958635 13.0 0.044049 0.34458 3.0 0
0 0 0 1 57.793499999999995 56.780285000000006 70.0 9.9659e-08 0.00026299999999999994 2.75 0
0 0 0 1 50.71 39.781646 23.0 0.0042718 0.32737 2.0 0
1 1 1 1 60.0 60.0 92.0 5.2976e-10 0.0 2.0 0
0 0 1 0 49.8815 58.6081 7.5 0.33680720500000005 0.00034 6.0 0
0 0 0 1 45.9745 49.655685 25.0 0.0026614 0.055623 3.05 0
0 0 0 1 47.6395 59.8246 20.0 0.0082828 0.0868 3.0 0
0 0 0 1 47.6 47.279925 20.0 0.0083269 0.06081500000000001 2.25 0
0 1 0 1 50.0325 50.450840000000014 32.0 0.00057365 0.00075 2.0 0
0 0 0 1 43.7655 40.137750000000004 3.0 0.40476 0.10199649999999998 5.1 0
1 0 0 0 29.29 24.41237 16.85 0.101276754 0.07857499999999999 2.5 0
0 0 0 1 49.3255 50.88462 39.0 0.00010078 0.022619 1.95 0
0 0 0 1 47.514 27.408735 4.0 0.37513 0.71429 1.0 0
0 0 0 1 49.406 48.38337 20.0 0.0084953 0.04849 2.8 0
1 0 0 0 60.0 59.99189 98.0 0.016234179471986653 4.2000000000000004e-05 1.85 0
0 0 0 1 49.0925 59.8791 12.0 0.054586 0.1232 2.0 0
1 0 0 0 52.67 47.79901500000001 17.8 0.07586238349999999 0.034738 2.05 0
0 0 0 1 47.751 50.2857 4.0 0.34211 0.65059 3.0 0
0 1 0 0 46.993 37.0938 18.0 0.014092 0.00237 1.0 0
0 0 0 1 47.993 40.8976825 25.0 0.0030817 0.09062 1.75 0
0 0 0 1 49.966 37.984345000000005 6.0 0.21587 0.12764999999999999 3.4 0
0 0 0 1 53.51 47.08030000000001 14.0 0.032958 0.22562200000000004 2.4 0
0 0 0 1 46.4495 48.306084999999996 17.0 0.015967 0.15413900000000003 3.3 0
0 0 0 1 51.361000000000004 59.7852 34.0 0.00039235 0.025694 2.85 0
0 0 0 1 50.964999999999996 28.0374 14.0 0.035457 0.00415 2.0 0
1 0 0 0 56.77 58.392615 22.6 0.015006584214999999 0.05649450000000002 1.65 0
0 0 0 1 43.7655 37.67251 3.0 0.42118 0.23705250000000003 7.2 0
0 0 0 1 50.19000000000001 47.93954500000001 13.0 0.04032 0.2092855 2.75 0
0 1 0 0 41.65 17.8235 15.2 0.09565368899999999 0.07976 1.0 0
0 0 0 1 47.259 19.6522 16.0 0.02311 0.22769 3.0 0
1 0 0 0 60.0 59.99189 98.0 0.016234179471986653 4.2000000000000004e-05 1.85 0
1 1 1 1 59.45 59.4563 50.0 9.263e-06 1e-05 1.0 0
1 0 0 0 60.0 59.99189 98.0 0.016234179471986653 4.2000000000000004e-05 1.85 0
0 0 1 0 58.302 52.8424 54.45 0.13475244650142015 0.0 2.0 0
1 0 1 0 30.01 42.842385 14.75 0.11719567450000001 0.20182 4.0 0
0 0 0 1 50.2085 42.529991499999994 15.0 0.027895 0.01198 5.0 0
1 0 0 0 60.0 59.99189 98.0 0.016234179471986653 4.2000000000000004e-05 1.85 0
0 0 1 0 57.56 55.02601 2.45 0.63209895 7e-05 15.0 0
0 0 0 1 46.4665 44.038065 23.0 0.0047963 0.055074500000000005 2.5 0
1 0 0 1 54.72 39.85752000000001 18.0 0.013429 0.14978850000000002 2.3 0
0 0 1 0 44.76499999999999 46.35352499999999 0.0 1.0 0.0 8.0 0
1 0 0 0 46.33 37.32602500000001 19.4 0.05187139814999999 0.0746685 2.0 0
0 0 0 1 48.279 44.47891499999999 18.0 0.015644 0.0668665 1.5 0
0 0 0 1 24.33 47.235815 16.0 0.024414 0.10418400000000001 2.7 0
1 0 0 0 60.0 59.99189 98.0 0.016234179471986653 4.2000000000000004e-05 1.85 0
0 1 0 0 50.35447767066693 44.52678267539525 24.651144857041167 0.09658699853529934 0.10095995499099822 3.9706941388277657 0
0 0 0 1 46.95 46.14162499999999 18.0 0.015082 0.146949 2.2 0
0 0 0 1 50.190000000000005 47.93954500000001 13.0 0.040175 0.18642350000000002 2.15 0
0 1 0 0 43.2045 0.0 5.85 0.45836299 1.0 2.0 0
0 0 1 0 49.8825 34.246515 0.0 1.0 0.0 1.0 0
0 0 1 0 49.0925 36.7154 15.0 0.026699 0.0008 3.0 0
1 0 0 0 60.0 59.99189 98.0 0.016234179471986653 4.2000000000000004e-05 1.85 0
0 0 1 0 49.73049999999999 54.1831 27.0 0.0018572 0.0 2.0 0
0 0 1 0 43.016000000000005 42.904939500000005 13.3 0.1577713445 0.36264 2.0 0
0 0 0 1 50.592499999999994 15.7969 13.0 0.041347 0.15977 3.0 0
0 0 0 1 42.6655 41.9723645 5.0 0.30437 0.07216 2.0 0
0 0 0 1 46.28150000000001 45.44723499999999 14.0 0.03381 0.116716 3.25 0
0 0 0 1 45.69849999999999 45.790805000000006 35.0 0.00027696 0.04431 2.0 0
0 0 1 0 48.095000000000006 39.0248215 18.45 0.07770858909999999 0.00996 1.0 0
0 0 0 1 50.317 44.620005000000006 27.0 0.0017155 0.040378000000000004 2.4 0
0 0 0 1 57.833499999999994 58.617650000000005 168.0 1.5037e-17 0.0 1.8 0
1 1 1 0 59.63 59.8922 68.0 1.4007e-07 0.0 1.0 1
0 0 1 0 49.8825 48.024395000000005 0.0 0.99148 1e-05 1.0 0
0 0 0 1 48.81699999999999 59.4861 19.0 0.011661 0.29667 2.0 0
0 0 0 1 48.231 37.8679305 19.0 0.010959 0.028645499999999997 2.05 0
0 0 0 1 44.593 44.65961 5.0 0.31126 0.10729649999999999 3.4 0
0 0 1 1 52.23 48.205484999999996 33.0 0.00040147 0.0045 2.0 0
0 0 0 1 45.964 40.25748 9.0 0.11468 0.16720799999999997 3.7 0
0 0 0 1 50.317 45.573475 27.0 0.0018025 0.06818900000000001 2.15 0
1 0 0 0 58.55 58.922025000000005 13.7 0.13360049000000002 0.09596849999999998 3.45 0
1 0 0 0 41.77 39.65456999999999 16.5 0.06690765350000002 0.02871 1.0 0
0 1 0 1 48.586 43.40832000000001 17.0 0.01588 0.01239 2.0 0
0 0 0 1 50.4385 47.17564 14.0 0.037951 0.10137149999999999 3.5 0
0 0 0 1 45.416999999999994 34.444255000000005 3.0 0.42059 0.42166 4.0 0
0 0 0 1 39.64 47.88679499999999 49.0 1.0985e-05 0.00047 2.0 0
0 1 0 1 55.91 59.437 46.0 2.3994e-05 0.0 2.0 0
0 0 0 1 50.925 42.19318 6.0 0.25088 0.27763 7.0 0
0 0 0 1 46.3975 47.802405 16.0 0.021036 0.1097565 1.95 0
0 0 0 1 50.038999999999994 47.827020000000005 14.0 0.035669 0.23739 1.0 0
0 0 1 1 51.8865 31.144059999999996 6.0 0.19962 0.03475 0.0 0
0 0 0 1 49.523999999999994 45.090864999999994 17.0 0.016335 0.19627 1.0 0
0 0 0 1 53.29350000000001 60.0 14.0 0.03337 0.09572 1.0 0
0 0 0 1 44.90499999999999 45.66615 3.0 0.46371 0.0986575 6.0 0
0 0 0 1 49.2645 45.507715000000005 7.0 0.16269 0.46762 19.0 0
1 0 1 0 39.28 45.663325 21.05 0.019534532000000004 0.0162 1.0 0
0 0 0 1 49.93549999999999 44.969584999999995 19.0 0.010848 0.038 4.0 0
0 0 0 1 48.05 33.2403 29.0 0.0011619 0.00312 2.0 0
0 0 0 1 48.815 15.5385 18.0 0.014061 0.557 2.0 0
0 0 0 1 47.9435 47.16898 8.0 0.13788 0.08692899999999999 2.9 0
0 0 0 1 46.616 36.913 20.0 0.0096612 0.15813550000000004 2.0 0
0 0 0 1 48.081 46.500835 22.0 0.0061761 0.1250105 2.45 0
0 0 0 1 44.852000000000004 43.937605000000005 14.0 0.039755 0.09316450000000001 2.45 0
0 0 0 1 49.882000000000005 43.326805 30.0 0.00097824 0.021703999999999998 1.8 0
0 0 0 1 51.4005 50.2906065 32.0 0.00057473 0.06824250000000001 2.5 0
0 1 0 1 49.792500000000004 45.03031 14.0 0.035576 0.12159199999999999 2.1 0
0 0 0 1 55.72 42.31281 23.0 0.0048388 0.03715 2.0 0
0 0 0 1 46.083 43.12224499999999 17.0 0.016796 0.10217899999999999 1.95 0
0 0 0 1 44.0955 49.12421 42.0 5.3858e-05 0.00834 1.0 0
0 0 0 1 46.703 44.67567 3.0 0.39912 0.0 12.0 0
0 1 0 0 48.215999999999994 5.60256 4.0 0.3338 0.00308 2.0 0
0 1 0 1 49.4065 30.0982 23.0 0.0041061 0.02005 1.0 0
0 0 0 1 49.41049999999999 46.240134999999995 13.0 0.045168 0.12507399999999996 2.5 0
0 0 0 1 48.071999999999996 45.377085 17.0 0.019392 0.0665 2.0 0
1 0 0 0 60.0 59.99189 98.0 0.016234179471986653 4.2000000000000004e-05 1.85 0
0 1 0 0 41.66850000000001 53.3333 8.15 0.327017565 1.0 1.0 0
0 0 0 1 48.711 48.043105 31.0 0.00071415 0.0209685 2.0 0
0 0 0 1 45.663500000000006 48.145500000000006 28.0 0.0015528 0.053280499999999995 2.05 0
0 0 0 1 48.367 37.58807 15.0 0.02938 0.14538800000000002 2.6 0
0 0 0 1 50.451499999999996 42.7013015 15.0 0.026678 0.06733 2.0 0
0 0 0 1 45.0415 42.6057 13.0 0.049992 0.07506949999999998 2.4 0
1 0 0 0 57.23 58.912099999999995 18.35 0.018447735 0.08436999999999999 2.4 0
0 0 0 1 50.0535 47.939545 13.0 0.040622 0.16298400000000002 2.65 0
0 0 1 0 46.286 42.97288999999999 19.6 0.053624757499999995 0.05037 1.0 0
0 0 1 0 53.27699999999999 60.0 9.0 0.11428 0.0 4.0 0
0 0 0 1 48.949 44.834405000000004 14.0 0.03569 0.12418300000000002 2.15 0
0 1 0 0 50.556 58.0941 24.0 0.0033179 0.00483 2.0 0
0 1 0 0 46.560500000000005 28.9231 16.3 0.03661459000000001 0.06789 2.0 0
0 0 0 1 41.85 48.275945 19.0 0.0109 0.06012 2.0 0
0 0 0 1 50.367999999999995 47.955020000000005 20.0 0.0080696 0.08042099999999999 1.85 0
0 0 0 1 56.02 51.29690000000001 34.0 0.00034667 0.033692 2.85 0
0 0 0 1 48.154 38.1867 14.0 0.03852 0.1082835 2.1 0
0 1 0 1 48.539 47.24348499999999 19.0 0.010937 0.00876 1.0 0
0 0 0 1 48.7185 46.659515 31.0 0.0006505 0.039011 1.95 0
0 1 0 0 45.864000000000004 10.333932 7.15 0.40509988999999996 1.0 2.0 0
0 0 0 1 44.701499999999996 28.8901 25.0 0.0030113 0.02937 2.0 0
0 0 0 1 48.275000000000006 46.295765 4.0 0.35979 0.41091 14.0 0
0 0 0 1 53.552 60.0 16.0 0.021584 0.01448 1.0 0
0 0 0 1 47.4725 46.161294999999996 18.0 0.015135 0.12140599999999999 2.25 0
0 0 0 1 49.91 49.109300000000005 15.0 0.028301 0.150062 2.7 0
0 0 0 1 44.984 31.709534 7.0 0.1588 0.14038 1.0 0
0 0 0 1 60.025999999999996 59.995835 109.0 1.2506e-11 0.0 2.25 0
0 0 0 1 48.663 49.614125 16.0 0.024568 0.092361 2.25 0
0 0 0 1 47.9275 40.795835 9.0 0.10396 0.11570899999999999 3.45 0
0 0 0 1 43.855000000000004 51.161100000000005 17.0 0.01722 0.27394 6.0 0
0 0 1 0 52.461 46.567125000000004 20.6 0.045928868 0.00929 3.0 0
0 0 0 1 49.3255 50.88462 39.0 0.00010869 0.022619 1.95 0
0 0 0 1 51.436 40.65474350000001 22.0 0.0056074 0.14589349999999998 1.75 0
0 0 0 1 47.683499999999995 47.01491 17.0 0.016558 0.10443049999999998 3.2 0
0 1 0 0 49.3925 44.65711 12.0 0.052258 0.19057 3.0 0
0 0 1 0 48.577000000000005 50.50206 61.0 7.4112e-07 0.0 2.0 0
1 1 1 0 60.0 60.0 90.0 8.9399e-10 0.0 1.0 1
0 0 0 1 47.797 49.88350499999999 17.0 0.01808 0.06769499999999999 2.0 0
0 0 0 1 59.96900000000001 57.547925 125.0 2.5341e-13 0.00025 1.6 0
0 0 0 1 45.55649999999999 49.124849999999995 13.0 0.042724 0.15832049999999998 1.8 0
0 0 0 1 52.607000000000006 53.563625 49.0 1.0895e-05 0.016319 1.7 0
0 0 1 0 50.753499999999995 37.5161 13.0 0.040101 0.16205 1.0 0
0 0 0 1 46.446 41.208055 25.0 0.0028694 0.08510999999999999 2.3 0
0 0 1 0 25.44 36.660289999999996 12.6 0.159254555 0.3201 1.0 0
0 0 0 1 48.53750000000001 49.664579999999994 17.0 0.01841 0.33423 1.0 0
0 1 0 0 50.35447767066693 44.52678267539525 24.651144857041167 0.09658699853529934 0.10095995499099822 3.9706941388277657 0
0 0 0 1 49.313 41.7946765 15.0 0.030182 0.03302 1.0 0
0 0 1 0 57.7325 51.59187000000001 3.7 0.5274955 0.00026 16.0 0
0 0 0 1 50.4135 46.34327499999999 19.0 0.011576 0.07089999999999999 1.7 0
0 1 0 0 45.061499999999995 38.606570000000005 13.8 0.13666910550000003 0.0797 1.0 0
0 0 0 1 47.18749999999999 51.3919 13.0 0.042345 0.16555 1.0 0
0 1 0 1 46.455499999999994 47.6019 14.0 0.039491 0.099407 3.65 0
0 0 0 1 48.812 46.090405000000004 33.0 0.00046369 0.027310500000000005 2.0 0
0 0 1 0 49.3285 53.68411000000001 11.1 0.29582807099999997 0.00355 8.0 0
0 0 0 1 53.3405 52.292245 54.0 3.5752e-06 0.0039675 3.55 0
0 1 1 1 49.650999999999996 61.0577 49.0 1.0346e-05 1e-05 1.0 0
1 1 0 1 58.01 56.7368 20.0 0.0081878 0.092585 2.35 1
0 0 0 1 52.0635 40.654743499999995 22.0 0.0055935 0.149215 1.8 0
0 0 0 1 45.964 41.128834999999995 9.0 0.11412 0.137926 4.0 0
0 1 1 0 49.42 45.2208 63.0 4.5536e-07 0.0 3.0 0
0 0 0 1 49.266 44.79445499999999 26.0 0.0024258 0.11450700000000003 2.7 0
0 0 1 0 47.812 8.70909 12.05 0.395280295657 0.0 9.0 0
0 1 0 1 50.93000000000001 20.0336 23.0 0.0044743 0.068671 2.2 0
0 0 0 1 45.173500000000004 8.2500005 9.0 0.12463 1.0 2.0 0
0 0 1 0 47.1845 47.21905 15.6 0.07864618500000001 0.10247 3.0 0
0 0 1 0 42.537 46.6435595 69.0 1.0714e-07 0.0 9.0 0
0 0 1 0 45.23049999999999 43.508654500000006 34.0 0.00034448 8e-05 9.0 0
0 0 0 1 53.421499999999995 60.0 21.0 0.0078647 0.0278 1.0 0
0 1 0 0 44.5115 53.4231 28.0 0.0012636 0.00773 2.0 0
0 1 0 0 44.312999999999995 44.1429 8.4 0.2024169 1.0 4.0 0
1 0 0 0 42.7 32.322055 20.0 0.06714616409999999 0.075744 1.95 0
0 0 0 1 48.96999999999999 45.136405 15.0 0.030972 0.1070785 2.3 0
0 0 1 0 57.7325 44.018835 5.8 0.375840915 0.0 33.0 0
0 0 1 0 57.7325 53.65029500000001 4.7 0.4899218 0.0 17.0 0
0 0 0 1 53.89 46.996755 14.0 0.035027 0.17039900000000002 3.0 0
0 0 0 1 45.051 59.8462 28.0 0.0014294 0.31149 1.0 0
0 0 0 1 49.4945 45.1838805 15.0 0.025381 0.08579450000000001 1.55 0
1 1 1 0 60.0 60.0 147.0 1.9126e-15 0.0 1.0 1
0 0 0 1 50.211 45.17474 21.0 0.0071113 0.050888 2.25 0
0 0 0 1 46.61450000000001 44.90916 13.0 0.045885 0.12422200000000001 2.85 0
1 1 0 1 55.59 51.2301 16.0 0.024762 0.03935 2.0 0
1 1 1 1 38.7 15.2593 26.0 0.0022407 0.00119 1.0 0
1 0 0 0 37.69 39.415634999999995 15.7 0.08918923699999999 0.04518 1.0 0
1 0 0 0 45.3 40.677445 9.0 0.11895 0.129945 4.15 0
0 0 0 1 49.716 46.806270000000005 16.0 0.021409 0.07684100000000002 1.7 0
0 1 1 1 51.791 54.375 6.0 0.20221 0.0 25.0 0
0 1 0 1 46.4555 55.2667 14.0 0.039387 0.10355850000000003 3.95 0
0 0 0 1 47.0255 41.32381 6.0 0.23474 0.18269950000000004 3.25 0
0 0 0 1 49.092999999999996 42.420115 18.0 0.013981 0.084602 1.95 0
0 1 0 0 40.63 18.7 10.05 0.36977224049999996 0.02036 7.0 0
0 0 0 1 40.429500000000004 59.795015 228.0 1.3901999999999998e-23 0.0 1.95 0
1 0 0 0 49.96 44.330095 21.65 0.03461340705 0.0484035 1.65 0
0 1 0 0 51.66 54.5556 10.0 0.082198 0.00518 4.0 0
0 0 0 1 48.2005 41.16412550000001 19.0 0.010877 0.045492 2.15 0
1 0 0 0 47.94 40.51182000000001 21.35 0.082904466760085 0.066632 1.65 0
0 0 0 1 51.612 48.508345 14.0 0.037695 0.1387855 4.4 0
0 0 0 1 48.14 48.926235000000005 8.0 0.13564 0.18354 3.3 0
0 1 0 1 58.543499999999995 60.0 32.0 0.00051851 0.15543849999999998 3.15 0
0 0 1 0 57.7325 45.00668499999999 5.8 0.375840915 0.0 31.0 0
0 0 1 0 40.191 37.91118 1.0 0.64419 0.12525 1.0 0
0 0 0 1 49.638999999999996 42.420115 18.0 0.013906 0.0989525 1.7 0
0 0 0 1 57.27 60.0 140.0 9.2633e-15 0.0 1.9 0
0 1 0 0 59.8845 60.0 51.4 0.13680397870097638 0.061791 2.85 0
0 0 0 1 48.719 59.5079 11.0 0.074178 0.14576099999999997 4.9 0
1 0 0 0 51.31 49.010614999999994 20.3 0.07758208655 0.0535215 2.15 0
0 0 0 1 43.2595 35.33468 5.0 0.25822 0.196323 4.4 0
0 0 0 1 49.484 43.8662585 13.0 0.048086 0.181882 1.8 0
0 0 0 1 48.758 37.99993 6.0 0.22165 0.2333685 5.9 0
0 0 1 0 45.367000000000004 39.79731999999999 1.0 0.6466 0.19774 4.0 0
1 0 0 0 36.42 29.065949999999997 20.3 0.08857297195 0.11383649999999998 1.55 0
0 0 0 1 48.425 46.10955 18.0 0.01519 0.18807949999999998 2.8 0
1 0 0 0 51.7 48.61403500000001 17.0 0.0577826127 0.04707750000000001 2.05 0
0 0 0 1 47.180499999999995 30.0925 18.0 0.014568 0.08075 1.0 0
0 0 0 1 51.436 42.5613735 22.0 0.0056428 0.15079 2.15 0
0 0 0 1 36.63 47.775651499999995 32.0 0.00054311 0.0439945 2.7 0
0 0 0 1 47.1545 33.847475 2.0 0.53759 0.26764350000000003 5.4 0
0 0 1 0 47.74350000000001 43.98806999999999 20.55 0.029657068750000005 0.00396 2.0 0
1 0 0 0 60.0 59.99189 98.0 0.016234179471986653 4.2000000000000004e-05 1.85 0
1 0 0 0 60.0 59.99189 98.0 0.016234179471986653 4.2000000000000004e-05 1.85 0
0 0 1 0 45.7725 34.8571 17.55 0.09999946750000001 0.06434 1.0 0
0 1 0 0 55.391000000000005 56.0949 13.35 0.17676797500000002 0.027826 3.9 0
0 0 0 1 47.07200000000001 38.3287505 5.0 0.28173 0.15365650000000003 3.0 0
0 1 0 0 57.46 58.70059 14.75 0.11478643499999999 0.08598549999999999 2.0 0
0 0 0 1 47.9275 37.0017 9.0 0.10137 0.1010745 3.8 0
0 0 1 0 44.665499999999994 41.090514999999996 13.5 0.17758863265000005 0.125 1.0 0
0 0 0 1 50.18749999999999 44.674705 11.0 0.063163 0.10465150000000001 4.65 0
0 0 0 1 56.763 58.60997 185.0 2.7e-19 0.0 1.9 0
0 0 1 0 45.5065 48.92719999999999 10.4 0.16216895 0.41958 1.0 0
0 0 1 0 49.142999999999994 43.002487 2.0 0.60144 0.0 9.0 0
0 0 0 1 49.96300000000001 44.367255 17.0 0.018705 0.13436 1.0 0
0 1 0 0 44.214000000000006 28.9474 3.0 0.44451 0.10445 2.0 0
0 0 0 1 46.44949999999999 48.306084999999996 17.0 0.016048 0.1495895 3.95 0
0 1 1 1 45.99549999999999 58.6752 28.0 0.0015462 0.00048 2.0 0
1 0 0 0 37.56 42.846695000000004 6.0 0.23544 0.216424 4.95 0
0 0 0 1 50.84349999999999 45.149105000000006 14.0 0.034949 0.1638085 2.95 0
0 0 0 1 49.036 46.687025 15.0 0.026805 0.089072 2.05 0
0 0 0 1 46.82000000000001 36.913 20.0 0.0096754 0.1537005 2.0 0
0 0 1 0 44.572500000000005 21.0 20.25 0.1652593942 0.00078 3.0 0
0 0 0 1 54.028 54.250275 67.0 1.902e-07 0.024769000000000003 1.85 0
0 1 0 1 47.1315 60.6989 20.0 0.0093079 0.0716975 1.65 0
0 0 0 1 45.641 46.21020499999999 13.0 0.043401 0.1807195 3.25 0
1 0 0 0 60.0 59.99189 98.0 0.016234179471986653 4.2000000000000004e-05 1.85 0
0 0 0 1 47.849000000000004 41.5733885 13.0 0.048543 0.13891950000000003 2.95 0
0 0 1 0 39.58 29.4118 0.0 0.89194 0.28907 1.0 0
0 0 0 1 46.768499999999996 46.43769 4.0 0.35897 0.2818825 4.2 0
0 1 0 0 50.9435 32.6901 32.0 0.00057391 0.00746 3.0 0
0 0 0 1 51.0735 48.66920149999999 15.0 0.028056 0.070789 2.6 0
0 0 0 1 46.9485 37.970141999999996 4.0 0.39394 0.32903 1.0 0
1 0 0 0 44.94 42.519805000000005 15.9 0.09397650399999999 0.03025 4.0 0
0 0 1 0 50.31350000000001 47.33059 1.0 0.72127 0.0 4.0 0
0 0 1 0 48.525999999999996 53.49944000000001 1.0 0.78841 0.0 16.0 0
0 0 0 1 47.209 45.261655000000005 35.0 0.00028715 0.0106655 2.55 0
0 0 0 1 45.323 45.04023 17.0 0.017017 0.01499 1.0 0
0 0 0 1 47.24899999999999 45.617070000000005 13.0 0.045522 0.08195699999999999 2.7 0
0 1 0 0 44.60650000000001 37.89127 5.0 0.26135 0.08435 1.0 0
0 0 0 1 47.448 42.183544999999995 22.0 0.0052443 0.037591000000000006 2.05 0
0 0 0 1 45.900999999999996 38.955349999999996 50.0 8.678e-06 0.02601 1.0 0
0 1 0 0 45.0065 43.132889 7.0 0.16523 0.19806849999999998 4.8 0
0 0 0 1 49.230999999999995 49.99601 37.0 0.00016457 0.02892450000000001 2.0 0
0 0 0 1 46.498000000000005 40.1399135 13.0 0.048809 0.167274 2.05 0
0 1 0 0 46.374 59.1299 12.0 0.052743 0.15482 2.0 0
0 0 1 0 41.99 41.449864999999996 16.35 0.041737425 0.0237 2.0 0
0 0 1 0 47.764500000000005 48.517335 0.0 0.88097 0.0 2.0 0
0 0 0 1 47.097500000000004 38.83115 20.0 0.0093175 0.09416 1.0 0
0 0 1 0 50.373000000000005 51.46201 16.0 0.14911272135 0.00299 6.0 0
0 0 0 1 52.531499999999994 44.29513300000001 16.0 0.022326 0.57624 2.0 0
0 0 0 1 47.99300000000001 40.8976825 25.0 0.003058 0.0924695 1.75 0
0 0 0 1 51.362 46.224180000000004 14.0 0.03708 0.11594700000000002 2.15 0
0 0 1 0 34.15 35.3583245 7.0 0.1927 0.08527 2.0 0
0 0 0 1 50.9815 48.508345 14.0 0.037715 0.14421750000000003 4.45 0
1 0 0 0 46.5 37.75717 20.65 0.047955483 0.05897300000000001 1.7 0
0 1 0 1 47.064 48.186865 21.0 0.0064741 0.02306 2.0 0
0 0 0 1 45.92 44.2908 16.0 0.024085 0.09672300000000002 4.25 0
0 0 1 0 48.00450000000001 48.84 23.75 0.4366137469210257 0.0 1.0 0
0 0 0 1 46.448499999999996 44.776898 4.0 0.31933 0.2515505 6.75 0
0 0 1 0 48.003 40.47766800000001 22.8 0.029548476499999997 0.00274 2.0 0
1 0 0 0 54.46 54.6068 18.2 0.032485927000000005 0.04130999999999999 2.15 0
0 0 0 1 40.429500000000004 59.795015 255.0 0.0 0.0 1.95 0
1 0 0 0 60.0 59.99189 98.0 0.016234179471986653 4.2000000000000004e-05 1.85 0
0 0 0 1 48.581 43.667655 10.0 0.084405 0.082374 2.95 0
0 0 0 1 50.808499999999995 59.9099 15.0 0.026518 0.18929 4.0 0
1 1 1 0 58.35 57.25 101.0 6.8753e-11 0.0 3.0 1
0 0 0 1 49.923 45.057140000000004 22.0 0.0055431 0.1769555 1.65 0
0 0 1 0 50.47849999999999 12.1304 14.0 0.036396 0.4 1.0 0
0 0 0 1 49.4165 44.070565 27.0 0.0018393 0.031823500000000005 2.55 0
0 0 0 1 45.65599999999999 58.7686 14.0 0.039461 0.00352 1.0 0
0 0 0 1 45.92000000000001 44.290800000000004 16.0 0.024053 0.139806 4.2 0
0 0 0 1 45.32449999999999 45.148044999999996 3.0 0.50066 0.0768565 7.8 0
0 0 1 0 46.4155 44.31303 15.7 0.14834729000000002 0.02012 3.0 0
0 0 1 0 57.7325 47.291795 8.5 0.272908985 0.00029 23.0 0
0 1 0 0 48.279 44.47891499999999 18.0 0.01576 0.029111500000000002 1.95 0
0 0 1 1 50.45049999999999 48.19577 14.0 0.0378 0.00217 1.0 0
0 0 0 1 52.696000000000005 50.17121 22.0 0.0057611 0.00661 1.0 0
0 1 0 0 49.7245 43.76 20.95 0.0186474187 0.02599 1.0 0
0 1 0 0 41.0325 0.0 4.35 0.5742076399999999 1.0 1.0 0
1 0 0 0 54.57 55.28694 17.1 0.07737438885 0.046312 1.65 0
0 0 0 1 49.746 24.9915 41.0 6.557e-05 0.01498 3.0 0
0 0 0 1 46.295500000000004 41.49228000000001 6.0 0.25088 0.0900525 4.2 0
0 0 1 0 43.201499999999996 49.6364 13.65 0.13246286000000002 0.0788 2.0 0
0 0 1 0 50.44499999999999 46.962395 6.0 0.19969 0.00458 1.0 0
0 0 0 1 49.298500000000004 44.119895 22.0 0.0059633 0.06897450000000002 2.0 0
0 0 0 1 41.527 31.182401999999996 40.0 7.9661e-05 0.15942 2.0 0
0 0 0 1 46.515499999999996 43.18051500000001 9.0 0.1116 0.17035 4.65 0
0 0 0 1 46.37400000000001 38.6366395 8.0 0.14112 0.08159 2.0 0
0 0 0 1 47.547000000000004 43.842135 23.0 0.0048723 0.06569749999999999 2.25 0
0 0 0 1 47.678999999999995 45.489219999999996 13.0 0.043694 0.23797499999999996 3.05 0
0 0 0 1 47.031499999999994 45.67636 4.0 0.36665 0.15042899999999998 3.4 0
0 0 0 1 49.66100000000001 51.125 14.0 0.033527 0.02287 3.0 0
0 1 0 0 49.02550000000001 59.9815 8.0 0.12864 0.1697555 3.15 0
0 0 0 1 54.56 48.59349999999999 17.0 0.016353 0.0936995 2.4 0
0 1 0 1 47.235 48.6977 31.0 0.00078915 0.0068 3.0 0
0 0 0 1 48.186 50.31188999999999 24.0 0.0038682 4e-05 13.0 0
0 0 1 0 42.2305 45.753525 0.0 1.0 0.00981 8.0 0
0 0 0 1 45.32449999999999 45.148045 3.0 0.49123 0.0936625 6.55 0
1 0 0 0 60.0 59.99189 98.0 0.016234179471986653 4.2000000000000004e-05 1.85 1
0 1 1 0 46.786 58.871 17.25 0.09543957750000001 0.00372 2.0 0
0 0 0 1 45.460499999999996 38.40718149999999 7.0 0.18697 0.140256 3.55 0
0 0 1 0 47.562 33.79386999999999 11.45 0.275680132 0.6738 1.0 0
0 1 0 0 58.846000000000004 59.9363 42.0 0.06657700385074596 0.086004 2.4 0
1 0 0 0 55.84 57.1529 19.7 0.03059834275 0.0394225 2.5 0
0 0 1 0 43.4335 43.148984999999996 15.65 0.05142402 0.39982 2.0 0
0 1 0 1 48.346 59.8333 39.0 0.00012075 6e-05 4.0 0
1 0 0 0 54.87 55.417935 20.1 0.041913316000000006 0.0352945 1.85 0
1 0 0 0 49.83 36.8785365 18.05 0.06548041008 0.1195 2.0 0
0 0 0 1 54.802499999999995 56.640769999999996 56.0 2.0003e-06 0.005773499999999999 2.05 0
0 0 0 1 48.284000000000006 43.741110000000006 20.0 0.0090481 0.058822 2.1 0
0 0 0 1 45.4735 44.431725 14.0 0.039229 0.0759 1.0 0
0 0 0 1 48.565 58.7179 4.0 0.35706 0.31892 16.0 0
0 0 0 1 44.2425 42.452635 3.0 0.46076 0.1038595 5.55 0
0 0 1 0 49.263999999999996 47.35432 14.0 0.034168 0.0 1.0 0
0 0 0 1 47.978500000000004 37.453630499999996 19.0 0.011191 0.090498 3.0 0
0 0 0 1 49.907000000000004 39.855025 18.0 0.013484 0.1348695 2.2 0
0 0 0 1 48.06450000000001 40.339075 15.0 0.029672 0.2274605 2.05 0
1 0 0 0 42.02 31.024205000000006 25.8 0.0177770119195 0.04883900000000001 1.3 0
0 0 0 1 50.368 47.955020000000005 20.0 0.0080846 0.080333 1.9 0
0 0 1 0 55.3035 54.1134 9.6 0.24331845500000004 0.0 22.0 0
0 0 0 1 47.208999999999996 45.261655000000005 35.0 0.00030339 0.0132555 2.55 0
0 0 0 1 40.429500000000004 59.795015 255.0 0.0 0.0 1.95 0
0 0 0 1 49.98499999999999 45.21011000000001 14.0 0.036684 0.00928 2.0 0
0 0 0 1 40.429500000000004 59.795015 255.0 0.0 0.0 1.95 0
1 0 0 0 54.59 55.852019999999996 18.0 0.07968486735 0.047224999999999996 1.65 0
0 0 0 1 49.7265 43.377895 15.0 0.029839 0.191634 2.25 0
0 0 0 1 50.948499999999996 45.07096 23.0 0.0040762 0.157796 2.05 0
1 0 0 0 46.09 37.18293 28.5 0.017630941594342645 0.0416315 2.35 0
0 1 0 1 48.36149999999999 52.3119 18.0 0.014327 0.09435550000000001 2.2 0
0 0 1 0 49.3285 53.84106999999999 7.8 0.40601556099999997 0.02185 8.0 0
0 1 1 0 58.366499999999995 60.0 26.3 0.05120813386550001 0.0012 10.0 0
0 0 0 1 48.0585 35.558620000000005 20.0 0.0085506 0.31717 3.0 0
0 0 0 1 54.69 41.5340245 38.0 0.00013157 0.06434 2.0 0
0 0 1 0 57.75999999999999 53.662915 2.1 0.65096265 1e-05 15.0 0
0 0 0 1 49.89149999999999 52.1791 19.0 0.01124 0.05379 3.0 0
0 0 1 0 47.407000000000004 59.9655 2.0 0.60202 0.0 2.0 0
0 0 0 1 48.090500000000006 45.362489999999994 17.0 0.019775 0.15545 1.0 0
0 0 0 1 44.852 43.937605000000005 14.0 0.03955 0.092798 3.55 0
0 0 0 1 49.381 49.03876 34.0 0.00033316 0.0293 4.0 0
1 0 0 0 44.66 34.522885 24.05 0.017236676169250002 0.059414499999999995 2.05 0
0 0 1 0 53.33 45.764908 4.0 0.3317 0.00346 2.0 0
1 0 0 0 41.25 40.652280000000005 16.65 0.05080003000000001 0.04676 1.0 0
0 0 1 0 53.5005 52.2857 13.25 0.126859585 2e-05 31.0 0
0 0 1 0 45.489 22.469815 10.5 0.25689410500000004 0.76923 1.0 0
0 0 0 1 44.852 43.937605000000005 14.0 0.039438 0.0847185 3.5 0
0 0 0 1 47.849999999999994 43.52711 20.0 0.0090049 0.07110050000000001 1.75 0
0 0 0 1 46.4485 44.776898 4.0 0.32386 0.119941 4.3 0
0 0 1 0 48.00450000000001 54.5714 20.45 0.401951296926 0.0 1.0 0
0 0 0 1 57.2 46.22766 21.0 0.0063274 0.0994555 2.05 0
0 0 1 0 32.42 48.306575 16.1 0.046623265000000004 0.04812 2.0 0
0 1 1 1 48.92550000000001 59.3535 24.0 0.0032536 0.00259 2.0 0
0 0 0 1 45.6635 48.1455 28.0 0.0015581 0.053280499999999995 2.05 0
0 0 0 1 21.09 39.867129999999996 97.0 1.7467e-10 0.1646295 2.1 0
0 0 0 1 48.991 44.674705 11.0 0.067059 0.12611999999999998 5.35 0
0 0 0 1 49.625 45.285844999999995 27.0 0.0018622 0.00764 2.0 0
0 0 1 0 57.56 54.17863 3.7 0.5274955000000001 0.0 16.0 0
1 0 0 1 39.91 46.990535 16.0 0.021406 0.08227 1.75 0
0 0 1 0 49.89 49.179705 52.0 5.6238e-06 0.0 1.0 0
0 0 0 1 49.765499999999996 39.513065 32.0 0.000562 0.00419 3.0 0
0 0 0 1 57.666 58.69863 79.0 1.1508e-08 0.0058275 2.15 0
0 1 0 0 55.01 59.5978 11.85 0.18216322999999998 0.05445000000000001 2.85 0
0 1 0 0 45.489000000000004 5.75 5.05 0.53243189 1.0 1.0 0
0 1 0 0 49.57 34.391495000000006 17.65 0.058917396 0.01197 1.0 0
0 0 0 1 54.028 54.250275 67.0 1.8276e-07 0.024769000000000003 1.85 0
0 0 0 1 49.504000000000005 42.986175 16.0 0.022279 0.101108 2.1 0
0 0 0 1 48.782 48.87298 14.0 0.038079 0.0863 3.0 0
0 1 1 1 49.961 42.7972 16.0 0.022896 4e-05 2.0 0
0 0 1 0 49.8825 48.024395000000005 8.0 0.13751 0.0 1.0 0
0 0 1 1 49.5205 24.2432 22.0 0.006064 1e-05 3.0 0
0 0 1 0 47.06 48.04882 15.75 0.07686644150000001 0.01454 2.0 0
1 1 0 1 27.72 25.1887 14.0 0.039529 0.00109 1.0 0
0 0 0 1 46.448499999999996 44.776898 4.0 0.31746 0.25251950000000006 6.8 0
0 0 0 1 49.162000000000006 22.8504 14.0 0.033973 0.0276 1.0 0
0 0 0 1 57.38 46.11325 14.0 0.036273 0.0970535 2.8 0
0 0 0 1 51.38249999999999 48.20143 46.0 2.4029e-05 0.0202485 2.2 0
0 0 0 1 43.4365 31.874 14.0 0.038866 0.02243 2.0 0
0 1 0 0 47.68 36.6154 9.0 0.10005 0.10595 1.0 0
0 0 1 0 57.7325 50.52250500000001 5.6 0.36967010000000006 0.0 21.0 0
0 1 0 0 35.6625 0.0 4.05 0.6211383300000001 0.9 1.8 0
1 0 0 0 31.35 24.52609 15.85 0.05796616149999999 0.16810750000000002 1.85 0
0 0 0 1 49.717999999999996 59.9593 15.0 0.02739 0.04334 2.0 0
0 0 0 1 43.7655 40.137750000000004 3.0 0.4086 0.10107400000000002 5.6 0
0 0 0 1 50.093500000000006 44.768015 18.0 0.013292 0.02076 1.0 0
0 0 0 1 59.2855 58.622945 134.0 3.9602e-14 0.0 1.65 0
0 0 0 1 48.287 45.267405 30.0 0.00089062 0.0396 2.1 0
0 0 0 1 49.914 44.57084 27.0 0.0019257 0.027532499999999998 2.1 0
0 0 1 1 40.2 45.540925 14.0 0.033331 0.02568 1.0 0
0 0 1 0 52.982499999999995 49.0 6.45 0.5276387490000001 0.00021 13.0 0
0 0 1 0 42.06400000000001 44.357344999999995 16.25 0.06462514635000001 0.13569 1.0 0
0 0 1 0 49.540000000000006 25.8571 20.5 0.29496314264926005 0.0 4.0 0
0 1 0 0 42.21 25.0763 20.35 0.09280213997949999 0.14580500000000002 1.7 0
0 0 0 1 47.052499999999995 47.96992 17.0 0.019109 0.14086500000000005 2.45 0
0 0 0 1 52.93 46.327335 21.0 0.0076024 0.11599949999999996 3.85 0
0 0 0 1 56.33149999999999 54.99870000000001 87.0 1.7336e-09 9.8e-05 1.85 0
0 0 0 1 48.04 46.217439999999996 39.0 0.00010839 0.0571605 2.15 0
1 0 0 0 56.25 58.09465 15.3 0.06265074500000001 0.06379199999999999 1.7 0
1 0 0 0 60.0 59.99189 98.0 0.016234179471986653 4.2000000000000004e-05 1.85 0
0 0 0 1 50.598 48.325644999999994 11.0 0.070228 0.09195 11.0 0
0 0 0 1 43.2595 35.334680000000006 5.0 0.25735 0.21102250000000003 4.35 0
0 0 1 0 58.302 52.8424 54.45 0.13475244650142015 0.0 2.0 0
0 0 1 0 46.370999999999995 25.2857 16.0 0.024006 0.29579 2.0 0
0 0 0 1 45.57900000000001 38.00177000000001 7.0 0.17418 0.10889350000000002 4.0 0
0 0 0 1 48.275999999999996 47.53085 21.0 0.0078046 0.060961 2.45 0
0 0 0 1 52.080999999999996 48.674389999999995 45.0 2.7361e-05 0.0047175 2.45 0
0 0 1 0 45.784499999999994 45.31312500000001 3.0 0.47923 0.0 5.0 0
0 0 0 1 49.462 42.880535 13.0 0.04487 0.14890849999999997 1.8 0
0 0 0 1 56.763 59.795015 198.0 1.4612e-20 0.0 1.9 0
0 0 0 1 49.130500000000005 44.0591 22.0 0.005018 0.03921 2.0 0
1 0 0 0 60.0 59.99189 98.0 0.016234179471986653 4.2000000000000004e-05 1.85 0
0 0 0 1 46.42 46.65636 13.0 0.046798 0.20349650000000002 3.85 0
0 1 0 0 48.1085 57.5952 10.0 0.085787 0.01316 1.0 0
0 0 0 1 48.70249999999999 36.6164655 19.0 0.011302 0.11582499999999998 2.7 0
0 0 1 0 53.178999999999995 60.0 2.0 0.55061 0.0 9.0 0
0 0 1 0 46.829 54.5 25.25 0.09489933979455001 0.00011 2.0 0
0 0 0 1 48.7415 42.25186 15.0 0.031545 0.167372 3.05 0
0 1 0 1 50.4045 44.8639 14.0 0.035015 0.00183 3.0 0
0 0 0 1 49.230999999999995 48.657695000000004 37.0 0.0001705 0.031614 2.6 0
0 0 1 1 40.62 45.130845 18.0 0.014892 0.02519 2.0 0
0 0 0 1 48.9585 54.6243 13.0 0.044804 0.00878 2.0 0
0 0 0 1 44.35 41.698694499999995 36.0 0.00024024 0.07765749999999999 1.85 0
0 0 0 1 46.6195 46.438785 9.0 0.11108 0.1693515 3.45 0
0 1 0 0 49.826499999999996 59.2462 11.0 0.072476 0.00181 9.0 0
0 0 0 1 59.96350000000001 57.510540000000006 126.0 2.02e-13 0.00025 1.65 0
0 0 1 0 55.7405 47.281515 18.4 0.1932207826 3e-05 2.0 0
0 0 0 1 51.4215 60.0 20.0 0.0082332 0.07087 2.0 0
0 0 0 1 45.0065 44.739319 7.0 0.16625 0.222362 4.95 0
0 1 0 1 58.7 41.5078485 22.0 0.0057049 0.120312 1.75 0
1 0 0 0 58.73 59.0581 15.15 0.093475625 0.10958050000000001 3.45 0
0 0 1 0 46.829 49.087 25.25 0.09489933979455 0.00012 2.0 0
0 0 0 1 45.243 22.6786 25.0 0.0027168 0.00513 3.0 0
0 1 0 0 50.35447767066693 44.52678267539525 24.651144857041167 0.09658699853529934 0.10095995499099822 3.9706941388277657 0
0 0 0 1 49.233999999999995 46.800255 23.0 0.0045797 0.07676350000000001 1.8 0
0 0 0 1 48.738 49.614124999999994 16.0 0.024514 0.0889205 2.45 0
0 0 1 0 57.641000000000005 52.727845 13.0 0.48482393000011614 0.0 12.0 0
0 0 0 1 45.0415 42.6057 13.0 0.049935 0.07506949999999998 2.4 0
0 0 0 1 47.031499999999994 45.67636 4.0 0.36678 0.1445095 4.35 0
0 0 1 0 59.947500000000005 58.182465 81.15 0.05852936627391324 0.0 1.0 0
0 0 1 0 44.203500000000005 19.2698 8.0 0.14259 0.03949 1.0 0
0 0 0 1 44.45 49.53268 23.0 0.0046911 0.030461000000000005 2.0 0
0 0 0 1 50.808499999999995 42.5365315 15.0 0.026416 0.02098 3.0 0
0 0 0 1 50.199999999999996 49.37970500000001 20.0 0.0085317 0.0479575 2.75 0
0 1 0 0 48.2385 20.4167 15.0 0.030717 0.00383 1.0 0
0 0 0 1 45.528999999999996 46.203269999999996 13.0 0.043312 0.162809 3.15 0
0 0 0 1 57.63 48.120815 23.0 0.0048032 0.056801000000000004 2.35 0
0 0 1 0 49.1955 41.52165000000001 19.4 0.0933257365 0.00694 2.0 0
0 0 0 1 45.579 38.00177 7.0 0.17436 0.1071995 3.9 0
0 0 0 1 51.3 45.743405 14.0 0.032308 0.10565050000000001 2.8 0
1 0 0 0 44.7 34.522885 24.35 0.01785062811925 0.047563 2.05 0
0 0 0 1 48.766 47.04651 15.0 0.026239 0.15992550000000003 2.65 0
0 1 0 0 53.894000000000005 54.7015 20.3 0.08569572557539999 0.071518 3.95 0
0 0 0 1 43.2595 35.334680000000006 5.0 0.2538 0.1949715 4.4 0
0 0 0 1 48.126999999999995 43.207454999999996 13.0 0.042032 0.0726 2.0 0
0 0 0 1 50.9365 48.60585 11.0 0.066667 0.47169 21.0 0
0 1 0 0 49.5085 45.9878 63.0 4.5336e-07 0.0 1.0 0
0 0 0 1 46.150999999999996 48.32506 17.0 0.016248 0.06688799999999999 1.9 0
0 0 1 0 46.6455 48.171655 19.2 0.12695679045000002 0.00116 3.0 0
0 1 0 0 55.391000000000005 56.0635 14.8 0.15294067185 0.0220265 4.5 0
0 0 0 1 57.495000000000005 57.086545 92.0 5.7827e-10 5.000000000000001e-07 1.9 0
0 0 0 1 33.61 45.743404999999996 14.0 0.031973 0.10646150000000001 2.65 0
0 0 1 0 26.91 37.327555000000004 16.0 0.13885624654 0.10697 1.0 0
0 0 1 0 49.81850000000001 45.151275 0.0 1.0 0.0 15.0 0
0 1 0 1 48.98649999999999 22.7184 18.0 0.013931 0.01637 2.0 0
1 0 0 0 60.0 59.99189 98.0 0.016234179471986653 4.2000000000000004e-05 1.85 0
0 0 1 0 44.07450000000001 43.020445 15.05 0.09357287249999999 0.13408 2.0 0
1 0 0 0 59.54 59.38663499999999 57.55 0.033055329949106406 0.06679049999999999 3.6 0
0 0 0 1 48.57149999999999 50.606649999999995 15.0 0.026118 0.15107949999999998 2.3 0
1 0 0 0 58.15 58.732854999999994 19.6 0.042145647648700005 0.0842115 2.3 0
0 0 0 1 51.3965 40.99071 18.0 0.013441 0.1466545 2.35 0
0 0 0 1 47.925000000000004 39.84649999999999 20.0 0.0091828 0.082591 2.1 0
0 0 0 1 50.418499999999995 50.790075 51.0 7.0004e-06 0.040699 2.0 0
0 0 0 1 47.529999999999994 50.472455000000004 42.0 5.2337e-05 0.038407000000000004 2.95 0
0 0 0 1 58.824 58.45377499999999 106.0 2.0836e-11 0.0 1.95 0
0 1 0 0 40.71950000000001 0.0 0.0 0.89822 1.0 1.0 0
0 0 1 0 46.197500000000005 49.57382 5.0 0.29568 0.0 2.0 0
0 0 1 0 59.79 53.76263499999999 2.9 0.6912450840000001 0.0 10.0 0
0 0 0 1 44.75900000000001 44.579840000000004 14.0 0.032168 0.1138825 2.05 0
0 0 1 1 20.87 32.08078100000001 4.0 0.31672 0.3392 2.0 0
0 0 0 1 49.257000000000005 48.252725000000005 26.0 0.002294 0.1437485 1.7 0
0 0 0 1 45.3725 42.140565 31.0 0.00065813 0.01031 2.0 0
0 0 0 1 49.882000000000005 44.386300000000006 30.0 0.00093567 0.0188405 1.85 0
0 0 0 1 48.812 44.15959000000001 33.0 0.0004814 0.022029 2.1 0
0 0 0 1 42.924499999999995 30.6374 3.0 0.40138 0.11048249999999997 4.0 0
0 0 0 1 48.610499999999995 46.500834999999995 22.0 0.0060796 0.115747 2.45 0
0 0 0 1 47.658 39.01323 22.0 0.005373 0.1077485 2.0 0
0 0 0 1 47.58399999999999 40.837509999999995 15.0 0.029477 0.15768600000000002 1.9 0
0 0 1 0 56.48350000000001 49.74688999999999 43.55 0.09674010418884413 1e-05 4.0 0
0 0 0 1 49.2565 44.34134999999999 14.0 0.03445 0.093827 3.25 0
0 0 0 1 44.505 44.342425 17.0 0.017648 0.113205 2.25 0
0 0 0 1 48.824 48.122065 26.0 0.0021975 0.057956999999999995 2.05 0
1 0 0 0 58.59 58.922025 14.45 0.12562069999999997 0.09877099999999998 3.45 0
0 0 0 1 48.32550000000001 41.0957 15.0 0.029175 0.20954899999999999 2.4 0
0 0 1 0 47.609 41.4444 13.0 0.044161 0.0 11.0 0
0 0 1 0 45.26 41.17140500000001 18.7 0.104845589 0.00695 2.0 0
0 0 0 1 45.9165 44.13875 25.0 0.0028015 0.056549499999999996 2.15 0
0 0 0 1 51.213499999999996 46.86032000000001 23.0 0.0045259 0.0972045 1.9 0
0 0 0 1 45.946 40.250685 25.0 0.0028944 0.068895 2.0 0
1 0 0 0 46.8 38.081869999999995 18.0 0.065645243 0.088573 2.05 0
1 1 1 1 60.0 59.8261 24.0 0.0032114 0.00152 2.0 1
0 0 0 1 48.407 42.989895000000004 18.0 0.014044 0.0803255 1.85 0
0 0 0 1 50.672999999999995 49.3461315 32.0 0.00050619 0.048634500000000004 2.05 0
0 0 0 1 50.18749999999999 44.674705 11.0 0.063521 0.10465150000000001 4.65 0
0 0 0 1 48.711 48.23039 31.0 0.00070945 0.020938500000000002 2.05 0
1 0 0 0 60.0 59.99189 98.0 0.016234179471986653 4.2000000000000004e-05 1.85 0
1 0 0 0 59.82 59.67523 80.1 0.0032453058039539767 0.0116125 2.7 0
0 0 0 1 49.847500000000004 45.62900500000001 21.0 0.0073039 0.125786 2.05 0
0 0 0 1 48.740500000000004 46.427865000000004 11.0 0.069021 0.1389305 3.25 0
0 0 0 1 55.5265 54.66567 55.0 2.5738e-06 0.0042179999999999995 2.4 0
0 0 0 1 49.7135 39.435680000000005 18.0 0.013581 0.09665950000000001 2.15 0
0 0 0 1 46.483999999999995 50.893 28.0 0.001523 0.038955000000000004 2.1 0
0 0 0 1 43.25950000000001 35.334680000000006 5.0 0.26 0.18158899999999997 5.7 0
1 0 0 0 58.05 58.481905 20.25 0.042964225148700005 0.0774825 2.7 0
0 0 0 1 54.028 57.62235999999999 68.0 1.4463e-07 0.024768500000000002 2.55 0
0 0 0 1 46.91 39.557145 8.0 0.15576 0.17034199999999997 4.5 0
0 0 0 1 45.1415 45.95666 13.0 0.043504 0.18867899999999999 3.25 0
0 0 0 1 44.004000000000005 50.411874999999995 13.0 0.046593 0.1414045 3.55 0
0 0 0 1 59.159499999999994 58.381245 94.0 3.3893e-10 0.0 1.9 0
0 0 0 1 51.212 47.28766 12.0 0.050856 0.056430499999999995 2.1 0
0 0 0 1 49.7995 45.86222 30.0 0.00086163 0.0337395 2.1 0
0 0 1 0 46.5375 48.732695 5.0 0.30698 0.0 5.0 0
0 0 0 1 49.882 44.271515 30.0 0.00089886 0.039813 2.1 0
0 0 0 1 47.8295 43.6567 16.0 0.021803 0.1153605 1.95 0
0 1 1 1 48.8895 58.3842 81.0 7.2441e-09 0.0 1.0 0
1 0 0 0 45.93 37.59731000000001 18.4 0.0600876277 0.032341 1.85 0
0 0 0 1 46.732000000000006 42.26304499999999 20.0 0.0098333 0.06780299999999999 2.5 0
0 0 1 0 45.103 42.396969999999996 16.25 0.07587277499999999 0.03833 2.0 0
0 0 0 1 48.00599999999999 45.17367499999999 18.0 0.015465 0.1009965 1.45 0
1 0 0 0 59.31 58.97516 41.15 0.12201086229918982 0.0787785 3.7 0
0 1 0 0 43.44949999999999 37.6447565 17.6 0.05133275768000001 0.11624 2.0 0
0 0 0 1 52.089 50.619845 12.0 0.053377 0.035917 5.1 0
0 0 0 1 49.401 36.969015 6.0 0.20468 0.1047185 6.2 0
1 1 1 0 60.0 60.0 66.0 2.2975e-07 0.0 1.0 1
0 0 0 1 51.78099999999999 48.01661 20.0 0.0087623 0.074558 2.7 0
0 0 1 0 27.32 39.47029 3.0 0.41253 0.03232 2.0 0
0 0 0 1 44.873000000000005 46.05526 17.0 0.017716 0.0814095 3.65 0
0 0 0 1 44.593 44.65961 5.0 0.31002 0.11853799999999999 4.8 0
0 0 0 1 44.3455 56.246 2.0 0.50692 0.27369 3.0 0
0 0 0 1 48.24300000000001 39.86158 16.0 0.022657 0.1038905 3.4 0
0 1 0 1 50.8 50.5804 23.0 0.0041881 0.13966949999999997 1.9 0
0 0 0 1 43.2595 35.334680000000006 5.0 0.25578 0.15629900000000002 5.0 0
0 0 0 1 51.189499999999995 41.683687500000005 15.0 0.02639 0.20603 2.0 0
0 0 0 1 48.4705 44.293834999999994 15.0 0.02903 0.20245800000000003 2.45 0
0 0 1 0 52.16450000000001 47.988775000000004 18.65 0.05805905250000001 0.00976 3.0 0
1 1 1 1 60.0 60.0 20.0 0.0083083 0.00403 2.0 1
1 1 1 1 60.0 60.0 44.0 3.4067e-05 1e-05 1.0 1
0 0 0 1 48.1565 50.78614499999999 15.0 0.026164 0.159113 2.55 0
0 0 0 1 40.429500000000004 59.795015 255.0 0.0 0.0 1.95 0
0 1 1 1 52.397000000000006 60.0 46.0 2.0201e-05 0.0 4.0 1
0 0 0 1 48.168000000000006 41.575026 8.0 0.15556 0.2302 2.0 0
0 0 0 1 47.658500000000004 43.634215 13.0 0.047708 0.12187 4.0 0
0 0 0 1 48.48049999999999 44.407065 21.0 0.0063552 0.11144250000000003 2.0 0
0 0 0 1 48.751 48.719285 24.0 0.0032226 0.08068499999999999 2.0 0
0 0 0 1 50.2075 44.347995 18.0 0.013804 0.03428 1.0 0
0 0 0 1 43.25950000000001 35.334680000000006 5.0 0.26087 0.1660455 5.85 0
0 0 0 1 45.3245 44.066885 3.0 0.47767 0.09765399999999999 4.4 0
0 0 0 1 36.37 44.93785999999999 20.0 0.0080608 0.1547505 2.05 0
0 1 0 0 45.489000000000004 5.75 5.05 0.53243189 1.0 1.0 0
0 0 0 1 44.27 47.227594999999994 14.0 0.03523 0.13847550000000003 2.7 0
0 0 0 1 48.112 51.625 17.0 0.016818 0.065851 1.75 0
1 0 0 0 44.61 34.403645 19.75 0.035591955 0.046241 2.25 0
0 0 0 1 49.13799999999999 44.321369999999995 16.0 0.021668 0.09095600000000001 1.95 0
0 1 0 0 50.732 37.931 30.0 0.00090014 0.00379 1.0 0
0 0 1 0 49.1645 59.15 20.0 0.0087944 0.0 2.0 0
0 0 1 0 51.6765 48.608345 21.15 0.2279655792 0.00035 3.0 0
0 0 0 1 31.75 5.9 16.0 0.023863 1.0 1.0 0
1 0 0 0 60.0 59.99189 98.0 0.016234179471986653 4.2000000000000004e-05 1.85 0
0 0 0 1 49.882000000000005 43.326805 30.0 0.00096919 0.021703999999999998 1.8 0
1 1 1 0 60.0 59.76 65.0 2.7167e-07 0.0 3.0 1
0 0 0 1 47.033 44.672670000000004 14.0 0.03339 0.15017350000000002 2.65 0
0 0 0 1 49.914 42.913735 27.0 0.0018531 0.0318815 2.4 0
1 0 0 0 49.78 43.581635 20.2 0.0507020822235 0.056295499999999984 1.8 0
0 0 0 1 47.4865 46.450715 19.0 0.012522 0.09614250000000002 2.3 0
0 1 1 0 54.918000000000006 60.0 21.15 0.04060483037800001 0.00039 2.0 0
0 0 0 1 47.86899999999999 48.469145000000005 13.0 0.042219 0.17331599999999997 2.6 0
0 0 1 0 44.75449999999999 39.77908 14.3 0.09469225 0.08416 1.0 0
0 0 0 1 47.4865 46.450715 19.0 0.01243 0.08119 2.35 0
0 1 0 0 54.62949999999999 55.3649 12.85 0.1488532035 0.1112155 4.4 0
0 0 1 0 44.5345 17.1053 15.7 0.0527493325 0.03028 2.0 0
0 0 0 1 48.133500000000005 50.478899999999996 41.0 7.1923e-05 0.0773665 1.9 0
0 0 0 1 59.932500000000005 59.148435000000006 111.0 6.6525e-12 0.0 2.05 0
0 1 0 1 46.48 40.97054 13.0 0.04575 0.05215 1.0 0
0 0 0 1 49.212 49.41635 37.0 0.00016608 7e-05 2.0 0
0 0 0 1 48.741499999999995 42.25186000000001 15.0 0.031267 0.097471 2.65 0
0 0 0 1 45.9745 51.06358 25.0 0.0026053 0.076474 3.45 0
0 0 1 0 50.443999999999996 46.90222 27.0 0.0019265 0.00487 2.0 0
0 0 1 1 44.08299999999999 46.532802999999994 16.0 0.023325 0.02275 2.0 0
1 1 1 1 60.0 60.0 56.0 2.3422e-06 0.0 1.0 1
0 0 0 1 47.1545 42.14179 2.0 0.51948 0.13316500000000003 4.95 0
0 0 0 1 45.0415 42.6057 13.0 0.049675 0.082597 1.95 0
0 0 0 1 46.91 39.557145 8.0 0.15451 0.17674450000000003 2.4 0
0 1 0 0 45.76699999999999 55.7949 7.0 0.16134 0.10583 4.0 0
0 0 1 0 45.0165 49.04784 5.0 0.27315 0.0 6.0 0
1 0 0 0 60.15 59.994499999999995 80.8 0.012898632390023076 0.0260265 1.9 0
0 0 0 1 55.77 47.024379999999994 17.0 0.017703 0.14848 3.0 0
0 0 0 1 50.715999999999994 47.57895499999999 12.0 0.06226 0.17435450000000002 2.5 0
0 0 1 0 49.321 43.589285000000004 8.0 0.13309 0.04999 4.0 0
0 0 0 1 52.3725 46.462745 44.0 3.7148e-05 0.031429 2.05 0
0 0 1 0 46.286 41.878184999999995 19.7 0.0530504575 0.05054 1.0 0
0 0 1 0 57.34 44.62594500000001 15.0 0.12574176999999997 0.00328 4.0 0
0 1 1 1 50.903999999999996 46.931963 16.0 0.022633 0.00575 4.0 0
0 0 0 1 48.2555 43.62117 6.0 0.23077 0.16340500000000002 5.4 0
1 0 0 0 40.34 49.87468 11.0 0.075345 0.120789 5.75 0
0 0 0 1 55.85350000000001 57.38250000000001 76.0 2.085e-08 0.00019850000000000003 1.7 0
0 1 0 1 49.054 41.926855 33.0 0.00041129 0.026631500000000002 2.0 0
0 0 1 0 44.9065 52.04372000000001 1.0 0.68931 2e-05 6.0 0
0 0 0 1 57.107499999999995 59.11505999999999 116.0 2.4482e-12 0.0 2.2 0
0 0 0 1 52.74 48.811965 29.0 0.001007 0.053059999999999996 2.1 0
0 0 0 1 47.26 47.51687 31.0 0.00071715 0.0261455 1.65 0
0 0 0 1 50.4365 44.85242000000001 21.0 0.0072302 0.11609850000000002 2.05 0
1 0 1 0 43.59 46.0663 16.5 0.0541016925 0.09839 3.0 0
0 0 0 1 46.469 43.505129999999994 7.0 0.1957 0.03061 3.0 0
0 0 1 0 47.30150000000001 47.82721 14.7 0.09080616500000001 0.01575 2.0 0
1 0 0 0 60.0 59.99189 98.0 0.016234179471986653 4.2000000000000004e-05 1.85 1
0 0 0 1 45.460499999999996 38.4789215 7.0 0.19939 0.20124499999999998 3.8 0
1 0 0 0 47.45 38.57437 17.4 0.073214832005 0.072153 2.25 0
0 0 0 1 52.136 42.93785 23.0 0.0043761 0.12259850000000001 2.25 0
0 0 0 1 47.01950000000001 43.445235 14.0 0.034005 0.10536850000000002 3.05 0
1 0 0 0 59.55 59.328065 57.55 0.033055329949106406 0.0667905 3.6 0
0 0 0 1 58.54350000000001 60.0 14.0 0.035306 0.08910149999999999 3.5 0
0 0 0 1 51.2765 34.347625 6.0 0.21429 0.34737 4.0 0
0 0 0 1 48.830999999999996 44.071395 16.0 0.022089 0.1209895 3.15 0
1 0 0 0 37.79 26.25794 2.0 0.5707 0.26567 2.0 0
0 0 0 1 46.0075 36.913 20.0 0.009703 0.0970155 2.1 0
1 0 0 0 60.0 59.99189 98.0 0.016234179471986653 4.2000000000000004e-05 1.85 0
0 1 0 0 52.3985 43.4231 4.15 0.65957154 9e-05 10.0 0
1 0 0 0 55.35 55.41948500000001 20.1 0.0415086845 0.048302 1.55 0
0 0 0 1 48.794500000000006 46.916039999999995 19.0 0.010041 0.10274150000000001 2.9 0
0 1 0 0 55.7405 47.281515 18.4 0.1932207826 3e-05 2.0 0
0 0 1 0 47.727500000000006 45.612519999999996 19.35 0.14018436055 0.00096 2.0 0
0 0 0 1 49.914 44.57084 27.0 0.0019339 0.027532499999999998 2.1 0
1 0 0 0 37.47 47.845605 15.5 0.16936189378499997 0.27203 2.0 0
1 0 0 0 58.37 58.74586999999999 25.9 0.04730256000369539 0.10202799999999998 3.0 0
1 0 0 0 60.0 59.99189 98.0 0.016234179471986653 4.2000000000000004e-05 1.85 0
1 0 0 0 60.0 59.99189 98.0 0.016234179471986653 4.2000000000000004e-05 1.85 0
0 0 0 1 55.605 60.0 143.0 4.7341e-15 0.0 1.8 0
0 0 0 1 50.796 48.379075 14.0 0.037334 0.02939 5.0 0
0 0 0 1 49.7995 44.909949999999995 30.0 0.00086199 0.030237999999999998 2.15 0
0 0 0 1 40.99 43.644574999999996 14.0 0.033292 0.14585150000000002 2.65 0
0 0 0 1 50.84349999999999 45.149105000000006 14.0 0.034889 0.14912250000000002 3.2 0
1 0 0 0 42.64 38.048320000000004 3.0 0.41228 0.19327750000000002 6.5 0
0 1 0 0 43.5 29.6774 1.0 0.69956 0.00914 2.0 0
0 0 0 1 48.18250000000001 39.55018 13.0 0.048274 0.14118 1.0 0
0 0 0 1 48.458 50.50155149999999 15.0 0.027655 0.0758635 3.55 0
0 1 0 0 59.8165 60.0 77.45 0.11056534417043737 0.0 1.0 0
1 0 0 0 57.41 58.95153999999999 15.65 0.11280849000000001 0.0806705 2.25 0
0 0 1 0 47.1305 43.98128 18.45 0.0962025855 0.00257 3.0 0
0 0 0 1 51.943 55.11143500000001 59.0 1.0019e-06 0.023294500000000003 1.95 0
0 0 0 1 50.356500000000004 50.21256999999999 17.0 0.018431 0.07667150000000002 1.95 0
0 0 0 1 47.027499999999996 47.853134999999995 29.0 0.0011478 0.11909950000000005 1.65 0
0 1 0 0 48.649 23.9559 16.55 0.182900976 0.00087 1.0 0
1 1 0 1 38.1 7.09375 25.0 0.0030706 1.0 3.0 0
1 1 1 1 60.0 60.0 33.0 0.000463 0.0001 2.0 1
0 0 0 1 43.657000000000004 59.795015 216.0 2.4914e-22 0.0 1.95 0
0 0 0 1 48.688 37.670715 10.0 0.081277 0.1542365 3.0 0
1 0 0 0 53.39 44.722409999999996 8.0 0.12786 0.18045850000000002 2.95 0
0 1 0 0 35.6625 0.0 4.05 0.6211383300000001 0.9 1.8 0
1 1 1 0 60.0 60.0 92.0 5.7343e-10 0.0 4.0 1
0 0 0 1 43.898500000000006 44.579840000000004 14.0 0.031898 0.11477650000000002 2.4 0
0 0 1 0 55.04 42.004355000000004 25.35 0.025451685319649996 0.00812 3.0 0
0 0 0 1 47.8335 48.286109999999994 29.0 0.0010511 0.046552500000000004 2.1 0
0 0 0 1 44.593 44.65961 5.0 0.30271 0.218818 5.15 0
0 0 0 1 51.107000000000006 40.97278 18.0 0.013468 0.143255 2.2 0
0 0 0 1 48.751 48.515085000000006 24.0 0.0032689 0.06606999999999999 2.35 0
0 0 0 1 40.23 44.21161 18.0 0.014064 0.12658300000000003 1.9 0
0 0 1 0 49.47 36.3633465 19.25 0.027242094499999998 0.01112 1.0 0
0 0 0 1 45.57900000000001 38.289604999999995 7.0 0.17449 0.13072849999999997 4.2 0
0 0 1 0 49.359 49.00622500000001 4.0 0.33068 0.00067 3.0 0
1 1 1 1 60.0 59.8652 29.0 0.0012523 0.00027 1.0 1
1 0 0 0 52.18 40.4444 5.0 0.25556 0.10855 1.0 0
0 0 1 0 48.92200000000001 46.955385 23.0 0.0045822 0.00046 2.0 0
0 0 0 1 47.102000000000004 59.8907 33.0 0.00049925 0.00754 1.0 0
0 0 0 1 57.31 46.479675 19.0 0.011612 0.10607650000000002 2.0 0
0 0 0 1 44.051500000000004 45.347494999999995 36.0 0.00021304 0.05704 2.0 0
0 0 1 0 48.756 51.5263 7.0 0.19732 6e-05 5.0 0
0 0 0 1 50.2735 60.0 25.0 0.0026916 0.10477 1.0 0
0 0 0 1 47.9275 39.859320000000004 9.0 0.10369 0.11570899999999999 3.45 0
0 0 0 1 40.429500000000004 59.795015 225.0 2.6423e-23 0.0 1.95 0
0 0 0 1 47.3075 59.9862 39.0 0.00011887 0.00132 1.0 0
0 0 1 0 43.99 41.203456 15.9 0.0965062960945 0.1958 2.0 0
1 0 0 0 47.38 38.57437 19.45 0.030837640647 0.051800999999999986 2.4 0
0 1 0 1 48.081 46.500835 22.0 0.0062726 0.118592 2.15 0
0 0 1 0 45.364999999999995 42.07311049999999 16.35 0.0432066235 0.03712 3.0 0
0 0 1 0 44.649 32.22277 16.75 0.044122602 0.0431 1.0 0
0 0 0 1 47.445499999999996 47.383244999999995 19.0 0.010291 0.09379499999999999 2.5 0
0 0 0 1 46.09400000000001 47.97502 21.0 0.0067643 0.09603149999999999 2.3 0
0 0 0 1 47.9645 42.658855 13.0 0.045714 0.14256 5.0 0
0 0 0 1 52.201499999999996 42.17536 23.0 0.0042494 0.104297 2.05 0
1 0 0 0 60.03 59.970775 55.85 0.00023647019871885243 0.00020999999999999998 1.8 0
0 0 0 1 48.4685 45.460300000000004 23.0 0.0046045 0.047215999999999994 1.95 0
0 0 1 0 49.87 48.024395 3.0 0.48372 0.0 1.0 0
0 0 0 1 46.91 39.557145 8.0 0.15455 0.17674450000000003 2.4 0
1 0 0 1 59.95 59.7682 17.0 0.016698 0.00731 3.0 0
0 0 0 1 47.169 41.678444999999996 4.0 0.38182 0.0685195 5.0 0
0 0 0 1 45.8925 30.755396 33.0 0.00043017 0.09033 2.0 0
0 0 1 0 46.1905 46.80502499999999 15.55 0.07908274500000001 0.09855 3.0 0
0 0 1 0 59.4 47.710065 23.9 0.12280875584999999 5e-05 3.0 0
0 0 0 1 49.197500000000005 45.580415 17.0 0.015874 0.02728 3.0 0
1 0 0 0 51.57 49.91602 16.75 0.06831565 0.071335 2.3 0
0 0 0 1 49.008 46.854368 16.0 0.024767 0.06447 2.0 0
0 0 0 1 49.644999999999996 48.407375 14.0 0.034748 0.110178 3.9 0
0 0 1 0 38.33 44.58647499999999 17.45 0.03680528250000001 0.03983 2.0 0
0 1 1 1 49.230500000000006 60.2597 27.0 0.0018469 0.00101 5.0 0
1 0 1 1 52.95 44.47498649999999 15.0 0.028611 0.0052 2.0 0
0 0 0 1 49.2055 48.78511999999999 19.0 0.011945 0.13096499999999997 2.4 0
0 0 0 1 46.894 50.478899999999996 41.0 6.6475e-05 0.07548950000000001 2.4 0
0 0 1 0 47.495999999999995 43.523051499999994 10.0 0.095318 0.03177 2.0 0
0 0 0 1 48.9525 31.3333 17.0 0.016062 0.03593 1.0 0
0 0 0 1 50.103500000000004 48.28537 26.0 0.0022747 0.14005350000000003 1.7 0
0 0 0 1 49.4945 45.1838805 15.0 0.025142 0.15134150000000002 1.55 0
0 0 0 1 48.01049999999999 48.70754 1.0 0.63333 0.09635 6.35 0
1 1 1 0 60.0 60.0 173.0 4.8643e-18 0.0 1.0 1
0 0 1 0 48.00450000000001 58.6462 24.7 0.23030152401600007 0.00011 1.0 0
0 1 1 0 47.852 58.8625 42.0 6.2829e-05 0.00028 1.0 0
1 1 1 0 60.0 60.0 58.0 1.2813e-06 0.0 2.0 1
0 0 0 1 44.4105 55.695 25.0 0.0026767 0.07119 3.0 0
0 0 1 0 44.765 48.56005 0.0 0.86208 0.0 8.0 0
0 0 0 1 49.910000000000004 45.17474 21.0 0.0071039 0.0601495 2.35 0
0 0 0 1 40.61 34.5204 20.0 0.0093102 0.08734 2.75 0
0 0 0 1 49.321 45.92928499999999 8.0 0.15152 0.04012 4.0 0
0 0 0 1 50.76549999999999 49.16955 14.0 0.037761 0.1442175 4.45 0
0 0 0 1 48.995999999999995 45.966944999999996 24.0 0.0033877 0.00789 2.0 0
1 1 1 1 60.0 60.0 32.0 0.00051241 0.00013 1.0 1
0 0 1 0 58.302 52.8424 54.45 0.13475244650142015 0.0 2.0 0
0 0 1 0 57.7325 44.50883499999999 5.8 0.375840915 2e-05 32.0 0
0 0 1 0 50.152 43.198699999999995 14.7 0.10207751300000001 0.03229 4.0 0
1 1 1 0 60.0 60.0 110.0 8.6663e-12 0.0 3.0 1
1 0 0 0 56.41 57.93622999999999 15.7 0.08438045150000001 0.06580749999999999 2.35 0
0 0 1 0 50.944 46.534725 14.6 0.1220875588 0.02591 5.0 0
1 0 0 0 50.04 44.57851 24.3 0.027629602421499998 0.068556 1.95 0
0 0 1 0 47.764500000000005 48.517335 0.0 0.99718 0.0 2.0 0
0 1 1 1 45.18 39.1629 27.0 0.001915 0.00255 2.0 0
0 0 0 1 57.86 58.78884000000001 164.0 3.9294e-17 0.0 1.65 0
1 0 0 0 59.85 59.700900000000004 82.05 0.003726106507273977 0.011079499999999999 2.65 0
0 1 1 0 34.9 22.5897 10.0 0.096881 0.02138 1.0 0
0 0 0 1 48.663 49.614125 16.0 0.024574 0.092361 2.25 0
0 0 1 1 47.49249999999999 45.00314 17.0 0.019197 0.01011 1.0 0
0 0 0 1 51.3445 40.949005 18.0 0.013418 0.139425 2.3 0
0 0 0 1 46.785000000000004 38.812335 18.0 0.01454 0.081977 2.25 0
0 0 0 1 44.48500000000001 39.15865 9.0 0.11765 0.150387 3.6 0
0 0 0 1 44.597500000000004 36.5397665 7.0 0.18347 0.141131 5.9 0
0 0 1 0 47.194 48.439035000000004 20.15 0.06214357234999999 0.00854 1.0 0
0 0 0 1 46.1565 42.42261 8.0 0.14424 0.137408 3.2 0
0 0 0 1 45.527499999999996 44.403122999999994 16.0 0.02066 0.126515 2.35 0
0 0 0 1 51.859 44.29129 13.0 0.041598 0.08632 2.0 0
0 0 0 1 48.392500000000005 40.204445 13.0 0.045687 0.06843 1.0 0
0 0 0 1 46.4485 44.776898 4.0 0.32308 0.13238100000000003 5.05 0
0 0 0 1 49.57299999999999 41.81451 15.0 0.028884 0.091021 1.95 0
0 0 0 1 47.17 18.8929 2.0 0.53985 0.19529800000000003 5.65 0
0 0 0 1 56.763 59.795015 201.0 7.908599999999999e-21 0.0 1.9 0
0 0 0 1 44.593 45.93743500000001 5.0 0.30144 0.1989165 4.7 0
0 0 1 0 44.4645 17.1538 0.0 0.84786 0.12238 3.0 0
0 1 0 0 50.50899999999999 46.24600500000001 12.0 0.059405 0.07797299999999999 3.95 0
0 0 0 1 45.9745 51.063579999999995 25.0 0.0026194 0.07622999999999999 3.5 0
0 0 0 1 47.28000000000001 59.8154 17.0 0.016338 0.0879095 2.45 0
0 1 0 0 50.35447767066693 44.52678267539525 24.651144857041167 0.09658699853529934 0.10095995499099822 3.9706941388277657 0
0 0 0 1 48.4905 44.026855 16.0 0.024242 0.11694449999999998 3.15 0
0 0 0 1 51.6 60.0 25.0 0.0030585 0.00126 2.0 0
0 0 0 1 46.4485 44.776898 4.0 0.32308 0.13238100000000003 5.05 0
0 0 0 1 44.6865 39.84414 17.0 0.017294 0.10421449999999999 2.65 0
0 0 0 1 56.06 43.831889999999994 11.0 0.068133 0.11088 1.0 0
0 1 0 0 41.0325 7.0 7.75 0.330803265 1.0 1.0 0
0 0 0 1 47.071999999999996 38.3260105 5.0 0.28079 0.10795000000000002 2.55 0
1 0 0 0 50.69 47.49826 18.9 0.06861993500133455 0.057907 2.1 0
0 1 0 0 44.617999999999995 11.625 7.75 0.2378399 1.0 4.0 0
0 1 0 1 54.23 48.489 22.0 0.0054416 0.00033 2.0 0
1 0 0 0 53.92 52.44354499999999 18.15 0.07672468565500001 0.071417 1.95 0
0 0 0 1 43.7655 40.137750000000004 3.0 0.39912 0.1206855 4.35 0
0 0 0 1 49.4945 45.1838805 15.0 0.025301 0.14655999999999997 1.6 0
0 0 0 1 48.593 44.405964999999995 14.0 0.032877 0.15958499999999998 1.95 0
1 0 0 0 54.75 40.631 18.6 0.07285712994999997 0.03886 1.0 0
0 1 0 1 47.9275 40.795835 9.0 0.10377 0.11570900000000002 3.45 0
0 1 0 0 47.751000000000005 0.0 4.0 0.36204 1.0 3.0 0
0 0 0 1 56.18 50.93061 19.0 0.010395 0.084739 3.35 0
0 0 0 1 45.718999999999994 44.507308 16.0 0.020244 0.13412549999999998 2.65 0
0 0 0 1 50.2495 44.1212115 15.0 0.028458 0.67003 2.0 0
0 1 0 0 50.35447767066693 44.52678267539525 24.651144857041167 0.09658699853529934 0.10095995499099822 3.9706941388277657 0
0 0 0 1 52.84 42.731134999999995 20.0 0.0090499 0.09269 2.05 0
0 0 1 0 49.3285 53.68411 11.25 0.33737486599999994 0.00093 8.0 0
0 0 0 1 50.545500000000004 45.82327500000001 24.0 0.0036351 0.0905865 3.2 0
0 0 0 1 51.804500000000004 43.09255 13.0 0.040501 0.59257 5.0 0
0 0 0 1 53.327999999999996 47.431065000000004 47.0 1.598e-05 0.025160500000000002 1.6 0
0 0 0 1 56.16 49.779365 29.0 0.0011181 0.11494400000000002 2.15 0
0 0 0 1 49.1535 49.15729 38.0 0.00013741 0.0358925 2.5 0
0 1 0 0 55.79 57.5955 17.2 0.10162755305000001 0.08430950000000001 4.55 0
0 0 0 1 47.42 41.57338849999999 13.0 0.048589 0.12876349999999998 3.1 0
0 0 0 1 50.15849999999999 45.8596 14.0 0.035473 0.0187 1.0 0
0 0 0 1 51.8045 46.049969999999995 13.0 0.040658 0.18637 1.0 0
0 0 1 0 45.832499999999996 45.07413 16.3 0.0578500815 0.04147 2.0 0
1 0 0 1 47.95 38.002325000000006 30.0 0.00095941 0.07945 1.0 0
0 0 0 1 49.2375 43.24556199999999 18.0 0.012896 0.090998 2.9 0
0 0 0 1 49.30149999999999 42.90243 24.0 0.0032169 0.38763 1.0 0
0 0 0 1 49.873 48.837810000000005 40.0 8.7508e-05 0.016524 2.8 0
0 0 0 1 47.181999999999995 45.5131465 10.0 0.08744 0.04411 5.0 0
0 0 0 1 49.0035 45.944505 31.0 0.00072265 0.017168 1.7 0
0 0 0 1 48.17450000000001 49.339330000000004 17.0 0.016343 0.07602849999999998 1.55 0
1 0 0 0 60.0 59.99189 98.0 0.016234179471986653 4.2000000000000004e-05 1.85 0
0 1 0 0 42.7125 0.0 0.0 1.0 1.0 3.0 0
0 0 0 1 49.135000000000005 43.88128999999999 19.0 0.012124 0.02959 3.0 0
0 0 1 0 49.967 42.88758 20.85 0.09729436605 0.00287 1.0 0
1 0 0 0 59.36 58.959655 46.9 0.07935336896890642 0.081018 4.0 0
0 0 0 1 45.54299999999999 37.892514999999996 9.0 0.1212 0.13942 4.0 0
1 0 0 0 60.17 59.95912 115.25 0.019590649064114757 0.029876000000000003 2.5 0
0 0 0 1 51.25599999999999 52.22311499999999 12.0 0.05419 0.10448900000000001 3.45 0
0 0 1 0 45.312 30.5814 1.0 0.71723 0.0105 8.0 0
0 0 1 0 51.769999999999996 56.8148 13.0 0.039899 0.0 8.0 0
0 0 0 1 49.61399999999999 48.122065 26.0 0.0022068 0.113903 1.95 0
0 0 0 1 45.772 49.847539999999995 5.0 0.25926 0.05451 16.0 0
1 1 1 0 60.0 60.0 120.0 9.1174e-13 0.0 1.0 1
0 1 0 1 48.99 38.5735 25.0 0.0030411 0.06977 1.0 0
0 0 0 1 49.12450000000001 41.75366 19.0 0.010346 0.24484 1.0 0
0 0 0 1 50.715999999999994 47.57895499999999 12.0 0.062015 0.17435450000000002 2.5 0
0 1 0 0 51.254 48.8936 16.05 0.1497974835 0.10507949999999999 4.35 0
0 0 0 1 48.637 49.614125 16.0 0.024658 0.09198 2.95 0
0 0 0 1 48.497 47.827020000000005 14.0 0.032898 0.24506 1.0 0
1 0 0 0 57.77 58.56114 21.85 0.0632763393109237 0.059008000000000005 2.15 0
0 0 1 1 50.133500000000005 49.714265 13.0 0.040803 0.00023 2.0 0
0 0 0 1 47.94350000000001 47.82119999999999 8.0 0.1371 0.12856049999999997 3.25 0
0 0 0 1 44.909499999999994 30.9263435 2.0 0.51948 0.36675 2.0 0
0 1 0 0 43.2045 0.0 5.85 0.45836299 1.0 2.0 0
0 0 0 1 51.120000000000005 41.14102 15.0 0.028653 0.0977995 2.1 0
1 0 0 0 53.59 52.206495000000004 18.0 0.059038680200000006 0.048115000000000005 1.9 0
0 0 0 1 44.9255 39.857330000000005 7.0 0.17217 0.17618599999999998 5.35 0
0 0 0 1 46.910000000000004 39.46781500000001 8.0 0.15152 0.081873 3.5 0
0 0 0 1 48.732 47.097625 13.0 0.045368 0.09470300000000001 3.0 0
1 0 0 0 58.66 59.10594 14.65 0.11691789500000001 0.10673300000000001 3.4 0
0 0 1 0 44.283500000000004 46.061445000000006 2.0 0.50189 0.0864 3.0 0
0 0 0 1 45.614999999999995 49.72165 25.0 0.0028233 0.00091 3.0 0
0 1 0 0 41.4675 0.0 1.0 0.78114 1.0 1.0 0
0 0 0 1 47.035000000000004 44.17055 13.0 0.043486 0.33853 1.0 0
0 0 0 1 47.726 47.01833 17.0 0.016622 0.080014 2.4 0
0 0 1 0 38.24 41.938975 6.0 0.22865 0.0513 2.0 0
0 0 1 0 52.5415 44.63273500000001 18.05 0.18646155775 0.0014 4.0 0
0 0 0 1 49.85 47.2167015 10.0 0.088388 0.10602300000000002 2.5 0
0 0 1 0 43.616 48.814 14.45 0.27544569782249995 0.00341 7.0 0
0 0 1 0 50.212999999999994 46.50412 9.0 0.11782 0.0129 3.0 0
0 0 1 1 48.96 44.8728 14.0 0.036556 0.02033 2.0 0
0 0 0 1 53.327999999999996 47.41203 47.0 1.7681e-05 0.024879000000000002 1.85 0
0 0 0 1 45.377 41.096824999999995 16.0 0.023553 0.13424350000000002 3.1 0
0 0 1 1 49.096999999999994 47.562599999999996 46.0 2.1496e-05 3e-05 1.0 0
0 0 0 1 50.272 44.73118000000001 14.0 0.036663 0.098216 2.3 0
0 0 1 0 57.760000000000005 54.38398500000001 5.6 0.5586802690000001 0.00013 13.0 0
0 0 0 1 51.685 49.696250000000006 53.0 4.6427e-06 0.021241500000000003 3.1 0
0 0 0 1 45.32449999999999 45.148045 3.0 0.48718 0.12732 7.45 0
0 1 1 0 49.12649999999999 63.0267 51.0 7.9359e-06 0.0 1.0 0
1 0 0 0 60.0 59.99189 98.0 0.016234179471986653 4.2000000000000004e-05 1.85 0
0 0 0 1 48.456999999999994 36.780615 20.0 0.0093395 0.06408749999999999 2.85 0
0 1 0 1 59.593 53.44665500000001 72.0 5.4481e-08 7.7e-05 2.05 0
1 0 0 0 53.18 44.23315 11.0 0.0644 0.12368699999999999 5.5 0
1 0 0 0 53.12 50.258815 20.1 0.07747954955000001 0.05929150000000001 2.5 0
1 0 0 0 58.42 58.814159999999994 20.85 0.058727530003437646 0.10857550000000002 3.1 0
0 0 0 1 47.3605 45.47559 18.0 0.0154 0.09073 1.0 0
0 0 0 1 43.443 47.179935 5.0 0.29557 0.13899099999999998 5.1 0
0 0 0 1 49.016999999999996 42.420115 18.0 0.013917 0.099852 1.75 0
1 0 0 0 51.62 48.93823999999999 17.55 0.0550545627 0.05162850000000001 2.3 0
0 0 0 1 47.0275 49.293009999999995 10.0 0.087321 0.093074 3.6 0
1 0 0 0 45.06 33.09028 22.2 0.037220606377775 0.057634 2.1 0
1 0 0 0 46.09 37.18293 28.5 0.017630941594342645 0.0416315 2.35 0
0 0 0 1 46.713 44.89893 28.0 0.0012619 0.00018 1.0 0
0 1 0 0 34.43650000000001 22.0 11.15 0.1747023874 0.170964 2.15 0
0 0 0 1 49.923 45.057140000000004 22.0 0.0055406 0.1769555 1.65 0
0 0 0 1 46.19199999999999 41.3518535 13.0 0.049115 0.16525600000000001 1.7 0
0 0 0 1 46.295500000000004 41.49228000000001 6.0 0.24348 0.1701085 4.3 0
0 1 1 0 47.92849999999999 59.7015 19.6 0.10209490319999999 0.00698 2.0 0
0 0 1 0 47.6835 53.014044999999996 1.0 0.79339 0.0036 12.0 0
0 0 0 1 50.190000000000005 47.93954500000001 13.0 0.03988 0.1952295 2.7 0
0 0 0 1 50.672999999999995 49.3461315 32.0 0.00052671 0.0486345 2.05 0
0 0 0 1 48.87700000000001 59.5359 17.0 0.018337 0.01707 1.0 0
0 0 0 1 46.41850000000001 56.8333 13.0 0.04579 0.03892 1.0 0
0 0 1 0 49.3285 53.68411 11.05 0.290027871 0.00089 8.0 0
0 0 1 0 44.0865 46.979049999999994 0.0 1.0 0.0 7.0 0
0 0 0 1 48.812 44.16505500000001 33.0 0.00046746 0.029774499999999992 2.05 0
0 0 0 1 58.16 45.46966 14.0 0.03732 0.15698099999999998 3.0 0
0 0 0 1 42.62 34.121404999999996 20.0 0.0094391 0.092232 3.35 0
0 0 0 1 49.519999999999996 49.741465 17.0 0.019825 0.13831549999999998 1.6 0
0 0 0 1 45.528999999999996 46.20326999999999 13.0 0.043275 0.15556799999999998 3.2 0
1 0 0 0 60.0 59.99189 98.0 0.016234179471986653 4.2000000000000004e-05 1.85 0
0 0 0 1 48.264 45.131655 13.0 0.047471 0.1092815 2.45 0
0 0 0 1 45.103500000000004 33.1431415 7.0 0.18182 0.1362955 5.8 0
1 0 0 0 53.95 52.85379499999999 18.45 0.075305060655 0.07080349999999999 2.0 0
0 0 0 1 47.1545 40.075445 2.0 0.52615 0.0881455 4.95 0
0 1 0 0 53.7025 53.7647 15.95 0.27505137977000005 0.03318299999999999 4.3 0
0 0 0 1 48.7405 24.9293 38.0 0.00014002 0.007 2.0 0
0 0 1 0 50.203500000000005 44.377305 23.0 0.0043919 0.0 1.0 0
1 0 0 0 59.99 59.91329499999999 146.05 5.5544821200041025e-06 0.009750499999999999 1.95 0
0 0 1 0 37.04 43.602099499999994 11.9 0.16661768999999998 0.35478 2.0 0
0 1 0 0 54.5875 60.0 30.25 0.008680678064500002 0.00559 1.0 0
1 0 0 0 45.9 36.501245000000004 18.5 0.0598677277 0.034330000000000006 1.8 0
0 1 0 1 48.824999999999996 56.3208 15.0 0.027008 0.00749 1.0 0
0 0 0 1 44.24249999999999 40.85618000000001 3.0 0.45882 0.1189705 6.45 0
1 0 0 1 44.38 49.34682 19.0 0.010248 0.11349100000000001 2.4 0
0 0 0 1 51.26700000000001 42.518033499999994 22.0 0.0055644 0.165011 1.6 0
0 0 0 1 48.963 40.937151500000006 15.0 0.030331 0.13723 1.0 0
1 1 1 0 60.0 60.0 66.0 2.266e-07 0.0 1.0 1
0 0 0 1 51.42 48.077715 29.0 0.0012449 0.11623349999999999 1.55 0
0 0 0 1 53.161 60.0 26.0 0.0023016 0.50711 3.0 0
0 1 0 0 57.7325 50.24139 9.0 0.3534949640285 0.01311 18.0 0
0 0 0 1 47.448 42.92539 22.0 0.0052122 0.033198 2.05 0
0 0 1 0 43.38250000000001 43.36776999999999 16.3 0.08212614050000001 0.09126 1.0 0
0 0 0 1 47.99299999999999 40.8976825 25.0 0.0031573 0.10614100000000001 2.2 0
0 0 0 1 47.78 31.6013 22.0 0.0050905 0.0022 1.0 0
0 0 1 0 47.5055 47.54592 17.2 0.0465852635 0.06245 2.0 0
0 0 0 1 51.083 46.256495 20.0 0.0088604 0.0930475 2.5 0
0 0 0 1 48.153000000000006 46.500835 22.0 0.0061061 0.11090550000000002 2.6 0
0 0 1 0 48.777499999999996 46.986019999999996 23.1 0.0112402335 0.01649 1.0 0
0 0 0 1 48.7785 44.365735 16.0 0.021951 0.156667 3.1 0
0 0 0 1 48.1565 50.786145 15.0 0.026182 0.159113 2.55 0
0 0 0 1 49.8755 44.672398 16.0 0.02498 0.10202 1.0 0
0 0 0 1 46.0235 4.5 9.0 0.12392 0.21470350000000002 3.7 0
0 0 0 1 50.036500000000004 43.15982150000001 15.0 0.029113 0.36794 1.0 0
1 1 1 0 60.0 60.0 96.0 2.158e-10 0.0 9.0 1
0 0 0 1 45.4165 41.30401500000001 9.0 0.12485 0.23194649999999997 4.55 0
0 0 1 0 49.926 56.47997 1.0 0.77951 0.0 11.0 0
0 0 0 1 45.524499999999996 41.57593 9.0 0.1124 0.1365315 4.7 0
0 0 0 1 50.957499999999996 46.953489999999995 58.0 1.3356e-06 0.00019 1.0 0
0 0 0 1 51.282999999999994 53.639709999999994 50.0 8.6812e-06 0.0344885 1.6 0
0 0 0 1 48.603500000000004 40.99992999999999 6.0 0.2227 0.236055 5.3 0
0 0 0 1 52.33 51.92805499999999 66.0 2.2753e-07 0.024507 2.35 0
0 0 1 0 44.777499999999996 39.37236000000001 17.15 0.042372472 0.08729 4.0 0
0 1 1 0 41.6 37.0842 3.25 0.55336385 1e-05 5.0 0
0 0 0 1 47.795 44.947205000000004 18.0 0.014905 0.08173699999999999 2.05 0
0 0 0 1 47.832 48.987784999999995 17.0 0.017995 0.05943250000000001 2.65 0
0 0 0 1 47.553000000000004 43.67629000000001 8.0 0.14009 0.0718435 3.05 0
0 0 0 1 55.17 46.95022 16.0 0.021303 0.12608550000000002 1.95 0
0 0 1 0 47.562 44.710593 22.15 0.08087697299999999 0.00293 2.0 0
0 0 1 0 51.721500000000006 44.224395 19.25 0.14377080774999998 0.00104 4.0 0
0 0 0 1 47.554500000000004 48.68552999999999 4.0 0.35 0.157643 6.8 0
0 0 0 1 50.089000000000006 43.334219999999995 19.0 0.010119 0.07667 1.0 0
0 0 0 1 49.9125 45.047185 12.0 0.057229 0.06204750000000001 3.2 0
0 0 0 1 47.71699999999999 42.504905 14.0 0.038204 0.02664 1.0 0
0 0 1 0 47.940000000000005 47.094825 8.0 0.13905 0.00023 2.0 0
0 0 1 0 43.973 51.134392500000004 2.0 0.60486 0.0 8.0 0
0 0 1 0 46.330499999999994 31.431635999999997 3.0 0.41608 0.09875 2.0 0
0 0 0 1 49.102 39.32662 13.0 0.044527 0.1293155 2.0 0
0 0 0 1 44.852000000000004 43.937605000000005 14.0 0.039744 0.09316450000000001 2.45 0
0 1 0 0 50.35447767066693 44.52678267539525 24.651144857041167 0.09658699853529934 0.10095995499099822 3.9706941388277657 0
0 0 0 1 38.75 46.16436 22.0 0.0061497 0.13207249999999998 2.25 0
1 0 0 0 60.0 59.99189 98.0 0.016234179471986653 4.2000000000000004e-05 1.85 0
0 0 0 1 47.1545 33.847475 2.0 0.53755 0.26764350000000003 5.4 0
0 0 0 1 55.65 56.67237 43.0 4.409e-05 0.018373499999999997 2.1 0
0 0 1 0 46.5765 42.157565 16.05 0.046470090000000006 0.03298 3.0 0
0 0 0 1 51.00350000000001 48.415585 8.0 0.15172 0.06128 10.0 0
0 0 1 0 49.328500000000005 53.68411 6.2 0.58414086 0.0 8.0 0
0 0 0 1 44.1 42.431194999999995 17.0 0.016959 0.1234565 2.0 0
0 0 0 1 46.953 47.401245 18.0 0.014258 0.00531 1.0 0
0 1 0 1 48.081 40.513665 20.0 0.0091565 0.070103 2.25 0
0 0 0 1 44.9025 35.59621249999999 2.0 0.52011 0.34163 1.0 0
0 0 1 0 49.812 48.024395 4.0 0.35145 0.0 1.0 0
0 0 0 1 48.603 57.1111 11.0 0.078431 0.1376135 3.4 0
0 0 1 0 50.235499999999995 46.21709499999999 0.0 0.95069 0.0 11.0 0
0 0 0 1 49.847500000000004 44.070565 27.0 0.0018464 0.0317695 2.5 0
0 0 1 0 47.53849999999999 45.52708500000001 10.0 0.099068 0.01302 2.0 0
0 0 0 1 46.144 41.95207 18.0 0.014352 0.05896 1.0 0
0 0 0 1 50.775999999999996 47.145484999999994 19.0 0.011628 0.10742 1.95 0
0 0 1 0 50.56600000000001 50.708690000000004 0.0 0.81019 2e-05 3.0 0
0 0 0 1 48.758 40.99993 6.0 0.22175 0.2333685 5.9 0
1 0 0 0 48.99 49.08646 11.0 0.076485 0.0817835 4.85 0
0 0 0 1 51.47149999999999 47.626949999999994 62.0 5.9117e-07 0.000101 2.25 0
0 0 0 1 49.4945 45.1838805 15.0 0.025365 0.1058535 1.65 0
1 0 0 0 48.64 44.5317 22.85 0.06405572084793501 0.054994 1.85 0
0 1 0 0 48.232 25.5444 4.0 0.33847 0.00813 2.0 0
0 0 1 0 51.9655 60.0 5.0 0.29151 0.0 13.0 0
0 0 0 1 47.395500000000006 42.744223 16.0 0.021188 0.02613 1.0 0
0 0 1 0 48.551 42.390515 24.55 0.06818408009499999 0.00056 1.0 0
0 0 0 1 46.769499999999994 43.76761 13.0 0.042586 0.05466 2.0 0
0 0 0 1 48.87050000000001 51.326784999999994 11.0 0.072072 0.01344 4.0 0
0 0 0 1 47.829 40.28732 18.0 0.014816 0.062042500000000014 2.0 0
0 0 0 1 50.4185 50.790075 51.0 6.3821e-06 0.027789 2.0 0
0 0 1 0 46.228500000000004 45.598785 8.35 0.288743795 0.37564 1.0 0
0 0 0 1 45.48500000000001 48.59627 35.0 0.00027185 0.00205 2.0 0
0 1 1 0 47.223 60.2169 49.0 1.1327e-05 0.0 2.0 0
0 0 0 1 51.213499999999996 46.86032000000001 23.0 0.0045266 0.0972045 1.9 0
0 1 0 0 50.3775 41.1484 12.0 0.059014 0.1247965 3.4 0
0 1 0 1 49.86449999999999 55.201 16.0 0.022684 0.00047 3.0 0
0 0 1 0 44.523 45.19619 16.0 0.15368908117 0.24908 2.0 0
0 0 0 1 47.8625 45.678335 23.0 0.0048071 0.04833 4.0 0
0 0 0 1 52.13599999999999 43.06873 23.0 0.0043629 0.12247350000000001 2.15 0
0 0 0 1 49.5115 41.1022065 15.0 0.030085 0.10837 1.0 0
1 0 1 1 46.17 47.99108 18.0 0.012843 0.06167 2.0 0
1 0 0 0 50.48 47.613185 18.8 0.05568476099999999 0.053447 1.95 0
0 0 0 1 45.5475 46.320550000000004 17.0 0.017857 0.01405 2.0 0
0 0 1 0 57.7325 48.48648000000001 8.6 0.25439703499999994 3e-05 22.0 0
1 0 0 0 60.0 59.99189 98.0 0.016234179471986653 4.2000000000000004e-05 1.85 0
0 0 0 1 51.073499999999996 48.6692015 15.0 0.028147 0.105098 2.45 0
0 0 0 1 47.169 42.050667 4.0 0.39348 0.1840025 3.75 0
0 0 0 1 48.105999999999995 48.444785 31.0 0.00068919 0.0216135 1.9 0
0 0 1 0 42.584500000000006 44.357344999999995 15.0 0.06360587085000001 0.13748 1.0 0
0 0 0 1 47.5345 38.9895 16.0 0.020769 0.44667 1.0 0
0 0 0 1 48.29 41.858180000000004 15.0 0.029722 0.227891 1.95 0
0 0 0 1 45.460499999999996 38.4789215 7.0 0.19453 0.23063050000000002 3.2 0
0 0 1 0 46.00899999999999 46.37401500000001 16.65 0.055528460999999994 0.03101 1.0 0
1 0 0 0 60.0 59.99189 98.0 0.016234179471986653 4.2000000000000004e-05 1.85 0
0 0 0 1 50.05200000000001 39.91001 18.0 0.014363 0.10764099999999999 2.0 0
0 0 1 0 47.764500000000005 49.51195 1.0 0.78298 7e-05 2.0 0
0 0 0 1 51.4005 49.713274999999996 32.0 0.00061076 0.06349350000000001 1.8 0
0 0 0 1 49.882000000000005 44.271515 30.0 0.00089846 0.039813 2.1 0
0 0 1 0 49.328500000000005 53.68411 8.05 0.47285840500000004 4e-05 8.0 0
0 0 0 1 50.76649999999999 48.97742 14.0 0.035455 0.30632 2.0 0
0 0 0 1 38.1 35.729434999999995 68.0 1.3453e-07 0.1058845 1.75 0
0 1 1 0 49.7915 57.9429 12.0 0.050632 0.00125 1.0 0
0 1 1 1 48.169 58.7284 21.0 0.0064285 0.00251 3.0 0
0 0 0 1 45.6255 41.9355 5.0 0.28571 0.14268500000000003 5.55 0
1 0 0 0 42.02 48.03241 11.0 0.073003 0.11905000000000002 2.85 0
0 0 0 1 49.575500000000005 44.05598 30.0 0.00089412 0.0396 2.1 0
0 0 0 1 46.0075 39.60239 20.0 0.0097143 0.079502 1.95 0
0 0 0 1 36.07 43.7447145 17.0 0.016768 0.07522 2.0 0
0 0 0 1 57.272000000000006 56.808535000000006 88.0 1.2679e-09 9.8e-05 1.75 0
0 0 0 1 56.763 58.60997 183.0 4.509100000000001e-19 0.0 1.9 0
1 0 0 0 52.27 48.35047 29.35 0.05294045850000001 0.048422 2.2 0
0 0 0 1 56.99 43.2281835 13.0 0.047883 0.15964450000000002 2.4 0
0 0 0 1 49.368500000000004 44.674705 11.0 0.06654 0.142095 5.6 0
0 0 0 1 47.9275 37.0017 9.0 0.10322 0.11051250000000001 3.85 0
0 0 0 1 45.114 47.36822499999999 28.0 0.0013933 0.05949349999999999 2.15 0
0 0 0 1 56.327 56.147164999999994 86.0 2.359e-09 0.0008414999999999999 1.85 0
0 0 1 0 47.394999999999996 21.6 13.0 0.049486 0.33333 1.0 0
0 1 0 0 35.6625 0.0 4.05 0.6211383300000001 0.9 1.8 0
0 0 0 1 58.036500000000004 59.072205 97.0 1.7333e-10 0.0 2.35 0
1 0 0 0 60.0 59.99189 98.0 0.016234179471986653 4.2000000000000004e-05 1.85 0
0 0 0 1 48.7185 46.659515 31.0 0.00066958 0.028756999999999994 1.95 0
0 0 1 0 52.1015 44.632735000000004 15.85 0.190141704 0.00164 4.0 0
0 0 0 1 48.49550000000001 36.3787155 19.0 0.011156 0.08791 2.95 0
0 0 1 0 48.895 42.229185 16.9 0.052977236 0.01942 2.0 0
0 0 0 1 45.719 44.507307999999995 16.0 0.020107 0.12806599999999999 2.75 0
0 0 0 1 51.38249999999999 48.20143 46.0 2.3403e-05 0.0202485 2.2 0
0 0 0 1 47.62 48.380015 31.0 0.00074167 0.00293 1.0 0
0 0 0 1 55.089 51.066050000000004 65.0 3.0318e-07 0.024507499999999998 2.65 0
0 0 1 0 59.947500000000005 58.182465 81.15 0.05852936627391324 0.0 1.0 0
0 0 0 1 52.37 46.360575 16.0 0.023786 0.15963299999999997 3.95 0
0 0 0 1 47.37849999999999 48.71898 38.0 0.00014353 0.04706499999999999 2.25 0
1 0 0 0 60.0 59.99189 98.0 0.016234179471986653 4.2000000000000004e-05 1.85 1
0 0 0 1 51.07350000000001 48.6840965 15.0 0.028014 0.0706905 2.7 0
0 1 1 1 49.612999999999985 54.8112 14.0 0.034206 0.00026 1.0 0
0 1 1 1 39.47 33.0909 16.0 0.022598 0.00172 2.0 0
0 1 0 0 41.0325 0.0 4.35 0.5742076399999999 1.0 1.0 0
0 0 0 1 48.279 44.47891499999999 18.0 0.015791 0.029111500000000002 1.95 0
0 0 0 1 47.9895 42.54071799999999 16.0 0.024238 0.24637 3.0 0
0 0 0 1 49.2055 48.78511999999999 19.0 0.011953 0.123389 2.45 0
0 1 0 0 43.58449999999999 42.9062 19.25 0.04985388210000001 0.03621 1.0 0
0 0 1 0 49.831 48.756294499999996 26.0 0.0023473 0.0 8.0 0
0 0 0 1 50.31699999999999 48.26901 27.0 0.0016133 0.043785000000000004 1.75 0
0 0 0 1 45.57449999999999 47.00527999999999 28.0 0.0014588 0.0532365 2.25 0
0 0 0 1 48.19199999999999 42.250885 13.0 0.042279 0.21312 2.0 0
0 0 0 1 45.778999999999996 48.557804999999995 11.0 0.078519 0.06591 2.0 0
1 0 1 0 40.92 44.240815 14.2 0.090362135 0.0751 1.0 0
0 0 0 1 59.96350000000001 57.510540000000006 126.0 2.2631e-13 0.00025 1.65 0
0 0 0 1 46.28150000000001 43.445235 14.0 0.03393 0.09803950000000002 3.65 0
0 0 0 1 46.25 54.1 25.0 0.0027271 0.20714 1.0 0
0 0 0 1 48.9345 50.63125 15.0 0.025985 0.14248500000000003 2.35 0
0 0 0 1 49.401 36.969015 6.0 0.20263 0.078521 6.25 0
1 0 0 0 53.43 52.048660000000005 18.15 0.0434235987 0.045835 1.7 0
0 1 0 1 48.652499999999996 56.4019 8.0 0.13793 0.11883300000000001 3.2 0
0 0 0 1 48.203 40.300444999999996 13.0 0.048087 0.01862 1.0 0
0 0 0 1 46.131499999999996 45.722494999999995 11.0 0.078245 0.116231 2.8 0
0 0 1 0 56.64899999999999 54.423964999999995 34.25 0.15139413973226348 5e-05 4.0 0
0 0 1 0 49.909 39.595063999999994 18.9 0.03192758489999999 0.02638 1.0 0
0 0 0 1 40.429500000000004 59.795015 255.0 0.0 0.0 1.95 0
0 0 1 0 51.424 59.4603 5.55 0.5280709978999999 1e-05 5.0 0
0 0 0 1 50.948499999999996 45.07096 23.0 0.0041203 0.10542099999999999 1.95 0
0 1 0 0 47.352000000000004 22.7073 18.0 0.014634 0.00052 1.0 0
0 0 0 1 50.1455 43.78773500000001 6.0 0.22857 0.33116 13.0 0
0 0 0 1 48.24300000000001 40.134 16.0 0.022595 0.10143850000000001 3.4 0
0 0 1 0 49.85850000000001 50.708690000000004 0.0 0.84749 0.0 3.0 0
0 0 0 1 58.088 57.110545 91.0 7.4251e-10 5.000000000000001e-07 1.8 0
0 0 0 1 45.709999999999994 48.669920000000005 28.0 0.0014218 0.0540915 2.15 0
1 0 0 0 57.44 58.70059 14.85 0.122597285 0.0879175 2.25 0
0 0 0 1 45.4165 41.30401500000001 9.0 0.12474 0.23194649999999997 4.55 0
0 0 0 1 47.287 33.4762005 5.0 0.26877 0.19418600000000003 4.2 0
0 0 0 1 47.169 42.050667 4.0 0.3956 0.18400249999999999 3.75 0
0 0 1 0 50.7555 45.095285 16.05 0.10676915949999999 0.0118 6.0 0
0 1 0 0 47.974500000000006 38.0 11.85 0.140308475 0.42857 5.0 0
0 0 0 1 46.05 43.36638 7.0 0.17628 0.0431 3.0 0
0 1 0 0 47.0355 48.981915 16.95 0.03644712900000001 0.04735 2.0 0
1 0 0 0 44.68 34.522885 23.95 0.01729007616925 0.059094999999999995 2.1 0
0 1 0 0 47.867999999999995 40.1739 18.65 0.1412508825 0.08627699999999999 6.6 0
0 1 0 0 50.35447767066693 44.52678267539525 24.651144857041167 0.09658699853529934 0.10095995499099822 3.9706941388277657 0
0 1 0 0 46.338 50.0 8.0 0.15196 0.03512 2.0 0
0 0 1 0 47.910000000000004 46.281665000000004 36.0 0.00022472 0.0 4.0 0
0 0 0 1 50.545500000000004 45.823275 24.0 0.0036328 0.09058649999999999 3.2 0
1 0 0 0 45.3 34.919585 23.1 0.04922301671184101 0.077996 2.25 0
0 0 0 1 48.98 46.667339999999996 13.0 0.044055 0.212902 2.9 0
0 0 0 1 46.78349999999999 47.323195000000005 16.0 0.020899 0.10363300000000002 2.2 0
0 0 1 0 43.344 33.460361 1.0 0.73847 0.42728 2.0 0
0 0 1 0 57.7325 46.61688 6.35 0.353542165 7e-05 28.0 0
0 1 1 1 49.787 59.9645 22.0 0.0060041 0.00111 2.0 0
0 0 0 1 46.985499999999995 45.637665 16.0 0.02386 0.16277650000000002 3.9 0
0 0 0 1 47.05149999999999 45.617070000000005 13.0 0.045584 0.09424450000000001 3.35 0
0 0 0 1 49.774499999999996 60.0 33.0 0.00043593 0.10944 2.0 0
0 0 0 1 49.799499999999995 44.540344999999995 30.0 0.00088266 0.029593500000000002 2.35 0
0 0 0 1 52.027 45.105565 15.0 0.028607 0.09051849999999997 2.4 0
0 0 0 1 48.235499999999995 48.52642 17.0 0.018778 0.1058775 2.9 0
0 0 1 0 45.99999999999999 50.708690000000004 5.0 0.26471 0.0 3.0 0
0 0 1 0 46.340999999999994 38.26536499999999 9.0 0.10731 0.02622 3.0 0
0 0 1 0 56.84999999999999 49.32546999999999 20.25 0.21142579869999997 8e-05 3.0 0
0 0 0 1 47.0745 46.98156300000001 4.0 0.33939 0.171145 6.6 0
0 0 0 1 48.2 44.119895 22.0 0.0059421 0.08892149999999999 1.9 0
0 0 0 1 45.39 41.74469499999999 20.0 0.0084057 0.02663 3.0 0
0 0 1 0 59.19500000000001 58.63666500000001 54.2 0.21766662893659486 0.0 3.0 0
0 0 0 1 50.31699999999999 44.893735 27.0 0.0017268 0.07021649999999999 2.4 0
0 0 0 1 50.27999999999999 47.22964499999999 14.0 0.036917 0.09823 3.0 0
0 0 1 0 47.4275 50.201370000000004 17.55 0.033234498999999994 0.04799 2.0 0
0 0 1 0 51.73 48.31415 19.95 0.0697598971 0.01311 3.0 0
0 0 1 0 48.365500000000004 57.4167 4.0 0.34783 0.0 14.0 0
0 0 0 1 48.055 45.38265 2.0 0.62032 0.124228 3.55 0
0 0 1 0 48.616 46.33288 4.0 0.3913 0.0 12.0 0
0 0 0 1 47.51350000000001 45.389860000000006 26.0 0.0020731 0.0800575 2.85 0
1 0 0 0 60.06 59.2952 12.0 0.051746 0.10156 1.0 0
0 0 0 1 47.8335 48.28611 29.0 0.0010188 0.0347595 1.95 0
0 0 1 0 51.711 46.54440000000001 31.8 0.02941338966705 0.00016 2.0 0
0 0 0 1 48.74749999999999 45.267405 30.0 0.00088935 0.0296065 2.1 0
1 0 0 0 60.0 59.99189 98.0 0.016234179471986653 4.2000000000000004e-05 1.85 0
1 0 0 0 60.08 59.934565 121.55 0.00341834501629108 0.005693 2.1 0
1 0 0 0 51.59 48.93824 17.45 0.0780820327 0.07133500000000001 2.3 0
0 1 1 0 60.0 59.7238 69.0 1.0333e-07 0.0 1.0 1
1 0 0 0 52.62 47.79901500000001 17.05 0.061995067 0.045717999999999995 2.0 0
1 0 0 0 60.0 59.99189 98.0 0.016234179471986653 4.2000000000000004e-05 1.85 0
0 0 0 1 50.11750000000001 60.8476 17.0 0.019164 0.22278 3.0 0
0 0 0 1 49.587 42.793045 20.0 0.0089075 0.08984850000000001 1.65 0
0 0 0 1 47.6005 49.104904999999995 20.0 0.0082421 0.132071 1.95 0
1 0 0 0 43.66 34.807185000000004 32.9 0.030663777890000004 0.1060665 2.1 0
0 0 0 1 40.429500000000004 59.795015 255.0 1.3229e-29 0.0 1.95 0
0 0 0 1 44.02 36.947907 25.0 0.0028107 0.14417 2.0 0
0 1 0 1 47.9105 60.1957 41.0 6.3524e-05 0.0 2.0 0
0 0 1 0 57.7325 50.99003 9.0 0.3534949640285 0.0 18.0 0
1 0 0 0 49.69 43.439615 18.9 0.1294062426235 0.06059000000000001 1.9 0
0 0 0 1 47.534499999999994 44.465683 16.0 0.020615 0.22488 1.0 0
0 0 0 1 47.57699999999999 52.2387 21.0 0.007138 0.01695 2.0 0
0 0 0 1 49.85 30.917 18.0 0.013509 0.05122 2.0 0
0 0 1 0 58.5745 55.91438000000001 42.85 0.060801599244363014 1e-05 1.0 0
0 0 0 1 49.30349999999999 49.12144500000001 51.0 7.4644e-06 0.021113 1.8 0
0 0 1 1 47.103500000000004 45.73668 13.0 0.049512 0.00744 1.0 0
0 0 0 1 47.8335 44.683871499999995 10.0 0.087302 0.11932 5.0 0
0 0 0 1 49.62949999999999 16.5588 13.0 0.040466 0.14419 1.0 0
0 0 0 1 43.87950000000001 44.579840000000004 14.0 0.032428 0.1012335 2.65 0
0 0 0 1 48.80800000000001 52.4706 11.0 0.071601 0.13255 4.95 0
0 1 0 0 49.00450000000001 8.0 26.0 0.0022631 1.0 1.0 0
0 0 0 1 48.593 45.94699000000001 14.0 0.03292 0.2111055 1.9 0
0 0 0 1 49.060500000000005 46.282425 37.0 0.00017806 0.0295695 2.65 0
0 0 1 0 48.8895 44.8857 0.0 0.88696 0.0 1.0 0
0 0 0 1 48.486000000000004 41.906222500000005 25.0 0.0029864 0.022706000000000004 2.05 0
1 0 0 0 60.0 59.99189 98.0 0.016234179471986653 4.2000000000000004e-05 1.85 0
0 1 0 1 46.908500000000004 36.87845 34.0 0.00035803 0.05603 1.0 0
0 0 0 1 48.663 49.614125 16.0 0.024581 0.092361 2.25 0
0 0 0 1 47.791999999999994 37.631012 4.0 0.31671 0.45833 1.0 0
0 0 0 1 43.45 46.594924999999996 28.0 0.0012795 0.06451349999999999 2.4 0
0 0 0 1 51.24 48.24069 41.0 7.6746e-05 0.0773825 2.35 0
0 0 1 0 51.148 47.605959999999996 12.0 0.052173 0.52987 1.0 0
0 0 0 1 50.135000000000005 59.8345 24.0 0.0034192 0.22487 2.0 0
0 0 1 0 50.036500000000004 59.6 20.95 0.24409131164925996 0.0 4.0 0
0 1 0 0 44.786500000000004 32.2692 3.0 0.49758 0.11135 18.0 0
0 0 1 0 48.496500000000005 47.934905 4.0 0.31889 0.0 15.0 0
0 0 0 1 45.0415 42.6057 13.0 0.049595 0.08879100000000001 1.9 0
0 0 0 1 53.1845 46.843205 20.0 0.0086609 0.05335249999999999 2.25 0
0 1 0 0 45.0 50.3981 9.0 0.107 0.08905 1.0 0
0 0 0 1 48.516999999999996 49.4761615 15.0 0.027428 0.087971 2.75 0
1 0 0 0 60.0 59.99189 98.0 0.016234179471986653 4.2000000000000004e-05 1.85 0
1 0 0 0 54.18 54.2053 17.75 0.045564237550000004 0.06782900000000001 2.15 0
0 0 0 1 52.339999999999996 47.40488 14.0 0.037515 0.17208450000000003 4.0 0
1 0 0 0 60.0 60.0 23.0 0.0040819 0.00037 6.0 0
0 0 0 1 48.515 41.26783999999999 16.0 0.022857 0.07109 3.45 0
1 1 0 1 60.0 59.9942 34.0 0.00038882 0.00023 1.0 0
0 0 0 1 51.480000000000004 45.423555 23.0 0.004284 0.11160049999999999 2.15 0
0 1 0 1 55.77 38.18656 18.0 0.013598 0.10149749999999999 2.25 0
1 0 0 0 60.0 59.99189 98.0 0.016234179471986653 4.2000000000000004e-05 1.85 0
1 0 0 0 52.02 49.04364499999999 21.25 0.053795895121299994 0.0487255 2.0 0
1 0 0 0 51.8 48.88202 18.9 0.052739081 0.0454845 2.0 0
0 0 1 0 49.157500000000006 47.612095 4.0 0.34146 0.0 10.0 0
0 0 0 1 49.569 49.36592 17.0 0.019126 0.00718 5.0 0
0 1 1 0 54.49049999999998 51.6667 9.05 0.3868335876399999 0.0 14.0 0
1 0 0 0 47.55 40.266844999999996 18.9 0.09395413300549998 0.0831905 2.2 0
0 0 1 0 50.043 53.3333 0.0 0.94332 0.0 17.0 0
0 1 0 0 46.0235 33.1212 9.0 0.12024 0.11565699999999998 4.8 0
0 0 0 1 51.859 44.291290000000004 13.0 0.041567 0.07513750000000001 2.0 0
0 0 0 1 46.4495 48.306084999999996 17.0 0.016003 0.16794150000000002 3.95 0
0 0 0 1 55.64 43.644574999999996 14.0 0.033308 0.1458515 2.65 0
0 0 0 1 39.67 43.524395 17.0 0.018169 0.179 1.0 0
0 0 0 1 47.35 50.473555 16.0 0.025045 0.13981099999999996 2.6 0
0 0 0 1 45.103500000000004 33.1431415 7.0 0.18255 0.11379999999999998 5.5 0
0 0 0 1 50.015 60.0 40.0 9.5922e-05 0.13401 3.0 0
1 0 0 0 60.0 59.99189 98.0 0.016234179471986653 4.2000000000000004e-05 1.85 0
0 0 0 1 45.81349999999999 46.79390499999999 25.0 0.0030333 0.02855 3.0 0
0 0 1 0 57.760000000000005 53.45858500000001 2.15 0.63805215 0.0 15.0 0
0 0 1 0 48.209 25.4483 17.1 0.07574095049999999 0.02875 1.0 0
0 0 0 1 47.169 42.050667 4.0 0.38428 0.07761300000000002 4.95 0
0 0 0 1 57.86 58.78884000000001 164.0 3.6289e-17 0.0 1.65 0
0 0 0 1 46.005 39.84414 17.0 0.01728 0.104719 2.6 0
0 0 0 1 50.361000000000004 46.22418 14.0 0.037016 0.11134650000000001 2.15 0
1 0 0 0 55.34 55.41948500000001 20.1 0.04150868449999999 0.048302 1.55 0
1 1 1 1 60.0 60.0 56.0 2.1817e-06 0.0 2.0 1
1 0 0 0 42.87 32.41724 19.3 0.0671091405 0.089456 1.8 0
0 0 0 1 51.002 60.0 25.0 0.0026382 0.01988 1.0 0
0 0 0 1 36.59 48.170930000000006 31.0 0.00071602 0.00187 2.0 0
0 0 0 1 46.04 46.005108 16.0 0.02004 0.0353 3.0 0
0 0 1 0 46.495999999999995 49.535160000000005 20.0 0.0083111 4e-05 3.0 0
0 0 0 1 51.0735 48.6692015 15.0 0.028075 0.070789 2.6 0
0 0 0 1 50.396 46.417725000000004 12.0 0.055901 0.1361875 5.0 0
0 0 0 1 51.40049999999999 49.713274999999996 32.0 0.00062368 0.04898400000000001 1.8 0
0 0 0 1 45.00249999999999 47.5874 9.0 0.11911 0.42065 2.0 0
0 0 0 1 48.303 25.6707 14.0 0.03807 0.06905 2.0 0
0 0 1 0 47.852000000000004 49.285635 8.0 0.15202 0.0 5.0 0
0 0 0 1 48.791500000000006 50.19501 50.0 8.5393e-06 1e-05 2.0 0
0 0 1 0 48.218500000000006 53.014044999999996 1.0 0.63766 0.0 12.0 0
1 0 0 0 51.21 49.250225 20.0 0.062202048550000014 0.0532295 2.1 0
0 0 0 1 46.1565 43.296839999999996 8.0 0.14447 0.1293525 3.2 0
0 0 0 1 44.852000000000004 43.937605000000005 14.0 0.039758 0.09316450000000001 2.45 0
0 0 0 1 51.76649999999999 39.721684499999995 6.0 0.22153 0.0114 9.0 0
0 0 1 0 49.137 28.8462 5.0 0.27851 0.00598 2.0 0
0 0 0 1 47.448 42.92539000000001 22.0 0.0051029 0.05145050000000001 2.2 0
0 1 0 1 49.122499999999995 22.1705 21.0 0.0070935 0.00034 10.0 0
0 0 0 1 55.5265 54.66567 55.0 2.9063e-06 0.0042179999999999995 2.75 0
0 0 0 1 50.403 42.256195 14.0 0.037473 0.03883 1.0 0
0 0 1 0 57.760000000000005 53.102999999999994 4.4 0.598075439 0.0 13.0 0
1 0 0 0 41.24 28.749815 36.55 0.1118073327830655 0.07100350000000001 1.7 0
0 0 0 1 50.9485 45.07096 23.0 0.0040989 0.124167 1.95 0
1 0 0 0 60.0 59.99189 98.0 0.016234179471986653 4.2000000000000004e-05 1.85 0
0 1 1 0 55.1865 60.0 26.7 0.0262690660985 0.09238 4.0 0
0 1 0 0 46.123 43.59356 9.0 0.10709 0.148789 3.6 0
1 0 0 0 58.15 58.732854999999994 19.6 0.042145647648700005 0.0842115 2.3 0
0 0 0 1 50.21 48.051930000000006 37.0 0.00018484 0.029941000000000002 2.95 0
0 0 0 1 44.273999999999994 40.85420499999999 31.0 0.00069823 0.16822 1.0 0
0 0 1 0 59.947500000000005 58.182465 81.15 0.05852936627391324 0.0 1.0 0
0 1 0 0 49.91499999999999 31.322 12.0 0.056722 0.11994099999999999 5.05 0
0 0 0 1 48.099 49.036255000000004 13.0 0.042119 0.14324399999999998 2.7 0
0 1 0 0 34.88 24.8387 11.0 0.071989 0.00399 1.0 0
0 1 0 0 53.568999999999996 53.3057 14.7 0.1728434439 0.087261 4.05 0
0 0 1 0 44.08650000000001 53.722775 0.0 0.86402 0.0 7.0 0
0 1 0 0 46.878 40.47913000000001 15.95 0.068094095 0.06633 2.0 0
0 0 0 1 48.832499999999996 42.860440000000004 19.0 0.01182 0.51596 3.0 0
0 0 1 0 56.314499999999995 48.378535 18.1 0.252469592665 2e-05 2.0 0
0 0 1 1 48.0085 48.098704999999995 45.0 3.0253e-05 1e-05 2.0 0
0 0 0 1 46.95 42.942035000000004 18.0 0.015017 0.121254 2.0 0
0 0 1 0 46.9495 41.38712499999999 13.85 0.16021787199999998 0.07406 2.0 0
0 1 1 0 46.287000000000006 59.7006 8.0 0.13837 0.01299 2.0 0
0 1 1 0 49.471999999999994 52.9412 15.8 0.0549921715 0.0329 6.0 0
0 0 1 0 46.461 50.900615 13.95 0.11501635449999999 0.45238 1.0 0
0 0 0 1 37.57 46.189903 16.0 0.020586 0.1434855 2.8 0
0 0 0 1 48.967 50.112585 19.0 0.010705 0.120506 1.55 0
0 0 0 1 44.852 43.937605000000005 14.0 0.039288 0.083549 3.1 0
0 0 0 1 50.17100000000001 42.680809999999994 14.0 0.035786 0.1438135 2.05 0
0 0 0 1 49.230999999999995 48.657695000000004 37.0 0.00017084 0.031614 2.6 0
0 0 0 1 47.849000000000004 41.5733885 13.0 0.048523 0.1389195 2.95 0
0 0 0 1 47.249500000000005 40.757915 13.0 0.04965 0.0807 1.0 0
0 0 1 0 48.218 42.922796500000004 16.45 0.0647672915 0.1023 2.0 0
0 0 0 1 51.47149999999999 47.653225 62.0 5.5531e-07 0.009673999999999999 2.3 0
0 0 0 1 48.46300000000001 20.4348 23.0 0.0049476 0.33924 3.0 0
1 0 0 0 60.0 59.99189 98.0 0.016234179471986653 4.2000000000000004e-05 1.85 1
0 0 0 1 48.26449999999999 46.007295 23.0 0.0046309 0.046541000000000006 1.9 0
0 1 0 0 47.4485 0.0 8.0 0.15503 1.0 2.0 0
0 0 0 1 45.9495 37.74372 16.0 0.023372 0.08902 3.3 0
1 0 0 0 41.82 31.364914999999996 18.5 0.055695334 0.0767725 1.6 0
0 0 0 1 48.0855 59.936 13.0 0.044891 0.38268 1.0 0
0 0 0 1 49.4835 49.344595 19.0 0.011835 0.184357 2.2 0
0 0 0 1 48.741499999999995 42.25186 15.0 0.031575 0.16737199999999997 3.05 0
0 0 1 0 49.721 48.25645 17.05 0.1193059815 0.00562 4.0 0
0 0 0 1 44.6605 46.405919999999995 17.0 0.017575 0.02318 3.0 0
0 0 0 1 45.6635 48.1455 28.0 0.0014973 0.0237535 2.0 0
0 0 1 0 45.42700000000001 36.7983 9.0 0.11265 0.02736 3.0 0
1 0 0 0 55.52 41.21507999999999 10.0 0.097768 0.0843825 4.5 0
0 0 0 1 48.486000000000004 40.8976825 25.0 0.0029931 0.026365500000000004 2.1 0
0 0 1 0 45.7955 46.9698 5.0 0.30429 0.0 6.0 0
0 0 0 1 43.898500000000006 44.579840000000004 14.0 0.032055 0.1252755 2.15 0
0 0 0 1 51.8045 43.375585 13.0 0.040683 0.14543 4.0 0
1 0 0 0 60.0 59.99189 98.0 0.016234179471986653 4.2000000000000004e-05 1.85 0
1 0 0 0 53.86 52.08028 19.3 0.060501119655000005 0.046683 2.2 0
0 0 1 0 55.7405 47.281515 18.4 0.1932207826 3e-05 2.0 0
0 1 0 0 47.0235 25.3026 8.75 0.374753099 0.01678 9.0 0
0 0 0 1 49.256499999999996 44.34134999999999 14.0 0.03449 0.09388200000000001 3.25 0
0 0 0 1 50.545500000000004 45.804179999999995 24.0 0.0036279 0.08928399999999999 3.2 0
0 1 0 0 57.34 59.8162 21.05 0.0595655535 0.0827695 3.75 0
0 0 0 1 46.6385 47.82827 11.0 0.074196 0.133755 4.25 0
0 0 0 1 46.976 45.378235000000004 31.0 0.00078423 0.055311 1.85 0
0 1 0 0 43.99 35.20969 18.45 0.084734046 0.08238500000000001 1.65 0
0 1 0 0 50.35447767066693 44.52678267539525 24.651144857041167 0.09658699853529934 0.10095995499099822 3.9706941388277657 0
0 0 0 1 45.6635 48.1455 28.0 0.0015378 0.053280499999999995 2.05 0
0 0 0 1 50.2705 44.2643985 13.0 0.047824 0.17262 2.5 0
0 0 0 1 40.429500000000004 59.795015 254.0 3.5536e-26 0.0 1.95 0
0 0 0 1 49.227500000000006 44.136160000000004 21.0 0.007332 0.1140115 2.15 0
0 0 1 0 45.6095 49.04999 3.0 0.44291 0.0 6.0 0
0 0 1 0 52.7355 60.0 1.0 0.67046 0.0 5.0 0
0 0 0 1 46.147000000000006 44.507307999999995 16.0 0.020549 0.13175900000000001 2.35 0
0 0 1 0 43.527 47.8333 0.0 0.80384 0.0 7.0 0
0 1 0 0 50.35447767066693 44.52678267539525 24.651144857041167 0.09658699853529934 0.10095995499099822 3.9706941388277657 0
0 0 0 1 49.2265 47.6038 17.0 0.01864 0.09859050000000001 2.75 0
0 0 0 1 45.9745 51.451609999999995 25.0 0.0026248 0.075876 3.55 0
1 0 0 0 41.78 33.78781 3.0 0.43455 0.163881 2.55 0
0 0 0 1 47.20899999999999 45.261655000000005 35.0 0.0002919 0.010095 2.6 0
0 0 0 1 50.32750000000001 41.452581499999994 15.0 0.02977 0.28333 3.0 0
0 0 0 1 47.94 45.819925000000005 17.0 0.018921 0.0686635 3.55 0
0 0 1 0 43.854499999999994 39.718205000000005 10.4 0.21622233999999999 0.14553 1.0 0
0 0 0 1 47.169 47.90412 4.0 0.375 0.15621549999999998 4.05 0
0 0 0 1 57.096500000000006 54.341085 83.0 4.328e-09 0.001109 1.7 0
1 0 0 0 49.78 43.581635 20.2 0.0507020822235 0.056295499999999984 1.8 0
0 0 0 1 46.44850000000001 46.991233 4.0 0.33597 0.070767 4.55 0
0 0 0 1 53.47 41.641794999999995 13.0 0.044555 0.14730700000000002 2.3 0
0 0 0 1 49.45 45.260909999999996 18.0 0.015658 0.01443 1.0 0
0 0 0 1 45.460499999999996 38.7753565 7.0 0.18571 0.16354600000000002 3.5 0
0 1 1 0 56.221500000000006 56.6235 7.8 0.52308093881 0.0 11.0 0
1 0 0 0 55.47 46.770165 5.0 0.30331 0.11371899999999999 5.25 0
0 1 0 1 44.43 46.92 20.0 0.0098859 0.1247135 2.1 0
1 0 0 0 54.99 49.795345 19.3 0.0756800893 0.05666 2.0 0
0 0 1 0 52.754999999999995 59.3077 8.0 0.1408 0.0 11.0 0
0 0 0 1 46.158 48.8470415 10.0 0.089104 0.09830249999999999 2.9 0
0 0 1 0 41.46 45.22646999999999 11.0 0.070127 0.06351 1.0 0
0 0 0 1 48.651999999999994 47.235820000000004 21.0 0.0069654 0.08129549999999999 1.65 0
1 0 0 0 44.52 35.020309999999995 18.9 0.03748471 0.046756000000000006 2.15 0
0 0 0 1 55.949 56.12874000000001 75.0 3.0609e-08 0.00026750000000000005 1.55 0
1 0 0 0 60.0 59.99189 98.0 0.016234179471986653 4.2000000000000004e-05 1.85 1
0 0 0 1 48.362 42.79304499999999 20.0 0.0089289 0.0898485 1.65 0
1 0 0 0 41.3 28.749815 28.15 0.1037723657240655 0.06336800000000001 1.85 0
0 0 0 1 56.763 59.795015 196.0 2.3662e-20 0.0 1.9 0
0 0 1 1 48.474999999999994 42.4323615 15.0 0.030937 0.03111 4.0 0
0 0 1 0 49.328500000000005 53.68411 11.9 0.28936981599999995 0.00081 8.0 0
0 0 0 1 46.018 43.97802299999999 16.0 0.020699 0.1166185 2.3 0
0 0 0 1 50.317 45.573475 27.0 0.0018035 0.068189 2.15 0
0 0 1 0 57.7325 44.508835 5.8 0.375840915 0.0 32.0 0
0 0 0 1 47.553000000000004 43.67629 8.0 0.13974 0.073794 2.95 0
0 0 1 0 48.50600000000001 19.6667 14.25 0.11924809500000003 0.0119 2.0 0
1 1 0 0 50.29 39.1351 19.95 0.026994089500000002 0.04762 1.0 0
0 0 0 1 50.490500000000004 44.336577 18.0 0.013295 0.11506 3.0 0
1 1 0 0 45.75 37.8837 1.0 0.64359 0.01887 1.0 0
0 1 0 0 50.35447767066693 44.52678267539525 24.651144857041167 0.09658699853529934 0.10095995499099822 3.9706941388277657 0
0 1 0 0 45.093999999999994 7.182544499999999 11.9 0.233295838 1.0 3.0 0
0 0 0 1 51.340999999999994 46.907995 20.0 0.0088021 0.082902 2.6 0
1 0 0 0 59.67 59.459075000000006 57.65 0.0319132066121459 0.055534000000000014 3.15 0
0 0 0 1 48.794500000000006 46.916039999999995 19.0 0.010046 0.10274150000000001 2.9 0
0 0 0 1 50.994 40.878116000000006 15.0 0.025632 0.08215 2.0 0
1 0 0 0 49.22 43.29224500000001 22.5 0.05188762859064999 0.07375799999999999 1.95 0
1 0 0 0 60.05 59.935565 99.0 0.0025966768011629533 0.005079 1.45 0
0 0 0 1 50.19 47.93954500000001 13.0 0.040519 0.17177650000000003 2.25 0
0 0 0 1 48.836999999999996 45.460300000000004 23.0 0.0045982 0.047215999999999994 1.95 0
0 0 1 0 47.64450000000001 46.118185 15.8 0.0527356925 0.06368 1.0 0
0 0 0 1 48.2355 48.52642 17.0 0.018765 0.1058775 2.9 0
1 0 0 0 52.66 47.79901500000001 17.65 0.0766523835 0.034738000000000005 2.05 0
0 0 0 1 48.7185 46.659515 31.0 0.00066759 0.028756999999999994 1.95 0
0 0 0 1 45.9745 45.84547 25.0 0.002741 0.05421300000000001 2.15 0
1 1 1 0 60.0 60.0 99.0 1.2124e-10 0.0 1.0 1
0 0 0 1 53.04699999999999 60.0 13.0 0.04183 0.05439 1.0 0
1 1 1 0 60.0 60.0 123.0 4.1335e-13 0.0 3.0 1
0 0 0 1 53.342499999999994 45.194689999999994 20.0 0.0087155 0.059163 1.8 0
0 0 0 1 48.85 46.71777 43.0 4.9654e-05 0.016966500000000002 2.7 0
1 0 0 0 60.0 59.99189 98.0 0.016234179471986653 4.2000000000000004e-05 1.85 1
0 0 1 0 51.711 48.655975000000005 31.8 0.08493764126455002 0.00013 2.0 0
0 0 0 1 48.264500000000005 45.95827 23.0 0.0045919 0.11896 3.0 0
0 0 0 1 49.266 44.79445499999999 26.0 0.0024626 0.11450700000000003 2.7 0
0 0 1 0 49.3285 53.68411 12.05 0.26607947 0.00017 8.0 0
1 0 0 0 53.28 50.244885 17.0 0.0488266305 0.058428999999999995 2.5 0
0 0 0 1 45.242000000000004 36.610130000000005 9.0 0.10049 0.23689 3.0 0
0 1 0 1 47.797000000000004 49.883505 17.0 0.018128 0.051778000000000005 2.1 0
0 0 0 1 45.2915 44.92383999999999 28.0 0.001384 0.048887 2.25 0
0 1 0 0 50.35447767066693 44.52678267539525 24.651144857041167 0.09658699853529934 0.10095995499099822 3.9706941388277657 0
0 0 0 1 44.505 46.05526 17.0 0.017685 0.086499 2.35 0
0 0 0 1 42.22 46.59925 19.0 0.011996 0.1261115 2.45 0
0 1 1 0 49.56299999999999 35.6818 15.25 0.09175157049999999 0.02212 4.0 0
0 0 1 0 47.764500000000005 48.51733500000001 1.0 0.75292 0.0 2.0 0
0 0 1 0 46.373000000000005 45.391093 17.0 0.017857 0.0 29.0 0
1 0 0 1 53.75 43.380520000000004 21.0 0.0064523 0.00739 3.0 0
0 0 0 1 48.157000000000004 46.829248 16.0 0.022993 0.02553 2.0 0
0 0 0 1 47.9705 47.725965 21.0 0.0070552 0.00523 2.0 0
0 0 0 1 40.429500000000004 59.795015 253.0 4.3553999999999997e-26 0.0 1.95 0
0 1 0 1 48.4255 57.5424 12.0 0.054742 0.15958899999999998 5.25 0
0 0 0 1 46.41799999999999 49.766630000000006 25.0 0.0030957 0.01655 2.0 0
0 0 0 1 40.429500000000004 59.795015 255.0 0.0 0.0 1.95 0
0 0 1 0 50.79549999999999 42.372395 21.65 0.06699991435000001 0.00309 1.0 0
0 0 0 1 50.715999999999994 47.75046 12.0 0.060606 0.126256 4.45 0
0 0 1 0 46.691 50.030205 5.0 0.27615 0.0 10.0 0
0 0 0 1 48.665 48.836875 15.0 0.026392 0.1558795 2.65 0
0 0 0 1 49.799499999999995 44.909949999999995 30.0 0.0008628 0.030237999999999998 2.15 0
0 0 0 1 47.553000000000004 46.49662 19.0 0.012131 0.095154 2.55 0
1 0 0 0 49.11 42.655699999999996 24.85 0.06001505809375851 0.05605450000000001 2.15 0
0 0 1 0 58.220499999999994 52.585765 22.55 0.165781784025 8e-05 4.0 0
0 0 0 1 47.8635 48.444785 31.0 0.00069236 0.018959499999999997 1.95 0
1 0 0 0 46.6 37.757169999999995 20.4 0.058864977000000006 0.07528499999999999 1.7 0
0 0 1 0 58.682 47.3891 24.25 0.14578062833 2e-05 3.0 0
0 1 0 0 47.577999999999996 32.7381 16.05 0.0854102005 0.01605 2.0 0
0 0 0 1 46.95 42.942035000000004 18.0 0.015018 0.121254 2.0 0
0 0 0 1 58.69200000000001 59.60931000000001 119.0 1.1863e-12 0.0 2.4 0
0 0 1 0 44.5725 51.3457 21.65 0.20817566409000002 2e-05 3.0 0
0 1 0 0 46.60799999999999 57.9573 19.5 0.031169288150000002 0.00919 2.0 0
0 0 0 1 48.831 44.071395 16.0 0.022092 0.1209895 3.15 0
0 0 0 1 50.18749999999999 44.674705 11.0 0.065353 0.099108 5.1 0
0 0 0 1 45.12799999999999 40.05806 7.0 0.17137 0.15481550000000002 5.7 0
1 0 1 0 42.29 47.807025 16.9 0.050162715000000004 0.03127 1.0 0
0 0 1 0 45.024 41.631910000000005 14.3 0.07107205000000001 0.08929 1.0 0
1 0 0 1 55.26 48.164125 31.0 0.00071476 0.01232 1.0 0
0 0 0 1 44.953500000000005 44.461014 7.0 0.16844 0.1732595 3.9 0
0 0 0 1 49.27900000000001 48.007075 17.0 0.016523 0.10886499999999999 3.2 0
0 0 1 0 45.422000000000004 9.97368 5.0 0.2729 0.02607 1.0 0
0 0 0 1 50.32299999999999 43.894285 13.0 0.04075 0.1615895 2.7 0
1 0 0 0 50.74 47.49826 16.1 0.06567206950000001 0.043213999999999995 1.95 0
0 0 0 1 57.0875 55.32023 85.0 2.8144e-09 0.0007435 1.85 0
0 1 0 0 54.51550000000001 55.4348 12.7 0.17468618920000004 0.10952100000000001 5.35 0
0 0 1 0 57.7325 46.61688 6.35 0.353542165 0.0 28.0 0
0 0 0 1 48.36699999999999 39.162165 15.0 0.029442 0.135718 2.15 0
0 0 0 1 48.693 39.402879999999996 16.0 0.023108 0.032743499999999995 2.15 0
0 0 0 1 45.460499999999996 38.7753565 7.0 0.18481 0.1638425 3.55 0
0 0 1 0 49.93050000000001 59.02107500000001 10.15 0.35083606 0.00015 6.0 0
0 1 0 1 47.034499999999994 58.5429 4.0 0.35985 0.25470299999999996 3.1 0
0 0 0 1 43.2595 35.33468 5.0 0.25479 0.1949715 4.4 0
0 0 0 1 49.102 40.960175 13.0 0.044392 0.137937 2.7 0
1 0 0 1 55.16 54.3378 13.0 0.047703 0.27816 3.0 0
1 0 0 0 60.0 59.99189 98.0 0.016234179471986653 4.2000000000000004e-05 1.85 0
0 1 0 0 44.879999999999995 49.9167 5.0 0.27923 0.05174 3.0 0
1 0 0 0 54.01 53.404804999999996 15.8 0.09760616255000001 0.067343 1.9 0
0 0 1 1 51.10850000000001 44.4312 19.0 0.010265 0.00049 2.0 0
0 0 0 1 49.5655 52.8125 14.0 0.036441 0.02904 1.0 0
0 0 0 1 45.407 38.3207 31.0 0.00076233 0.00311 2.0 0
0 0 1 0 55.7405 47.281515 18.4 0.1932207826 3e-05 2.0 0
0 0 0 1 45.32449999999999 45.148045 3.0 0.49336 0.12298800000000001 6.35 0
0 0 0 1 33.65 41.49917500000001 25.0 0.0030061 0.020089000000000003 2.15 0
0 0 0 1 50.673 49.3461315 32.0 0.00054681 0.044330499999999995 2.6 0
0 0 0 1 58.43 43.234695 27.0 0.0018363 0.033252500000000004 2.35 0
1 0 0 0 46.87 34.68835 6.0 0.20643 0.1301895 5.9 0
0 0 0 1 50.2685 42.765065 24.0 0.0034537 0.1488435 2.35 0
0 0 0 1 49.195 41.7463015 15.0 0.028997 0.03531 2.0 0
1 0 0 0 60.0 59.3494 18.95 0.09971893325 0.06488200000000001 3.6 0
0 0 0 1 51.4005 49.713274999999996 32.0 0.00059994 0.048808000000000004 1.85 0
0 0 0 1 43.143499999999996 35.136225 3.0 0.43392 0.145441 3.4 0
0 1 0 0 55.58 55.9091 19.5 0.0411528895 0.04807 1.0 0
0 1 0 0 46.692499999999995 56.3546 9.0 0.1008 0.14022 3.0 0
0 0 0 1 50.67299999999999 50.0743215 32.0 0.00055742 0.049504 2.4 0
0 0 0 1 44.593 44.65961 5.0 0.30914 0.1093975 4.05 0
0 0 1 0 44.901500000000006 34.287216 0.0 0.91383 0.08578 2.0 0
0 0 0 1 54.09 49.67225 37.0 0.00019727 0.0317445 2.75 0
0 0 0 1 40.429500000000004 59.795015 255.0 0.0 0.0 1.95 0
1 0 0 0 58.98 41.390074999999996 16.0 0.022663 0.10380649999999998 3.4 0
0 0 0 1 49.799499999999995 44.909949999999995 30.0 0.00086337 0.030237999999999998 2.15 0
1 0 0 0 51.7 48.61403500000001 17.0 0.0577826127 0.04707750000000001 2.05 0
0 0 0 1 48.169 33.4307 6.0 0.22664 0.32665 1.0 0
0 0 1 1 50.262 48.673249999999996 21.0 0.007461 0.00147 1.0 0
0 0 0 1 46.466499999999996 45.917015 13.0 0.04348 0.05126 2.0 0
0 0 0 1 56.1915 58.78884000000001 154.0 3.3066e-16 0.0 2.0 0
0 0 1 0 46.465500000000006 53.918904999999995 1.0 0.70213 0.0 18.0 0
0 0 1 0 50.3695 44.219135 16.15 0.085262166 0.0233 4.0 0
1 0 0 0 43.62 38.507005500000005 5.0 0.28158 0.12392800000000001 2.75 0
0 0 0 1 48.690000000000005 47.734116499999985 15.0 0.027752 0.0713095 3.25 0
1 0 0 0 36.5 29.065949999999997 32.2 0.08773457194999999 0.12086000000000001 1.55 0
0 0 1 0 55.58750000000001 60.0 0.0 0.9349 0.0001 12.0 0
0 0 0 1 51.7285 48.01661 20.0 0.0087719 0.062778 2.65 0
0 0 1 0 47.764500000000005 38.855875 0.0 1.0 0.00034 2.0 0
1 0 0 0 57.43 58.70059 15.95 0.11233378500000002 0.0879175 2.25 1
0 1 0 0 50.2065 46.529779999999995 20.65 0.07379489899000001 0.00591 1.0 0
0 0 0 1 47.477500000000006 43.549865000000004 18.0 0.015622 0.02454 1.0 0
0 0 0 1 56.31 52.255410000000005 15.0 0.025979 0.143193 2.3 0
0 1 0 0 50.76649999999999 48.379075 14.0 0.035377 0.03028 5.0 0
0 0 0 1 47.25900000000001 27.418 16.0 0.023105 0.01546 3.0 0
0 0 0 1 51.2105 43.39054 13.0 0.041005 0.13426900000000003 2.45 0
0 0 0 1 49.92300000000001 45.05714000000001 22.0 0.0055311 0.16562749999999998 1.7 0
0 1 0 0 43.5295 38.952581499999994 8.0 0.13906 0.14218 2.0 0
0 0 1 0 57.784000000000006 60.0 32.55 0.0054917704775 0.00014 2.0 0
0 0 0 1 48.851 39.43267 10.0 0.096154 0.11573800000000001 3.95 0
0 0 0 1 50.029999999999994 46.60812 14.0 0.036927 0.12190949999999998 2.25 0
0 0 0 1 46.3975 47.802405 16.0 0.021029 0.11016849999999997 1.95 0
0 1 0 0 55.61 59.0476 16.1 0.08319415385000001 0.026129000000000003 3.4 0
0 0 1 0 57.7325 45.555165 8.5 0.272908985 0.0 23.0 0
1 0 0 0 60.0 59.99189 98.0 0.016234179471986653 4.2000000000000004e-05 1.85 0
0 0 0 1 49.361999999999995 49.230665 19.0 0.010653 0.09291549999999998 1.45 0
1 0 0 0 60.0 59.99189 98.0 0.016234179471986653 4.2000000000000004e-05 1.85 0
0 0 0 1 53.803999999999995 51.714470000000006 64.0 3.5789e-07 1e-05 2.85 0
0 0 0 1 48.2555 41.843720000000005 6.0 0.22999 0.16998 6.8 0
0 0 0 1 47.91499999999999 16.254422000000005 9.0 0.1075 1.0 3.0 0
0 0 0 1 49.02 38.758244999999995 13.0 0.048124 0.05734 1.0 0
0 0 1 0 48.88949999999999 28.6519 1.0 0.64772 0.00057 1.0 0
0 0 0 1 46.071 47.80240500000001 16.0 0.02099 0.1315975 1.95 0
0 0 1 0 45.005 45.04446499999999 1.0 0.6437 0.13803 3.0 0
0 0 1 0 56.507500000000014 48.31537999999999 13.5 0.21935759775000002 0.00509 5.0 0
0 0 0 1 45.4165 41.304015 9.0 0.1228 0.157266 4.9 0
0 0 0 1 48.832499999999996 42.02262 19.0 0.011834 0.58611 3.0 0
0 0 0 1 42.4035 44.579840000000004 14.0 0.03229 0.087039 2.85 0
1 0 0 0 59.78 59.589585 75.4 0.002840857999126505 0.010386 2.8 0
0 0 0 1 59.2855 58.622945 134.0 3.2892e-14 0.0 1.65 0
0 0 0 1 48.407 42.989895 18.0 0.01403 0.0806925 1.75 0
0 1 0 0 54.27 46.663075 12.0 0.05613 0.1126805 5.15 0
1 0 0 0 55.33 55.75707 20.1 0.0413545845 0.044226 1.6 0
0 0 0 1 41.34 47.589761499999994 15.0 0.027331 0.00059 2.0 0
0 0 1 0 42.765 42.38648500000001 13.45 0.16234239 0.14805 2.0 0
0 0 0 1 46.399 46.053270000000005 16.0 0.021257 0.1114385 1.95 0
1 0 0 0 60.0 59.99189 98.0 0.016234179471986653 4.2000000000000004e-05 1.85 1
0 0 0 1 49.907000000000004 39.76089 18.0 0.013504 0.09259300000000001 2.2 0
0 0 0 1 50.851 43.6396 14.0 0.037158 0.1267245 2.15 0
0 1 0 0 57.641 52.244275 12.85 0.4768418938001161 0.00493 12.0 0
0 0 0 1 48.7415 42.119505 15.0 0.031224 0.10053999999999999 2.55 0
0 0 1 0 49.81849999999999 45.322070000000004 0.0 1.0 0.0 14.0 0
1 1 1 0 49.31 29.8333 20.4 0.26944003185000004 3e-05 1.0 0
1 0 0 0 47.43 38.57437 16.65 0.07564784200500001 0.07386000000000001 2.3 0
0 0 0 1 49.675999999999995 48.364375 19.0 0.011806 0.18377899999999997 2.25 0
0 1 1 1 52.67100000000001 48.517335 16.0 0.022093 3e-05 2.0 0
1 1 1 1 60.0 60.0 74.0 3.3266e-08 0.0 1.0 1
0 0 0 1 58.543499999999995 60.0 23.0 0.0048466 0.23726850000000002 3.0 0
0 0 0 1 50.075 48.561435 22.0 0.0055313 0.5236 1.0 0
1 0 0 0 60.0 59.99189 98.0 0.016234179471986653 4.2000000000000004e-05 1.85 1
0 0 0 1 47.172000000000004 49.86752500000001 21.0 0.0068281 0.10184299999999999 2.2 0
0 0 0 1 49.71600000000001 45.42737 16.0 0.021389 0.0911785 1.75 0
0 1 0 0 47.224500000000006 49.2933 10.35 0.23449040000000002 0.16574 7.0 0
0 0 1 1 43.667 48.11437000000001 17.0 0.017225 0.00046 5.0 0
0 1 0 0 57.267500000000005 53.068795 5.8 0.4278681000000001 0.21462 15.0 0
0 1 0 0 48.89050000000001 33.8163 19.0 0.011613 0.06862 2.0 0
0 0 0 1 45.54699999999999 42.350005 5.0 0.29412 0.27931 0.0 0
0 0 1 0 47.456999999999994 38.552200000000006 22.85 0.02676631305 0.00453 2.0 0
0 0 0 1 48.812 44.15959000000001 33.0 0.00048366 0.022029 2.1 0
0 0 0 1 48.328500000000005 47.15337 19.0 0.010419 0.08698000000000002 3.2 0
1 0 0 0 60.0 59.99189 98.0 0.016234179471986653 4.2000000000000004e-05 1.85 0
0 0 0 1 49.294000000000004 45.676795 24.0 0.0033114 0.00137 4.0 0
0 0 0 1 51.076499999999996 42.823485 13.0 0.040934 0.129831 2.4 0
1 0 0 0 56.0 40.277069499999996 7.0 0.17249 0.0 9.0 0
1 0 0 0 47.79 46.2043 1.0 0.75685 0.36811 1.0 0
0 0 1 0 45.9555 40.202349000000005 14.0 0.067433865 0.18637 1.0 0
0 0 0 1 48.98 44.755185000000004 13.0 0.044181 0.18183850000000001 3.05 0
0 0 0 1 46.2435 49.67104 31.0 0.00075458 0.00014 2.0 0
0 0 0 1 44.6895 38.289604999999995 7.0 0.17529 0.17257250000000002 4.4 0
0 0 1 0 59.19500000000001 58.63666500000001 54.2 0.21766662893659486 0.0 3.0 0
0 0 0 1 44.593 45.994985 5.0 0.29911 0.18729749999999998 4.35 0
0 0 0 1 45.0065 43.132889 7.0 0.16541 0.19806850000000004 4.8 0
1 0 0 0 45.37 35.245785 19.75 0.050070841549806 0.0647625 2.1 0
0 0 0 1 49.2315 45.18373000000001 22.0 0.0059765 0.07835500000000002 2.0 0
0 0 1 0 45.119 40.139174999999994 1.0 0.64315 0.56639 3.0 0
0 0 1 0 49.540000000000006 14.1389 18.8 0.22521441314926002 1e-05 4.0 0
0 1 0 0 46.12 37.18293 28.95 0.016748496594342643 0.0652025 2.3 0
0 0 0 1 56.13 43.963335 13.0 0.041537 0.07721249999999999 2.0 0
0 0 1 0 57.7325 52.7124 7.0 0.3323796899999999 1e-05 20.0 0
0 0 0 1 43.898500000000006 44.579840000000004 14.0 0.031918 0.11477650000000002 2.4 0
0 0 0 1 48.553999999999995 49.614125 16.0 0.024602 0.10617349999999999 2.5 0
0 0 1 0 45.727999999999994 37.363181499999996 19.4 0.019080175499999998 0.01074 1.0 0
0 0 1 0 48.798 44.45152 21.45 0.045217055182050006 0.01489 1.0 0
0 0 0 1 48.9585 42.57325649999999 15.0 0.030654 0.02559 2.0 0
0 0 0 1 47.15449999999999 41.411235000000005 2.0 0.51804 0.1831605 4.3 0
0 0 0 1 48.155 41.25634 7.0 0.16749 0.36333 5.0 0
0 0 1 0 57.7325 50.03996000000001 9.0 0.3534949640285 0.00012 18.0 0
1 0 0 0 58.72 59.22203999999999 15.15 0.093475625 0.1119715 3.45 0
0 0 0 1 48.688 37.670715 10.0 0.081194 0.15423649999999997 3.0 0
1 0 0 0 42.04 31.024205000000002 26.1 0.0166126519195 0.0454585 1.35 0
0 0 1 0 47.559000000000005 44.607479999999995 20.55 0.029657068749999994 0.00392 2.0 0
1 0 0 0 49.7 43.439615 19.55 0.0818046426235 0.06058999999999999 1.9 0
0 0 0 1 56.763 58.60997 177.0 1.7804e-18 0.0 1.9 0
0 0 0 1 46.64 42.495193500000006 13.0 0.048336 0.1501195 3.1 0
0 0 0 1 46.91 39.557145 8.0 0.15598 0.170342 4.5 0
1 0 1 1 43.95 46.365990000000004 19.0 0.010503 0.0111 1.0 0
0 0 0 1 47.322500000000005 59.9669 20.0 0.0098662 0.53825 5.0 0
0 0 1 1 48.49 47.907035 33.0 0.00046502 0.00739 1.0 0
0 0 1 0 43.541 39.42333 13.45 0.11031439999999999 0.10122 1.0 0
0 0 0 1 49.472 47.238755000000005 24.0 0.0031787 0.02497 2.0 0
0 0 0 1 43.50599999999999 44.579840000000004 14.0 0.03234 0.096025 2.85 0
1 0 0 0 58.0 58.371114999999996 18.35 0.048737578248699995 0.0516245 2.75 0
0 0 1 0 45.965 44.90174 11.05 0.22245295999999998 0.39286 1.0 0
0 0 0 1 47.28699999999999 34.4402155 5.0 0.26961 0.18554949999999998 5.4 0
0 0 0 1 57.35 46.0402945 25.0 0.0029787 0.06723 2.0 0
0 0 1 0 29.56 42.165484500000005 12.85 0.1557721845 0.37535 2.0 0
0 0 0 1 47.7045 40.56955 15.0 0.029257 0.164939 2.4 0
0 0 0 1 48.0345 34.125 23.0 0.0049027 0.05558799999999999 2.35 0
0 0 0 1 47.2585 19.9587 36.0 0.00020146 0.00324 1.0 0
0 0 0 1 48.744 38.208215 6.0 0.21923 0.1535765 4.25 0
0 0 1 0 51.0595 59.7164 2.0 0.56471 0.0 8.0 0
0 1 0 0 45.756 42.781 13.0 0.049475 0.00768 1.0 0
0 0 0 1 49.797000000000004 43.965616499999996 15.0 0.029844 0.46732 3.0 0
0 1 0 0 48.9245 53.8144 56.0 2.5111e-06 2e-05 1.0 0
0 0 0 1 50.3935 21.0667 16.0 0.021712 0.07957 2.0 0
0 0 0 1 45.529 46.700644999999994 13.0 0.043234 0.10315800000000001 3.8 0
0 0 0 1 49.52 49.741465 17.0 0.019704 0.12791450000000001 1.65 0
1 0 0 0 60.07 59.96598999999999 51.8 0.0037200805160628528 0.005746 2.35 0
0 0 0 1 50.34949999999999 50.969325 12.0 0.054754 0.106752 4.2 0
1 0 0 0 59.11 59.008245 19.05 0.13922322680379 0.10609450000000001 3.05 0
0 0 0 1 45.32449999999999 45.42774 3.0 0.47077 0.07500000000000001 4.85 0
0 1 0 1 47.3035 38.5276 18.0 0.015604 0.06093750000000001 1.7 0
0 0 0 1 43.7735 38.73854000000001 40.0 8.8653e-05 0.12753 1.0 0
0 0 0 1 44.745 43.805944999999994 5.0 0.29141 0.128075 4.1 0
0 0 1 0 49.328500000000005 53.68411 10.85 0.31093957099999997 0.00402 8.0 0
0 0 0 1 49.84049999999999 43.240695 18.0 0.013119 0.102037 2.9 0
0 0 0 1 47.99300000000001 40.8976825 25.0 0.0030436 0.06639200000000002 1.9 0
0 0 0 1 51.71 38.18656 18.0 0.013607 0.1031755 2.2 0
0 0 1 1 48.946 41.16233650000001 15.0 0.03052 0.03035 2.0 0
0 1 0 0 50.1065 36.624216000000004 10.65 0.20043736 1.0 5.0 0
1 0 1 1 43.12 37.65801499999999 20.0 0.0081647 0.03334 1.0 0
1 0 0 0 58.89 59.052009999999996 17.5 0.10981355533379 0.09827050000000001 2.3 0
0 0 0 1 24.91 41.79625 8.0 0.1424 0.14599900000000005 4.25 0
0 0 1 0 49.51 60.137 7.0 0.16868 0.0 5.0 0
0 0 1 0 57.7325 50.52250500000001 5.6 0.36967010000000006 0.0 21.0 0
1 1 1 1 59.4 59.5319 23.0 0.0044113 0.0026 1.0 1
0 0 0 1 47.82950000000001 43.6567 16.0 0.021785 0.1278845 1.9 0
0 0 1 0 46.86 32.05258250000001 4.0 0.39674 0.23944 2.0 0
0 0 0 1 49.8495 42.9240915 15.0 0.02885 0.19478 1.0 0
0 0 1 0 57.75999999999999 52.604200000000006 3.7 0.5274954999999999 8e-05 16.0 0
1 0 0 0 59.3 58.97516 41.15 0.12201086229918985 0.0787785 3.7 0
0 0 0 1 48.362 49.21752 17.0 0.016357 0.0943505 2.4 0
0 0 1 0 47.086499999999994 38.3871 20.0 0.0091848 0.0004 2.0 0
0 0 1 0 44.68 45.79916000000001 18.4 0.16228340195 0.00104 3.0 0
1 0 0 0 57.29 59.093084999999995 17.35 0.025948814999999997 0.0915045 2.0 0
0 0 0 1 49.102 42.832815 13.0 0.044364 0.137937 2.7 0
0 0 0 1 46.4235 43.48205 25.0 0.0027955 0.01343 1.0 0
0 1 0 0 45.64 52.642165 9.05 0.5028023477500001 0.0 3.0 0
0 0 0 1 50.187499999999986 44.674705 11.0 0.065833 0.1231615 5.85 0
0 0 0 1 50.534499999999994 34.084925 6.0 0.22222 0.06993 4.0 0
1 0 0 0 40.32 30.04157 19.35 0.05947612201999999 0.09591550000000001 1.85 0
0 0 1 1 48.917 49.10569 34.0 0.00032583 4e-05 2.0 0
0 1 1 0 40.05 28.0103 9.0 0.10026 0.00194 3.0 0
0 0 0 1 51.076499999999996 42.82348499999999 13.0 0.04096 0.12983099999999997 2.4 0
0 0 0 1 50.66 49.94882 21.0 0.0074921 0.00514 23.0 0
0 0 0 1 47.681999999999995 47.17991 21.0 0.0068993 0.11711900000000001 1.4 0
0 0 0 1 45.460499999999996 37.56173149999999 7.0 0.18987 0.1347865 4.15 0
0 0 0 1 46.768499999999996 46.42317 4.0 0.35968 0.2818824999999999 4.2 0
0 0 0 1 57.19199999999999 59.938914999999994 118.0 1.4672e-12 0.0 2.4 0
0 0 0 1 49.581500000000005 46.165245000000006 19.0 0.011541 0.073688 1.75 0
1 0 0 0 60.0 59.99189 98.0 0.016234179471986653 4.2000000000000004e-05 1.85 0
0 0 0 1 50.775999999999996 46.80476 19.0 0.011652 0.0955665 1.85 0
0 0 1 0 52.1645 47.988775000000004 18.65 0.0580590525 0.00984 3.0 0
0 0 0 1 50.102 48.58145 17.0 0.016502 0.0970355 3.2 0
0 0 0 1 44.7085 40.90417000000001 14.0 0.039117 0.170225 2.55 0
0 1 0 0 48.508 27.7662 8.0 0.12927 0.01116 2.0 0
0 1 0 0 57.71 58.560015 20.95 0.06915216431092369 0.06118199999999999 2.15 0
0 0 0 1 46.7025 38.9400665 5.0 0.28226 0.15106950000000002 2.9 0
0 0 0 1 49.9365 45.695719999999994 24.0 0.0037511 0.0891275 2.25 0
0 0 0 1 49.2385 48.330949999999994 24.0 0.0037237 0.084046 2.25 0
0 1 0 0 58.102999999999994 58.7398 12.05 0.2972210488 0.06367800000000001 3.9 0
0 0 1 0 49.328500000000005 53.68411 11.6 0.32140811994999996 8e-05 8.0 0
0 0 0 1 47.209 45.261655000000005 35.0 0.00029641 0.0132555 2.55 0
0 0 0 1 49.8825 48.024395000000005 6.0 0.20221 0.0 1.0 0
0 0 1 1 48.934 45.598135 13.0 0.043418 0.00094 1.0 0
0 0 0 1 50.467 44.68542000000001 13.0 0.041731 0.08431949999999998 2.1 0
0 0 0 1 56.327 56.147164999999994 86.0 2.005e-09 0.0008414999999999999 1.85 0
1 0 0 0 58.59 58.922025 14.45 0.12562069999999997 0.09877099999999998 3.45 0
0 0 0 1 49.171 40.539959999999994 19.0 0.012449 0.1444 3.0 0
0 0 0 1 48.95049999999999 36.3787155 19.0 0.0111 0.070415 2.55 0
0 0 0 1 50.489 48.839299999999994 18.0 0.013353 0.02001 3.0 0
0 0 0 1 48.340999999999994 44.61011 17.0 0.019372 0.19363 4.0 0
0 1 1 1 44.552499999999995 52.7129 28.0 0.0013849 3e-05 3.0 0
0 0 0 1 52.5 49.69625 53.0 4.3157e-06 0.025157999999999996 3.4 0
1 1 1 0 59.89 59.2523 130.0 8.2973e-14 0.0 1.0 1
0 0 0 1 44.745 44.732 5.0 0.29247 0.11331050000000001 3.6 0
0 1 0 0 41.0325 0.0 4.35 0.5742076399999999 1.0 1.0 0
0 0 1 0 49.81849999999999 45.32207 0.0 0.98837 0.00021 14.0 0
0 0 0 1 51.40049999999999 49.713274999999996 32.0 0.00062479 0.04898399999999999 1.8 0
0 0 0 1 49.12499999999999 50.790075 51.0 7.2201e-06 0.020858999999999996 1.85 0
1 0 0 0 60.0 59.99189 98.0 0.016234179471986653 4.2000000000000004e-05 1.85 1
0 1 0 1 49.43749999999999 39.5077 22.0 0.0060082 0.0023 2.0 0
0 0 0 1 48.80800000000001 57.2857 11.0 0.071429 0.134017 5.55 0
1 0 0 0 54.79 55.23614 19.35 0.045726037000000004 0.0464635 1.8 0
0 0 0 1 45.0065 43.132889 7.0 0.16439 0.18650200000000003 5.55 0
0 0 0 1 48.147 38.208214999999996 6.0 0.22036 0.1627745 6.2 0
0 1 0 0 50.35447767066693 44.52678267539525 24.651144857041167 0.09658699853529934 0.10095995499099822 3.9706941388277657 0
0 0 1 0 49.75750000000001 50.70869 2.0 0.52862 0.0 3.0 0
0 0 0 1 49.058499999999995 55.7043 22.0 0.0056083 0.24962 1.0 0
0 0 0 1 46.564 43.59316450000001 36.0 0.0001998 0.0417425 2.2 0
0 0 0 1 51.4005 49.713274999999996 32.0 0.00060923 0.06349350000000001 1.8 0
0 0 0 1 48.6875 42.044855 27.0 0.0015994 0.04882 1.0 0
0 0 1 0 47.508500000000005 44.80150999999999 3.0 0.41612 1e-05 17.0 0
1 0 0 0 43.6 33.984930000000006 31.1 0.06871860684999999 0.10734400000000002 2.1 0
0 0 0 1 48.310500000000005 46.500834999999995 22.0 0.0060635 0.09138750000000001 2.15 0
0 0 1 0 49.096999999999994 47.5626 46.0 2.2762e-05 0.0 1.0 0
0 0 0 1 46.081 38.32601050000001 5.0 0.28032 0.12677100000000002 2.7 0
0 0 0 1 49.034499999999994 49.741805 52.0 6.2654e-06 0.0212395 2.45 0
0 0 1 0 46.056 41.67259 7.0 0.16822 0.01257 1.0 0
0 1 0 0 50.35447767066693 44.52678267539525 24.651144857041167 0.09658699853529934 0.10095995499099822 3.9706941388277657 0
0 0 1 0 44.0865 46.114465 0.0 1.0 0.00639 7.0 0
0 0 0 1 42.81 46.871044999999995 13.0 0.040276 0.204272 2.45 0
0 0 1 0 49.328500000000005 53.68411 6.2 0.58414086 0.0 8.0 0
0 0 1 0 56.50750000000001 55.747569999999996 16.0 0.32074221730541996 0.0 5.0 0
0 0 0 1 53.6245 52.29875 48.0 1.4272e-05 0.0236175 1.85 0
0 1 0 0 48.00450000000001 59.2308 19.2 0.2542286091598 0.00014 1.0 0
0 0 0 1 58.54350000000001 60.0 19.0 0.010307 0.08762649999999998 3.5 0
0 0 0 1 49.4945 45.1838805 15.0 0.025189 0.15134150000000002 1.55 0
0 1 0 0 53.98 58.36 3.0 0.40054 0.11048250000000001 4.0 0
0 0 0 1 50.190000000000005 47.93954500000001 13.0 0.040224 0.18224500000000002 2.15 0
0 0 0 1 47.8335 55.2131 10.0 0.086656 0.47302 19.0 0
0 0 0 1 49.43500000000001 34.549905 6.0 0.21199 0.25206 3.0 0
0 0 0 1 50.190000000000005 47.939545 13.0 0.040125 0.18287350000000002 2.45 0
0 0 0 1 48.51499999999999 42.38857 16.0 0.022872 0.059241 3.45 0
0 0 0 1 49.52 49.741465 17.0 0.019723 0.1352815 1.65 0
0 0 0 1 46.792500000000004 44.222455000000004 11.0 0.07313 0.12026800000000001 3.25 0
0 0 0 1 41.2045 29.021852000000003 33.0 0.00048307 0.1538 2.0 0
0 0 0 1 43.7655 40.137750000000004 3.0 0.40472 0.10199649999999998 5.1 0
1 1 1 1 60.0 60.0 55.0 2.7871e-06 0.0 1.0 1
1 0 0 0 52.29 48.645065 29.2 0.05513045849999999 0.0714365 2.2 0
0 0 0 1 48.7185 46.659515 31.0 0.00064011 0.039011 1.95 0
0 0 0 1 50.154999999999994 36.5333 11.0 0.064412 0.14949849999999998 5.45 0
0 0 0 1 45.460499999999996 38.40718149999999 7.0 0.18626 0.1546545 3.5 0
1 0 0 0 60.0 59.99189 98.0 0.016234179471986653 4.2000000000000004e-05 1.85 0
0 0 0 1 56.763 59.795015 197.0 1.9365e-20 0.0 1.9 0
0 0 1 0 46.87299999999999 47.991839999999996 4.0 0.36569 0.0 5.0 0
0 0 0 1 45.9955 43.17283 17.0 0.016943 0.09981300000000001 1.75 0
0 1 0 0 59.8845 60.0 51.4 0.13680397870097638 0.061791 2.85 0
0 0 1 0 57.7325 52.61732000000001 3.7 0.5274955 0.0003 16.0 0
0 0 0 1 49.79949999999999 44.90995 30.0 0.00086699 0.030080000000000003 2.15 0
0 1 0 0 55.094500000000004 55.5326 18.35 0.10242069782349998 0.09187749999999999 7.4 0
0 0 0 1 48.51350000000001 41.8471615 15.0 0.031259 0.53467 1.0 0
0 0 0 1 47.169 42.050667 4.0 0.3956 0.18400249999999999 3.75 0
0 1 0 0 50.35447767066693 44.52678267539525 24.651144857041167 0.09658699853529934 0.10095995499099822 3.9706941388277657 0
1 0 0 0 58.66 59.10594 14.65 0.11691789500000001 0.10673300000000001 3.4 0
0 0 0 1 50.4465 46.696841500000005 15.0 0.027607 0.01044 3.0 0
0 0 0 1 49.18749999999999 46.85201500000001 14.0 0.037103 0.09659 1.0 0
0 0 0 1 42.07 35.58583 56.0 2.2379e-06 0.0481595 1.8 0
0 0 0 1 44.73 51.475475 26.0 0.0022196 0.13421499999999997 1.9 0
0 0 0 1 51.231500000000004 48.7546 15.0 0.028409 0.13190200000000002 2.45 0
0 0 0 1 50.21 46.196915000000004 14.0 0.033008 0.1638165 2.65 0
1 0 0 0 60.0 59.99189 98.0 0.016234179471986653 4.2000000000000004e-05 1.85 1
0 0 1 0 47.947 43.21396 17.2 0.07675028816 0.01047 2.0 0
0 0 0 1 49.55650000000001 46.02748 15.0 0.030064 0.151668 2.2 0
0 0 0 1 45.4165 40.677445 9.0 0.11839 0.12644699999999998 4.95 0
0 0 0 1 48.081 46.50083500000001 22.0 0.0061504 0.13289849999999997 2.35 0
0 0 1 0 41.896499999999996 13.5 9.45 0.22979094 0.35948 2.0 0
1 0 0 0 49.9 44.33009500000001 20.8 0.038022777050000005 0.06266849999999999 1.8 0
0 0 0 1 47.17 47.79283 23.0 0.0047495 0.0315095 2.45 0
0 1 0 0 50.068 57.2323 12.0 0.052338 0.00033 1.0 0
0 0 0 1 46.0235 28.803 9.0 0.11855 0.06492899999999999 4.95 0
0 1 0 1 50.91 45.0203 19.0 0.010845 0.05182250000000001 1.75 0
0 0 1 0 57.78 41.02267 21.45 0.09778610855 0.00303 1.0 0
0 0 1 0 49.104499999999994 39.3778 1.0 0.67835 0.00046 9.0 0
0 0 0 1 47.0195 43.445235 14.0 0.033985 0.109119 3.25 0
1 0 0 0 60.0 59.99189 98.0 0.016234179471986653 4.2000000000000004e-05 1.85 0
0 0 0 1 45.946 40.43173 25.0 0.0028926 0.068895 2.0 0
0 0 0 1 54.028000000000006 60.0 30.0 0.00098097 0.00511 3.0 0
0 0 0 1 47.978500000000004 50.84029 15.0 0.025785 0.093953 2.05 0
0 0 0 1 45.460499999999996 38.4789215 7.0 0.19235 0.18984700000000002 4.05 0
0 1 0 0 50.35447767066693 44.52678267539525 24.651144857041167 0.09658699853529934 0.10095995499099822 3.9706941388277657 0
0 0 0 1 46.123000000000005 43.59356 9.0 0.10689 0.127091 3.85 0
0 0 0 1 57.096500000000006 54.341085 83.0 4.903e-09 0.001109 1.7 0
0 0 1 0 49.5845 53.65808500000001 16.0 0.02511 0.00302 7.0 0
0 0 0 1 45.565999999999995 39.412710000000004 17.0 0.017218 0.109809 2.8 0
0 0 1 0 50.2615 47.134425 72.0 6.0724e-08 5e-05 1.0 0
0 0 0 1 43.506 44.579840000000004 14.0 0.032301 0.087039 2.85 0
0 0 1 0 47.764500000000005 40.29332 0.0 1.0 0.0 2.0 0
0 0 0 1 50.0015 34.150296 26.0 0.0023211 0.12366 2.0 0
1 0 0 0 39.11 31.434355 31.85 0.03061484757 0.05089250000000001 1.85 0
0 0 0 1 47.957 41.5555525 2.0 0.56938 0.13695049999999998 6.9 0
0 0 0 1 56.1915 58.78884000000001 154.0 3.8679e-16 0.0 2.0 0
1 0 0 0 46.0 37.0323 23.25 0.028248220000002645 0.0315825 2.05 0
0 0 1 0 43.5225 10.5625 9.65 0.21828013949999994 0.38596 3.0 0
0 0 0 1 47.24400000000001 46.437689999999996 4.0 0.35735 0.2992195 5.15 0
0 0 0 1 57.314499999999995 60.0 146.0 2.0347e-15 0.0 1.85 0
1 0 0 0 49.16 34.626491 7.0 0.16876 0.20789 2.0 0
0 0 0 1 50.367999999999995 47.955020000000005 20.0 0.0080906 0.080333 1.9 0
0 0 0 1 53.24250000000001 58.62346 58.0 1.3254e-06 0.028680499999999998 1.95 0
0 0 0 1 36.73 43.26739 23.0 0.0040222 0.170609 1.8 0
0 0 0 1 50.539 44.1212115 15.0 0.029465 0.57328 2.0 0
0 0 1 1 38.5 46.822253 16.0 0.020325 0.02043 1.0 0
0 0 0 1 47.978500000000004 50.84029 15.0 0.025764 0.09331200000000002 1.95 0
0 0 1 0 45.52499999999999 44.379821500000006 12.4 0.12528463500000003 0.32006 3.0 0
1 0 0 0 40.94 29.24572 26.55 0.07151724 0.060953500000000015 1.95 0
0 0 0 1 54.15 48.52844499999999 13.0 0.042711 0.16656699999999997 2.6 0
1 0 0 0 32.17 25.570429999999998 35.6 0.03924100850014552 0.1449835 1.95 0
0 0 0 1 48.27599999999999 47.53085 21.0 0.0077777 0.06924050000000001 2.35 0
0 0 1 0 48.8895 53.6429 0.0 0.99746 0.0 1.0 0
1 0 0 0 59.26 58.975159999999995 39.2 0.12846735068918982 0.08643400000000001 3.1 0
0 0 0 1 52.93499999999999 60.0 21.0 0.0074828 0.54547 1.0 0
0 0 0 1 46.272000000000006 39.655175 7.0 0.1592 0.59298 3.0 0
0 0 0 1 42.585 37.32431 3.0 0.4372 0.15536100000000003 2.7 0
0 1 0 0 43.99 40.75957100000001 16.2 0.09509792109449998 0.19656 2.0 0
0 0 0 1 45.206500000000005 34.57062549999999 5.0 0.27277 0.154361 4.05 0
0 0 0 1 46.7025 39.878161 18.0 0.015088 0.17349 2.0 0
0 0 0 1 46.8365 43.78291500000001 15.0 0.03089 0.02006 2.0 0
0 0 0 1 45.407 59.9769 31.0 0.00077141 0.00306 2.0 0
0 0 1 0 48.4915 50.708690000000004 3.0 0.46967 0.0 3.0 0
0 0 0 1 50.948499999999996 45.07096 23.0 0.0040127 0.10860599999999998 2.0 0
0 0 1 0 49.509 45.151275 0.0 0.80391 0.0 15.0 0
0 0 0 1 51.196999999999996 60.0 31.0 0.00064634 0.24001 1.0 0
0 0 0 1 47.3075 34.608635500000005 5.0 0.27059 0.11782200000000001 5.65 0
0 0 0 1 45.2145 44.13875 25.0 0.0027679 0.064439 1.95 0
0 0 0 1 50.715999999999994 47.578955 12.0 0.061089 0.12917300000000004 3.85 0
0 0 1 0 44.810500000000005 37.892515 9.0 0.11555 0.15259 4.0 0
0 0 0 1 47.529999999999994 50.472455000000004 42.0 5.0979e-05 0.038407000000000004 2.95 0
0 0 0 1 57.83 59.8173 13.0 0.046712 0.17822 2.0 0
0 1 0 0 43.2045 12.4286 7.7 0.26499989999999995 1.0 2.0 0
0 0 1 0 49.8825 48.02439500000001 0.0 0.99084 2e-05 1.0 0
0 0 0 1 49.2585 42.782595 16.0 0.02243 0.1260255 2.3 0
0 0 0 1 47.445499999999996 46.916039999999995 19.0 0.010267 0.1087015 2.55 0
0 0 1 0 15.05 41.036919999999995 11.25 0.17940084 0.14471 1.0 0
0 0 0 1 46.5915 45.261655000000005 35.0 0.00027549 0.010541499999999999 3.15 0
0 1 0 0 48.58 45.0826 20.35 0.051000614268 0.0517005 3.8 0
1 0 0 0 58.09 58.732854999999994 21.0 0.0386487101487 0.08674150000000001 2.75 0
1 0 0 0 47.71 40.147544999999994 18.65 0.0683931305 0.094324 1.6 0
0 0 1 0 56.50750000000001 55.47076500000001 10.55 0.3051223435 4e-05 5.0 0
0 0 0 1 48.147 38.24789 6.0 0.2206 0.16277450000000002 6.2 0
0 0 0 1 45.65 45.743405 14.0 0.032143 0.1237695 2.1 0
0 0 0 1 50.673 49.3461315 32.0 0.00054629 0.0443305 2.6 0
1 0 0 0 53.18 50.25881499999999 19.8 0.07860157455 0.05612750000000001 2.5 0
0 0 0 1 40.429500000000004 59.795015 255.0 0.0 0.0 1.95 0
0 0 1 1 48.973 25.3956 18.0 0.013085 0.00083 2.0 0
0 0 0 1 47.553000000000004 46.04632 8.0 0.13928 0.08263899999999999 2.6 0
0 0 1 0 54.3745 48.571595 22.1 0.06423360474999998 0.00058 4.0 0
0 0 0 1 46.91 40.673044999999995 8.0 0.15385 0.176512 2.45 0
0 0 0 1 49.104499999999994 42.53210700000001 18.0 0.013053 0.092601 2.85 0
0 0 0 1 49.742 40.87811599999999 15.0 0.028931 0.08375 2.0 0
0 0 0 1 45.854 43.923610000000004 14.0 0.033667 0.13760750000000002 2.55 0
0 0 1 1 49.36900000000001 46.309174999999996 30.0 0.00089613 0.00113 2.0 0
0 0 0 1 49.479 43.22992 21.0 0.0073239 0.03107 1.0 0
0 1 1 0 46.802499999999995 26.225 7.0 0.17522 0.06409 1.0 0
1 0 0 0 60.0 59.99189 98.0 0.016234179471986653 4.2000000000000004e-05 1.85 0
0 0 0 1 46.903499999999994 42.051238 16.0 0.020537 0.14903 2.0 0
0 0 0 1 54.028 57.62235999999999 68.0 1.5727e-07 0.024768500000000002 2.55 0
1 1 1 0 59.75 59.9 77.0 1.6966e-08 0.0 1.0 1
1 0 0 0 49.03 43.509525000000004 20.85 0.05873147300310849 0.033279500000000004 2.1 0
0 0 0 1 46.9925 31.8589 23.0 0.0049907 0.0463 1.0 0
0 0 1 0 57.760000000000005 54.77026500000001 7.85 0.41341468764 0.0 14.0 0
0 0 0 1 45.0065 43.132889 7.0 0.16075 0.2168045 3.55 0
0 0 0 1 43.850500000000004 46.924249999999994 13.0 0.046719 0.14979599999999998 3.6 0
0 0 0 1 44.852 43.937605000000005 14.0 0.039507 0.09254749999999999 3.45 0
0 0 0 1 49.341499999999996 48.31886 32.0 0.00062401 0.00244 1.0 0
0 1 0 0 46.2555 41.4789 5.0 0.28203 0.01967 1.0 0
0 0 0 1 51.108 46.9146 23.0 0.0040397 0.00496 2.0 0
0 0 1 0 46.81849999999999 41.347035000000005 6.0 0.21469 0.04972 2.0 0
0 0 0 1 45.0415 42.6057 13.0 0.049805 0.07506949999999998 2.4 0
0 1 0 1 58.03249999999999 60.0 39.0 0.00011838 0.2072295 3.9 0
0 0 0 1 50.9485 44.470400000000005 23.0 0.0041638 0.11546149999999997 1.65 0
0 0 0 1 55.94 41.073494999999994 13.0 0.048775 0.10033 1.0 0
0 0 0 1 46.608999999999995 41.3518535 13.0 0.048995 0.188139 1.65 0
0 0 1 0 56.50750000000001 55.747569999999996 16.0 0.32074221730541996 0.0 5.0 0
0 1 1 0 58.68 60.0 24.35 0.021885422483500002 0.0039 1.0 0
0 0 0 1 46.29350000000001 41.47131 14.0 0.038743 0.1417795 2.15 0
0 0 1 1 45.766 54.916805 14.0 0.032214 0.00446 7.0 0
0 0 0 1 51.786 49.36412 45.0 2.8127e-05 0.004717500000000001 2.45 0
0 0 1 0 47.537000000000006 47.80646 18.45 0.0850759871 0.01474 3.0 0
0 0 0 1 46.991499999999995 42.38492 14.0 0.038676 0.1534375 2.65 0
0 1 0 0 48.1495 35.6105 17.0 0.019436 0.0356 2.0 0
0 0 1 0 49.328500000000005 53.68411 9.7 0.354132735 0.00054 8.0 0
0 0 0 1 49.2375 42.242617 18.0 0.012813 0.07405550000000001 2.7 0
0 0 1 0 50.391000000000005 41.43724 19.0 0.010492 0.0 4.0 0
0 0 0 1 50.31699999999999 46.502255 27.0 0.001784 0.06872249999999999 2.1 0
0 0 1 0 48.8895 0.0 0.0 1.0 0.0 1.0 0
0 0 0 1 48.701499999999996 48.836875 15.0 0.026477 0.11596549999999999 2.95 0
1 0 0 0 58.28 58.649469999999994 25.3 0.041723775003695396 0.09888949999999999 3.0 0
0 0 0 1 45.924499999999995 45.809276499999996 10.0 0.093663 0.02465 2.0 0
0 0 0 1 50.013000000000005 46.45652500000001 14.0 0.036797 0.07142750000000002 2.35 0
0 1 0 0 45.19 31.0106 5.0 0.26381 0.19822150000000002 4.4 0
0 0 0 1 48.7525 58.125 21.0 0.0068158 0.31127 2.0 0
0 0 1 0 57.7325 52.7124 8.7 0.32098735165000003 0.0 20.0 0
1 0 0 0 35.42 28.015585000000005 17.9 0.077374764085 0.08225500000000001 1.7 0
0 0 0 1 50.6365 44.291290000000004 13.0 0.041642 0.08668000000000001 1.85 0
0 0 0 1 47.564 40.24726 22.0 0.005403 0.12410399999999999 2.0 0
0 0 1 0 55.31149999999999 51.368494999999996 12.0 0.059771 0.0 10.0 0
0 0 0 1 51.414 46.859314999999995 14.0 0.037221 0.14614699999999997 2.2 0
0 0 0 1 51.859000000000016 44.011965000000004 13.0 0.041351 0.1076095 2.3 0
1 1 1 1 53.76 52.0816 20.0 0.0087027 0.01522 1.0 0
0 0 0 1 48.367 37.58807 15.0 0.029379 0.14538800000000002 2.6 0
1 1 0 0 44.82 34.7841 17.55 0.12355392116924999 0.0947125 1.9 0
1 0 1 0 49.95 42.839623 18.0 0.122512857 0.00317 2.0 0
0 0 0 1 49.116 44.17037 27.0 0.0017802 0.01163 2.0 0
0 0 0 1 45.9745 45.411415 25.0 0.0027037 0.058123999999999995 2.2 0
1 1 1 1 60.1 60.202 20.0 0.0080618 0.00687 2.0 1
0 0 0 1 47.48649999999999 46.450715 19.0 0.012303 0.076761 2.4 0
1 0 0 0 48.66 44.5317 18.35 0.0715886695 0.0600865 1.85 0
0 0 0 1 48.028999999999996 50.531819999999996 39.0 0.00011676 0.0528175 2.1 0
0 0 1 0 57.7325 48.48648 8.6 0.254397035 0.0 22.0 0
0 0 0 1 49.036 46.687025 15.0 0.026807 0.089072 2.05 0
0 0 0 1 48.6785 42.870145 13.0 0.045 0.132638 1.9 0
1 0 0 0 49.44 42.960699999999996 21.45 0.0705902877935 0.0220565 1.85 0
0 0 0 1 50.21 48.05193 37.0 0.00019582 0.029941000000000002 2.95 0
0 0 0 1 46.4495 48.306084999999996 17.0 0.015994 0.16794150000000002 3.95 0
0 0 0 1 48.408500000000004 46.676915 15.0 0.030356 0.19808749999999997 1.95 0
0 0 1 0 45.419500000000006 44.8351 3.0 0.4533 0.0 21.0 0
0 1 0 0 41.0325 12.0 8.1 0.342267945 1.0 1.0 0
0 0 0 1 44.907500000000006 49.42001 5.0 0.27607 0.06219 5.0 0
0 0 0 1 49.1045 41.984156999999996 18.0 0.013035 0.091104 2.35 0
0 0 1 0 45.8405 51.27392999999999 14.2 0.29508270740000003 0.01611 7.0 0
1 0 0 0 49.53 42.416505 6.0 0.20398 0.02705 5.0 0
0 0 0 1 51.114999999999995 25.9294 16.0 0.024822 0.12273450000000001 2.65 0
0 0 1 1 48.075 41.7862 19.0 0.011049 0.00745 1.0 0
0 0 0 1 44.01 41.6986945 36.0 0.00024403 0.0776575 1.85 0
1 1 1 0 60.0 60.0 83.0 4.3729e-09 0.0 2.0 1
0 0 0 1 49.8765 42.72288 18.0 0.013279 0.11353200000000001 2.8 0
0 0 1 0 50.66 50.076675 21.0 0.0077399 0.01131 3.0 0
0 0 1 0 51.121 45.613150000000005 15.95 0.077830064 0.02686 4.0 0
0 0 0 1 50.8305 39.1342 16.0 0.021662 0.09096 2.0 0
0 0 0 1 49.8755 48.3239 16.0 0.024636 0.06671 1.0 0
0 1 0 0 36.59 29.4247 19.4 0.15531488330000004 0.067968 2.55 0
0 1 0 1 46.980999999999995 43.2889 29.0 0.0012154 0.00179 1.0 0
0 0 1 0 47.3955 34.231627499999995 2.0 0.60509 0.48942 1.0 0
0 0 0 1 38.65 38.26356 52.0 5.3443e-06 0.11676550000000001 1.85 0
0 0 0 1 48.9345 50.63125 15.0 0.025993 0.14248500000000003 2.35 0
0 1 0 0 44.0515 13.0 10.5 0.16775975999999998 1.0 3.0 0
0 0 0 1 49.322500000000005 47.96205 40.0 9.5375e-05 0.024267499999999997 2.3 0
0 0 0 1 49.684999999999995 41.066604999999996 24.0 0.0037317 0.05939 1.0 0
0 1 0 0 59.8845 60.0 51.4 0.13680397870097638 0.061791 2.85 0
0 0 1 0 52.965999999999994 60.0 0.0 0.80008 0.0 3.0 0
0 0 0 1 49.7305 46.313665 26.0 0.0023686 0.09493 2.55 0
0 0 1 0 56.4745 50.464524999999995 18.25 0.20732153945 0.00012 3.0 0
0 0 0 1 51.4005 49.713274999999996 32.0 0.00059543 0.04670549999999999 1.9 0
0 0 0 1 48.48049999999999 44.407065 21.0 0.0064969 0.07230649999999998 2.0 0
1 0 0 0 53.84 52.326240000000006 21.0 0.040888276355 0.046683 2.2 0
0 0 0 1 47.195499999999996 9.75 20.0 0.0096074 0.21429 2.0 0
0 0 0 1 50.9405 46.345535 23.0 0.0042786 0.0247 2.0 0
0 0 0 1 46.75 48.406330000000004 17.0 0.017895 0.07988549999999998 3.8 0
0 0 0 1 50.4785 49.204955 14.0 0.036466 0.19018 17.0 0
0 0 0 1 43.898500000000006 44.579840000000004 14.0 0.032067 0.1252755 2.15 0
0 0 1 1 46.1005 50.70869 13.0 0.049718 0.00027 3.0 0
0 0 1 0 56.48350000000001 49.74688999999999 43.55 0.09674010418884413 1e-05 4.0 0
0 0 0 1 49.1535 49.15729 38.0 0.00013393 0.03589250000000001 2.5 0
0 0 1 1 43.6755 37.418241 5.0 0.3121 0.09847 2.0 0
0 0 0 1 47.4725 46.161295 18.0 0.015141 0.12140599999999999 2.25 0
0 0 0 1 49.8755 50.9936 16.0 0.024851 0.21907 1.0 0
0 1 0 0 42.102999999999994 5.76289 11.9 0.158759437 0.08487 2.0 0
0 0 0 1 42.67 50.93061 19.0 0.010414 0.066806 3.2 0
0 1 0 0 45.473 21.6755 16.7 0.07331262699999999 0.04583 1.0 0
0 0 0 1 45.509499999999996 42.31241 16.0 0.023721 0.19319649999999997 2.4 0
0 0 1 0 50.106500000000004 42.06091 12.8 0.14876653 0.48401 5.0 0
0 0 1 0 44.516000000000005 34.7615595 0.0 0.99369 0.00012 9.0 0
0 0 0 1 42.98 49.17560999999999 19.0 0.011947 0.16878600000000002 2.5 0
0 0 1 0 46.5775 25.75 10.0 0.08256 0.01919 1.0 0
0 0 0 1 49.708 47.915499999999994 14.0 0.034679 0.103079 3.35 0
0 0 0 1 50.5455 45.804179999999995 24.0 0.0036197 0.08928399999999999 3.2 0
0 1 1 0 45.44350000000001 55.2034 14.0 0.039806 0.00739 2.0 0
0 0 1 1 49.596000000000004 48.794795 19.0 0.010545 0.00012 2.0 0
0 1 0 0 46.639500000000005 44.01276 11.6 0.20343053949999995 0.41491 3.0 0
0 1 1 1 49.881 30.8447 22.0 0.0054257 0.00134 4.0 0
0 0 0 1 52.4855 46.94034 20.0 0.0087464 0.04968750000000001 1.85 0
0 0 1 0 46.254 57.83892999999999 11.1 0.49916262945049994 6e-05 7.0 0
0 1 1 0 55.78099999999999 55.6429 6.45 0.5276387490000001 1e-05 13.0 0
0 0 0 1 46.123 43.59356 9.0 0.10717 0.148789 3.6 0
0 0 0 1 46.4495 48.30608500000001 17.0 0.015923 0.15525000000000003 3.4 0
0 1 0 0 43.028499999999994 34.669 16.3 0.2389002703614 0.0595375 1.9 0
0 0 0 1 45.460499999999996 38.4789215 7.0 0.1957 0.2069185 3.75 0
0 1 0 1 45.4165 39.975735 9.0 0.12152 0.11005000000000001 4.1 0
0 0 0 1 50.715999999999994 49.007715000000005 12.0 0.059745 0.09341949999999999 5.4 0
0 0 0 1 48.275999999999996 47.53085 21.0 0.0077889 0.058721 2.25 0
0 0 0 1 46.61 50.306 20.0 0.0091385 0.07654 2.0 0
1 0 0 1 50.16 43.18398 37.0 0.00017195 0.026061 2.85 0
0 1 1 0 46.221500000000006 15.6364 17.0 0.017781 0.00497 1.0 0
0 1 0 0 57.21450000000001 58.4062 16.05 0.181768005362205 0.079352 3.4 0
0 0 0 1 46.7195 44.39073 14.0 0.032709 0.1400145 1.9 0
0 0 0 1 49.26899999999999 45.823275 24.0 0.0036624 0.10239849999999999 3.1 0
1 0 0 0 59.64 59.46813999999999 57.35 0.031908657747307084 0.046426499999999996 2.65 0
0 0 0 1 53.421499999999995 60.0 21.0 0.0077947 0.50978 1.0 0
0 0 0 1 48.275999999999996 47.53085 21.0 0.0077873 0.058721 2.25 0
0 0 0 1 46.373000000000005 49.550259999999994 17.0 0.017866 0.03443 6.0 0
0 0 0 1 48.794500000000006 46.916039999999995 19.0 0.010064 0.10274150000000001 2.9 0
0 1 1 0 52.82 45.3776 13.45 0.31978013759586 8e-05 4.0 0
0 0 1 0 45.537 39.460705000000004 26.45 0.01745841252725 0.00133 1.0 0
0 0 1 0 48.02400000000001 36.24853 14.8 0.07994841500000001 0.11702 1.0 0
0 0 0 1 49.562999999999995 43.0573 15.0 0.026557 0.03182 1.0 0
1 0 0 0 38.4 27.4124375 31.95 0.047603656794000006 0.09714999999999999 2.0 0
1 0 1 0 46.74 43.007034999999995 19.0 0.026460971500000003 0.02274 1.0 0
0 0 0 1 48.3705 59.9143 22.0 0.0062572 0.128925 2.5 0
0 0 1 0 56.00300000000001 57.7619 4.9 0.48149169999999997 0.0 15.0 0
0 0 1 0 48.140499999999996 49.54099 15.65 0.042795215 0.02614 2.0 0
0 0 0 1 45.460499999999996 38.4789215 7.0 0.19282 0.18936950000000002 4.8 0
0 0 1 0 59.405499999999996 54.074625000000005 45.7 0.09876838038798472 1e-05 3.0 0
0 1 0 0 44.24249999999999 42.452635 3.0 0.46025 0.12180750000000003 5.55 0
0 1 1 0 49.09749999999999 48.85176500000001 8.0 0.15144 0.01864 3.0 0
0 0 0 1 43.2595 35.33468 5.0 0.25826 0.196323 4.4 0
0 0 0 1 47.547 43.842135000000006 23.0 0.0049255 0.09846600000000001 1.9 0
1 0 0 0 60.0 59.99189 98.0 0.016234179471986653 4.2000000000000004e-05 1.85 0
0 1 0 0 49.969500000000004 23.6275 21.0 0.007703 0.00094 1.0 0
0 0 0 1 46.523 43.60680000000001 9.0 0.10766 0.1512835 3.2 0
0 0 0 1 43.88 34.4375 16.0 0.02286 0.17694 2.0 0
0 0 0 1 43.7655 40.137750000000004 3.0 0.39912 0.1206855 4.35 0
0 1 1 0 49.202999999999996 54.8864 13.5 0.18066982150000005 0.00502 6.0 0
0 0 0 1 47.8335 48.286109999999994 29.0 0.0010475 0.049226 2.05 0
0 0 1 0 40.71 39.670824999999994 15.85 0.088908007 0.04551 1.0 0
0 0 1 0 47.475 62.0112 13.4 0.15345479500000003 0.01878 3.0 0
1 0 1 0 42.88 45.722044999999994 19.7 0.0317220973 0.02501 3.0 0
1 0 1 1 49.81 38.061400000000006 20.0 0.0097767 0.01093 1.0 0
0 0 1 0 55.5875 59.814 0.0 0.98224 0.0 12.0 0
0 1 0 0 43.929500000000004 27.0 2.0 0.51589 1.0 1.0 0
0 0 0 1 45.527499999999996 44.403122999999994 16.0 0.020668 0.12651500000000002 2.35 0
0 0 0 1 48.483999999999995 42.870144999999994 13.0 0.044945 0.137802 1.85 0
0 0 1 0 50.2635 13.9851 2.0 0.62992 0.00219 1.0 0
0 1 0 1 48.937 49.1266 32.0 0.00051347 0.001 2.0 0
0 0 0 1 48.146 44.15291 14.0 0.038592 0.150386 2.75 0
0 0 0 1 48.653499999999994 41.624725 19.0 0.011877 0.35788 3.0 0
0 0 0 1 48.18600000000001 41.67930499999999 16.0 0.022556 0.106595 3.45 0
0 0 1 0 52.528999999999996 49.4 10.65 0.31342735902850005 1e-05 19.0 0
0 0 1 0 48.249 48.76438 18.45 0.163035833 0.001 3.0 0
0 1 1 0 47.860499999999995 53.6721 15.8 0.0931315785 0.01286 2.0 0
0 0 1 0 57.7325 46.61688 6.35 0.353542165 0.0 28.0 0
0 0 0 1 55.089 51.057 65.0 2.7242e-07 0.024508 2.7 0
0 0 0 1 48.130999999999986 46.387625 26.0 0.0021761 0.054900500000000005 2.05 0
0 0 0 1 55.605 60.0 143.0 3.99e-15 0.0 1.8 0
0 0 0 1 49.52 49.741465000000005 17.0 0.019887 0.13831549999999998 1.6 0
0 0 0 1 46.046 40.7333 5.0 0.30333 0.21996400000000005 5.3 0
0 0 0 1 47.51350000000001 45.389860000000006 26.0 0.0020287 0.07048299999999999 2.75 0
0 0 0 1 45.604000000000006 34.57062549999999 5.0 0.27292 0.175018 4.15 0
1 1 1 0 60.0 60.0 83.0 4.4718e-09 0.0 2.0 1
0 0 0 1 50.709999999999994 43.485924999999995 23.0 0.0040434 0.56419 1.0 0
0 0 0 1 47.818 49.390339999999995 20.0 0.008283 0.0696455 2.1 0
1 0 0 0 60.0 59.99189 98.0 0.016234179471986653 4.2000000000000004e-05 1.85 1
0 0 0 1 45.0065 43.132889 7.0 0.15909 0.20609000000000002 3.55 0
1 0 0 0 59.54 59.38663499999999 57.55 0.033055329949106406 0.06679049999999999 3.6 0
1 0 1 0 21.08 44.916325 11.0 0.067229 0.00773 2.0 0
0 0 0 1 47.324 48.789615 19.0 0.010543 0.07511500000000002 2.1 0
0 0 1 0 50.7555 44.903375000000004 16.55 0.0924136595 0.01026 6.0 0
0 0 0 1 47.24400000000001 46.43769 4.0 0.35747 0.326596 4.25 0
1 0 0 0 56.59 58.02429000000001 18.8 0.034144974999999994 0.10147149999999998 1.8 0
0 0 0 1 47.4865 46.450715 19.0 0.012293 0.06260600000000001 2.45 0
1 0 0 0 60.0 59.99189 98.0 0.016234179471986653 4.2000000000000004e-05 1.85 0
0 0 0 1 50.6865 46.256495 20.0 0.0088667 0.1049625 2.6 0
1 0 0 0 51.22 44.163054 7.0 0.16333 0.20461200000000002 5.65 0
0 0 1 0 45.9885 46.714995 17.45 0.048519056 0.03125 1.0 0
0 0 0 1 47.23 44.710845 26.0 0.0021494 0.0705765 2.5 0
0 1 0 0 51.1 48.4758 21.25 0.040932737355 0.022739000000000002 1.7 0
0 0 1 0 57.7325 47.017250000000004 8.5 0.27074713499999997 0.0 24.0 0
0 0 0 1 51.212 48.21674 12.0 0.052313 0.12485299999999996 4.0 0
0 0 0 1 51.607499999999995 51.87238000000001 30.0 0.00098307 0.01473 3.0 0
0 0 0 1 47.87950000000001 26.9756 10.0 0.090199 0.3546 4.0 0
0 0 0 1 50.948499999999996 45.07096 23.0 0.0039877 0.10860599999999998 2.0 0
1 0 0 0 60.0 59.99189 98.0 0.016234179471986653 4.2000000000000004e-05 1.85 1
0 0 0 1 44.6255 16.0754 41.0 6.9804e-05 0.13378249999999997 2.65 0
0 0 0 1 49.44449999999999 45.27740000000001 17.0 0.01634 0.12722 1.0 0
0 0 0 1 52.387 44.560785 23.0 0.0044238 0.138484 2.5 0
0 0 0 1 50.356500000000004 50.21257 17.0 0.018477 0.101109 1.9 0
1 0 0 1 54.6 46.32938 14.0 0.034829 0.06668 1.0 0
0 0 0 1 44.2185 36.717000999999996 28.0 0.0012791 0.58588 2.0 0
0 0 0 1 48.812999999999995 44.98228 8.0 0.12799 0.1539895 2.9 0
0 0 1 0 56.50750000000001 55.747569999999996 16.0 0.32074221730541996 0.0 5.0 0
1 0 0 0 44.04 35.209689999999995 20.8 0.040544516999999995 0.10061400000000001 1.75 0
0 0 1 0 47.562 33.79387 11.65 0.258886002 0.64706 1.0 0
1 0 0 0 22.28 24.285625000000003 30.4 0.0710666460587335 0.2198095 2.35 0
0 0 0 1 55.29 48.6145115 15.0 0.027883 0.09884099999999998 3.95 0
0 0 0 1 48.567 45.177020000000006 18.0 0.014112 0.11794450000000001 2.4 0
0 1 0 0 50.12 24.3286 30.0 0.0008722 0.00858 4.0 0
0 0 0 1 48.1495 45.747675 11.0 0.070174 0.11294549999999999 5.25 0
0 0 0 1 49.072500000000005 41.0029515 15.0 0.030078 0.02164 2.0 0
1 0 0 0 59.13 43.16494 12.25 0.11194570000000001 0.09885 2.0 0
1 0 0 0 47.49 40.33458 21.2 0.0682768215105 0.079081 2.25 0
0 0 0 1 49.519999999999996 49.741465000000005 17.0 0.019692 0.1279145 1.65 0
0 0 0 1 49.519999999999996 49.741465 17.0 0.019917 0.13831549999999998 1.6 0
0 0 0 1 46.515499999999996 44.648160000000004 9.0 0.11149 0.17698449999999996 3.8 0
0 0 0 1 45.0415 42.6057 13.0 0.049861 0.07506949999999998 2.4 0
0 1 0 0 48.2935 44.176 10.0 0.084598 0.0 1.0 0
0 0 0 1 51.786 47.903215 45.0 2.9014e-05 0.004873499999999999 2.9 0
0 0 1 0 42.005500000000005 17.25 3.0 0.4445 0.29579 1.0 0
0 0 0 1 48.812 44.15959000000001 33.0 0.00047615 0.022029 2.1 0
1 1 1 0 60.0 60.0 179.0 1.1998e-18 0.0 4.0 1
0 0 1 0 45.93599999999999 42.206579 15.4 0.1277149025 0.20161 1.0 0
0 0 0 1 48.7185 46.659515 31.0 0.00066456 0.028420999999999995 1.95 0
0 0 0 1 48.64 47.188795 18.0 0.013982 0.01977 1.0 0
0 0 0 1 45.275999999999996 25.867789 2.0 0.51948 0.5702 4.0 0
0 0 0 1 47.4725 46.161295 18.0 0.015099 0.146949 2.2 0
1 1 1 0 27.13 24.6538 0.0 0.96875 0.03163 2.0 0
0 0 0 1 46.97599999999999 47.849025 29.0 0.001134 0.12132650000000003 1.9 0
0 1 0 1 49.266 44.794455 26.0 0.0024858 0.11450699999999998 2.7 0
0 0 0 1 45.854 43.127089999999995 14.0 0.033593 0.17122600000000002 2.55 0
1 0 0 0 46.63 37.757169999999995 21.2 0.047385037 0.08726550000000001 1.7 0
0 0 0 1 51.38249999999999 47.14655 46.0 2.2291e-05 0.020937 2.0 0
0 0 0 1 47.19 32.895415 20.0 0.0095687 0.1263815 2.5 0
0 0 0 1 44.65499999999999 57.6474 28.0 0.0013424 0.00502 2.0 0
0 0 0 1 49.42 47.53106999999999 16.0 0.021165 0.12470300000000001 1.95 0
0 1 0 0 53.68300000000001 52.0225 21.1 0.04425469865000001 0.07519449999999998 5.85 0
0 0 0 1 53.34 44.58248 23.0 0.0044754 0.102634 2.3 0
0 0 0 1 47.9275 37.0017 9.0 0.10169 0.1135845 3.85 0
0 1 0 0 37.25 32.6623 17.5 0.038703827999999996 0.0331 3.0 0
0 0 0 1 49.882 43.326805 30.0 0.00096802 0.021703999999999998 1.8 0
0 0 0 1 49.1635 42.945565 14.0 0.036393 0.13795849999999998 2.7 0
0 0 0 1 49.159 34.549905 6.0 0.24324 0.24609 3.0 0
0 0 0 1 47.993 40.8976825 25.0 0.003045 0.066392 1.9 0
1 1 1 0 60.0 60.0 72.0 6.1603e-08 0.0 2.0 1
0 1 0 1 45.12799999999999 40.05806 7.0 0.17143 0.15481550000000002 5.7 0
0 1 0 1 47.605000000000004 58.25 15.0 0.031249 0.02556 1.0 0
0 0 0 1 58.66 46.02621 18.0 0.01513 0.14431999999999998 2.0 0
0 0 0 1 46.400000000000006 46.32151 13.0 0.047124 0.13605399999999998 3.05 0
0 0 0 1 50.587999999999994 42.45289149999999 15.0 0.027537 0.29146 1.0 0
0 0 1 0 57.760000000000005 53.768565 2.45 0.63209895 0.00011 15.0 0
0 0 1 1 48.877 39.37209 9.0 0.10544 0.0 18.0 0
0 0 0 1 49.80400000000001 42.72288 18.0 0.013215 0.12131700000000001 2.9 0
0 0 0 1 51.5705 41.44262500000001 23.0 0.0042243 0.1043125 2.05 0
1 0 0 0 51.67 48.614035 17.05 0.05781423770000001 0.0469425 2.15 0
1 0 0 0 53.15 50.25881499999999 20.1 0.07748794954999999 0.05612750000000001 2.5 0
0 0 0 1 48.6875 43.8662585 13.0 0.048173 0.1768935 2.2 0
0 0 0 1 45.58 32.1787 40.0 8.573e-05 0.00017 2.0 0
0 0 0 1 48.3355 43.465545 13.0 0.044942 0.57075 3.0 0
0 0 1 0 43.68750000000001 46.426935 1.0 0.74921 0.15532 3.0 0
0 0 0 1 46.42499999999999 41.050555 14.0 0.034233 0.1080305 1.8 0
0 1 0 0 48.7165 33.2308 13.0 0.044064 0.2456175 2.9 0
0 0 0 1 47.51350000000001 45.389860000000006 26.0 0.0020368 0.07048299999999999 2.75 0
1 0 0 0 53.99 53.373565 20.25 0.07457998320499999 0.07080349999999999 2.0 0
0 0 1 0 56.64899999999999 54.423964999999995 34.25 0.15139413973226348 5e-05 4.0 0
0 0 0 1 48.135000000000005 41.0957 15.0 0.029125 0.2133655 2.55 0
0 0 0 1 44.186 39.85733 7.0 0.17207 0.14997699999999997 5.65 0
0 0 1 0 57.59100000000001 56.195130000000006 5.55 0.5216374600000001 0.00064 11.0 0
0 0 0 1 49.69 50.020505 31.0 0.00077849 0.00164 1.0 0
0 0 0 1 48.7185 46.659515 31.0 0.0006563 0.039011 1.95 0
0 0 0 1 40.429500000000004 59.795015 255.0 3.2563e-33 0.0 1.95 0
0 1 0 0 54.97 59.6957 18.4 0.09579142549000001 0.00628 1.0 0
0 0 0 1 50.23199999999999 40.95504100000001 15.0 0.026976 0.087 2.0 0
0 1 0 0 44.30049999999999 41.012449999999994 12.5 0.11364588799999997 0.4954 4.0 0
0 0 0 1 45.668000000000006 47.26059000000001 5.0 0.28739 0.00604 27.0 0
0 0 0 1 43.7655 34.31001500000001 3.0 0.42857 0.192465 3.65 0
0 0 0 1 45.10450000000001 37.84825000000001 3.0 0.44043 0.32967 1.0 0
0 1 0 0 43.713499999999996 44.19416149999999 10.0 0.088604 0.01667 2.0 0
0 0 0 1 50.4095 42.345825000000005 14.0 0.035984 0.11074349999999997 2.1 0
0 0 1 0 50.881499999999996 57.172439999999995 12.05 0.26905001685 0.00094 6.0 0
0 0 1 0 57.7325 50.52250500000001 5.6 0.3696701000000001 2e-05 21.0 0
0 0 0 1 50.221999999999994 49.026855 19.0 0.011702 0.143368 2.0 0
0 0 1 0 49.3795 35.324934999999996 6.0 0.23319 0.14853 3.0 0
0 0 1 0 57.7325 46.63334999999999 5.8 0.37584091499999994 0.0 29.0 0
0 0 1 0 46.79950000000001 44.71020500000001 14.75 0.12353413499999999 0.01204 2.0 0
0 0 1 0 46.025 0.0 0.0 1.0 0.0 4.0 0
0 0 0 1 47.55300000000001 43.67629 8.0 0.13977 0.07533799999999999 3.0 0
0 0 0 1 47.714999999999996 43.421904999999995 20.0 0.008329 0.03097 2.0 0
0 0 1 0 43.541 43.52566 14.35 0.10936531549999999 0.10033 1.0 0
0 0 0 1 54.759000000000015 56.64077000000001 57.0 1.7638e-06 0.019403000000000004 1.95 0
0 0 1 0 53.61750000000001 51.9756 12.45 0.15670278500000004 0.0 26.0 0
0 0 1 0 57.590999999999994 57.35346500000001 9.9 0.47224972745999994 0.00715 11.0 0
0 0 0 1 43.8985 44.579840000000004 14.0 0.03209 0.1252755 2.15 0
0 0 1 0 53.331 60.0 2.0 0.58737 0.0 7.0 0
0 0 0 1 44.75 32.959050000000005 3.0 0.43478 0.61746 2.0 0
0 0 0 1 45.793000000000006 40.250685 25.0 0.002899 0.0644115 2.05 0
0 1 0 0 43.4725 28.5814 6.0 0.21921 0.10946 1.0 0
1 0 0 0 50.62 47.49826 20.15 0.07122013405133455 0.05770750000000001 2.2 0
0 0 0 1 45.9745 51.06358 25.0 0.0025246 0.09309049999999999 4.15 0
0 0 0 1 48.23200000000001 50.735795 17.0 0.01822 0.0712515 2.05 0
0 0 0 1 48.7405 48.22696 11.0 0.068696 0.14051750000000002 3.2 0
0 0 1 0 46.06999999999999 40.34966 3.0 0.40264 0.02054 1.0 0
0 0 0 1 49.480500000000006 41.2082165 15.0 0.029609 0.071 2.0 0
0 0 0 1 49.053999999999995 46.944035 33.0 0.0004411 0.036619500000000006 2.0 0
0 0 1 0 48.3935 47.8090725 2.0 0.6 0.0 12.0 0
0 0 0 1 23.28 36.66289 18.0 0.014728 0.0453685 1.75 0
0 0 1 0 56.50750000000001 55.33380999999999 39.6 0.27223963912045207 0.0 4.0 0
0 0 0 1 51.76649999999999 39.912760000000006 6.0 0.22727 0.12506 9.0 0
1 0 1 0 45.76 42.33357 17.5 0.15032078299999999 0.00404 1.0 0
0 0 0 1 57.0875 55.32023 85.0 2.5465e-09 0.0007435 1.85 0
0 0 0 1 49.103 44.173230000000004 16.0 0.022384 0.10421450000000002 2.15 0
0 1 1 0 48.609500000000004 34.3977 10.0 0.098744 0.00687 1.0 0
0 0 1 0 57.7325 47.21576 6.15 0.34756381500000005 0.0 26.0 0
0 0 1 1 48.7175 47.41735 16.0 0.024625 0.01565 2.0 0
0 0 1 0 44.434 39.34973999999999 17.0 0.052140058 0.03884 1.0 0
0 0 0 1 47.1545 43.99717 2.0 0.50404 0.22492300000000004 5.9 0
0 0 0 1 50.674499999999995 46.130105 14.0 0.035469 0.12515 2.25 0
0 0 0 1 49.799499999999995 45.86222 30.0 0.00081 0.05577399999999999 2.25 0
0 0 0 1 49.41 38.135285 20.0 0.0097456 0.0793115 2.25 0
0 0 1 0 44.122 43.1813745 13.55 0.14017188700000002 0.08744 2.0 0
0 0 0 1 45.114 47.232655 28.0 0.0013991 0.06706300000000001 2.15 0
1 0 0 0 60.0 59.99189 98.0 0.016234179471986653 4.2000000000000004e-05 1.85 0
0 0 1 0 46.742000000000004 37.77786 17.75 0.0735362575 0.06593 4.0 0
0 0 0 1 46.319 40.02344 14.0 0.038941 0.18995249999999997 2.4 0
0 1 0 0 43.8805 45.454966500000005 10.0 0.08917 0.01583 2.0 0
0 0 1 0 57.7325 46.63334999999999 5.8 0.37584091499999994 0.0 29.0 0
0 0 0 1 49.519000000000005 59.5246 22.0 0.005374 0.52206 1.0 0
0 0 0 1 44.611000000000004 38.871475000000004 31.0 0.00076494 0.04395 1.0 0
0 0 1 0 37.47 36.790025 3.0 0.4431 0.0821 1.0 0
0 0 0 1 51.38249999999999 47.146550000000005 46.0 2.2648e-05 0.020248499999999996 2.2 0
0 1 0 1 51.15899999999999 19.708 15.0 0.025993 0.04217 1.0 0
0 0 0 1 45.0415 41.8467135 13.0 0.049257 0.15658400000000003 1.45 0
0 0 0 1 49.831 40.655265 26.0 0.0024446 0.11068 4.0 0
0 0 1 0 51.11749999999999 51.132375 12.0 0.060366 0.00287 1.0 0
0 0 1 0 43.594 48.517335 28.0 0.0013872 1e-05 2.0 0
1 0 0 0 60.0 59.99189 98.0 0.016234179471986653 4.2000000000000004e-05 1.85 0
0 0 0 1 48.6015 51.233129999999996 15.0 0.025861 0.09467600000000001 2.25 0
0 0 1 0 46.807500000000005 45.59231 3.0 0.41667 0.0 13.0 0
1 0 0 0 40.82 30.134129 7.0 0.16294 0.23486 1.0 0
0 0 0 1 47.529999999999994 50.472455000000004 42.0 5.1938e-05 0.038407000000000004 2.95 0
0 0 0 1 49.8265 12.4 24.0 0.0036902 0.6422 1.0 0
0 0 0 1 48.688 37.940315000000005 10.0 0.082707 0.1187115 3.95 0
0 0 0 1 45.8405 34.103465 9.0 0.12539 0.57707 4.0 0
0 0 0 1 50.135000000000005 56.2517 24.0 0.0031793 0.2026 1.0 0
0 0 0 1 48.506 48.4283 17.0 0.016676 0.02022 1.0 0
1 0 0 0 41.24 31.360469999999992 91.0 7.7531e-10 0.055700000000000006 1.8 0
0 1 0 0 54.092000000000006 54.3636 17.15 0.06408372987539998 0.03433850000000001 7.3 0
0 0 1 0 47.53699999999999 57.5333 8.0 0.1413 1e-05 6.0 0
0 1 0 1 48.741499999999995 42.25186 15.0 0.031572 0.16737199999999997 3.05 0
0 0 0 1 48.22800000000001 46.534075 15.0 0.03047 0.1694325 2.15 0
1 0 0 0 51.25 49.25022499999999 20.1 0.07561106155 0.05561400000000001 2.1 0
0 0 0 1 49.266 44.79445499999999 26.0 0.0024787 0.114507 2.7 0
0 0 0 1 43.143499999999996 34.916355 3.0 0.43478 0.1717435 2.6 0
1 0 0 0 60.0 59.99189 98.0 0.016234179471986653 4.2000000000000004e-05 1.85 0
1 0 0 0 53.95 52.85379499999999 18.45 0.075305060655 0.07080349999999999 2.0 0
0 0 0 1 45.9745 49.655685 25.0 0.0026731 0.052534000000000004 3.05 0
1 0 0 0 20.7 24.285625000000003 30.75 0.09361858305873351 0.22918499999999997 2.2 0
0 0 0 1 53.62449999999999 52.29875 48.0 1.4254e-05 0.0235785 1.85 0
0 0 0 1 44.852 43.937605000000005 14.0 0.039394 0.078872 3.4 0
0 0 1 0 49.867 47.480475000000006 27.0 0.0017224 0.0 1.0 0
0 0 1 1 46.339 44.8210545 8.0 0.13143 0.0 8.0 0
0 0 0 1 46.732 42.26304499999999 20.0 0.0098242 0.0651625 2.5 0
0 0 0 1 49.445499999999996 46.30919149999999 15.0 0.027155 0.08289749999999999 2.0 0
0 0 1 0 57.7325 54.002815 11.5 0.3134485156785 0.0 19.0 0
1 1 1 1 60.0 60.0 54.0 3.7826e-06 0.0 5.0 1
0 0 0 1 50.155 49.73306 17.0 0.019629 0.13544850000000003 1.75 0
1 0 0 0 55.47 55.536725000000004 17.3 0.084390273 0.0685325 1.65 0
0 0 0 1 45.519999999999996 50.899629999999995 31.0 0.00077727 0.00979 4.0 0
0 0 1 0 53.5225 42.906805 19.75 0.023938504 0.006 3.0 0
0 0 1 0 44.648 41.746705000000006 13.8 0.09929750499999998 0.11581 4.0 0
0 0 1 0 48.057 36.480215 18.55 0.0361057735 0.01329 1.0 0
0 0 0 1 51.3445 42.093194999999994 18.0 0.01339 0.11438800000000002 3.0 0
0 0 1 0 57.7325 47.21576 6.15 0.34756381500000005 0.0 26.0 0
0 0 1 0 22.21 39.39844000000001 14.85 0.06442482094999999 0.20553 3.0 0
0 0 0 1 49.401 36.969015 6.0 0.20161 0.071042 4.8 0
0 0 1 0 48.21750000000001 47.051245 16.6 0.065390026 0.05878 1.0 0
1 0 0 0 60.0 59.99189 98.0 0.016234179471986653 4.2000000000000004e-05 1.85 0
1 0 0 0 51.04 49.062945 24.45 0.021876352105000003 0.026464499999999995 1.95 0
0 0 0 1 47.925 39.8465 20.0 0.0092001 0.081228 2.05 0
0 0 0 1 45.077 46.49284 17.0 0.017822 0.08674299999999999 3.95 0
1 1 1 0 60.0 60.0 93.0 4.0237e-10 0.0 2.0 1
0 1 0 1 40.8 28.3922 42.0 5.8199e-05 1e-05 2.0 0
0 0 1 1 50.8305 45.071918000000004 16.0 0.021698 0.03114 2.0 0
1 0 0 0 52.58 48.25446 16.6 0.0983804125 0.05010749999999999 2.05 0
0 0 0 1 45.111999999999995 32.9773805 5.0 0.26587 0.18698050000000002 3.65 0
0 0 0 1 48.812 44.15959 33.0 0.00047339 0.03324100000000001 2.1 0
0 0 1 0 41.32 49.23573 16.4 0.1046898735 0.01401 2.0 0
0 0 0 1 46.608999999999995 41.6354135 13.0 0.048893 0.17031499999999997 1.6 0
0 0 0 1 56.173 58.607305 173.0 4.0128e-18 0.0 1.8 0
0 0 0 1 48.9505 45.17702 18.0 0.014081 0.12759800000000002 1.9 0
0 0 1 0 45.864000000000004 16.449376 9.3 0.24503136999999992 0.80178 2.0 0
0 0 0 1 45.353 47.41886000000001 28.0 0.0014032 0.067063 2.15 0
0 0 1 0 57.641 52.244274999999995 14.05 0.4775982300001161 0.00042 12.0 0
1 0 1 1 54.68 44.63760499999999 18.0 0.012954 0.0082 2.0 0
1 0 0 0 41.3 30.690890000000003 0.0 0.8661 0.49329 1.0 0
0 0 0 1 49.517 51.584105 34.0 0.00035876 0.031420500000000004 2.8 0
0 0 1 0 56.64899999999999 54.423964999999995 34.25 0.15139413973226348 5e-05 4.0 0
0 0 1 0 57.7325 43.019785 5.8 0.375840915 0.0 47.0 0
0 0 0 1 48.329 46.967209999999994 43.0 4.5249e-05 0.009711000000000001 2.7 0
0 0 0 1 50.47 48.364374999999995 19.0 0.011787 0.1727145 2.2 0
0 0 0 1 50.815 54.913 11.0 0.069855 0.1782 5.0 0
0 0 0 1 49.7475 41.6692215 15.0 0.028403 0.12487 1.0 0
1 0 0 0 47.17 38.08719000000001 21.7 0.022411476909499996 0.044425000000000006 2.25 0
0 0 1 0 51.721500000000006 44.632735000000004 18.75 0.14804325775000002 0.00134 4.0 0
0 0 1 0 55.6155 48.6728645 14.95 0.4390855217345 0.0 9.0 0
0 0 0 1 43.7655 40.137750000000004 3.0 0.40665 0.114792 5.05 0
0 0 1 0 44.6695 41.955735 5.0 0.2595 0.16667 1.0 0
0 0 0 1 57.85999999999999 58.76187500000001 165.0 2.6254e-17 0.0 1.8 0
0 0 0 1 43.7655 40.137750000000004 3.0 0.40966 0.10244849999999998 6.3 0
1 0 0 0 43.6 33.984930000000006 31.1 0.06871860684999999 0.10734400000000002 2.1 0
0 0 0 1 48.7185 46.659515 31.0 0.00067211 0.027671 2.05 0
0 0 0 1 45.6635 48.145500000000006 28.0 0.0014871 0.03940199999999999 2.05 0
0 0 0 1 50.31699999999999 46.08272000000001 27.0 0.0016752 0.045079 1.95 0
0 0 1 0 44.5775 37.596515 1.0 0.67589 0.2074 1.0 0
0 0 1 0 43.78 40.6609545 4.0 0.3943 0.07499 2.0 0
0 0 0 1 46.97599999999999 48.68458 29.0 0.0011319 0.1063755 1.95 0
0 0 0 1 49.495000000000005 44.071395 16.0 0.022129 0.113397 3.15 0
0 0 0 1 51.943000000000005 55.11143500000001 59.0 1.1305e-06 0.023294500000000003 1.95 0
0 0 0 1 46.822 43.30094 14.0 0.033471 0.1609505 2.1 0
0 1 0 0 49.509 44.63560499999999 0.0 0.94913 0.00172 16.0 0
0 0 0 1 47.49 48.67653 10.0 0.088906 0.00156 3.0 0
0 0 0 1 46.6215 41.847840000000005 13.0 0.047385 0.18318 1.0 0
0 0 1 0 47.407000000000004 59.6078 0.0 0.9475 0.0 2.0 0
0 1 0 0 49.535 45.7045 20.8 0.09800764590299998 0.10913849999999999 2.2 0
0 0 0 1 48.587500000000006 39.402879999999996 16.0 0.023135 0.0372685 2.15 0
0 0 1 0 59.19500000000001 58.63666500000001 54.2 0.21766662893659486 0.0 3.0 0
0 0 1 0 42.346000000000004 41.354445 12.6 0.15344231 0.14297 2.0 0
0 0 0 1 49.17100000000001 45.39016 18.0 0.015491 0.02487 2.0 0
0 0 0 1 47.0005 34.845366 32.0 0.00056565 0.12942 2.0 0
0 0 0 1 49.3035 50.790075 51.0 7.2498e-06 0.020840499999999998 1.85 0
0 0 0 1 51.99899999999999 41.876345 13.0 0.041222 0.08232249999999999 2.3 0
0 1 0 1 47.975 28.4833 19.0 0.011763 0.00121 1.0 0
0 1 0 0 48.66 45.3525 18.95 0.13475165368000003 0.00054 1.0 0
0 0 0 1 48.6115 48.94193 19.0 0.010462 0.055023 2.95 0
0 0 0 1 48.812 44.16505500000001 33.0 0.00046815 0.0297745 2.05 0
0 0 0 1 47.927499999999995 42.995895000000004 9.0 0.1056 0.06871050000000001 4.2 0
0 0 0 1 50.845 58.4643 14.0 0.03798 0.36476 3.0 0
0 0 0 1 50.6365 44.291290000000004 13.0 0.041673 0.07896749999999998 1.95 0
0 0 0 1 50.062 45.789585 19.0 0.011367 0.00236 4.0 0
0 0 0 1 51.467499999999994 60.0 18.0 0.012969 0.03681 1.0 0
0 0 0 1 50.08149999999999 51.584105 34.0 0.00036152 0.034788 2.8 0
0 0 0 1 49.7995 45.86222 30.0 0.00084303 0.05577399999999999 2.25 0
0 0 0 1 30.19 45.096455 26.0 0.0023573 0.125225 2.5 0
0 0 1 1 50.4785 49.723275 14.0 0.036413 0.06432 3.0 0
1 0 0 0 45.06 33.09028 22.2 0.037220606377775 0.057634 2.1 0
0 0 0 1 48.991 44.674704999999996 11.0 0.067288 0.1039475 4.9 0
0 0 0 1 50.054 44.264398500000006 13.0 0.047926 0.15015150000000002 2.6 0
1 0 0 0 38.56 46.58014000000001 18.95 0.055996502935375 0.10195 3.0 0
0 0 0 1 46.2 37.034905499999994 19.0 0.011183 0.10931899999999997 2.65 0
0 0 0 1 58.12 45.721605 16.0 0.021831 0.11514199999999997 1.9 0
0 0 1 0 56.50750000000001 55.747569999999996 16.0 0.32074221730541996 0.0 5.0 0
0 0 0 1 50.171 42.680809999999994 14.0 0.035813 0.145121 2.05 0
0 0 0 1 47.3415 44.400904999999995 24.0 0.003937 0.12181949999999997 2.3 0
0 0 0 1 44.852 40.952025000000006 14.0 0.039208 0.13996599999999998 3.4 0
0 0 0 1 47.64 41.511576 8.0 0.13984 0.20321 2.0 0
0 0 0 1 48.4215 48.122065000000006 26.0 0.002203 0.05673450000000001 1.95 0
1 1 1 0 47.92 31.8788 20.65 0.11950077468 0.00033 1.0 0
1 0 0 0 51.85 46.551002499999996 2.0 0.59631 0.0760085 6.45 0
0 1 0 0 51.06 52.9487 12.0 0.053525 0.00242 5.0 0
0 0 0 1 47.06 44.49126149999999 15.0 0.027123 0.101237 2.3 0
0 0 1 0 32.25 42.18612 7.0 0.16441 0.04982 2.0 0
0 0 1 0 46.997 58.2319 20.0 0.0096279 0.0 1.0 0
1 0 0 0 55.87 57.15290000000001 18.8 0.03472752525000001 0.037564999999999994 2.85 0
0 1 0 0 43.221500000000006 43.8254 12.85 0.138709045 0.30105 3.0 0
0 0 0 1 52.69199999999999 46.01562 24.0 0.0035588 0.06463500000000001 3.35 0
0 0 0 1 48.055 50.12960999999999 2.0 0.60044 0.08543900000000001 6.35 0
0 1 0 0 46.04600000000001 30.165 8.0 0.15133 0.08396 1.0 0
0 0 0 1 47.1885 45.378235 31.0 0.00073558 0.025684999999999996 1.8 0
0 0 1 0 50.9435 48.024395000000005 12.0 0.060384 0.0 1.0 0
0 0 0 1 46.792500000000004 44.222455 11.0 0.072911 0.1209265 2.85 0
0 0 1 0 57.7325 54.002815 11.5 0.3134485156785 0.0 19.0 0
0 1 0 0 43.30650000000001 48.8333 12.45 0.135907625 0.125 4.0 0
0 0 0 1 49.537 44.746179999999995 21.0 0.0074392 0.116035 3.2 0
0 0 1 0 44.159 36.3067 2.0 0.53811 0.08064 1.0 0
1 0 0 1 51.32 46.479675 19.0 0.011598 0.11329300000000002 2.1 0
1 0 0 0 45.86 36.501245 17.85 0.09023637770000001 0.037229500000000006 1.6 0
0 0 0 1 49.858000000000004 51.584105 34.0 0.00033187 0.016096500000000003 2.75 0
0 0 0 1 45.8185 16.6667 5.0 0.26872 0.3546 18.0 0
0 0 0 1 58.16 43.27765000000001 21.0 0.0071237 0.051451500000000004 2.75 0
1 0 0 0 51.2 49.250225 19.95 0.062259448550000006 0.0492265 2.0 0
0 0 1 0 46.861 50.226440000000004 0.0 0.92291 0.00237 5.0 0
0 0 0 1 48.32 46.83457 14.0 0.037085 0.12423999999999999 2.2 0
0 0 0 1 49.84049999999999 43.240695 18.0 0.013114 0.102037 2.9 0
0 0 0 1 48.41850000000001 49.548534999999994 16.0 0.024549 0.00851 2.0 0
0 0 0 1 46.888000000000005 45.8555745 36.0 0.00022528 0.09613649999999999 2.2 0
0 0 0 1 51.4005 50.2906065 32.0 0.00057465 0.06824250000000001 2.5 0
0 0 1 0 47.5345 46.624805 4.0 0.39027 0.18809 7.0 0
0 0 0 1 47.55 43.52288 63.0 4.1011e-07 0.010246999999999997 2.0 0
0 0 0 1 45.57900000000001 38.289604999999995 7.0 0.17489 0.17913 4.2 0
0 1 0 0 50.35447767066693 44.52678267539525 24.651144857041167 0.09658699853529934 0.10095995499099822 3.9706941388277657 0
0 0 0 1 47.077999999999996 37.651061500000004 10.0 0.097906 0.17743 3.0 0
0 0 0 1 49.777 48.837325 24.0 0.0036797 0.10068149999999998 3.25 0
0 0 1 0 44.67550000000001 43.42504 15.1 0.10175729050000001 0.13235 1.0 0
0 0 0 1 48.68650000000001 48.710645 38.0 0.00014175 0.04002699999999999 2.3 0
0 0 0 1 48.2565 47.084095 15.0 0.030181 0.14108749999999998 1.8 0
0 0 0 1 46.724000000000004 42.765 14.0 0.034049 0.1043025 2.15 0
0 0 0 1 52.21 49.34682000000001 19.0 0.010172 0.11788400000000002 2.7 0
1 0 0 0 60.0 59.99189 98.0 0.016234179471986653 4.2000000000000004e-05 1.85 0
0 1 0 0 50.35447767066693 44.52678267539525 24.651144857041167 0.09658699853529934 0.10095995499099822 3.9706941388277657 0
0 0 0 1 48.812 44.15959 33.0 0.00050101 0.022029 2.1 0
1 1 1 0 60.0 60.0 90.0 8.3189e-10 0.0 1.0 1
1 0 0 0 60.4 47.87272 12.0 0.061475 0.02103 9.0 0
0 0 0 1 49.799499999999995 45.86222 30.0 0.00081053 0.05577399999999999 2.25 0
0 0 0 1 51.5995 44.087453499999995 13.0 0.039827 0.05732 3.0 0
0 0 0 1 49.445499999999996 45.4696815 15.0 0.02712 0.09797900000000001 1.95 0
0 0 0 1 49.652 41.26784 16.0 0.022753 0.10496849999999999 3.65 0
0 0 1 0 49.458 31.3125 13.9 0.09620204000000002 0.21538 5.0 0
0 0 0 1 48.1565 50.786145 15.0 0.026187 0.1635705 2.75 0
0 0 0 1 49.016999999999996 42.420114999999996 18.0 0.013915 0.099852 1.75 0
0 1 0 0 53.859500000000004 52.2889 16.65 0.097487985 0.05753899999999999 5.2 0
0 0 0 1 46.523 43.60680000000001 9.0 0.10766 0.1512835 3.2 0
0 0 0 1 46.2935 40.260104999999996 14.0 0.038777 0.14109 1.95 0
0 0 1 0 53.388 60.0 6.0 0.2491 0.0 7.0 0
0 0 0 1 56.327 56.147164999999994 86.0 2.4618e-09 0.0008414999999999999 1.85 0
0 0 0 1 46.1315 45.722494999999995 11.0 0.078519 0.116231 2.8 0
0 0 0 1 53.65 46.772360000000006 19.0 0.011729 0.156525 2.1 0
0 0 1 1 48.06 45.766585000000006 24.0 0.0033798 0.00861 2.0 0
0 0 0 1 46.09400000000001 47.943720000000006 21.0 0.0067728 0.09603149999999999 2.3 0
0 0 0 1 56.96 39.604285 10.0 0.082591 0.13930700000000001 3.75 0
0 0 0 1 47.16899999999999 45.543459999999996 4.0 0.37097 0.23743799999999998 3.85 0
0 0 1 0 49.8825 48.024395000000005 1.0 0.6339 0.0 1.0 0
0 0 0 1 49.233999999999995 46.80025499999999 23.0 0.0045868 0.07676350000000001 1.8 0
0 0 0 1 43.052499999999995 37.324310000000004 3.0 0.43678 0.16742 2.55 0
0 0 0 1 48.8305 46.500834999999995 22.0 0.0060836 0.109053 2.5 0
0 0 0 1 45.0415 42.6057 13.0 0.049916 0.07506949999999998 2.4 0
0 0 0 1 49.3525 47.774545 17.0 0.018669 0.08297399999999999 2.75 0
0 0 0 1 48.18899999999999 41.8023875 25.0 0.0029581 0.059567499999999995 2.35 0
0 0 0 1 48.3455 46.226054999999995 20.0 0.0091387 0.070103 2.25 0
0 1 0 0 53.62 51.775 16.3 0.1154744302 0.0630095 3.15 0
0 0 0 1 46.811 47.49620999999999 16.0 0.021093 0.11436799999999998 2.0 0
1 0 1 0 38.79 46.13461 12.0 0.050777 0.0776 1.0 0
0 0 0 1 49.005500000000005 45.752635 21.0 0.0070898 0.05072600000000001 2.45 0
0 0 0 1 49.665000000000006 44.680035000000004 24.0 0.0037712 0.0891275 2.25 0
0 0 0 1 47.0055 23.2010385 7.0 0.19217 0.85 2.0 0
0 0 1 0 42.548500000000004 40.74220999999999 12.3 0.16104869 0.14862 3.0 0
0 0 0 1 49.483999999999995 49.015460000000004 29.0 0.0012002 0.033348 1.65 0
1 0 0 0 60.0 59.99189 98.0 0.016234179471986653 4.2000000000000004e-05 1.85 0
0 0 0 1 47.1545 34.824765 2.0 0.54746 0.1430365 4.9 0
0 1 0 1 49.738 33.7547 18.0 0.013903 0.00174 3.0 0
0 0 0 1 49.52 49.741465 17.0 0.019813 0.13831549999999998 1.6 0
0 0 0 1 46.46900000000001 44.6918 40.0 8.4789e-05 0.07502349999999999 4.4 0
0 0 0 1 48.05399999999999 59.6321 15.0 0.030249 0.03338 1.0 0
0 0 0 1 49.0705 41.07978 13.0 0.044796 0.15240849999999997 1.85 0
0 0 0 1 45.748999999999995 58.855 29.0 0.0010803 0.05833 5.0 0
0 0 0 1 44.7085 40.90417000000001 14.0 0.039127 0.167653 3.6 0
0 1 0 0 45.864000000000004 10.333932 7.15 0.40509988999999996 1.0 2.0 0
0 0 0 1 56.173 58.60730500000001 171.0 7.9303e-18 0.0 1.8 0
0 0 1 0 56.42750000000001 53.762635 7.45 0.4653695990000001 0.00027 10.0 0
0 0 0 1 47.808 46.192235000000004 13.0 0.045787 0.125719 2.95 0
0 1 0 0 48.649 36.546 16.55 0.182900976 0.00086 1.0 0
0 0 0 1 48.812 47.32798 33.0 0.0004551 0.029654500000000007 2.15 0
0 0 1 0 56.50750000000001 54.67489499999999 10.2 0.3566975338999999 7e-05 5.0 0
0 0 1 0 57.56 52.66996 8.1 0.43176693763999996 0.00043 14.0 0
0 1 0 1 53.152 53.607285000000005 60.0 8.8712e-07 0.023294500000000003 2.0 0
1 0 0 0 60.0 59.99189 98.0 0.016234179471986653 4.2000000000000004e-05 1.85 0
0 0 0 1 49.054 46.42965 33.0 0.00044666 0.036451500000000005 2.05 0
0 0 0 1 51.20250000000001 46.784479999999995 14.0 0.037276 0.118617 2.25 0
0 0 1 0 49.8825 47.70266 0.0 0.98815 0.0001 1.0 0
0 0 0 1 48.86450000000001 46.039925 21.0 0.0069843 0.072422 1.75 0
0 0 0 1 49.322500000000005 47.96205 40.0 9.1902e-05 0.0242675 2.3 0
0 0 0 1 44.8685 39.831540000000004 3.0 0.45333 0.082309 4.3 0
1 0 0 0 46.79 38.081869999999995 18.2 0.065327088 0.08857299999999999 2.05 0
0 1 0 0 56.043499999999995 54.9126 7.85 0.45818339900000005 0.00163 13.0 0
0 0 0 1 40.429500000000004 59.795015 224.0 3.4723e-23 0.0 1.95 0
0 0 0 1 49.405 42.4206365 15.0 0.0293 0.08371 1.0 0
0 0 0 1 49.9505 25.037 18.0 0.013807 0.58403 1.0 0
0 0 1 0 47.1 45.119800000000005 21.2 0.05289650050000001 0.00138 2.0 0
0 0 0 1 48.741499999999995 42.25186 15.0 0.031411 0.144966 3.25 0
0 0 0 1 46.0275 45.8555745 36.0 0.00022373 0.09420400000000001 2.6 0
1 0 0 0 58.91 59.076049999999995 19.6 0.10593260865378999 0.0982705 2.3 0
0 0 1 0 43.31 48.04759 19.15 0.07610282709999998 0.01387 3.0 0
0 0 1 0 47.022 50.811285000000005 1.0 0.64103 0.0 5.0 0
0 0 1 0 39.76 34.796350000000004 13.9 0.14258397250000002 0.04181 1.0 0
0 1 0 0 48.812999999999995 44.982279999999996 8.0 0.12955 0.17804550000000002 3.15 0
0 0 0 1 50.00149999999999 29.725305999999996 6.0 0.21739 0.35985 2.0 0
0 0 0 1 50.81849999999999 57.7067 14.0 0.037603 0.1242 3.0 0
1 0 0 0 23.63 43.94306999999999 11.0 0.077135 0.63557 2.0 0
0 0 1 0 45.028 56.92 0.0 0.89442 0.0 7.0 0
0 0 1 0 48.78600000000001 47.22891500000001 7.0 0.17676 0.00029 2.0 0
0 0 0 1 49.575 49.733059999999995 17.0 0.0196 0.15433550000000001 1.8 0
0 0 0 1 52.080999999999996 48.67439 45.0 2.7447e-05 0.0047175 2.45 0
0 0 0 1 45.460499999999996 38.0736165 7.0 0.18814 0.17201300000000003 3.45 0
0 0 0 1 49.858000000000004 51.584105 34.0 0.0003331 0.016096500000000003 2.75 0
0 0 0 1 50.18749999999999 44.674705 11.0 0.063849 0.10465150000000001 4.65 0
0 0 0 1 47.8915 15.1053 24.0 0.0039004 0.15261 1.0 0
0 0 1 0 57.7325 50.52250500000001 5.6 0.36967010000000006 0.0 21.0 0
0 0 0 1 50.227 40.361284999999995 19.0 0.010796 0.21724 3.0 0
0 0 0 1 50.272 44.73118000000001 14.0 0.036659 0.098216 2.3 0
0 0 0 1 49.8825 46.05779 15.0 0.029932 0.212703 2.2 0
0 0 0 1 46.995999999999995 42.677800000000005 13.0 0.047571 0.19806 1.0 0
0 0 0 1 47.3785 48.969485000000006 38.0 0.00015589 0.0376875 2.25 0
0 0 0 1 48.275999999999996 47.53085 21.0 0.0078411 0.06963749999999999 2.45 0
0 0 0 1 50.05200000000001 42.621835000000004 14.0 0.036072 0.01409 1.0 0
0 0 0 1 49.2665 43.42501 22.0 0.0055012 0.16713800000000004 1.65 0
0 1 0 0 50.154999999999994 34.2323 11.0 0.063902 0.1259395 5.5 0
0 0 0 1 57.69 43.537259999999996 13.0 0.040999 0.13363850000000002 2.35 0
0 0 0 1 45.1415 45.95666 13.0 0.043528 0.21742650000000002 2.9 0
1 1 1 0 60.0 60.0 124.0 3.195e-13 0.0 1.0 1
0 1 1 1 50.870999999999995 56.4351 15.0 0.02633 0.03472 1.0 0
0 0 0 1 47.031499999999994 45.740465 4.0 0.36774 0.15830750000000002 4.25 0
0 0 0 1 48.36699999999999 39.162165 15.0 0.029433 0.13795249999999998 2.15 0
1 0 0 0 51.38 49.010614999999994 16.8 0.09185343500000001 0.05305 2.2 0
0 0 0 1 48.794500000000006 46.916039999999995 19.0 0.010127 0.10835900000000001 2.2 0
0 0 0 1 47.7255 42.99059150000001 10.0 0.096154 0.25914 16.0 0
0 0 0 1 46.332 46.92896 17.0 0.017743 0.16646 1.0 0
0 0 0 1 45.460499999999996 38.4789215 7.0 0.19833 0.20124499999999998 3.8 0
1 1 1 0 59.95 59.0215 81.0 7.3364e-09 0.0 2.0 1
0 0 1 0 59.947500000000005 58.182465 81.15 0.05852936627391324 0.0 1.0 0
0 0 0 1 48.51349999999999 59.6188 15.0 0.031111 0.34699 2.0 0
0 0 1 0 50.142 43.93793 11.0 0.067111 0.06941 2.0 0
1 0 1 0 44.03 47.57409 4.0 0.35861 0.01332 3.0 0
0 1 0 1 48.318 59.5615 17.0 0.016718 0.0094 2.0 0
0 0 0 1 55.659000000000006 59.81685 99.0 1.1066e-10 0.0 1.95 0
0 0 1 0 49.4405 40.795685 9.0 0.11175 0.00288 3.0 0
0 0 0 1 51.72 42.22862000000001 14.0 0.038573 0.01545 1.0 0
0 1 0 1 49.914 44.57084 27.0 0.0019155 0.0341115 2.2 0
0 0 0 1 48.18599999999999 38.061726 24.0 0.0039699 0.11473 2.0 0
0 1 0 1 45.8095 12.4444 25.0 0.0027608 0.01275 1.0 0
0 1 0 1 48.8695 57.5982 23.0 0.0045803 0.00027 2.0 0
1 0 0 0 57.34 58.859429999999996 16.65 0.06888745 0.085083 2.0 0
0 0 0 1 45.01 48.339615 24.0 0.003315 0.037703 2.7 0
0 0 0 1 48.721999999999994 36.3787155 19.0 0.011131 0.08619700000000001 2.7 0
0 0 0 1 43.911500000000004 44.312405 13.0 0.046819 0.19333 1.0 0
0 1 0 1 49.0475 44.82328 11.0 0.074705 0.12124 2.0 0
0 1 0 1 52.54 51.4762 17.0 0.016539 0.02267 2.0 0
0 0 0 1 48.28150000000001 49.95993 17.0 0.019464 0.0 2.0 0
1 0 0 0 60.0 59.99189 98.0 0.016234179471986653 4.2000000000000004e-05 1.85 0
0 1 0 0 59.8845 60.0 51.4 0.13680397870097638 0.061791 2.85 0
0 1 0 0 56.766999999999996 58.8696 13.45 0.16836979555 0.39813 22.0 0
1 0 0 0 60.0 60.0 6.0 0.20648 0.22392 2.0 0
1 0 0 0 59.75 59.637119999999996 78.0 0.0009855650026289393 0.010386 2.8 0
0 0 1 0 56.52 48.914320000000004 21.15 0.1568363249 0.00015 4.0 0
1 0 0 0 60.0 59.99189 98.0 0.016234179471986653 4.2000000000000004e-05 1.85 0
0 0 0 1 49.401 36.969015 6.0 0.20253 0.0767115 5.0 0
0 1 0 0 48.168 53.92 2.0 0.61668 0.163957 4.25 0
1 0 0 0 60.0 59.99189 98.0 0.016234179471986653 4.2000000000000004e-05 1.85 0
0 0 1 0 49.926 41.61597 0.0 1.0 0.0 10.0 0
0 0 0 1 49.914 44.57084 27.0 0.0019454 0.027532499999999998 2.1 0
0 0 0 1 46.3725 36.610130000000005 9.0 0.10299 0.22166 3.0 0
0 0 0 1 48.055 45.38265 2.0 0.61404 0.091213 5.75 0
0 1 0 0 50.35447767066693 44.52678267539525 24.651144857041167 0.09658699853529934 0.10095995499099822 3.9706941388277657 0
0 1 1 0 50.2635 14.35 0.0 0.95639 0.00212 1.0 0
0 0 0 1 45.99550000000001 41.637119999999996 17.0 0.017033 0.12185249999999999 1.8 0
0 0 0 1 50.2685 42.44712 24.0 0.0034466 0.09903350000000001 2.45 0
0 1 0 0 44.30049999999999 27.2850415 6.8 0.29499879999999995 1.0 4.0 0
0 1 0 1 50.87 46.4268 21.0 0.0070577 0.06476 2.0 0
0 0 0 1 46.5895 42.765 14.0 0.03413 0.102637 2.05 0
0 0 0 1 45.21 36.196535 7.0 0.17787 0.18399399999999996 4.3 0
1 0 0 0 60.0 59.99189 98.0 0.016234179471986653 4.2000000000000004e-05 1.85 0
1 0 0 0 41.15 36.39333499999999 1.0 0.68272 0.10725 1.0 0
0 0 0 1 47.560500000000005 38.521535 18.0 0.014611 0.07307050000000001 2.1 0
1 1 1 0 60.0 60.0 128.0 1.4249e-13 0.0 2.0 1
0 1 0 0 59.8845 60.0 51.4 0.13680397870097638 0.061791 2.85 0
0 1 0 0 45.8405 51.99194 14.2 0.29508270740000003 0.01675 7.0 0
0 0 1 0 56.739999999999995 53.045010000000005 23.45 0.31113136754321297 2e-05 1.0 0
0 1 0 0 57.28 45.9729015 10.0 0.084751 0.39764 1.0 0
1 0 0 0 60.0 59.99189 98.0 0.016234179471986653 4.2000000000000004e-05 1.85 0
0 0 1 0 59.947500000000005 58.182465 81.15 0.05852936627391324 0.0 1.0 0
0 0 0 1 49.054 41.926855 33.0 0.00039977 0.026631500000000002 2.0 0
0 0 1 0 49.8825 34.246515 0.0 1.0 0.0 1.0 0
1 0 0 0 54.19 54.2053 17.7 0.04575313755 0.06938649999999999 2.05 0
0 0 0 1 48.751 48.719285 24.0 0.0031747 0.05319700000000001 2.0 0
0 0 1 0 48.611999999999995 20.3507 23.0 0.0045061 0.0 1.0 0
0 0 0 1 46.9855 45.637665 16.0 0.023864 0.1627765 3.9 0
0 0 0 1 42.21300000000001 43.786105 42.0 5.7739e-05 0.17504 3.0 0
0 0 0 1 48.38 37.822154499999996 16.0 0.02241 0.11178 2.0 0
0 0 0 1 49.7815 47.756255 14.0 0.034622 0.07752 2.0 0
0 0 0 1 47.989999999999995 61.9355 16.0 0.023917 0.10198699999999998 4.25 0
0 0 0 1 47.352 47.13532 15.0 0.030407 0.192045 2.0 0
0 0 0 1 53.68599999999999 60.0 15.0 0.025676 0.06552 1.0 0
1 0 0 0 38.76 30.3263575 18.3 0.07122144421500001 0.07100949999999999 1.5 0
0 0 0 1 48.263999999999996 43.9703 20.0 0.0084827 0.04697 2.0 0
0 0 0 1 50.31699999999999 48.26901 27.0 0.0016079 0.043785000000000004 1.75 0
1 0 0 0 60.0 59.99189 98.0 0.016234179471986653 4.2000000000000004e-05 1.85 0
0 0 1 0 47.376999999999995 47.38659 12.55 0.14715199 0.09295 2.0 0
0 0 1 0 50.318 44.282415 0.0 0.95492 0.00011 12.0 0
0 0 0 1 47.659 44.65308999999999 13.0 0.042315 0.02871 1.0 0
0 0 0 1 49.9595 42.67883500000001 18.0 0.013182 0.1242475 2.95 0
0 1 0 0 50.6805 42.87218 13.1 0.11318022000000001 0.15846 5.0 0
0 0 0 1 49.231 48.657695000000004 37.0 0.00017231 0.029680999999999996 2.7 0
1 0 0 0 53.69 52.320975 19.15 0.0369664192 0.04613300000000001 2.05 0
0 0 1 0 45.42 42.33357 17.5 0.15032078299999999 0.00404 1.0 0
0 0 0 1 48.4805 44.407065 21.0 0.0065529 0.054671499999999984 2.35 0
0 0 0 1 50.0515 47.72943 14.0 0.037178 0.20846 5.0 0
0 0 0 1 46.4665 44.038065 23.0 0.0048017 0.055074500000000005 2.5 0
0 0 0 1 49.9995 48.400124999999996 19.0 0.010698 0.01035 4.0 0
1 0 0 0 59.99 59.91329499999999 146.05 5.5544821200041025e-06 0.009750499999999999 1.95 0
0 0 0 1 46.319500000000005 43.708614999999995 16.0 0.024022 0.141004 4.1 0
0 1 0 0 48.845499999999994 59.5355 28.25 0.029689451077775004 0.00184 1.0 0
0 0 1 0 52.9485 49.456505 26.0 0.12222075952 9e-05 2.0 0
0 0 0 1 58.67 42.956145 21.0 0.0067704 0.00462 3.0 0
0 0 0 1 48.851 39.43267 10.0 0.097821 0.08756 3.25 0
0 0 0 1 51.016 60.0 41.0 6.876e-05 0.12806 3.0 0
1 0 0 0 46.6 37.757169999999995 20.4 0.058864977000000006 0.07528499999999999 1.7 0
0 0 1 1 53.471000000000004 48.390564999999995 16.0 0.022246 0.00259 1.0 0
0 0 0 1 48.665 46.822275000000005 15.0 0.026379 0.160683 2.65 0
0 0 0 1 49.401 36.969015 6.0 0.20119 0.07104200000000001 4.8 0
0 0 0 1 48.851 39.43267 10.0 0.098206 0.0982305 3.25 0
0 0 0 1 48.284000000000006 43.74110999999999 20.0 0.0090599 0.058822000000000006 2.1 0
0 0 1 0 45.6095 47.935505 3.0 0.46116 2e-05 6.0 0
0 0 1 0 46.465500000000006 51.4163375 1.0 0.63886 0.0 18.0 0
0 0 1 0 49.96849999999999 49.23662499999999 12.95 0.1068206 0.10577 6.0 0
0 1 1 0 56.50750000000001 55.33380999999999 39.6 0.27223963912045207 0.0 4.0 0
1 0 0 0 60.0 59.99189 98.0 0.016234179471986653 4.2000000000000004e-05 1.85 1
1 0 0 0 59.98 59.905150000000006 146.5 5.81305472683816e-05 0.0139375 1.75 0
0 0 0 1 45.14149999999999 45.95666 13.0 0.043573 0.21742650000000002 2.9 0
0 1 0 0 56.3935 57.9286 22.4 0.1790531934098 0.068015 6.0 0
1 0 0 0 41.41 29.039794999999998 18.2 0.154556570941 0.056665999999999994 1.75 0
0 0 1 0 57.7325 50.99003 9.0 0.3534949640285 0.0 18.0 0
0 0 0 1 53.330499999999994 52.483415 49.0 1.1711e-05 0.004054 1.75 0
1 0 0 0 55.33 55.75707 20.1 0.0413545845 0.044226 1.6 0
0 1 1 0 45.415499999999994 20.6154 2.0 0.54515 0.02124 2.0 0
0 0 0 1 47.1505 32.8673805 5.0 0.26746 0.16035950000000002 3.7 0
0 0 1 0 47.4855 24.4839 15.6 0.081253225 0.06012 1.0 0
0 0 0 1 46.910000000000004 41.56067499999999 8.0 0.14971 0.11741550000000003 3.25 0
0 0 0 1 48.7745 49.741805 52.0 6.1176e-06 0.0212255 2.4 0
0 1 0 0 53.95 48.2114 21.35 0.03222841149999999 0.00212 1.0 0
0 0 0 1 47.957499999999996 44.353465 20.0 0.0090266 0.07658450000000001 1.9 0
0 0 1 0 47.035 47.98089 35.0 0.00027145 2e-05 1.0 0
0 0 0 1 43.03 44.75372 17.0 0.019051 0.31857 1.0 0
0 0 0 1 45.4165 41.30401500000001 9.0 0.12479 0.23194649999999997 4.55 0
0 0 0 1 48.752500000000005 50.583355 21.0 0.0066228 0.16415 5.0 0
0 0 1 0 44.782500000000006 34.709142 4.0 0.34509 0.25541 1.0 0
0 0 0 1 45.0065 43.132889 7.0 0.16522 0.19806849999999998 4.8 0
0 0 0 1 50.367999999999995 47.955020000000005 20.0 0.0079742 0.0866085 2.0 0
0 1 0 0 47.653000000000006 47.904070000000004 20.5 0.019937302300000005 0.02401 3.0 0
0 0 0 1 50.655 48.20143 46.0 2.4762e-05 0.0202485 2.2 0
0 0 0 1 49.84949999999999 44.03443649999999 15.0 0.028868 0.08339 3.0 0
0 0 0 1 51.8995 44.052855 23.0 0.0043364 0.1487615 2.2 0
0 1 0 0 44.0515 0.0 8.35 0.36288547 1.0 3.0 0
1 0 0 0 60.0 59.99189 98.0 0.016234179471986653 4.2000000000000004e-05 1.85 0
0 0 0 1 50.42 42.83791 47.0 1.9439e-05 0.055696 1.8 0
1 0 0 0 52.01 49.043645 21.1 0.0708333951213 0.04031449999999999 2.0 0
0 0 1 0 54.39 46.769845 14.8 0.09885974225 0.01589 5.0 0
1 0 1 1 45.3 50.30088 14.0 0.039555 0.01355 4.0 0
0 0 0 1 43.7545 40.97054 13.0 0.04625 0.05254 1.0 0
0 0 0 1 45.376999999999995 39.94388500000001 16.0 0.023526 0.1311045 3.15 0
0 0 0 1 48.291999999999994 49.654081500000004 15.0 0.027371 0.087971 2.75 0
0 0 0 1 45.55650000000001 49.124849999999995 13.0 0.042693 0.16581650000000003 1.8 0
0 0 0 1 47.445499999999996 47.383245 19.0 0.010287 0.11135999999999999 2.5 0
0 0 0 1 38.43 38.711600000000004 37.0 0.00017947 0.055956500000000006 2.7 0
0 0 1 1 46.373000000000005 50.345479999999995 17.0 0.017871 0.00038 12.0 0
0 0 0 1 47.704499999999996 40.56955 15.0 0.029253 0.164939 2.4 0
0 0 0 1 50.22 43.86928 13.0 0.042012 0.11775549999999999 1.85 0
0 0 0 1 45.0415 42.6057 13.0 0.049569 0.086507 1.85 0
0 1 0 0 47.221000000000004 40.301435 16.15 0.0429415365 0.06938 2.0 0
1 0 0 0 57.62 58.831925 19.1 0.0674846550009237 0.067301 1.6 0
0 0 1 0 57.7325 52.7124 7.3 0.31577519 8e-05 20.0 0
0 0 0 1 48.496 40.778125 13.0 0.045276 0.1037 1.0 0
0 0 1 0 47.3575 39.690551500000005 17.15 0.1060150987 0.00938 1.0 0
1 0 0 0 55.62 48.97529 10.0 0.096966 0.01609 2.0 0
1 0 0 0 60.0 59.99189 98.0 0.016234179471986653 4.2000000000000004e-05 1.85 1
0 0 0 1 50.545500000000004 45.804179999999995 24.0 0.0036289 0.08928399999999999 3.2 0
0 0 0 1 51.212 47.28766 12.0 0.051948 0.11679049999999999 3.45 0
0 0 1 0 48.3825 40.50986 15.75 0.10379400653 0.0206 2.0 0
0 1 0 0 50.35447767066693 44.52678267539525 24.651144857041167 0.09658699853529934 0.10095995499099822 3.9706941388277657 0
0 0 0 1 43.7655 35.520015 3.0 0.43333 0.1450775 3.4 0
0 0 0 1 45.8135 49.460719999999995 25.0 0.0028327 0.01891 2.0 0
0 0 0 1 46.32449999999999 43.75966 13.0 0.0427 0.09433 1.0 0
0 1 0 0 53.07000000000001 50.4643 15.5 0.13153501665000003 0.05913550000000001 3.3 0
0 0 1 0 50.164 47.270415 32.0 0.00054659 0.0 4.0 0
0 0 1 0 46.742000000000004 39.216935 16.95 0.050069442000000006 0.07313 4.0 0
0 0 0 1 52.00450000000001 47.945555 20.0 0.008784 0.062676 2.7 0
0 1 0 0 47.08599999999999 57.7377 9.0 0.12022 0.02391 1.0 0
0 0 0 1 50.18749999999999 44.674705 11.0 0.065402 0.12026150000000002 5.95 0
0 1 0 1 49.092 59.2656 32.0 0.00061597 0.00083 1.0 0
0 1 0 1 45.9685 45.785475000000005 25.0 0.0030097 0.02164 1.0 0
0 0 0 1 49.727 43.719165 27.0 0.0018333 0.01233 1.0 0
1 0 0 0 53.51 48.08161000000001 15.0 0.11561173805000002 0.16453 2.0 0
0 0 0 1 46.346 49.05 13.0 0.043145 0.09247799999999999 3.3 0
0 0 0 1 49.2275 45.2669 21.0 0.0073442 0.1149005 2.1 0
0 0 1 0 21.09 42.0903215 18.2 0.10281681500873349 0.27332 3.0 0
0 0 0 1 45.0415 42.6057 13.0 0.049369 0.144073 1.75 0
0 0 0 1 50.94349999999999 49.26688 61.0 6.8828e-07 0.009673999999999999 2.0 0
1 0 0 0 60.0 59.99189 98.0 0.016234179471986653 4.2000000000000004e-05 1.85 0
0 0 0 1 44.6865 39.37463 17.0 0.017301 0.10421449999999999 2.65 0
0 0 1 0 57.59100000000001 56.19512999999999 5.9 0.47773681 0.00205 11.0 0
0 0 0 1 50.936499999999995 48.214924999999994 11.0 0.065833 0.42637 6.0 0
0 0 0 1 54.028 57.62235999999999 68.0 1.4995e-07 0.024768500000000002 2.55 0
0 0 0 1 47.0745 46.98156300000001 4.0 0.33937 0.171145 6.6 0
0 0 1 0 47.407000000000004 61.1224 1.0 0.63158 0.0 2.0 0
0 0 1 0 47.855999999999995 43.180365 6.0 0.24233 0.00863 2.0 0
0 0 1 0 49.156 45.22024 15.35 0.05355434499999999 0.01526 6.0 0
0 0 0 1 44.004000000000005 50.411875 13.0 0.046584 0.1414045 3.55 0
0 0 0 1 49.2055 48.183865000000004 19.0 0.012007 0.12375950000000002 2.5 0
0 0 0 1 45.460499999999996 37.56173149999999 7.0 0.18959 0.1232075 4.15 0
0 1 1 0 55.19 51.2685 24.0 0.015297154999999998 0.00923 3.0 0
1 0 0 0 58.82 59.0409 15.4 0.068175775 0.121017 2.4 0
0 0 0 1 44.49 48.120815 23.0 0.0048045 0.056801000000000004 2.35 0
0 0 0 1 43.898500000000006 44.579840000000004 14.0 0.031759 0.11566999999999998 2.35 0
0 0 1 0 47.641 38.6968745 6.0 0.2509 0.08525 2.0 0
1 0 0 0 52.13 49.242929999999994 32.75 0.061346658621299996 0.04934500000000001 2.15 0
0 0 0 1 43.898500000000006 44.579840000000004 14.0 0.031965 0.10000800000000001 2.75 0
0 0 1 0 58.411 54.88215 54.4 0.07921545788794804 1e-05 2.0 0
0 0 0 1 47.1545 43.99717 2.0 0.50265 0.22492300000000004 5.9 0
0 0 0 1 46.262 55.0 4.0 0.37283 0.14178 4.0 0
0 0 0 1 50.02999999999999 47.096464999999995 14.0 0.036871 0.117483 2.3 0
0 0 0 1 44.25149999999999 40.937844999999996 47.0 1.6014e-05 0.01862 1.0 0
0 1 0 1 56.06 57.3617 36.0 0.00020509 0.030996000000000003 2.45 0
0 0 0 1 40.429500000000004 59.795015 255.0 5.097e-37 0.0 1.95 0
0 1 0 0 44.376999999999995 40.2143 7.0 0.18123 0.03456 1.0 0
0 0 0 1 48.741499999999995 42.38736 15.0 0.03121 0.101338 2.45 0
0 0 1 0 50.7165 39.923035000000006 17.1 0.068024062 0.00654 1.0 0
0 0 0 1 46.465999999999994 36.637 25.0 0.0031353 0.00347 2.0 0
0 0 0 1 52.60699999999999 52.483415 49.0 1.2009e-05 0.0040750000000000005 1.7 0
0 0 1 0 42.34299999999999 36.5333 11.8 0.11415847000000001 0.52174 2.0 0
0 0 0 1 40.11 44.858615 21.0 0.0068611 0.02219 1.0 0
0 0 0 1 40.429500000000004 59.795015 255.0 0.0 0.0 1.95 0
0 0 1 0 57.760000000000005 54.77026500000001 7.85 0.41341468764 0.0 14.0 0
0 0 0 1 41.22 36.224415 9.0 0.10079 0.09741449999999999 4.2 0
0 0 0 1 48.766 47.328365000000005 15.0 0.026297 0.17849850000000003 2.5 0
0 1 0 0 51.47149999999999 47.653225 62.0 5.5458e-07 0.009673999999999999 2.3 0
0 0 0 1 46.446 41.208054999999995 25.0 0.0028701 0.08510999999999999 2.3 0
0 0 0 1 45.0785 44.432559999999995 28.0 0.0013416 0.055963 2.35 0
0 0 0 1 50.966 46.6851 22.0 0.0061832 0.30427 2.0 0
0 0 0 1 51.661500000000004 60.0 14.0 0.038433 0.02468 2.0 0
0 0 0 1 47.312 45.173674999999996 18.0 0.015423 0.146543 2.15 0
0 0 1 0 49.349000000000004 42.999735 7.0 0.17629 0.0 4.0 0
0 0 0 1 52.339999999999996 47.090955 14.0 0.037603 0.1573285 4.5 0
0 0 0 1 49.907000000000004 39.435680000000005 18.0 0.013526 0.089927 2.2 0
0 0 0 1 48.741499999999995 42.38736 15.0 0.031187 0.101338 2.45 0
0 0 0 1 49.7975 44.26452 7.0 0.17984 0.44991 12.0 0
0 0 0 1 48.949 45.03031000000001 14.0 0.03563 0.11043499999999999 2.15 0
0 0 0 1 45.59 44.900495 13.0 0.049755 0.0034 2.0 0
0 0 1 0 59.405499999999996 54.074625000000005 45.7 0.09876838038798472 1e-05 3.0 0
0 0 0 1 50.05200000000001 41.355740000000004 18.0 0.014297 0.1254385 1.9 0
0 0 1 1 47.8465 54.9333 10.0 0.085139 0.12771 3.0 0
0 0 0 1 45.9165 44.13875 25.0 0.0027794 0.06320400000000001 2.0 0
0 0 0 1 45.719 44.507307999999995 16.0 0.020065 0.12806599999999999 2.75 0
1 1 1 0 38.92 26.8767 6.0 0.2465 0.00021 1.0 0
0 0 1 0 58.682 47.3891 24.25 0.14578062833 2e-05 3.0 0
0 0 1 0 32.24 49.808667 26.75 0.1561027645 0.2321 1.0 0
0 0 0 1 47.813 45.40621 7.0 0.19615 0.00072 8.0 0
0 0 0 1 51.282999999999994 53.63971 50.0 9.9709e-06 0.03449249999999999 1.55 0
0 0 0 1 48.008500000000005 16.7157 24.0 0.0036963 0.05526199999999999 2.75 0
0 0 0 1 50.0735 46.224180000000004 14.0 0.036999 0.130525 2.3 0
1 0 0 0 60.0 59.99189 98.0 0.016234179471986653 4.2000000000000004e-05 1.85 0
0 1 0 0 60.074 60.4651 25.75 0.07454550971518349 0.020104499999999997 3.55 0
0 0 0 1 38.46 45.501695 14.0 0.033851 0.1551 1.0 0
0 0 0 1 48.650000000000006 42.8776165 10.0 0.093883 0.12729450000000003 2.9 0
0 0 0 1 40.27 49.92759 14.0 0.032455 0.09059 6.0 0
0 0 0 1 44.71 40.645160000000004 17.0 0.017305 0.1064435 2.65 0
0 0 0 1 54.254000000000005 60.0 16.0 0.024928 0.0102 2.0 0
0 0 1 0 46.35350000000001 40.31681 15.4 0.05868608999999999 0.02055 1.0 0
0 1 0 0 50.35447767066693 44.52678267539525 24.651144857041167 0.09658699853529934 0.10095995499099822 3.9706941388277657 0
0 0 1 0 47.598 49.024445 15.6 0.047322735000000005 0.02723 2.0 0
0 0 1 0 48.86449999999999 21.8864 6.0 0.22659 0.10051 4.0 0
0 0 1 0 42.799 31.4 1.0 0.73124 0.21429 2.0 0
1 0 0 0 50.81 47.454190000000004 19.55 0.0334475515 0.047229999999999994 1.85 0
0 1 0 0 35.6625 7.0 14.9 0.154907184 0.735332 2.05 0
0 0 0 1 45.1035 33.88976649999999 7.0 0.1831 0.141131 5.9 0
0 0 0 1 46.515499999999996 44.648160000000004 9.0 0.11149 0.17698449999999996 3.8 0
0 0 0 1 49.882 43.326805 30.0 0.0009512 0.021111 2.0 0
0 1 0 0 48.433 44.5345 12.0 0.052296 0.08334 2.0 0
0 0 0 1 50.02999999999999 46.456525 14.0 0.036859 0.10904849999999999 2.2 0
0 1 0 1 46.19899999999999 34.0135615 8.0 0.1356 1.0 4.0 0
0 0 1 1 46.752 41.255901 8.0 0.14556 0.17228 2.0 0
0 0 0 1 48.080999999999996 46.500835 22.0 0.0062208 0.124061 2.3 0
0 0 0 1 48.419 48.939274999999995 14.0 0.035995 0.04864 2.0 0
0 0 1 0 41.511 34.8333 1.0 0.66528 0.40806 1.0 0
0 0 0 1 51.282999999999994 53.639709999999994 50.0 8.3106e-06 0.03451 1.65 0
1 0 0 0 46.2 48.16528699999999 13.5 0.131492042 0.22942 1.0 0
0 0 1 0 43.145500000000006 42.842385 13.45 0.11953625100000001 0.20204 4.0 0
0 0 1 0 52.3215 63.5263 6.0 0.20759 0.0 10.0 0
0 0 1 0 50.738 41.143685 16.45 0.06934178750000002 0.00678 1.0 0
0 0 0 1 54.73 36.066725000000005 31.0 0.00066337 0.05495 1.0 0
0 0 1 0 44.0255 40.502865 8.0 0.1316 0.08528 1.0 0
0 0 0 1 52.959 60.0 24.0 0.0038157 0.17234 1.0 0
0 0 1 0 55.3865 49.72347 19.05 0.22312013095 0.0002 3.0 0
0 0 0 1 51.032 42.99024 14.0 0.035938 0.099882 2.15 0
0 0 0 1 48.7415 42.25186 15.0 0.031545 0.167372 3.05 0
0 0 0 1 46.295500000000004 41.49228000000001 6.0 0.24286 0.16442700000000002 4.35 0
0 0 0 1 52.2385 46.062558 16.0 0.022389 0.20531 7.0 0
0 0 0 1 47.99299999999999 40.8976825 25.0 0.0031498 0.10614100000000004 2.2 0
1 0 0 0 60.0 59.99189 98.0 0.016234179471986653 4.2000000000000004e-05 1.85 0
0 0 0 1 55.35 46.265445 15.0 0.03018 0.175788 2.3 0
0 0 0 1 45.32449999999999 45.148044999999996 3.0 0.49565 0.0940195 5.7 0
0 0 0 1 50.816500000000005 51.02804 12.0 0.057118 0.17373 6.0 0
0 0 0 1 46.95 42.942035000000004 18.0 0.01502 0.121254 2.0 0
0 0 0 1 50.317 44.620005000000006 27.0 0.0017145 0.03633000000000001 2.4 0
0 0 0 1 40.02 47.51687 31.0 0.00071827 0.03695350000000001 1.75 0
0 0 0 1 45.8135 41.4259045 25.0 0.0025269 0.08765 2.0 0
0 0 0 1 50.317 45.573475 27.0 0.0018041 0.068189 2.15 0
0 0 0 1 45.853500000000004 45.13165500000001 13.0 0.047394 0.11710100000000001 2.55 0
0 0 0 1 45.32449999999999 45.148044999999996 3.0 0.50053 0.0768565 7.8 0
0 0 1 0 48.88399999999999 63.0 6.0 0.22519 0.00144 6.0 0
0 0 1 0 44.3035 24.6978 0.0 0.97562 9e-05 9.0 0
0 0 0 1 50.34 47.63633 16.0 0.020883 0.14259550000000001 2.2 0
0 0 0 1 47.72599999999999 45.819925 17.0 0.018986 0.10509600000000001 2.6 0
0 0 0 1 49.501999999999995 46.39644500000001 14.0 0.038282 0.11722649999999998 2.9 0
0 0 1 0 49.431 24.7 19.0 0.011027 0.00018 4.0 0
0 0 0 1 50.21 48.051930000000006 37.0 0.0001847 0.029941000000000002 2.95 0
0 0 0 1 50.63699999999999 37.472766 24.0 0.0034739 0.09413 2.0 0
0 0 0 1 49.40500000000001 42.474701499999995 15.0 0.029328 0.10793 3.0 0
0 0 1 0 56.42750000000001 53.762635 3.5 0.677560634 0.0 10.0 0
0 0 0 1 50.180499999999995 28.2012 24.0 0.003391 0.00019 2.0 0
1 0 0 0 52.35 46.648365 10.0 0.082316 0.01712 3.0 0
0 0 0 1 40.429500000000004 59.795015 255.0 3.1031e-31 0.0 1.95 0
0 0 0 1 55.85350000000001 57.38250000000001 76.0 2.5075e-08 0.00019850000000000003 1.7 0
1 0 0 0 45.04 33.09028 22.45 0.026883661377775 0.05098699999999999 2.25 0
0 0 0 1 43.765499999999996 35.43868500000001 3.0 0.42428 0.2804595 5.95 0
0 0 1 0 44.6515 11.6279 7.0 0.18239 0.06985 2.0 0
0 0 0 1 40.429500000000004 59.795015 228.0 1.4878e-23 0.0 1.95 0
0 0 1 1 50.2545 49.70829 14.0 0.035791 6e-05 2.0 0
0 0 0 1 49.1685 43.7270765 15.0 0.027591 0.01032 2.0 0
1 1 1 1 60.0 60.0 40.0 8.388e-05 5e-05 4.0 1
0 0 0 1 48.751 48.515085 24.0 0.0032628 0.07063549999999999 2.35 0
0 0 0 1 53.1845 46.843205 20.0 0.0086585 0.05335249999999999 2.25 0
0 0 0 1 43.506 44.579840000000004 14.0 0.032314 0.087039 2.85 0
1 0 0 0 60.0 59.99189 98.0 0.016234179471986653 4.2000000000000004e-05 1.85 0
0 0 0 1 45.588 48.243125 14.0 0.031939 0.02695 2.0 0
0 0 0 1 48.55449999999999 46.92823500000001 17.0 0.016682 0.06539 2.0 0
0 0 0 1 51.976 45.557460000000006 23.0 0.0044593 0.1001795 2.2 0
0 0 0 1 49.016999999999996 42.420114999999996 18.0 0.013915 0.099852 1.75 0
0 0 0 1 49.060500000000005 47.252430000000004 37.0 0.00017703 0.029569500000000006 2.65 0
0 0 0 1 53.872 60.0 17.0 0.016523 0.31743 2.0 0
0 1 0 0 45.1065 51.93143 13.8 0.3286122074000001 0.00935 7.0 0
0 0 0 1 50.55300000000001 44.85242000000001 21.0 0.007237 0.11704949999999999 2.05 0
0 0 0 1 47.038499999999985 48.32505999999999 17.0 0.016168 0.09475599999999999 2.95 0
1 0 0 0 58.88 59.052009999999996 17.5 0.10981355533379 0.0982705 2.3 0
0 0 0 1 55.605 60.0 143.0 4.5801e-15 0.0 1.8 0
1 0 0 0 37.95 28.014937499999995 21.85 0.11214651777649998 0.141079 2.05 0
1 0 1 0 48.81 43.20241 9.0 0.1232 0.00961 2.0 0
0 0 0 1 58.54350000000001 60.0 14.0 0.036893 0.199798 3.0 0
0 0 0 1 48.4805 44.407065 21.0 0.0065339 0.063615 2.2 0
0 0 0 1 49.55499999999999 35.7577 19.0 0.011591 0.12987 1.0 0
0 0 0 1 50.083000000000006 40.60918 13.0 0.044644 0.136972 1.95 0
0 0 1 0 46.628 41.10781 22.8 0.029599132800000004 0.00431 2.0 0
0 0 0 1 56.78150000000001 58.81229 151.0 7.0787e-16 0.0 1.95 0
0 0 1 0 45.9925 36.1368395 9.0 0.12137 0.09273 2.0 0
1 0 0 0 60.0 59.99189 98.0 0.016234179471986653 4.2000000000000004e-05 1.85 0
0 0 1 0 59.19500000000001 58.63666500000001 54.2 0.21766662893659486 0.0 3.0 0
0 0 0 1 50.31699999999999 48.26901 27.0 0.0015985 0.043785000000000004 1.75 0
0 0 0 1 49.939499999999995 53.13953 12.0 0.056858 0.00028 7.0 0
1 0 0 0 53.97 47.144259999999996 4.0 0.34683 0.1727755 5.7 0
0 0 0 1 56.08 47.438055 14.0 0.033062 0.216845 2.7 0
0 0 1 0 50.1605 50.9153 9.0 0.1146 0.00087 10.0 0
0 1 0 1 49.8755 53.6134 16.0 0.024542 0.00733 7.0 0
0 0 0 1 48.7525 49.02478 21.0 0.006761 0.02433 2.0 0
0 1 0 0 55.476 56.525 16.3 0.1806733716748825 0.053544 5.8 0
0 0 1 0 57.7325 47.24541000000001 8.5 0.272908985 1e-05 23.0 0
1 0 1 0 24.39 41.18277499999999 18.7 0.027055572949999995 0.02341 2.0 0
0 0 1 0 48.8895 34.6667 0.0 0.99453 0.0 1.0 0
0 0 0 1 48.812999999999995 44.98228 8.0 0.12713 0.17955499999999996 2.35 0
0 0 0 1 43.48 40.266066499999994 13.0 0.039979 0.10903 2.0 0
0 0 0 1 46.3 47.040054999999995 15.0 0.026913 0.0932385 1.65 0
0 0 0 1 50.43650000000001 42.855905 21.0 0.0072001 0.08365900000000001 2.05 0
0 0 0 1 47.370000000000005 43.70045650000001 10.0 0.091614 0.12538749999999999 5.25 0
0 0 0 1 47.031499999999994 44.588499999999996 4.0 0.36415 0.24085600000000004 4.05 0
0 0 0 1 49.8825 46.05779 15.0 0.02991 0.190248 2.25 0
1 0 0 0 60.19 37.7280765 7.0 0.18945 0.151306 4.15 0
0 0 0 1 51.076499999999996 42.369305000000004 13.0 0.040851 0.1357025 2.55 0
0 0 0 1 40.429500000000004 59.795015 255.0 0.0 0.0 1.95 0
0 0 0 1 49.577999999999996 51.584105 34.0 0.00035942 0.031420500000000004 2.8 0
1 0 0 0 60.0 59.99189 98.0 0.016234179471986653 4.2000000000000004e-05 1.85 0
0 0 0 1 48.055 50.12960999999999 2.0 0.60044 0.08543900000000001 6.35 0
0 0 1 0 45.4935 39.933335 16.9 0.04678761 0.00795 2.0 0
0 0 1 0 49.328500000000005 53.68411 8.05 0.4728584049999999 6e-05 8.0 0
0 1 0 0 55.511 56.3391 16.0 0.0942848865 0.087317 3.05 0
0 0 0 1 46.4495 48.306084999999996 17.0 0.015951 0.15525000000000003 3.4 0
0 0 1 0 46.752 49.4222 4.0 0.32899 0.0 6.0 0
0 0 0 1 45.99300000000001 37.944539999999996 16.0 0.023347 0.0837525 3.35 0
1 0 0 0 60.0 59.99189 98.0 0.016234179471986653 4.2000000000000004e-05 1.85 0
1 0 0 1 44.11 44.03456299999999 16.0 0.024407 0.2993 3.0 0
1 0 0 1 59.84 59.9773 19.0 0.012448 0.08217050000000001 3.05 0
0 0 0 1 48.414500000000004 42.784352999999996 16.0 0.024501 0.27153 2.0 0
0 0 1 0 55.4225 51.83225 38.15 0.08556930919749998 6e-05 1.0 0
0 1 0 0 50.35447767066693 44.52678267539525 24.651144857041167 0.09658699853529934 0.10095995499099822 3.9706941388277657 0
0 0 0 1 47.183499999999995 43.86151450000001 36.0 0.00023471 0.07683749999999999 1.85 0
0 0 0 1 45.0415 42.6057 13.0 0.04978 0.07506949999999998 2.4 0
1 0 0 0 60.14 60.02325499999999 51.4 0.013008606874062852 0.0262225 2.35 0
0 0 0 1 45.4165 41.30401500000001 9.0 0.12458 0.23194649999999997 4.55 0
0 0 0 1 45.528999999999996 46.20326999999999 13.0 0.043254 0.12008450000000001 3.15 0
0 0 1 0 40.398 47.9848 1.0 0.6904 0.27807 1.0 0
1 1 1 1 60.0 60.0 24.0 0.0033789 0.00059 2.0 1
0 1 0 1 47.69 40.981385 24.0 0.0036013 0.11818500000000001 3.3 0
0 0 1 0 56.50750000000001 55.33380999999999 39.6 0.27223963912045207 0.0 4.0 0
0 0 0 1 51.452999999999996 49.614125 16.0 0.024963 0.1014105 2.1 0
0 0 0 1 47.027499999999996 47.853134999999995 29.0 0.0011473 0.11951450000000001 1.75 0
0 0 1 0 47.7955 47.230665 6.0 0.21752 0.00661 2.0 0
0 0 0 1 49.3745 55.1475 11.0 0.068908 0.1486495 2.55 0
0 0 0 1 48.275999999999996 47.53085 21.0 0.0079004 0.06963749999999999 2.45 0
0 0 0 1 48.26 35.5112075 10.0 0.099104 0.11429 2.0 0
0 0 0 1 51.452999999999996 49.614125 16.0 0.025069 0.1014105 2.1 0
0 0 0 1 48.61150000000001 48.94193 19.0 0.010466 0.055023 2.95 0
0 0 0 1 48.809000000000005 42.420114999999996 18.0 0.013944 0.12097200000000001 1.75 0
0 0 0 1 43.143499999999996 35.746875 3.0 0.43449 0.15526 3.35 0
0 0 0 1 48.980000000000004 44.755185 13.0 0.044145 0.19141049999999998 3.1 0
0 0 0 1 48.23100000000001 37.86793050000001 19.0 0.010973 0.028807000000000006 2.15 0
0 0 0 1 47.1835 43.8615145 36.0 0.00025014 0.076805 1.85 0
0 0 0 1 51.274 43.222674999999995 24.0 0.0035789 0.08035400000000001 3.4 0
0 0 1 0 46.6985 41.76314 18.3 0.05333901049999999 0.05136 1.0 0
0 0 0 1 47.396499999999996 35.573617 8.0 0.15749 0.67163 3.0 0
0 0 0 1 50.03649999999999 45.389900000000004 14.0 0.038223 0.135042 2.9 0
0 0 0 1 48.967499999999994 46.48681499999999 14.0 0.038355 0.1264435 2.7 0
0 0 0 1 48.30550000000001 39.8200555 19.0 0.010926 0.031431 2.2 0
0 0 0 1 50.08 43.697230000000005 20.0 0.0093559 0.00654 1.0 0
0 0 1 1 50.5655 48.024395 5.0 0.28551 0.0 1.0 0
0 0 0 1 50.048 59.0553 19.0 0.010241 0.11242 4.0 0
0 0 0 1 57.495000000000005 57.086545 92.0 6.086e-10 5.000000000000001e-07 1.9 0
0 1 0 0 58.61049999999999 59.7436 38.15 0.0730791056580278 0.0213065 2.65 0
0 0 0 1 47.681999999999995 49.44025499999999 21.0 0.0068787 0.132193 1.45 0
0 0 0 1 48.51499999999999 41.26783999999999 16.0 0.022823 0.07311949999999999 3.8 0
0 0 1 1 47.952 37.48370999999999 13.0 0.049783 0.02787 3.0 0
0 0 0 1 50.047999999999995 44.265 19.0 0.010477 0.0216 4.0 0
0 0 0 1 54.63 50.155809999999995 40.0 9.8753e-05 0.024161500000000002 3.45 0
0 0 0 1 50.135000000000005 51.3444 24.0 0.0033216 0.04166 3.0 0
0 0 1 0 47.562 32.97356 12.2 0.24128470200000002 0.62945 1.0 0
0 0 1 0 49.192 59.759 0.0 0.9773 0.0 4.0 0
1 0 0 0 60.0 59.99189 98.0 0.016234179471986653 4.2000000000000004e-05 1.85 0
0 0 0 1 52.0655 55.619 6.0 0.20553 0.04077 26.0 0
0 1 0 1 49.741 53.4333 15.0 0.029415 0.1713 1.0 0
0 0 0 1 45.4165 41.30401500000001 9.0 0.12458 0.23194649999999997 4.55 0
0 0 0 1 54.18 50.47355499999999 16.0 0.024946 0.13222650000000002 2.65 0
0 0 0 1 46.131499999999996 45.722494999999995 11.0 0.077206 0.09401849999999999 4.75 0
0 0 1 0 44.08149999999999 33.8964915 16.25 0.049620174999999996 0.11538 2.0 0
0 0 0 1 51.41 36.745459999999994 28.0 0.001403 0.05578 1.0 0
0 0 0 1 42.852999999999994 36.01622999999999 7.0 0.159 0.11578 1.0 0
0 0 1 0 54.6 40.530454999999996 25.8 0.01770556481965 0.00681 3.0 0
0 0 0 1 50.8 48.647165 14.0 0.035792 0.19167 1.0 0
0 0 1 0 54.56949999999999 48.57159500000001 21.8 0.06355749424999999 0.00054 4.0 0
0 0 0 1 47.9385 29.186845999999996 6.0 0.22332 0.31621 2.0 0
0 0 1 0 43.86749999999999 50.987595000000006 40.0 9.5283e-05 0.0 6.0 0
0 0 0 1 49.581 48.440575 22.0 0.0061772 0.00442 1.0 0
0 0 0 1 44.597500000000004 36.5397665 7.0 0.18347 0.141131 5.9 0
0 0 0 1 50.208499999999994 59.65 15.0 0.027823 0.06472 1.0 0
0 0 1 0 47.909499999999994 48.105560000000004 22.2 0.08267311855 0.00104 2.0 0
1 0 0 0 42.37 30.779295 32.6 0.019091283199999996 0.08218 2.15 0
0 0 1 0 59.19500000000001 58.63666500000001 54.2 0.21766662893659486 0.0 3.0 0
0 1 1 0 49.913 55.4314 27.0 0.0018843 4e-05 1.0 0
0 0 0 1 48.826 45.25595499999999 37.0 0.00016999 8e-05 1.0 0
0 1 1 1 48.7525 59.7391 21.0 0.0067783 0.00014 9.0 0
0 0 1 0 49.1945 48.951100000000004 11.0 0.071551 0.03774 6.0 0
0 0 0 1 48.741499999999995 42.38736 15.0 0.031196 0.101338 2.45 0
1 0 0 0 42.23 30.81597 22.75 0.015782660979500002 0.068964 1.9 0
0 0 0 1 50.083000000000006 40.609179999999995 13.0 0.044594 0.136972 1.95 0
0 0 0 1 48.081 46.500835 22.0 0.0061478 0.1328985 2.35 0
0 0 1 0 39.08 43.9842 20.0 0.03631851625 0.03609 1.0 0
0 0 0 1 49.322500000000005 41.986644999999996 15.0 0.028913 0.12486699999999999 1.95 0
0 0 0 1 49.266 44.79445499999999 26.0 0.0024676 0.11450700000000003 2.7 0
0 0 1 0 57.7325 45.555165 8.5 0.272908985 0.0 23.0 0
0 0 0 1 50.31699999999999 48.26901 27.0 0.0015998 0.043785000000000004 1.75 0
0 0 0 1 50.18749999999999 44.674705 11.0 0.064743 0.10465149999999998 4.65 0
1 0 0 0 60.0 59.99189 98.0 0.016234179471986653 4.2000000000000004e-05 1.85 0
0 0 0 1 45.9745 51.06358 25.0 0.0025223 0.09309049999999999 4.15 0
0 0 1 0 47.570499999999996 43.0775 5.0 0.28874 0.16591 1.0 0
0 0 0 1 48.822500000000005 47.96205 40.0 8.9527e-05 0.017840500000000002 1.9 0
0 0 0 1 37.7 42.74752 49.0 1.021e-05 0.08300549999999998 2.0 0
1 0 0 0 49.63 41.21508 10.0 0.095543 0.116401 4.25 0
0 0 0 1 44.55 39.333575 18.0 0.014288 0.13354 1.95 0
0 0 0 1 48.21 45.09526 33.0 0.00048667 0.038673 2.0 0
0 0 1 0 47.55200000000001 38.448584999999994 15.75 0.04974732 0.00773 2.0 0
0 0 0 1 48.407 42.989895000000004 18.0 0.014047 0.08032550000000001 1.85 0
1 0 0 0 51.98 49.04364499999999 21.65 0.0500335951213 0.03961699999999999 2.05 0
0 1 0 0 35.6625 0.0 4.05 0.6211383300000001 0.9 1.8 0
0 0 1 0 47.295 44.772828000000004 21.7 0.081843628 0.00286 2.0 0
0 0 0 1 49.3715 30.7565 15.0 0.026494 0.01164 1.0 0
0 0 1 0 52.461 44.5947 21.25 0.031493917999999996 0.00912 3.0 0
0 0 1 0 59.19500000000001 58.63666500000001 54.2 0.21766662893659486 0.0 3.0 0
0 0 0 1 53.152 53.607285000000005 60.0 9.6654e-07 0.023294500000000003 2.0 0
0 0 0 1 46.226 44.98904 14.0 0.032042 0.08624 4.0 0
0 0 0 1 49.378 40.510211999999996 18.0 0.012679 0.12842 3.0 0
0 0 0 1 40.429500000000004 59.795015 255.0 1.1870999999999998e-38 0.0 1.95 0
0 0 0 1 48.80999999999999 35.6867 19.0 0.012187 0.02694 1.0 0
0 0 0 1 40.429500000000004 59.795015 255.0 0.0 0.0 1.95 0
0 0 0 1 58.35 45.9814465 15.0 0.026404 0.05017 3.0 0
1 1 1 1 60.0 59.9474 34.0 0.00033569 5e-05 2.0 1
0 1 0 0 50.35447767066693 44.52678267539525 24.651144857041167 0.09658699853529934 0.10095995499099822 3.9706941388277657 0
0 0 1 0 46.254 56.058105 4.25 0.61726329 0.00013 7.0 0
0 0 0 1 48.0375 39.030480000000004 16.0 0.022945 0.06304049999999999 2.65 0
0 0 0 1 48.296499999999995 48.122065 26.0 0.0021988 0.057956999999999995 2.05 0
0 0 0 1 45.053999999999995 46.116845 28.0 0.0014777 0.00335 2.0 0
0 0 0 1 42.157 28.0588 17.0 0.017487 0.14418 1.0 0
0 0 0 1 49.799499999999995 45.86222 30.0 0.00083391 0.05577400000000001 2.25 0
1 1 1 1 60.0 60.0 46.0 2.4459e-05 1e-05 3.0 1
0 0 0 1 44.953500000000005 42.707454 7.0 0.16966 0.16853900000000002 5.15 0
0 1 0 1 43.24 43.7547 20.0 0.0098495 0.02675 4.0 0
0 0 1 0 48.275000000000006 47.13756000000001 4.0 0.39187 0.0 13.0 0
0 0 1 0 59.947500000000005 58.182465 81.15 0.05852936627391324 0.0 1.0 0
0 0 1 1 50.264500000000005 44.03113499999999 22.0 0.0056107 0.00916 2.0 0
0 0 0 1 47.925 39.8465 20.0 0.0092001 0.081228 2.05 0
0 0 1 0 50.5345 52.6857 0.0 0.88095 0.0 12.0 0
0 0 0 1 49.939499999999995 53.13953 12.0 0.056858 0.00035 7.0 0
1 0 0 0 57.0 58.73230000000001 17.1 0.0615608815 0.057625 2.25 0
0 0 0 1 47.9275 37.0017 9.0 0.10036 0.1010745 3.8 0
0 0 0 1 48.49 37.0695955 19.0 0.011225 0.09251699999999999 2.65 0
0 0 0 1 49.006 43.68286 19.0 0.011093 0.02634 2.0 0
0 0 0 1 52.2385 45.924048 16.0 0.022461 0.11861 3.0 0
0 0 1 0 43.1055 24.0 0.0 1.0 0.0 9.0 0
1 0 0 0 46.97 38.355000000000004 18.15 0.063299388 0.0641295 2.3 0
0 0 1 0 49.028499999999994 50.396817000000006 16.05 0.09240914595000002 0.07395 3.0 0
0 0 0 1 45.0065 43.132889 7.0 0.1588 0.20609000000000002 3.55 0
0 0 0 1 53.199 45.51297000000001 24.0 0.0035273 0.163459 2.75 0
0 1 0 0 48.8615 47.645165000000006 30.0 0.00091946 0.0003 2.0 0
0 0 1 0 43.5725 41.21975499999999 16.6 0.02929914 0.15707 1.0 0
0 0 0 1 47.19 34.23844 20.0 0.0095862 0.13516350000000002 2.45 0
0 1 0 0 50.1065 36.624216000000004 10.65 0.20043736 1.0 5.0 0
0 0 0 1 48.741499999999995 42.38736 15.0 0.031195 0.101338 2.45 0
0 0 0 1 50.19000000000001 47.93954500000001 13.0 0.040322 0.184417 2.7 0
0 1 0 0 46.408 0.0 0.0 1.0 0.40001699999999996 5.25 0
0 0 0 1 48.416 46.13143 16.0 0.024302 0.108353 2.3 0
0 0 0 1 46.159499999999994 41.84671349999999 13.0 0.049201 0.17244000000000004 1.55 0
0 0 0 1 48.388000000000005 47.05799 21.0 0.0065623 0.06418 2.0 0
0 1 0 1 51.37950000000001 47.785615 14.0 0.037808 0.0022 15.0 0
0 0 0 1 47.903999999999996 37.584444999999995 15.0 0.029337 0.15966799999999998 2.45 0
0 0 0 1 45.4165 41.30401500000001 9.0 0.12418 0.19381899999999996 4.45 0
0 0 0 1 46.4495 48.306084999999996 17.0 0.015989 0.16794150000000002 3.95 0
0 0 0 1 47.547000000000004 43.842135 23.0 0.0049103 0.07368899999999999 1.85 0
0 0 0 1 50.21 47.67241500000001 37.0 0.00018386 0.029941000000000002 2.95 0
0 0 1 0 46.134 48.764805 14.45 0.12152158304999998 0.16157 2.0 0
0 0 0 1 49.8475 44.070565 27.0 0.0018446 0.031769500000000006 2.5 0
0 0 0 1 49.5915 48.462815 14.0 0.033389 0.28834 6.0 0
0 0 0 1 47.751 40.15605 4.0 0.33158 0.41772 3.0 0
0 1 0 0 56.42750000000001 52.7796 10.2 0.19586346059999998 1.0 10.0 0
0 0 1 0 48.9425 41.53843 17.4 0.0720730635 0.007 1.0 0
0 0 0 1 46.1595 41.84671349999999 13.0 0.049226 0.156584 1.45 0
1 0 0 0 50.32 46.271115 18.45 0.05120135395000001 0.0866035 1.9 0
0 0 0 1 48.74150000000001 45.84263 15.0 0.030537 0.18908749999999996 2.0 0
0 0 0 1 50.675000000000004 49.549745 17.0 0.019433 0.117752 1.65 0
0 0 0 1 50.1325 44.373765000000006 13.0 0.041777 0.092821 2.1 0
0 0 0 1 48.8275 47.061015 11.0 0.071484 0.12391350000000001 3.9 0
0 1 0 1 50.459999999999994 60.7595 15.0 0.027885 0.01204 3.0 0
0 0 0 1 49.7825 57.5581 22.0 0.0050422 0.01893 3.0 0
0 0 0 1 48.8305 46.500835 22.0 0.0060993 0.1118585 2.6 0
0 0 1 0 58.302 52.8424 54.45 0.13475244650142015 0.0 2.0 0
1 0 0 0 35.39 43.37585 12.8 0.12762697999999997 0.13861 2.0 0
0 0 0 1 48.2595 43.91426 21.0 0.0074846 0.12689999999999999 3.85 0
0 0 0 1 50.367999999999995 47.955020000000005 20.0 0.007976 0.0866085 2.0 0
0 0 0 1 50.509 30.642 23.0 0.0043101 0.03238 1.0 0
1 0 0 0 25.46 24.285625000000003 56.8 0.09983052472850072 0.208634 2.25 0
0 0 0 1 56.78150000000001 58.81229 151.0 7.0258e-16 0.0 1.95 0
0 0 1 0 49.69949999999999 46.46465500000001 14.0 0.038218 0.00199 1.0 0
1 0 0 0 58.49 58.922025000000005 13.35 0.142788765 0.1286475 3.65 0
0 0 0 1 50.367999999999995 47.955020000000005 20.0 0.0080282 0.0866085 2.0 0
0 0 0 1 45.9745 51.063579999999995 25.0 0.0026079 0.080785 3.4 0
0 0 0 1 46.724000000000004 42.765 14.0 0.034059 0.1043025 2.15 0
1 0 0 0 54.85 55.23614 19.6 0.04161391700000001 0.0335235 1.9 0
0 0 0 1 49.325500000000005 50.88462 39.0 0.00010723 0.022619 1.95 0
0 0 0 1 49.25349999999999 49.79875 41.0 7.833e-05 0.076824 1.85 0
0 0 0 1 45.077 46.49284 17.0 0.017824 0.08674299999999999 3.95 0
1 0 0 1 47.96 48.105185000000006 25.0 0.0029437 0.02172 2.0 0
0 1 0 0 54.092000000000006 54.25 14.55 0.06726732999999999 0.040503500000000005 7.25 0
0 0 0 1 49.840500000000006 48.79233 27.0 0.0016284 0.00092 2.0 0
0 0 0 1 50.1455 41.195834999999995 6.0 0.22704 0.01392 18.0 0
0 0 1 0 51.436 60.0 3.0 0.43211 0.0 3.0 0
0 0 0 1 49.2535 41.626175 6.0 0.2269 0.15814699999999998 6.5 0
0 0 0 1 48.5655 44.03443649999999 15.0 0.030148 0.08134 3.0 0
0 0 1 0 49.513 42.782965000000004 27.0 0.029689570399999997 0.00077 2.0 0
1 0 0 0 50.61 47.32241500000001 20.05 0.07142457405133454 0.06285900000000001 2.25 0
0 0 0 1 47.341499999999996 44.400904999999995 24.0 0.0038311 0.128127 2.4 0
0 0 0 1 44.4325 41.592639999999996 17.0 0.017402 0.118126 2.0 0
0 1 0 0 51.777499999999996 49.0794 16.35 0.15985856064999998 0.049395 5.7 0
1 0 0 1 58.55 57.0656 13.0 0.041627 0.07792999999999999 2.35 0
0 0 0 1 50.74 39.08502 15.0 0.029216 0.21535899999999994 2.3 0
0 0 1 0 19.76 43.359995000000005 17.5 0.050403260000000005 0.07185 1.0 0
0 0 1 0 43.989000000000004 43.77136 16.7 0.13594340505000002 0.0327 2.0 0
0 0 1 0 43.44350000000001 43.77136 16.8 0.14294506005 0.03241 2.0 0
0 0 0 1 49.914 44.57084 27.0 0.0019181 0.034111499999999996 2.2 0
0 0 0 1 46.29549999999999 41.49228000000001 6.0 0.2488 0.09005250000000001 4.2 0
0 0 0 1 49.420500000000004 20.0445 19.0 0.011148 0.09565 1.0 0
0 0 0 1 44.74499999999999 45.85438 5.0 0.29409 0.0903095 4.1 0
0 1 0 0 47.398 42.628465 25.0 0.0029166 0.06426499999999999 2.0 0
0 0 0 1 48.5175 45.35638000000001 20.0 0.0085168 0.00034 4.0 0
0 0 0 1 46.0835 47.245169999999995 38.0 0.00013565 0.04613 3.0 0
1 0 0 1 46.2 48.573330000000006 22.0 0.0058634 0.02213 2.0 0
0 0 0 1 45.3245 45.453424999999996 3.0 0.47654 0.137654 4.45 0
0 0 0 1 21.45 51.458780000000004 42.0 5.8021e-05 0.082534 3.0 0
0 0 0 1 47.36749999999999 39.4234215 10.0 0.08426 0.28782 4.0 0
0 0 0 1 45.32449999999999 45.148044999999996 3.0 0.48854 0.1715875 7.3 0
0 0 0 1 47.6065 42.065625 13.0 0.045616 0.15269 2.0 0
0 0 1 0 46.9275 47.771055000000004 20.15 0.13501333599999998 0.00107 3.0 0
0 0 0 1 49.5915 49.80229 14.0 0.033402 0.55217 1.0 0
0 0 0 1 43.2595 35.334680000000006 5.0 0.25751 0.1999545 4.35 0
0 0 0 1 51.160500000000006 52.26662 12.0 0.054436 0.10059299999999997 3.6 0
0 0 0 1 49.104499999999994 42.53210700000001 18.0 0.013089 0.10203699999999997 2.9 0
0 0 0 1 44.852 41.793505 14.0 0.039243 0.11967950000000001 3.2 0
0 0 0 1 50.2845 58.1515 22.0 0.005132 0.02502 2.0 0
0 1 0 1 46.071 47.80240500000001 16.0 0.020998 0.1315975 1.95 0
0 1 0 0 50.35447767066693 44.52678267539525 24.651144857041167 0.09658699853529934 0.10095995499099822 3.9706941388277657 0
0 1 0 1 45.9745 49.655685 25.0 0.002661 0.055623 3.05 0
0 0 0 1 46.474 42.860245 9.0 0.11202 0.16180999999999995 4.75 0
0 1 0 0 44.122 27.1091 4.0 0.37373 0.04647 1.0 0
0 0 0 1 45.248000000000005 39.93099 8.0 0.13721 0.12695 1.0 0
1 0 0 0 18.93 24.285625000000003 38.35 0.11812158305873352 0.20697000000000002 2.25 0
0 0 0 1 48.416 48.57980500000001 16.0 0.024326 0.12156 2.35 0
0 1 0 0 43.2045 2.0 7.3 0.28040025 1.0 2.0 0
0 0 1 0 57.641000000000005 52.244274999999995 12.5 0.48063329380011616 0.00265 12.0 0
0 1 0 0 46.575 59.0089 17.15 0.040111 0.02016 1.0 0
0 0 0 1 53.816500000000005 60.0 11.0 0.06993 0.27972 1.0 0
1 0 0 1 56.65 50.473555 16.0 0.02465 0.1050705 3.0 0
0 0 0 1 47.8335 48.286109999999994 29.0 0.0010503 0.046552500000000004 2.1 0
0 0 1 0 45.284000000000006 44.73729500000001 9.45 0.22062971999999997 0.4359 2.0 0
0 1 0 0 49.0945 40.7437 13.0 0.048472 0.119588 1.95 0
0 0 1 0 44.65449999999999 57.7222 16.15 0.08347751 0.11429 1.0 0
0 0 0 1 45.57449999999999 47.00527999999999 28.0 0.0014586 0.0532365 2.25 0
0 0 0 1 48.243 40.646245 16.0 0.022627 0.10389049999999997 3.4 0
0 1 0 1 47.534499999999994 46.731268 16.0 0.020667 0.0238 3.0 0
0 0 0 1 49.799499999999995 45.86222 30.0 0.00080194 0.05577399999999999 2.25 0
0 0 1 0 49.12 48.526754999999994 0.0 0.94175 0.02111 3.0 0
1 0 1 0 43.75 44.826170000000005 22.3 0.03497509905000001 0.00248 2.0 0
0 0 0 1 50.08149999999999 51.584105 34.0 0.00037727 0.0347495 2.2 0
0 0 1 1 45.85 46.285379999999996 22.0 0.0054997 0.00436 1.0 0
0 0 1 0 50.307 60.2338 14.0 0.034705 0.00037 15.0 0
0 1 0 0 55.511 56.3853 13.65 0.1578791615 0.0777455 4.05 0
1 0 0 0 43.5 42.7873 14.1 0.15460278335 0.42245 3.0 0
0 0 0 1 51.04 43.90382 20.0 0.008629 0.0829225 1.9 0
0 0 0 1 51.12850000000001 46.196915 14.0 0.033025 0.1638165 2.65 0
0 1 0 0 48.812999999999995 44.98228 8.0 0.12787 0.15398949999999997 2.9 0
0 0 0 1 47.196000000000005 38.85956 8.0 0.12656 0.0239 0.0 0
0 0 1 0 44.76499999999999 46.35352499999999 0.0 1.0 0.0 8.0 0
0 0 0 1 48.78 47.56721499999999 13.0 0.042005 0.11494000000000001 1.9 0
0 0 1 0 58.302 52.8424 54.45 0.13475244650142015 0.0 2.0 0
0 0 0 1 45.4165 41.304015 9.0 0.12257 0.136424 5.15 0
0 0 0 1 47.554500000000004 47.245529999999995 4.0 0.35142 0.13790549999999996 6.85 0
1 0 0 0 58.57 47.620975 12.0 0.053272 0.0913345 5.0 0
0 1 0 0 50.320499999999996 37.6892 15.0 0.028302 0.15149 1.0 0
0 0 0 1 49.7815 59.632 14.0 0.034702 0.04568 3.0 0
0 0 0 1 48.5545 57.5638 17.0 0.016636 0.40502 1.0 0
0 1 0 0 44.419 19.9091 7.0 0.17674 0.15426350000000003 5.7 0
0 0 0 1 46.90050000000001 36.602315 18.0 0.014712 0.05127250000000001 1.85 0
0 0 0 1 48.329 45.36192 43.0 4.7978e-05 0.008214500000000001 2.6 0
1 0 0 0 58.86 59.052009999999996 17.5 0.10981355533379 0.12101700000000001 2.4 0
1 0 0 0 56.68 58.57633499999999 20.8 0.036106649715 0.06560449999999998 1.7 0
0 0 0 1 44.86450000000001 33.934380499999996 5.0 0.27368 0.152113 4.65 0
1 0 0 0 57.8 58.327225 23.15 0.046920609310135704 0.0607545 2.2 0
0 0 0 1 45.355000000000004 47.97799 28.0 0.0014644 0.02955 2.2 0
0 0 0 1 49.914 44.57083999999999 27.0 0.0018622 0.0318815 2.4 0
0 0 0 1 43.898500000000006 44.579840000000004 14.0 0.031683 0.11566999999999998 2.35 0
0 0 1 0 48.269499999999994 47.751482499999995 2.0 0.57576 0.0 14.0 0
0 1 1 0 48.8895 40.6552 65.0 2.5368e-07 0.0 1.0 0
0 0 0 1 49.906000000000006 42.855905 21.0 0.0071687 0.06152650000000002 2.45 0
1 0 0 0 52.44 48.04329499999999 16.75 0.07484798399999999 0.0651555 1.85 0
0 0 0 1 48.9025 48.08231000000001 30.0 0.00094951 0.00448 2.0 0
0 0 0 1 46.910000000000004 39.133775 8.0 0.15172 0.0755785 3.65 0
0 0 0 1 49.797000000000004 60.0725 15.0 0.029872 0.31176 2.0 0
0 0 1 0 47.909000000000006 43.690595 18.9 0.04605694849999999 0.00741 2.0 0
0 0 0 1 45.0065 43.132889 7.0 0.16269 0.20426100000000003 4.2 0
0 0 1 0 45.864000000000004 42.18671 10.9 0.15279252000000001 0.70833 2.0 0
0 0 1 0 57.7325 52.7124 7.0 0.3323796899999999 1e-05 20.0 0
0 0 0 1 48.0375 40.304395 16.0 0.023018 0.055945 2.7 0
0 0 1 0 44.369 38.765991 12.05 0.175002145 0.20894 2.0 0
0 0 0 1 46.732000000000006 42.26304499999999 20.0 0.0099457 0.05589599999999999 2.55 0
0 0 0 1 49.4945 45.1838805 15.0 0.025147 0.15134150000000002 1.55 0
0 1 0 1 57.87 58.6187 15.0 0.027679 0.03362 1.0 0
0 0 0 1 45.4165 41.30401500000001 9.0 0.12581 0.23194649999999997 4.55 0
0 0 0 1 49.2535 44.917584999999995 14.0 0.033976 0.15676 1.0 0
0 1 0 0 35.6625 0.0 4.05 0.6211383300000001 0.9 1.8 0
0 0 0 1 51.459500000000006 46.9823 20.0 0.0086551 0.068809 2.5 0
0 0 1 0 57.641 52.727845 12.8 0.5019104300001161 5e-05 12.0 0
0 0 1 0 45.657500000000006 42.93099000000001 16.45 0.0394342975 0.02977 2.0 0
1 0 0 0 60.0 59.99189 98.0 0.016234179471986653 4.2000000000000004e-05 1.85 0
0 0 0 1 49.31600000000001 48.453405 24.0 0.0036056 0.0077 1.0 0
0 0 0 1 47.448 42.183544999999995 22.0 0.0052509 0.0567585 2.1 0
0 0 0 1 47.928000000000004 45.13709849999999 13.0 0.04843 0.12806450000000003 3.05 0
0 0 0 1 46.319 40.02344 14.0 0.038941 0.18995249999999997 2.4 0
0 0 0 1 47.1505 32.867380499999996 5.0 0.26667 0.188678 3.7 0
0 0 1 0 44.50449999999999 51.5619 7.65 0.5549143059225001 0.0 7.0 0
0 0 0 1 47.1545 37.66006 2.0 0.52742 0.12134350000000002 3.85 0
0 0 0 1 58.543499999999995 60.0 16.0 0.024913 0.1843815 4.05 0
0 1 0 1 44.94700000000001 39.8896 33.0 0.00047836 0.01733 2.0 0
1 1 1 0 60.0 59.8378 91.0 6.4306e-10 0.0 1.0 1
0 0 0 1 55.55 56.8978 32.0 0.00058713 0.00211 2.0 0
0 1 0 0 58.852999999999994 59.92 41.15 0.08205770204902312 0.1222465 1.7 0
0 0 0 1 44.562 44.23092 14.0 0.032665 0.0182 1.0 0
0 0 0 1 47.15350000000001 47.034135 30.0 0.00080576 0.04103 3.0 0
0 0 1 0 44.996500000000005 58.0794 9.6 0.2082115895 0.37128 3.0 0
0 0 0 1 46.295500000000004 41.49228000000001 6.0 0.24819 0.09005250000000001 4.2 0
0 0 0 1 50.190000000000005 47.93954500000001 13.0 0.040434 0.17875900000000003 2.65 0
0 0 0 1 45.6635 48.145500000000006 28.0 0.0015464 0.053280499999999995 2.05 0
0 0 0 1 49.9765 46.7759 14.0 0.03707 0.30143 5.0 0
0 0 0 1 48.51699999999999 50.6616715 15.0 0.027519 0.08345349999999999 2.8 0
0 0 1 0 52.7355 60.0 1.0 0.74829 0.0 5.0 0
0 0 0 1 48.37500000000001 41.7802 8.0 0.13043 0.18275000000000002 4.05 0
0 1 0 0 40.7195 1.0 0.0 0.80901 1.0 1.0 0
0 0 0 1 51.22 34.525355000000005 33.0 0.00043922 0.03191 1.0 0
0 0 0 1 46.131499999999996 45.722494999999995 11.0 0.07752 0.09881400000000001 3.7 0
0 0 0 1 47.398 41.95011000000001 18.0 0.015098 0.17922 1.0 0
0 0 1 0 46.1905 46.805025 15.35 0.080642595 0.09903 3.0 0
0 0 0 1 47.5135 45.389860000000006 26.0 0.002098 0.040725 2.7 0
0 0 0 1 45.6635 48.1455 28.0 0.0014944 0.0237535 2.0 0
0 0 0 1 46.6905 46.52187 13.0 0.046085 0.1131385 2.95 0
0 0 0 1 50.1325 44.373765000000006 13.0 0.041785 0.09282099999999999 2.1 0
1 0 0 0 55.89 57.1529 18.75 0.042825165250000005 0.037565 2.85 0
1 0 0 1 47.38 45.4202085 13.0 0.048485 0.14020300000000002 3.15 0
0 0 1 0 56.50750000000001 55.973545 20.25 0.28663620391119465 3e-05 5.0 0
0 0 0 1 48.8705 29.0939 16.0 0.023018 0.0014 1.0 0
0 0 0 1 47.554500000000004 47.394955 4.0 0.3532 0.155338 6.6 0
1 0 0 0 59.62 59.399159999999995 58.25 0.03190865773620241 0.0464265 2.7 0
0 1 0 0 50.35447767066693 44.52678267539525 24.651144857041167 0.09658699853529934 0.10095995499099822 3.9706941388277657 0
0 0 0 1 46.64150000000001 46.919773000000006 4.0 0.33766 0.0795105 5.55 0
0 0 1 1 15.44 43.664315 5.0 0.28221 0.16725 3.0 0
0 0 0 1 46.564 44.9836695 36.0 0.00022039 0.0407395 2.65 0
0 0 1 0 55.44 59.2982 0.0 0.85217 0.0 12.0 0
0 1 0 0 57.10549999999999 60.0 30.85 0.0236848248145 0.27235 5.0 0
0 0 0 1 52.4855 45.194689999999994 20.0 0.0087258 0.061238 1.85 0
0 0 1 1 47.2865 48.196549999999995 18.0 0.014802 0.001 3.0 0
0 0 1 0 46.9745 35.4946 9.0 0.11481 0.0 2.0 0
0 0 0 1 50.1545 40.9937 17.0 0.019036 0.00373 2.0 0
1 0 0 0 18.72 24.285625000000003 38.35 0.11812158305873352 0.20696999999999996 2.25 0
0 0 1 0 46.58500000000001 48.51733500000001 5.0 0.2689 0.0 2.0 0
0 1 0 0 58.75350000000001 59.129 16.0 0.17039180235 0.058335000000000005 3.75 0
0 0 0 1 48.7945 46.916039999999995 19.0 0.01017 0.0734465 2.35 0
0 0 0 1 45.6255 41.9355 5.0 0.28571 0.14268500000000003 5.55 0
0 0 0 1 48.8305 46.500835 22.0 0.0060964 0.10905299999999998 2.5 0
0 0 0 1 48.770500000000006 51.576465 18.0 0.013054 0.01384 3.0 0
1 1 1 0 60.0 60.0 96.0 2.2339e-10 0.0 5.0 1
0 0 0 1 46.894 50.478899999999996 41.0 6.597e-05 0.0754895 2.4 0
0 0 0 1 44.593 44.65961 5.0 0.30769 0.128307 4.45 0
0 0 0 1 49.131 43.364755 14.0 0.036204 0.079848 1.95 0
1 0 0 0 60.0 59.99189 98.0 0.016234179471986653 4.2000000000000004e-05 1.85 0
0 1 1 0 56.50750000000001 55.747569999999996 16.0 0.32074221730541996 0.0 5.0 0
0 0 0 1 50.035500000000006 46.733320000000006 16.0 0.021572 0.11542500000000003 1.85 0
1 0 0 0 23.58 35.756135 5.0 0.25414 0.178089 6.15 0
0 0 1 0 45.735 58.1212 0.0 0.95557 0.0 8.0 0
0 0 1 1 56.78 50.4084 31.0 0.00076861 0.00696 1.0 0
0 0 0 1 50.936499999999995 45.98144650000001 15.0 0.027371 0.0494 3.0 0
0 0 0 1 51.195 43.382540000000006 13.0 0.041069 0.10505600000000001 2.4 0
0 0 0 1 43.28150000000001 46.949634999999994 45.0 2.5752e-05 0.06871 3.0 0
0 0 0 1 49.349999999999994 24.3345 47.0 1.8474e-05 9e-05 1.0 0
1 0 0 0 59.23 34.81676 2.0 0.5445 0.2113965 5.5 0
0 0 0 1 47.993 40.8976825 25.0 0.0031081 0.10614100000000001 2.2 0
0 0 1 1 45.50999999999999 47.86601500000001 31.0 0.00074988 0.00129 2.0 0
0 0 0 1 46.943 34.3670015 9.0 0.1121 0.11013 2.0 0
0 0 1 1 48.77599999999999 39.90839 19.0 0.011709 0.00508 3.0 0
0 0 1 0 47.328 45.479600000000005 18.35 0.0314421435 0.01673 2.0 0
0 0 0 1 40.429500000000004 59.795015 255.0 0.0 0.0 1.95 0
0 0 0 1 44.8685 39.701010000000004 3.0 0.45238 0.1038445 4.4 0
0 0 0 1 50.539 42.2273665 15.0 0.029455 0.18514 1.0 0
0 0 0 1 49.799499999999995 45.86222 30.0 0.0008196 0.05577399999999999 2.25 0
0 0 0 1 48.60699999999999 39.74557 15.0 0.029623 0.23026400000000002 1.95 0
0 0 0 1 43.806000000000004 46.77884999999999 17.0 0.017183 0.05264 1.0 0
0 0 0 1 51.41600000000001 45.75575 23.0 0.0044927 0.0783415 2.05 0
1 0 0 0 47.51 40.33458 20.5 0.08091617151049998 0.0781395 2.25 0
0 0 0 1 48.665 46.822275000000005 15.0 0.026371 0.160683 2.65 0
0 0 0 1 45.97 45.846213 16.0 0.020376 0.15456799999999998 3.05 0
0 1 0 1 47.23299999999999 61.8681 9.0 0.10777 0.1580925 3.55 0
1 1 1 0 60.0 60.0 72.0 5.997e-08 0.0 2.0 1
0 1 0 0 48.095000000000006 39.024821499999995 18.95 0.0691325891 0.00999 1.0 0
0 0 0 1 46.0075 36.913 20.0 0.0097009 0.0970155 2.1 0
0 0 0 1 49.69250000000001 43.87667 17.0 0.01909 0.03492 1.0 0
0 0 1 0 47.379000000000005 59.5116 10.0 0.08657 6e-05 2.0 0
0 0 0 1 46.448499999999996 44.776898 4.0 0.31746 0.25251950000000006 6.8 0
0 1 1 0 50.0385 58.2812 6.85 0.376072405 0.00014 6.0 0
0 0 0 1 46.4485 44.776898 4.0 0.32308 0.13238100000000003 5.05 0
0 0 0 1 45.6635 48.1455 28.0 0.0015443 0.053280499999999995 2.05 0
0 0 0 1 48.870999999999995 48.837325 24.0 0.0036995 0.1016885 2.35 0
0 0 0 1 50.715999999999994 49.007715000000005 12.0 0.059623 0.0887175 4.45 0
0 0 0 1 46.5915 45.261655000000005 35.0 0.00025492 0.029213 2.6 0
0 0 1 1 46.269999999999996 49.51958 17.0 0.017089 0.00207 1.0 0
0 0 0 1 48.232000000000006 49.66898 17.0 0.018239 0.0712515 2.05 0
0 0 0 1 50.367999999999995 47.955020000000005 20.0 0.0079595 0.0866085 2.0 0
0 0 0 1 49.414 42.2317915 15.0 0.028587 0.0941 1.0 0
0 0 0 1 45.4165 38.730019999999996 9.0 0.12121 0.118802 4.05 0
0 0 0 1 47.638000000000005 32.81665 20.0 0.0094129 0.06051599999999999 3.35 0
0 0 0 1 46.6905 47.04228 13.0 0.046212 0.111909 2.5 0
0 0 0 1 48.945 43.299835 14.0 0.033252 0.1460875 2.6 0
0 0 0 1 52.35 38.95078 18.0 0.014978 0.12563149999999998 1.9 0
1 0 0 0 60.0 59.99189 98.0 0.016234179471986653 4.2000000000000004e-05 1.85 0
0 0 1 0 40.69800000000001 44.993255 13.75 0.12811006 0.26692 1.0 0
0 0 1 0 57.7325 46.63334999999999 5.8 0.37584091499999994 0.0 29.0 0
0 0 0 1 49.0125 27.7556 20.0 0.0087878 0.02024 1.0 0
0 0 0 1 44.620999999999995 46.49284 17.0 0.017781 0.077804 4.05 0
0 0 0 1 47.534499999999994 44.295133 16.0 0.020567 0.57143 2.0 0
0 0 0 1 57.29 47.15509000000001 15.0 0.02564 0.08546299999999998 2.05 0
0 0 0 1 48.74400000000001 41.07978000000001 13.0 0.044826 0.15240849999999997 1.85 0
0 0 0 1 45.838499999999996 43.876505 25.0 0.0028202 0.0620555 2.0 0
1 0 0 1 50.87 43.238883 16.0 0.020352 0.02584 1.0 0
0 0 0 1 48.130999999999986 46.387625 26.0 0.0021732 0.0549005 2.05 0
0 1 0 0 57.75999999999999 53.27565 3.9 0.5367096 0.00119 15.0 0
0 0 0 1 47.683499999999995 47.01491 17.0 0.016573 0.09376000000000001 3.25 0
0 0 0 1 46.4485 44.776898 4.0 0.32176 0.189252 7.25 0
0 0 0 1 49.4945 47.173935 15.0 0.02561 0.072141 2.0 0
0 0 0 1 48.687999999999995 36.59947000000001 10.0 0.082591 0.12133750000000001 3.9 0
0 0 0 1 48.949 44.834405000000004 14.0 0.035672 0.124183 2.15 0
0 0 1 1 41.52 49.49598 38.0 0.00013713 0.00189 2.0 0
0 0 0 1 53.84 43.253052 18.0 0.012976 0.0777425 2.95 0
0 0 0 1 47.027499999999996 47.853135 29.0 0.0011443 0.11951450000000001 1.75 0
0 0 0 1 49.914 44.57084 27.0 0.0019366 0.027532499999999998 2.1 0
0 0 1 0 46.628 41.10781000000001 22.4 0.029615283049999996 0.00435 2.0 0
0 0 0 1 50.418499999999995 50.790075 51.0 6.7853e-06 0.027789 2.0 0
0 0 0 1 44.21 48.120815 23.0 0.0047908 0.05682800000000001 2.45 0
0 0 0 1 42.45 46.939545 17.0 0.019593 0.1617225 1.7 0
0 0 1 0 56.42750000000001 53.762635 5.9 0.490566465 0.00073 10.0 0
0 0 1 0 59.947500000000005 58.182465 81.15 0.05852936627391324 0.0 1.0 0
0 0 0 1 56.334 56.185285 89.0 1.1318e-09 9.8e-05 1.6 0
0 0 0 1 49.519999999999996 49.741465000000005 17.0 0.019905 0.13831549999999998 1.6 0
0 0 0 1 49.483999999999995 49.015460000000004 29.0 0.0012458 0.033315500000000005 1.6 0
0 1 0 0 43.204499999999996 8.16667 8.3 0.26190068 1.0 2.0 0
0 0 1 0 59.19500000000001 58.63666500000001 54.2 0.21766662893659486 0.0 3.0 0
0 0 1 0 47.41 38.70470999999999 29.0 0.03134463239051012 0.00522 2.0 0
0 0 0 1 48.98 46.667339999999996 13.0 0.044051 0.212902 2.9 0
0 0 0 1 45.4165 42.071720000000006 9.0 0.11998 0.0814835 4.35 0
1 0 0 0 56.2 58.311699999999995 15.45 0.06400078 0.057358 1.8 0
0 0 0 1 52.121 60.0 38.0 0.00013538 0.06281 3.0 0
0 0 0 1 49.64 42.872675 13.0 0.040281 0.03149 1.0 0
0 0 0 1 46.564 43.59316450000001 36.0 0.00020638 0.0417425 2.2 0
0 0 0 1 48.5655 40.3367465 15.0 0.030202 0.44919 4.0 0
0 1 0 1 57.13 60.0 29.0 0.0010437 0.1867125 3.75 0
0 0 0 1 47.943999999999996 46.671715 14.0 0.034351 0.05788 2.0 0
0 0 1 0 58.5745 55.91438000000001 42.85 0.060801599244363014 1e-05 1.0 0
1 0 0 0 55.36 55.25442999999999 19.5 0.043514386499999995 0.06941850000000001 1.55 0
1 0 0 0 45.14 35.371805 24.4 0.06751552503981001 0.0830305 2.2 0
0 0 1 0 43.9515 44.240815 14.6 0.087481985 0.07492 1.0 0
0 0 0 1 46.446 41.20805500000001 25.0 0.0028753 0.083305 2.2 0
0 0 1 0 48.18150000000001 50.05993000000001 102.0 5.3618e-11 0.0 2.0 0
0 0 0 1 45.6255 41.9355 5.0 0.28571 0.14268500000000003 5.55 0
0 1 0 0 41.44 29.423575 21.8 0.06907050194099999 0.053937500000000006 1.8 0
0 0 1 0 49.6915 50.70618 16.0 0.14911272135 0.00349 6.0 0
0 0 0 1 47.15 44.615695 14.0 0.035955 0.09706100000000001 2.1 0
0 0 0 1 47.681999999999995 49.440255 21.0 0.0068838 0.12180950000000001 1.4 0
0 0 0 1 49.005500000000005 46.513295 21.0 0.0070706 0.061179000000000004 2.35 0
0 0 0 1 49.504000000000005 42.98617500000001 16.0 0.022305 0.085409 2.2 0
0 0 0 1 45.719 44.507307999999995 16.0 0.020196 0.11470499999999999 2.7 0
0 0 1 0 45.6185 39.789995 10.7 0.17743885500000003 0.33597 1.0 0
1 0 0 0 43.49 33.98493 23.7 0.06359269375500001 0.08312699999999999 2.05 0
0 0 1 0 42.548500000000004 41.18258 12.15 0.15851758999999999 0.15091 3.0 0
1 0 0 0 60.0 59.99189 98.0 0.016234179471986653 4.2000000000000004e-05 1.85 0
0 0 0 1 50.8085 41.683687500000005 15.0 0.026517 0.20144 2.0 0
0 0 0 1 47.797 48.98232 17.0 0.018018 0.0675775 2.45 0
0 0 0 1 58.47 48.760895 24.0 0.0038834 0.00363 2.0 0
0 0 1 0 46.403000000000006 49.8156 10.4 0.16199018 0.41155 1.0 0
0 0 1 0 45.868 44.695029999999996 3.0 0.47194 0.0 14.0 0
0 0 1 0 50.952 48.00675 4.0 0.37596 0.00418 1.0 0
0 0 1 0 49.328500000000005 53.68411 6.2 0.58414086 0.0 8.0 0
0 0 0 1 51.1135 42.92807499999999 24.0 0.0034743 0.18550950000000002 2.25 0
0 0 1 0 57.7325 48.48648 8.6 0.254397035 1e-05 22.0 0
1 0 0 1 41.95 41.499175 25.0 0.0031447 0.05569100000000001 2.15 0
0 0 1 1 45.3455 37.320336 5.0 0.26593 0.18613 2.0 0
1 0 0 0 56.59 58.02429000000001 18.8 0.034144974999999994 0.10147149999999998 1.8 0
0 0 0 1 48.8095 36.03 33.0 0.00046139 0.023727000000000005 1.8 0
0 0 0 1 47.077999999999996 49.29648000000001 21.0 0.0071383 0.01825 2.0 0
0 1 0 0 40.789 40.0 9.5 0.293219845 0.76923 1.0 0
1 0 0 0 50.94 48.18553500000001 23.7 0.054862141605000005 0.0353735 2.0 0
1 0 0 0 60.0 59.99189 98.0 0.016234179471986653 4.2000000000000004e-05 1.85 0
0 0 0 1 49.87199999999999 41.100375 21.0 0.0073823 0.03669 1.0 0
0 0 1 0 42.248000000000005 24.2 3.0 0.44452 0.03406 1.0 0
0 0 1 0 59.19500000000001 58.63666500000001 54.2 0.21766662893659486 0.0 3.0 0
0 0 0 1 46.732 42.26304499999999 20.0 0.0099231 0.055896 2.55 0
0 0 0 1 44.505 46.05526 17.0 0.017697 0.081862 2.25 0
0 0 0 1 51.0735 48.6692015 15.0 0.028071 0.070789 2.6 0
0 0 1 0 47.3755 48.517335 1.0 0.7115 0.0 2.0 0
1 0 0 0 42.13 48.601639999999996 11.0 0.069132 0.15511850000000002 3.4 0
1 1 1 0 60.0 60.2128 93.0 4.2377e-10 0.0 2.0 1
0 0 0 1 51.685 49.696250000000006 53.0 4.6345e-06 0.021241500000000003 3.1 0
0 0 0 1 44.2045 42.56227 13.0 0.046499 0.54965 4.0 0
1 0 0 0 60.0 59.99189 98.0 0.016234179471986653 4.2000000000000004e-05 1.85 0
0 0 0 1 45.718999999999994 44.507308 16.0 0.020406 0.135392 3.1 0
0 0 1 1 46.688 49.174099999999996 25.0 0.0029711 0.00167 1.0 0
1 0 0 0 59.94 59.81334999999999 68.7 0.0031350014201200005 0.0157205 1.65 0
0 0 0 1 49.0365 47.042281500000016 15.0 0.027851 0.0 3.0 0
0 0 0 1 46.732 42.26304499999999 20.0 0.0098632 0.0649975 2.55 0
0 0 0 1 50.9485 44.4704 23.0 0.0041558 0.11540550000000001 1.6 0
0 0 0 1 51.5705 41.44262500000001 23.0 0.0042097 0.1067725 2.0 0
1 0 0 0 51.83 48.88202 19.0 0.051785881 0.045484500000000004 2.0 0
0 0 0 1 48.457499999999996 55.6439 21.0 0.007003 0.08345 1.0 0
0 0 0 1 40.429500000000004 59.795015 255.0 1.8748e-32 0.0 1.95 0
0 0 0 1 49.882 43.326805 30.0 0.00093722 0.0188405 1.85 0
1 0 0 0 37.74 28.014937499999995 17.7 0.13876061505 0.12540049999999997 2.2 0
0 0 0 1 45.078500000000005 44.432559999999995 28.0 0.0013066 0.06866199999999999 2.05 0
0 0 0 1 39.74 29.313715000000002 147.0 1.8541e-15 0.0742865 2.05 0
0 0 0 1 47.858999999999995 40.682995 22.0 0.0054366 0.153686 2.1 0
0 0 0 1 45.0 48.099095 19.0 0.010183 0.084221 2.55 0
0 0 1 0 48.0865 41.465335 18.05 0.1403395635 0.00402 1.0 0
0 0 0 1 49.400999999999996 36.969015 6.0 0.20789 0.16971450000000002 6.8 0
0 0 1 0 50.459999999999994 56.08 21.0 0.0073848 0.0 2.0 0
0 0 0 1 47.946 42.6689715 10.0 0.09318 0.0925315 4.05 0
0 0 0 1 49.054 41.926855 33.0 0.00040649 0.026631500000000002 2.0 0
0 0 1 0 56.50750000000001 55.33380999999999 39.6 0.27223963912045207 0.0 4.0 0
0 0 0 1 47.2225 46.83133 23.0 0.00472 0.019164999999999998 2.55 0
0 0 0 1 45.370000000000005 46.80986500000001 13.0 0.046872 0.1899495 3.8 0
0 0 1 0 46.658 49.42001 5.0 0.28415 0.05148 5.0 0
0 0 0 1 51.0 46.48271 14.0 0.034946 0.12085 2.0 0
0 0 0 1 49.230999999999995 48.657695000000004 37.0 0.00017173 0.026455500000000003 2.7 0
0 0 1 0 46.9985 20.2857 16.85 0.05001753799999999 0.0303 3.0 0
0 0 0 1 45.929500000000004 48.95172999999999 16.0 0.023939 0.00712 2.0 0
0 1 0 0 44.42450000000001 33.5062 8.0 0.14584 0.10023 1.0 0
0 0 0 1 46.24550000000001 46.567584999999994 17.0 0.017927 0.03849 1.0 0
0 0 0 1 49.13799999999999 44.32136999999999 16.0 0.021676 0.09095600000000001 1.95 0
0 0 1 0 48.597500000000004 50.947154999999995 18.6 0.0858970893 0.05616 2.0 0
0 0 0 1 44.852 43.937605 14.0 0.039576 0.09316450000000001 2.45 0
0 0 0 1 47.448 42.92539000000001 22.0 0.0050993 0.05145050000000001 2.2 0
0 0 0 1 46.86 43.266830000000006 9.0 0.10638 0.144563 4.3 0
0 1 1 0 43.58 42.7083 11.25 0.3689944174 0.00753 7.0 0
0 0 0 1 48.43900000000001 0.0 6.0 0.21212 0.953801 1.95 0
0 0 0 1 48.830999999999996 43.99528 16.0 0.022075 0.1209895 3.15 0
0 0 0 1 48.294 49.79875 41.0 7.3767e-05 0.07682399999999999 1.85 0
0 1 0 1 50.693000000000005 26.7 19.0 0.01076 0.01773 2.0 0
0 0 1 0 49.328500000000005 53.68411 6.2 0.58414086 0.0 8.0 0
0 0 1 0 57.641 52.244275 10.6 0.5001951500001159 0.00305 12.0 0
1 1 1 0 60.0 60.0 58.0 1.2673e-06 0.0 4.0 1
0 0 0 1 47.547000000000004 43.842135 23.0 0.0049562 0.09846600000000001 1.9 0
1 0 0 0 60.0 59.99189 98.0 0.016234179471986653 4.2000000000000004e-05 1.85 0
0 0 1 0 57.7325 53.65029500000001 4.7 0.4899218 0.0 17.0 0
0 0 1 1 50.010000000000005 32.789275999999994 6.0 0.20267 0.23661 2.0 0
1 0 0 0 60.0 59.99189 98.0 0.016234179471986653 4.2000000000000004e-05 1.85 0
0 0 1 0 47.134 59.2436 1.0 0.65666 0.0 4.0 0
0 0 0 1 47.993 40.8976825 25.0 0.0030899 0.10634950000000001 1.85 0
0 0 0 1 49.979499999999994 37.727225 7.0 0.1982 0.56765 16.0 0
0 0 1 1 48.090500000000006 48.4487815 10.0 0.083333 0.0004 7.0 0
0 0 0 1 46.69 46.890918 4.0 0.34219 0.16126800000000002 5.6 0
0 0 1 1 48.791500000000006 48.61772 50.0 9.3889e-06 0.00058 2.0 0
0 0 0 1 47.3915 46.49662 19.0 0.012122 0.095154 2.55 0
0 0 1 0 59.947500000000005 58.182465 81.15 0.05852936627391324 0.0 1.0 0
0 0 0 1 46.455 38.5290795 16.0 0.02348 0.11652 2.0 0
0 0 0 1 46.834999999999994 43.122245 17.0 0.016762 0.116375 1.85 0
0 0 1 0 45.196 44.865196000000005 13.3 0.172523977 0.21068 1.0 0
0 0 0 1 57.85999999999999 58.641875000000006 166.0 2.0291e-17 0.0 1.8 0
1 0 0 0 37.76 28.014937499999995 18.0 0.13229606505000002 0.12540050000000003 2.2 0
0 0 0 1 50.317 45.38406500000001 27.0 0.00175 0.0708145 2.35 0
0 0 0 1 39.44 48.58078 21.0 0.0066914 0.047948 2.9 0
0 0 0 1 47.993 40.8976825 25.0 0.0031027 0.10614100000000001 2.2 0
0 0 0 1 50.308 47.227595 14.0 0.035278 0.13556249999999997 2.55 0
0 1 0 0 35.6625 0.0 4.05 0.6211383300000001 0.9 1.8 0
0 0 0 1 40.3 45.24376 18.0 0.015193 0.21954500000000002 2.75 0
0 0 0 1 52.532000000000004 46.843205 20.0 0.008678 0.0528155 2.2 0
0 0 0 1 49.52 49.741465 17.0 0.019934 0.13831549999999998 1.6 0
0 0 0 1 52.45 44.60617499999999 16.0 0.022256 0.124333 2.35 0
0 1 0 0 50.35447767066693 44.52678267539525 24.651144857041167 0.09658699853529934 0.10095995499099822 3.9706941388277657 0
0 0 1 0 44.7855 12.0 0.0 1.0 0.0 9.0 0
0 0 0 1 48.059 58.4574 27.0 0.0017518 0.0832 1.0 0
0 0 0 1 44.83400000000001 30.7819 44.0 3.4758e-05 0.05859 2.0 0
0 0 0 1 48.27599999999999 47.53085 21.0 0.0077777 0.06924050000000001 2.35 0
0 1 0 0 57.06 59.6667 22.3 0.0578186877 0.00277 1.0 0
0 0 0 1 54.028 57.62235999999999 68.0 1.4256e-07 0.024768500000000002 2.55 0
0 0 1 0 47.51100000000001 52.9091 3.0 0.4551 0.00742 1.0 0
0 0 0 1 48.4805 44.407065 21.0 0.0065602 0.0546715 2.35 0
0 0 1 0 49.85850000000001 50.70869 0.0 0.95611 0.00026 3.0 0
0 1 0 0 48.4465 47.33059000000001 75.0 2.6528e-08 0.0 4.0 0
0 0 0 1 46.448499999999996 44.776898 4.0 0.33012 0.130324 3.35 0
0 0 0 1 46.4485 44.776898 4.0 0.32308 0.13238100000000003 5.05 0
0 1 0 1 48.87650000000001 13.3953 19.0 0.01102 0.00096 2.0 0
0 0 0 1 49.882 43.326805 30.0 0.0009659 0.021703999999999998 1.8 0
0 1 0 0 35.6625 0.0 4.05 0.6211383300000001 0.9 1.8 0
0 0 0 1 52.21 39.103539999999995 15.0 0.02938 0.2028625 2.55 0
0 1 0 0 35.046499999999995 15.7647 22.15 0.12379755126700001 0.2408995 1.7 0
0 0 0 1 47.6485 41.15907 21.0 0.0068844 0.11233 1.0 0
0 0 1 0 50.9585 46.534724999999995 15.05 0.09631918655 0.03224 5.0 0
0 0 0 1 49.9095 44.35590499999999 14.0 0.036321 0.11139349999999999 2.6 0
0 0 1 0 58.411 54.88215 54.4 0.07921545788794804 1e-05 2.0 0
0 0 0 1 52.44750000000001 42.9396935 22.0 0.0057347 0.1032945 1.9 0
0 0 0 1 45.86149999999999 42.972559999999994 5.0 0.28876 0.0918855 5.25 0
0 0 0 1 49.786500000000004 42.940009999999994 23.0 0.0040383 0.03948 2.0 0
0 0 0 1 49.35099999999999 46.474554999999995 27.0 0.001816 0.06565449999999999 2.2 0
0 0 0 1 48.87 46.91329 23.0 0.004645 0.0502035 1.9 0
0 0 0 1 50.9485 42.534195 23.0 0.0041655 0.11546149999999997 1.65 0
1 0 0 0 53.45 52.13408499999999 16.5 0.07625966370000001 0.047355999999999995 1.7 0
1 0 0 0 37.48 28.561162500000002 15.55 0.10391796050000002 0.132946 2.05 0
0 0 0 1 51.6785 43.6956 23.0 0.0042608 0.1074255 2.05 0
0 0 0 1 50.089000000000006 41.453 19.0 0.010336 0.0619 1.0 0
0 0 0 1 57.666 58.69863 79.0 1.187e-08 0.0058275 2.15 0
0 0 1 0 50.319500000000005 45.076885000000004 17.65 0.09316772635 0.00794 6.0 0
0 1 0 0 44.60200000000001 31.4353 5.0 0.31285 0.1121955 4.6 0
0 0 0 1 51.48 44.76341 23.0 0.0042771 0.09688899999999999 2.0 0
0 0 0 1 51.748000000000005 41.12893149999999 15.0 0.025998 0.12434 3.0 0
0 0 1 1 46.6785 49.420010000000005 5.0 0.28797 0.03209 5.0 0
0 0 1 0 47.407000000000004 48.7143 3.0 0.47549 0.0 2.0 0
0 0 0 1 51.282999999999994 53.63971 50.0 9.5059e-06 0.03449199999999999 1.55 0
0 0 0 1 48.3455 46.226055 20.0 0.0091405 0.070103 2.25 0
0 0 1 1 49.412 46.56405 40.0 9.6175e-05 0.00071 4.0 0
1 0 0 1 40.52 37.331605 19.0 0.010592 0.3107 1.0 0
0 0 0 1 45.0415 42.6057 13.0 0.04944 0.142158 1.7 0
0 1 0 0 35.6625 0.0 4.05 0.6211383300000001 0.9 1.8 0
0 0 0 1 48.957499999999996 48.24184 14.0 0.033373 0.00546 2.0 0
0 0 0 1 45.460499999999996 38.0803365 7.0 0.19051 0.17545249999999998 4.2 0
0 0 0 1 49.378 39.546856500000004 18.0 0.012743 0.15107 2.0 0
0 0 0 1 48.264500000000005 41.63532 23.0 0.0045701 0.17082 1.0 0
0 0 0 1 46.123 43.26683 9.0 0.10678 0.12758 3.85 0
0 0 0 1 50.697500000000005 49.549744999999994 17.0 0.019515 0.1318765 1.7 0
0 0 0 1 46.005 39.84414 17.0 0.017289 0.10421450000000002 2.65 0
1 1 1 0 60.0 60.0 148.0 1.4748e-15 0.0 1.0 1
0 0 0 1 46.522999999999996 43.6068 9.0 0.10784 0.17745899999999998 3.9 0
0 0 0 1 47.856500000000004 33.6216 22.0 0.005251 0.00587 2.0 0
0 0 0 1 54.09 41.5078485 22.0 0.0057095 0.120312 1.75 0
0 0 0 1 48.02900000000001 50.531819999999996 39.0 0.00012091 0.0528175 2.1 0
0 0 0 1 45.128 42.02475 7.0 0.17053 0.1741835 5.45 0
0 0 0 1 47.554500000000004 46.940275 4.0 0.35509 0.232476 5.6 0
0 0 0 1 41.64 49.109975000000006 16.0 0.020962 0.135999 2.1 0
0 0 0 1 47.9345 45.86035149999999 10.0 0.090226 3e-05 15.0 0
0 0 0 1 56.57 39.922835 20.0 0.0087568 0.00278 3.0 0
0 1 0 0 49.8195 44.674705 11.0 0.066753 0.1251155 5.35 0
0 0 1 0 48.968 46.4433295 1.0 0.63338 1e-05 9.0 0
0 0 0 1 47.9435 47.16898 8.0 0.13781 0.086929 2.9 0
0 1 0 0 44.65 38.9198 19.7 0.05981702949999999 0.11346799999999999 2.3 0
0 0 0 1 47.413 42.051238 16.0 0.021207 0.15309 2.0 0
0 0 0 1 48.231 37.8679305 19.0 0.01095 0.0313095 2.15 0
1 0 0 0 36.18 29.677464999999994 18.3 0.10453595645 0.0982915 1.45 0
1 0 0 0 53.8 44.414765 12.0 0.059098 0.105747 4.0 0
0 0 0 1 49.587 44.01918 20.0 0.0089009 0.0905665 1.65 0
1 0 0 0 48.52 43.772385 21.15 0.069940811847935 0.063175 1.8 0
1 0 0 0 29.5 40.476695 3.0 0.44526 0.1235375 2.65 0
0 0 0 1 48.055 49.712129999999995 2.0 0.60474 0.06928750000000002 8.0 0
0 0 0 1 50.675 50.912145 17.0 0.019418 0.1210455 1.65 0
0 0 0 1 45.5245 41.57593 9.0 0.11222 0.134315 4.75 0
0 0 0 1 50.966 43.671004999999994 22.0 0.0059729 0.03863 2.0 0
0 0 1 0 57.5 44.03552500000001 16.8 0.0902093355 0.00733 1.0 0
0 0 0 1 43.898500000000006 44.579840000000004 14.0 0.031773 0.11566999999999998 2.35 0
0 1 0 0 48.5655 42.4206365 15.0 0.030205 0.08409 1.0 0
0 0 0 1 43.855 49.5174 17.0 0.017363 0.05701 3.0 0
0 1 0 0 45.01199999999999 44.572250000000004 3.0 0.46677 0.01121 12.0 0
0 0 1 0 43.52049999999999 16.9565 5.0 0.25841 0.35 2.0 0
1 0 0 0 52.39 52.22311499999999 12.0 0.054521 0.10884 4.3 0
0 0 1 1 57.21 47.55752999999999 24.0 0.0034216 0.00671 2.0 0
0 0 0 1 49.483999999999995 43.8662585 13.0 0.048123 0.177316 2.2 0
0 0 0 1 50.62 41.711685 14.0 0.039378 0.03871 1.0 0
0 0 1 0 46.06600000000001 40.27157999999999 18.8 0.026900317949999995 0.02328 2.0 0
0 0 1 0 57.760000000000005 54.77026500000001 7.85 0.41341468764 0.0 14.0 0
0 0 1 0 46.807500000000005 45.59231 3.0 0.40278 0.0 13.0 0
0 0 1 0 57.760000000000005 53.45858500000001 2.15 0.63805215 0.0 15.0 0
0 0 0 1 35.52 46.092195 15.0 0.030515 0.21645050000000002 1.85 0
0 0 0 1 46.82000000000001 36.913 20.0 0.0096647 0.1581355 2.0 0
0 0 0 1 50.083000000000006 40.609179999999995 13.0 0.044626 0.136972 1.95 0
0 1 0 0 41.0325 0.0 4.3 0.617060795 0.88889 1.0 0
0 1 0 0 41.0325 5.0 7.25 0.34617136500000006 1.0 1.0 0
0 0 0 1 47.341499999999996 44.400904999999995 24.0 0.0038556 0.1404765 2.35 0
0 0 0 1 46.44949999999999 48.306084999999996 17.0 0.016071 0.129196 4.15 0
0 0 0 1 47.5135 45.389860000000006 26.0 0.0020938 0.040124 2.75 0
0 0 0 1 43.259499999999996 33.072699 5.0 0.26281 0.11631050000000001 3.95 0
0 0 0 1 47.658 39.01323 22.0 0.0053724 0.1077485 2.0 0
0 0 0 1 47.529999999999994 50.472455000000004 42.0 5.325e-05 0.038407000000000004 2.95 0
0 1 1 1 57.28 56.4416 15.0 0.028065 0.00201 2.0 0
0 1 0 1 46.4755 57.3529 15.0 0.030844 0.02287 2.0 0
0 0 0 1 57.078500000000005 57.277609999999996 80.0 8.1905e-09 0.0058275 2.25 0
0 0 0 1 45.32449999999999 45.148044999999996 3.0 0.4888 0.1715875 7.6 0
0 0 0 1 50.775999999999996 47.145484999999994 19.0 0.011627 0.10742 1.95 0
1 0 0 0 49.56 42.04442999999999 0.0 0.99398 0.01199 2.0 0
0 0 0 1 58.69200000000001 59.60931000000001 119.0 1.1018e-12 0.0 2.4 0
0 0 0 1 48.7945 46.916039999999995 19.0 0.010165 0.0734465 2.35 0
1 0 0 0 60.0 59.99189 98.0 0.016234179471986653 4.2000000000000004e-05 1.85 0
0 0 1 0 49.844500000000004 34.4 2.0 0.62726 0.00279 1.0 0
0 0 0 1 43.93599999999999 39.831540000000004 3.0 0.45542 0.11237600000000003 5.4 0
0 0 0 1 47.5545 46.833434999999994 4.0 0.35217 0.13790549999999996 6.85 0
1 0 0 0 42.43 44.1192065 10.0 0.092438 0.119918 5.1 0
0 0 1 0 57.7325 52.69540000000001 3.7 0.5274954999999999 0.00022 16.0 0
1 0 0 0 59.28 46.6146 11.0 0.073997 0.01275 9.0 0
0 0 0 1 49.111000000000004 49.335715 17.0 0.01927 0.12542000000000003 1.9 0
0 0 1 0 48.278499999999994 49.752175 14.3 0.060253265 0.02642 2.0 0
0 0 0 1 47.547000000000004 43.842135 23.0 0.0049703 0.09846600000000001 1.9 0
0 0 1 0 56.50750000000001 55.747569999999996 16.0 0.32074221730541996 0.0 5.0 0
0 0 0 1 47.8335 48.28611 29.0 0.0010042 0.0347595 1.95 0
0 0 0 1 48.186 45.07018 24.0 0.0039019 0.30031 1.0 0
0 0 0 1 47.169 47.952389999999994 4.0 0.36923 0.1720445 4.35 0
0 0 0 1 45.92000000000001 44.290800000000004 16.0 0.024051 0.139806 4.2 0
1 0 0 0 60.0 59.99189 98.0 0.016234179471986653 4.2000000000000004e-05 1.85 1
0 0 0 1 42.38 45.16065999999999 20.0 0.0087363 0.06032350000000001 1.8 0
0 0 0 1 48.647499999999994 34.770441 6.0 0.23333 0.17751 2.0 0
0 1 0 0 55.69 53.28 19.2 0.1135492484 0.09558399999999997 3.35 0
0 0 0 1 47.3865 39.111140000000006 20.0 0.0096002 0.5694 3.0 0
0 0 0 1 50.31699999999999 46.502255 27.0 0.0017826 0.06872249999999999 2.1 0
0 0 0 1 46.709500000000006 39.04866 20.0 0.0097339 0.0660785 2.15 0
0 0 0 1 49.408500000000004 24.03 17.0 0.016544 0.01134 1.0 0
0 1 1 0 57.7325 46.63335 5.8 0.375840915 0.0 30.0 0
0 0 0 1 49.882 43.612455 30.0 0.00091576 0.015210499999999998 2.05 0
0 0 1 0 42.1805 42.765054500000005 13.85 0.12656956 0.38133 2.0 0
0 0 0 1 47.903999999999996 37.584445 15.0 0.029316 0.166157 2.4 0
0 0 0 1 51.282999999999994 53.63971 50.0 9.4735e-06 0.03451 1.55 0
0 0 0 1 52.080999999999996 48.67439 45.0 2.7263e-05 0.0047175 2.45 0
0 0 0 1 49.4115 50.1941 14.0 0.032873 0.03998 1.0 0
1 0 0 0 53.4 41.21508 10.0 0.097567 0.08531649999999999 4.9 0
0 0 0 1 48.362 49.21752 17.0 0.016357 0.0943505 2.4 0
0 0 0 1 47.73199999999999 45.3899 15.0 0.031345 0.11627200000000001 3.0 0
0 0 1 1 47.083999999999996 45.306053 16.0 0.020999 0.00473 2.0 0
1 0 0 0 54.45 54.6068 18.15 0.032866477 0.04130999999999999 2.15 0
0 0 0 1 49.495000000000005 43.65493 16.0 0.022162 0.1065375 2.35 0
0 0 0 1 50.109 59.9421 19.0 0.011587 0.01353 1.0 0
0 0 1 0 42.135999999999996 32.0596575 4.0 0.31964 0.16176 2.0 0
1 0 0 0 54.42 54.6068 18.05 0.032448322 0.026370000000000005 2.1 0
0 0 1 1 44.235 45.377085 17.0 0.017438 0.06667 2.0 0
0 0 0 1 43.71 41.41684 13.0 0.049553 0.46914 1.0 0
0 0 0 1 48.1045 39.259535 16.0 0.023171 0.04439 2.95 0
0 0 0 1 45.56250000000001 49.1356 13.0 0.042567 0.152803 2.6 0
0 0 0 1 49.266 44.794455 26.0 0.0024844 0.11450699999999998 2.7 0
1 0 0 0 48.3 42.4346 17.85 0.06354157375000001 0.05107250000000001 1.95 0
0 0 0 1 46.7475 36.913 20.0 0.0096581 0.1581355 2.0 0
0 0 0 1 48.721999999999994 36.3787155 19.0 0.011134 0.08791700000000001 2.8 0
0 0 0 1 44.983999999999995 48.22878 11.0 0.075568 0.11891499999999999 5.15 0
0 0 0 1 48.367000000000004 39.162165 15.0 0.029445 0.15526800000000002 2.1 0
0 0 0 1 45.460499999999996 38.7753565 7.0 0.18544 0.1726935 3.5 0
1 0 0 0 51.52 49.262625 18.2 0.04684289500000001 0.0729795 2.2 0
0 0 1 1 48.319500000000005 47.012344999999996 21.0 0.0070339 0.00019 4.0 0
0 1 0 0 57.59100000000001 57.122910000000005 8.8 0.42213150815 0.00739 11.0 0
0 0 1 0 49.98049999999999 47.7727 14.0 0.035797 0.0 4.0 0
0 0 0 1 40.54 47.871245 28.0 0.0014494 0.05360599999999999 2.25 0
0 0 1 0 43.9605 53.7105 0.0 0.90591 0.0 7.0 0
0 1 0 0 49.42 45.3882795 14.0 0.034139 0.08494 2.0 0
0 0 1 0 58.5745 55.91438000000001 42.85 0.060801599244363014 1e-05 1.0 0
0 0 0 1 50.18749999999999 44.674705 11.0 0.065353 0.099108 5.1 0
0 0 1 0 46.397999999999996 41.764204 13.9 0.08030202000000002 0.19269 1.0 0
0 0 1 0 48.600500000000004 48.517335 13.0 0.04841 0.0 2.0 0
1 0 0 0 60.0 59.99189 98.0 0.016234179471986653 4.2000000000000004e-05 1.85 0
0 0 1 1 40.95 39.465379999999996 13.0 0.044853 0.02209 2.0 0
0 0 0 1 46.1205 46.92551 11.0 0.073914 0.1286025 3.15 0
0 0 0 1 47.529999999999994 50.472455000000004 42.0 5.368e-05 0.038407000000000004 2.95 0
0 0 0 1 47.497499999999995 31.237090000000002 4.0 0.34179 0.66667 2.0 0
0 0 0 1 48.624 59.7629 16.0 0.024337 0.0934 1.0 0
0 0 0 1 50.4145 42.359089999999995 21.0 0.0073076 0.56605 2.0 0
0 0 1 0 49.303000000000004 48.024395000000005 5.0 0.27064 0.0 1.0 0
0 0 1 0 48.479 56.449 5.0 0.30917 0.0 3.0 0
0 0 0 1 49.80400000000001 42.72288 18.0 0.013226 0.1208605 2.85 0
0 0 1 0 57.3115 47.45160500000001 20.25 0.1248723115 0.00023 4.0 0
0 1 1 1 50.170500000000004 61.4267 19.0 0.010441 0.0 3.0 0
0 0 0 1 53.084500000000006 60.0 14.0 0.038254 0.07331 2.0 0
0 0 0 1 46.0915 45.101985 14.0 0.032656 0.39083 1.0 0
0 0 1 0 50.235499999999995 46.217095 0.0 0.99339 0.0 11.0 0
0 0 0 1 44.593 44.65961 5.0 0.30655 0.13824350000000002 6.25 0
0 0 1 0 57.760000000000005 54.77026500000001 7.85 0.41341468764 0.0 14.0 0
0 0 0 1 49.8795 49.560265 26.0 0.0022581 0.13946300000000003 1.85 0
0 0 0 1 45.32449999999999 45.148044999999996 3.0 0.49565 0.0940195 5.7 0
0 0 1 0 57.7325 50.99003 9.0 0.3534949640285 0.0 18.0 0
0 0 0 1 50.820499999999996 41.976479999999995 23.0 0.0043117 0.02941 1.0 0
0 0 0 1 47.85900000000001 40.682995 22.0 0.0054329 0.1360055 2.0 0
0 0 0 1 48.9505 36.37871549999999 19.0 0.011112 0.08646049999999998 2.65 0
1 1 1 0 60.0 59.8851 100.0 8.4377e-11 0.0 1.0 1
0 0 0 1 50.8645 60.0 13.0 0.049309 0.13847 1.0 0
0 0 0 1 47.51350000000001 45.389860000000006 26.0 0.0020073 0.07048299999999999 2.75 0
0 1 0 0 50.6195 27.3191 13.0 0.040728 0.00422 1.0 0
0 0 0 1 46.564 44.8514495 36.0 0.00022101 0.09073899999999999 2.75 0
0 0 0 1 49.322500000000005 43.849635 15.0 0.028945 0.1550415 1.95 0
0 0 1 0 53.369499999999995 44.57226 13.3 0.12143631225 0.01348 5.0 0
0 1 0 0 53.40599999999999 53.5341 14.25 0.208425236 0.06146450000000001 3.45 0
0 0 0 1 51.878 44.493790000000004 23.0 0.004316 0.1298515 2.35 0
0 0 1 0 51.6545 60.0 0.0 0.83562 0.0 7.0 0
0 0 0 1 48.616 46.33288 4.0 0.31818 0.48352 12.0 0
0 0 1 0 50.177 31.078145999999997 6.0 0.24507 0.27932 2.0 0
0 0 0 1 49.5805 39.435680000000005 18.0 0.013535 0.08981750000000001 2.25 0
0 0 0 1 50.089 41.75366 19.0 0.010358 0.24018 1.0 0
0 0 1 1 44.68150000000001 43.941359999999996 14.0 0.038859 0.03223 3.0 0
0 0 0 1 49.053999999999995 46.944035 33.0 0.00044135 0.036619500000000006 2.0 0
0 0 0 1 46.8555 38.52153499999999 18.0 0.014587 0.0696445 2.15 0
0 0 1 0 47.595 26.1446 22.05 0.05056167518 0.00044 1.0 0
0 0 0 1 57.833499999999994 58.617650000000005 169.0 1.0859e-17 0.0 1.8 0
0 0 1 0 56.50750000000001 55.33380999999999 39.6 0.27223963912045207 0.0 4.0 0
1 0 0 0 42.7 32.322055 20.0 0.06714616409999999 0.075744 1.95 0
0 0 1 0 42.2305 46.84096 0.0 0.94533 0.00311 8.0 0
1 0 0 0 58.64 59.10594 14.65 0.11691789500000001 0.10673300000000001 3.4 0
0 0 0 1 48.980000000000004 44.755185 13.0 0.044148 0.18277749999999998 3.05 0
0 0 0 1 49.5745 43.369405 19.0 0.011441 0.10089300000000001 2.15 0
0 0 0 1 47.554500000000004 48.68552999999999 4.0 0.35 0.157643 6.8 0
0 0 0 1 38.12 40.904120000000006 23.0 0.0042473 0.1068865 1.95 0
0 1 1 0 48.246 56.1067 20.7 0.16535207694999998 0.0009 2.0 0
0 1 0 0 50.35447767066693 44.52678267539525 24.651144857041167 0.09658699853529934 0.10095995499099822 3.9706941388277657 0
0 0 0 1 46.4 46.32151 13.0 0.047127 0.136054 3.05 0
0 0 0 1 49.12949999999999 45.514245 15.0 0.026557 0.08202700000000002 2.55 0
0 0 0 1 46.758500000000005 49.37259999999999 17.0 0.016301 0.076545 1.6 0
0 0 0 1 46.071 47.80240500000001 16.0 0.021006 0.1101685 1.95 0
0 0 1 0 45.520500000000006 39.730995 6.0 0.21126 0.01495 2.0 0
0 0 0 1 48.980000000000004 43.23739 13.0 0.044213 0.18617049999999996 2.9 0
1 0 0 0 60.0 59.99189 98.0 0.016234179471986653 4.2000000000000004e-05 1.85 0
0 1 0 0 50.35447767066693 44.52678267539525 24.651144857041167 0.09658699853529934 0.10095995499099822 3.9706941388277657 0
0 1 0 0 35.6625 0.0 4.05 0.6211383300000001 0.9 1.8 0
0 1 0 1 49.75 47.89922 39.0 0.00011957 0.0571605 2.15 0
0 1 0 0 51.17 44.2807 17.95 0.07003239655000001 0.06652499999999999 2.4 0
1 0 0 0 48.54 44.38113 21.6 0.06443721184793501 0.06317500000000001 1.8 0
0 0 0 1 47.828 55.6012 13.0 0.048769 0.25766 1.0 0
1 0 0 0 49.51 43.20666 18.85 0.1295072565435 0.024664500000000002 1.95 0
0 1 0 0 49.316500000000005 30.0656 24.0 0.0031712 0.00717 1.0 0
0 1 0 0 46.3115 40.8941 15.45 0.0631308295 0.00013 38.0 0
0 1 0 0 43.2015 16.8571 14.4 0.08603240999999999 0.07895 2.0 0
1 0 0 0 58.2 58.593894999999996 16.6 0.04371604690000001 0.11617549999999999 2.55 0
0 0 1 0 50.1975 49.377824999999994 1.0 0.77871 0.00585 1.0 0
0 0 0 1 44.8685 39.831540000000004 3.0 0.45333 0.082309 4.3 0
1 0 0 0 48.06 41.136625 27.3 0.0288435587849675 0.0363415 1.65 0
0 0 1 0 52.299 60.0 7.0 0.18764 0.0 2.0 0
0 0 0 1 48.812 44.15959000000001 33.0 0.00048512 0.022029 2.1 0
0 0 0 1 53.57 46.16436 22.0 0.0060232 0.14972049999999998 1.95 0
0 1 0 0 43.6195 32.6281 5.0 0.26299 0.03913 1.0 0
0 0 1 0 57.7325 52.96402500000001 5.05 0.4420038 0.00027 17.0 0
1 0 0 0 59.42 59.10401999999999 48.1 0.06915797564890643 0.076582 4.05 0
0 0 0 1 46.131499999999996 45.722494999999995 11.0 0.07913 0.11623100000000001 2.8 0
0 0 0 1 52.944 60.0 18.0 0.015517 0.05785 1.0 0
0 0 0 1 48.019000000000005 50.478899999999996 41.0 6.9364e-05 0.075786 2.4 0
0 0 0 1 48.794500000000006 46.916039999999995 19.0 0.010062 0.10274150000000001 2.9 0
0 0 0 1 53.246500000000005 60.0 22.0 0.0054314 0.08053 3.0 0
1 0 0 0 56.13 58.308035 18.1 0.03441918249999999 0.07578900000000001 2.4 0
0 1 0 0 57.080499999999994 58.6173 14.05 0.18082255139999998 0.06482649999999998 3.9 0
0 1 0 0 47.00449999999999 39.0 16.0 0.023134 0.00751 2.0 0
0 0 1 0 53.824 60.0 31.15 0.0088998770525 0.01046 4.0 0
0 0 0 1 45.55 44.188655 24.0 0.0039495 0.122367 2.25 0
0 0 1 0 57.56 52.39259 9.4 0.34226458764 0.0001 14.0 0
0 0 0 1 46.179 39.862424999999995 44.0 3.3076e-05 0.0252 1.0 0
0 0 0 1 45.0065 43.132889 7.0 0.16126 0.21980700000000003 3.0 0
1 0 0 0 47.48 40.33458 20.8 0.06978260651050001 0.08016599999999999 2.3 0
1 0 0 0 55.83 57.174855 19.9 0.028965342750000005 0.03920849999999999 2.4 0
0 0 1 0 57.641 52.727845 13.85 0.4606869300001161 3e-05 12.0 0
0 1 0 1 49.44 51.706929999999986 58.0 1.2892e-06 1e-05 3.0 0
0 0 0 1 50.2735 46.19929 23.0 0.0045497 0.09570100000000001 1.85 0
0 0 1 0 46.291999999999994 42.92791999999999 10.8 0.16269315 0.47009 2.0 0
1 1 1 0 60.0 60.0 94.0 3.432e-10 0.0 5.0 1
0 0 1 1 51.887 43.06805 6.0 0.21169 0.0 14.0 0
0 1 0 0 54.18 54.2053 17.75 0.045564237550000004 0.06782900000000001 2.15 0
1 0 0 0 60.0 59.99189 98.0 0.016234179471986653 4.2000000000000004e-05 1.85 0
0 0 0 1 49.054 41.926855 33.0 0.00040772 0.026631500000000002 2.0 0
0 1 0 0 41.0325 0.0 4.35 0.5742076399999999 1.0 1.0 0
0 0 0 1 49.9095 43.364755 14.0 0.036282 0.10684600000000002 1.8 0
0 0 0 1 49.0345 49.741805 52.0 6.2367e-06 0.0212395 2.45 0
0 0 0 1 53.152 53.607285000000005 60.0 8.813e-07 0.023294500000000003 2.0 0
0 1 0 0 41.54350000000001 32.1152 19.15 0.069194194 0.03769599999999999 2.65 0
0 0 0 1 48.4755 42.2099515 15.0 0.030956 0.06735 2.0 0
0 1 0 1 47.67 46.42389 26.0 0.0021614 0.077515 2.3 0
0 0 0 1 43.898500000000006 44.579840000000004 14.0 0.03176 0.11566999999999998 2.35 0
0 0 0 1 50.715999999999994 47.57895499999999 12.0 0.062665 0.17435450000000002 2.5 0
0 0 0 1 46.4 46.327335000000005 21.0 0.0078371 0.0868105 2.0 0
0 0 1 0 43.79299999999999 37.73852000000001 16.75 0.048605054999999994 0.00803 2.0 0
0 0 1 0 47.6755 53.014044999999996 1.0 0.73649 0.0 12.0 0
0 0 0 1 47.37050000000001 59.3108 17.0 0.018282 0.03648 1.0 0
0 0 0 1 47.777 46.7868 8.0 0.13808 0.086929 2.9 0
0 0 0 1 47.798 44.681965 18.0 0.015834 0.01574 1.0 0
0 0 0 1 49.87249999999999 44.457315 16.0 0.021639 0.09299500000000001 1.95 0
0 1 0 1 49.2065 59.729 35.0 0.00030015 0.0125715 3.45 0
0 0 1 0 46.254000000000005 58.199665 8.4 0.5214014835280001 0.00049 7.0 0
0 0 1 0 52.5415 44.063354999999994 18.75 0.14804325775 0.00124 4.0 0
0 0 1 0 49.85850000000001 50.70869 0.0 0.95587 1e-05 3.0 0
0 0 0 1 48.813 48.569669999999995 8.0 0.13334 0.14407799999999998 4.4 0
0 0 0 1 43.7655 40.137750000000004 3.0 0.41502 0.1574065 7.85 0
0 0 0 1 45.6635 48.1455 28.0 0.0015115 0.028444499999999994 2.0 0
1 0 0 0 49.36 43.44758 28.85 0.06617993621 0.066744 1.7 0
0 0 1 0 31.74 39.94521 13.8 0.11873551550000001 0.10051 1.0 0
0 0 0 1 46.93400000000001 46.408744999999996 18.0 0.015402 0.15571300000000002 2.25 0
0 0 1 0 44.516000000000005 38.595554500000006 0.0 0.80429 0.00044 9.0 0
1 0 0 0 44.41 35.150945 22.5 0.019146638060000002 0.05976899999999998 2.25 0
1 0 0 0 59.19 58.975159999999995 38.55 0.12424357068918983 0.0946835 3.1 0
0 0 0 1 43.957 37.84824999999999 3.0 0.4893 0.33088 1.0 0
0 0 0 1 47.448 42.183544999999995 22.0 0.0052403 0.037591000000000006 2.05 0
0 1 0 0 48.82099999999999 47.33059 87.0 1.9172e-09 0.0 4.0 0
0 0 0 1 44.798 37.0804665 5.0 0.25201 0.61404 4.0 0
0 0 1 0 46.9495 41.130405 13.15 0.165142902 0.07466 2.0 0
0 0 0 1 53.96 46.871045 13.0 0.040152 0.19961 2.25 0
0 0 1 0 44.9205 48.016735 12.45 0.19588101600000002 0.27273 2.0 0
0 0 1 0 57.7325 46.572935 7.45 0.28113968 0.00029 25.0 0
0 0 0 1 48.147 38.247890000000005 6.0 0.22067 0.16277450000000002 6.2 0
0 0 0 1 45.311 48.64287 36.0 0.00022325 0.10178 3.0 0
0 0 0 1 45.8535 45.131654999999995 13.0 0.047334 0.109501 2.6 0
0 0 0 1 40.429500000000004 59.795015 255.0 0.0 0.0 1.95 0
0 0 1 0 45.82299999999999 50.25347 5.0 0.303 0.0 11.0 0
0 0 0 1 46.75 48.406330000000004 17.0 0.017892 0.07988549999999998 3.8 0
0 1 0 0 55.403999999999996 56.5 16.3 0.1806733716748825 0.05844949999999999 5.35 0
0 0 0 1 48.751 48.719285 24.0 0.0032477 0.069746 2.1 0
0 0 0 1 48.048 41.035650000000004 18.0 0.014437 0.12621500000000002 2.15 0
0 0 1 0 48.373999999999995 59.113 18.8 0.0528006745 0.00356 3.0 0
0 0 0 1 49.185500000000005 43.91426 21.0 0.00746 0.10891599999999999 3.0 0
0 0 1 0 51.702999999999996 51.470555000000004 17.6 0.22647262425 0.00046 3.0 0
0 0 0 1 36.37 42.402474999999995 51.0 7.149e-06 0.07993499999999999 1.55 0
0 0 0 1 49.914 44.57084 27.0 0.0019396 0.027532499999999998 2.1 0
0 0 0 1 44.953500000000005 45.221344 7.0 0.168 0.17326050000000004 3.75 0
0 0 0 1 48.794500000000006 46.916039999999995 19.0 0.010041 0.10274150000000001 2.9 0
0 0 0 1 43.143499999999996 35.746875 3.0 0.43449 0.15526 3.35 0
0 0 0 1 43.7655 37.67251 3.0 0.42105 0.1870525 7.25 0
1 0 0 0 60.0 59.99189 98.0 0.016234179471986653 4.2000000000000004e-05 1.85 0
0 0 0 1 48.41799999999999 45.236695000000005 19.0 0.011338 0.02208 2.0 0
0 0 0 1 57.864 58.78884000000001 160.0 7.9728e-17 0.0 1.65 0
0 0 0 1 47.1545 34.824765 2.0 0.54746 0.1430365 4.9 0
0 1 0 0 46.42 37.8704 12.0 0.061123 0.0158 1.0 0
0 0 1 0 46.278499999999994 35.86322499999999 7.0 0.19596 0.05183 1.0 0
0 0 0 1 49.005500000000005 45.415485000000004 21.0 0.007063 0.061179000000000004 2.35 0
0 0 0 1 46.5915 45.261655000000005 35.0 0.00025874 0.029212999999999996 2.6 0
0 0 0 1 48.78 45.934715 13.0 0.04197 0.10838599999999998 1.85 0
0 0 1 0 57.7325 47.017250000000004 8.5 0.27074713499999997 0.0 24.0 0
0 0 1 0 44.4745 46.01376 14.45 0.1446258191 0.13255 3.0 0
0 0 0 1 51.859 44.29129 13.0 0.041508 0.07831099999999999 2.05 0
0 0 0 1 47.227999999999994 46.22976 19.0 0.012174 0.053662999999999995 2.8 0
0 0 1 0 45.449 28.4894 1.0 0.6752 0.06009 5.0 0
0 0 0 1 45.670500000000004 40.50163 14.0 0.039066 0.1724715 2.55 0
0 0 1 1 48.0005 41.635155000000005 10.0 0.081402 0.01254 2.0 0
0 1 0 0 50.1455 41.963190000000004 6.0 0.24503 0.02176 20.0 0
0 0 0 1 51.286 46.312034999999995 24.0 0.00341 0.043586 2.15 0
0 0 0 1 48.4705 43.84963499999999 15.0 0.028997 0.18285449999999998 2.0 0
0 0 0 1 52.1435 42.595383500000004 22.0 0.005694 0.11491199999999999 1.85 0
0 0 0 1 47.723499999999994 47.906895000000006 21.0 0.007617 0.10167200000000001 2.75 0
0 0 0 1 48.367000000000004 37.58807 15.0 0.029408 0.1379525 2.15 0
0 0 1 0 57.641 52.244274999999995 10.55 0.5010786500001161 0.00059 12.0 0
0 0 1 1 50.11150000000001 39.61244000000001 18.0 0.013672 0.004 3.0 0
1 0 0 0 59.43 59.222719999999995 50.15 0.06668375856890643 0.07658200000000001 4.05 0
0 1 0 0 56.7975 57.2841 21.2 0.14336961208343768 0.030512 3.95 0
0 0 1 0 47.764500000000005 50.439400000000006 1.0 0.77726 0.00112 2.0 0
0 0 1 1 31.82 42.46879 22.0 0.006201 0.05611 4.0 0
0 0 0 1 45.5195 38.476735000000005 16.0 0.02344 0.10141799999999998 3.3 0
0 0 0 1 45.718999999999994 44.507308 16.0 0.020404 0.135392 3.1 0
0 0 0 1 50.674499999999995 45.03031000000001 14.0 0.035564 0.12159199999999999 2.1 0
0 0 1 0 46.06600000000001 42.80916499999999 17.35 0.032007235 0.02382 2.0 0
0 1 1 1 47.42900000000001 60.1124 33.0 0.00045492 1e-05 2.0 0
0 0 1 0 49.90099999999999 48.646985 17.0 0.016499 0.0 16.0 0
0 0 0 1 35.49 46.600229999999996 13.0 0.046925 0.19160850000000001 3.8 0
0 0 1 0 59.947500000000005 58.182465 81.15 0.05852936627391324 0.0 1.0 0
0 0 0 1 48.288 42.406275 13.0 0.043808 0.57495 1.0 0
0 0 0 1 48.716 35.181960999999994 19.0 0.012417 0.10287 2.0 0
0 0 1 0 56.42750000000001 53.762635 4.75 0.53070229 0.00013 10.0 0
1 0 1 0 41.63 51.403152 15.55 0.1498383295 0.24117 1.0 0
0 0 0 1 50.83 41.632145 23.0 0.0041852 0.14033650000000003 1.85 0
0 0 0 1 46.498000000000005 40.1399135 13.0 0.048827 0.1694475 2.1 0
0 0 1 0 54.69 37.6185365 20.4 0.03361215759999999 0.01064 1.0 0
0 0 0 1 45.9165 44.13875 25.0 0.0027958 0.061502 2.15 0
0 1 0 0 48.42550000000001 49.540989999999994 15.6 0.05083826500000001 0.02597 2.0 0
0 0 0 1 50.367999999999995 47.955020000000005 20.0 0.0080581 0.088838 1.9 0
0 0 0 1 48.713499999999996 42.406274999999994 13.0 0.04506 0.54346 1.0 0
1 0 0 0 44.55 34.403645 18.85 0.039327959999999995 0.046756000000000006 2.15 0
0 0 0 1 47.0255 39.845445 6.0 0.23701 0.19558599999999998 5.9 0
0 0 0 1 46.156499999999994 42.233934999999995 8.0 0.14264 0.12248649999999998 4.2 0
0 0 0 1 47.169 42.050667 4.0 0.39286 0.159891 4.0 0
0 0 0 1 45.44799999999999 41.105030000000006 17.0 0.017099 0.0959585 2.6 0
0 0 0 1 49.799499999999995 45.86222 30.0 0.00085825 0.0351835 2.0 0
0 0 0 1 46.635000000000005 44.668434999999995 21.0 0.0066955 0.03136099999999999 2.9 0
0 0 0 1 54.802499999999995 56.49073500000001 56.0 2.3517e-06 0.005773499999999999 2.05 0
0 0 1 0 57.7325 50.99003 9.0 0.3534949640285 0.0 18.0 0
1 0 0 0 60.0 59.99189 98.0 0.016234179471986653 4.2000000000000004e-05 1.85 0
0 1 0 0 49.18599999999999 27.3377 10.0 0.08419 0.00238 3.0 0
1 0 0 0 50.45 47.12642 19.1 0.055990691 0.058616499999999995 1.85 0
0 0 1 0 59.19500000000001 58.63666500000001 54.2 0.21766662893659486 0.0 3.0 0
0 0 1 0 46.60850000000001 59.581 10.0 0.088533 0.0 3.0 0
1 0 0 0 39.31 31.30251 18.35 0.045548879070000006 0.049373499999999994 1.95 0
0 0 0 1 47.0255 39.845445 6.0 0.23684 0.1982895 5.85 0
0 0 0 1 58.036500000000004 59.072205 97.0 1.6718e-10 0.0 2.35 0
0 0 1 0 41.12 48.434645 17.35 0.18037196400000002 0.00681 4.0 0
0 0 0 1 45.37 46.521405 13.0 0.046915 0.189883 3.7 0
0 0 1 0 57.7325 47.120895 7.1 0.30368318000000005 0.0 25.0 0
0 0 0 1 48.22299999999999 49.230665 19.0 0.010639 0.09511 1.5 0
0 0 1 0 50.606 60.3878 8.0 0.15072 0.0 3.0 0
0 1 0 0 49.5945 58.8028 41.0 7.3776e-05 0.00094 1.0 0
1 1 1 1 60.0 60.0 45.0 2.6857e-05 2e-05 1.0 1
0 0 0 1 58.33050000000001 54.08497500000001 73.0 4.7051e-08 0.0002645 1.75 0
0 0 0 1 42.2615 39.37256 37.0 0.00017244 0.28416 1.0 0
0 0 0 1 56.01 43.33252 30.0 0.0009751 0.0174315 2.0 0
0 0 1 0 53.24799999999999 60.0 1.0 0.67603 0.0 1.0 0
0 0 0 1 48.48049999999999 44.407065 21.0 0.0064156 0.105065 2.05 0
0 0 0 1 47.445499999999996 47.383245 19.0 0.010298 0.09366250000000001 2.55 0
0 0 0 1 49.400999999999996 36.969015 6.0 0.20588 0.13211650000000003 5.4 0
0 0 0 1 52.32000000000001 42.595383500000004 22.0 0.0056882 0.112304 1.9 0
0 0 0 1 50.553999999999995 48.122065 26.0 0.002226 0.1247035 1.95 0
0 0 1 0 46.2285 44.95712 9.2 0.248338695 0.375 1.0 0
0 0 1 0 46.752 50.05093 4.0 0.33784 0.0 6.0 0
0 0 0 1 49.8755 43.475443 16.0 0.024691 0.19766 1.0 0
0 0 0 1 57.666 58.69863 79.0 1.2546e-08 0.0058275 2.15 0
0 0 0 1 40.3 42.073294999999995 17.0 0.017087 0.120457 2.6 0
0 0 0 1 48.81 41.852121499999996 15.0 0.027924 0.0821 1.0 0
0 0 1 0 42.0585 45.136765 13.0 0.155098725 0.26961 1.0 0
1 0 0 0 60.0 59.99189 98.0 0.016234179471986653 4.2000000000000004e-05 1.85 1
0 0 0 1 44.852 43.937605000000005 14.0 0.039474 0.08942750000000001 3.45 0
1 0 0 0 47.62 34.68835 6.0 0.20975 0.164356 5.4 0
1 0 0 0 48.55 44.38113 21.65 0.064216611847935 0.0666025 1.85 0
0 0 1 0 47.59049999999999 46.44952249999999 2.0 0.52086 0.0 13.0 0
0 0 0 1 48.85099999999999 39.43267 10.0 0.097944 0.08463099999999998 3.2 0
0 0 0 1 45.077000000000005 47.961535000000005 17.0 0.017843 0.08744949999999999 3.85 0
0 0 0 1 43.898500000000006 44.579840000000004 14.0 0.031904 0.11477649999999998 2.4 0
0 0 0 1 48.812 44.15959 33.0 0.00049112 0.022029 2.1 0
0 0 0 1 45.6635 48.14550000000001 28.0 0.0015043 0.028444500000000005 2.0 0
0 0 1 0 48.199 49.68412500000001 14.0 0.2548529224 0.03951 7.0 0
0 0 0 1 48.522999999999996 46.161295 18.0 0.015152 0.12140600000000001 2.25 0
0 0 0 1 48.8305 46.500834999999995 22.0 0.0060939 0.109053 2.5 0
0 0 0 1 50.190000000000005 47.93954500000001 13.0 0.039949 0.1952295 2.7 0
0 0 0 1 46.245 43.900619999999996 23.0 0.004823 0.055852500000000006 2.3 0
0 0 0 1 47.967999999999996 39.51502500000001 18.0 0.014572 0.07547 4.0 0
0 0 0 1 48.552 47.521739999999994 21.0 0.0069286 0.07852699999999999 1.4 0
0 0 1 0 45.80350000000001 42.526635000000006 10.7 0.18218415000000002 0.36307 1.0 0
1 0 0 0 41.74 51.403152 15.6 0.1496756795 0.242 1.0 0
0 0 1 0 56.011 56.5 4.7 0.5717499559999999 0.0 12.0 0
1 0 0 0 60.0 59.99189 98.0 0.016234179471986653 4.2000000000000004e-05 1.85 0
0 0 0 1 48.48049999999999 44.407065 21.0 0.0064371 0.10568049999999998 2.05 0
0 1 0 1 49.248 46.80627 16.0 0.021452 0.10887349999999998 1.75 0
0 0 1 0 57.760000000000005 53.45858500000001 2.15 0.63805215 0.0 15.0 0
0 0 0 1 51.71900000000001 60.0 33.0 0.00041072 0.0093 2.0 0
1 0 0 0 48.43 43.15175000000001 21.15 0.052062387847935 0.064176 1.95 0
0 0 0 1 46.976 45.378235 31.0 0.00075426 0.054149499999999996 1.45 0
0 0 0 1 45.12799999999999 40.05806 7.0 0.17128 0.15481550000000002 5.7 0
1 0 0 0 58.65 59.10594 14.65 0.11691789500000001 0.10673300000000001 3.4 0
0 0 1 0 49.256 60.029 1.0 0.78369 0.0 3.0 0
1 0 0 0 59.25 58.975159999999995 39.2 0.12846735068918982 0.0946835 3.1 0
0 0 0 1 49.102 40.960175 13.0 0.04442 0.132725 2.7 0
0 0 0 1 53.63 46.20765 26.0 0.0020875 0.0126 1.0 0
0 1 0 1 44.684 19.9389 5.0 0.29035 0.06291 1.0 0
1 0 0 0 55.44 55.178715 16.9 0.086900155 0.066523 1.65 0
1 0 0 0 54.8 55.23614 19.35 0.045726037000000004 0.0492915 1.8 0
1 0 0 0 37.45 31.155863999999998 7.0 0.17041 0.2049 1.0 0
0 1 0 0 38.71 38.098 17.2 0.076656849215 0.090109 2.75 0
0 0 0 1 49.053999999999995 41.926855 33.0 0.00042347 0.0334005 2.05 0
0 0 0 1 48.081 46.500834999999995 22.0 0.0061324 0.1328985 2.35 0
1 0 0 0 60.09 59.953044999999996 85.3 0.0034312729630382637 0.005693 1.85 0
0 0 0 1 47.37 43.813691500000004 10.0 0.091388 0.12538749999999999 5.25 0
1 1 1 0 60.0 59.5155 182.0 5.9533e-19 0.0 3.0 1
0 0 0 1 51.233000000000004 42.92807499999999 24.0 0.0034763 0.18550950000000002 2.25 0
0 0 0 1 51.18950000000001 50.226585 24.0 0.0033503 0.009329000000000002 2.8 0
0 0 1 0 57.7325 46.63335 5.8 0.375840915 0.0 30.0 0
0 0 0 1 48.232000000000006 49.88539999999999 17.0 0.018148 0.05128949999999999 2.1 0
0 0 0 1 51.212 47.28766 12.0 0.050152 0.056430499999999995 2.1 0
1 0 0 0 60.1 59.959469999999996 67.3 0.012938277459206218 0.026036499999999997 2.65 0
0 0 0 1 50.190000000000005 47.93954500000001 13.0 0.040229 0.18224500000000005 2.15 0
0 0 0 1 40.429500000000004 59.795015 255.0 0.0 0.0 1.95 0
0 0 0 1 49.858000000000004 51.58410499999999 34.0 0.00032485 0.016096500000000003 2.75 0
0 0 1 0 45.575 37.14906500000001 16.0 0.16557634390500003 0.07663 2.0 0
0 0 1 0 48.48799999999999 48.02439500000001 57.0 1.8234e-06 0.0 1.0 0
0 0 1 1 47.0 48.7181 31.0 0.00069834 0.00638 1.0 0
0 0 1 0 43.312000000000005 45.405175 0.0 0.99513 0.00069 6.0 0
1 0 0 0 48.34 35.14435 2.0 0.55654 0.09973649999999999 6.7 0
0 0 0 1 50.013000000000005 46.456525000000006 14.0 0.036772 0.07142750000000002 2.35 0
0 0 0 1 49.9645 46.755399999999995 15.0 0.026997 0.10556399999999999 1.65 0
0 0 1 1 46.1905 48.42782 13.0 0.049801 0.00064 2.0 0
0 0 0 1 44.765 46.230475 28.0 0.0015675 0.11099 3.0 0
0 1 0 0 54.38 56.3641 17.1 0.04059016 0.06010350000000001 2.95 0
1 0 0 0 53.62 52.320975 18.5 0.057120430199999996 0.047501499999999995 1.95 0
0 0 0 1 44.886 34.747902499999995 2.0 0.58043 0.29545 3.0 0
0 0 0 1 45.449 49.38405000000001 13.0 0.043145 0.00139 6.0 0
1 0 0 0 37.16 26.889747500000006 39.9 0.1096174423 0.145252 2.1 0
0 0 0 1 48.01049999999999 48.70754 1.0 0.63333 0.09635 6.35 0
0 0 0 1 49.0715 29.6158 26.0 0.0024917 0.057357500000000006 2.45 0
0 0 0 1 47.0255 39.845445 6.0 0.23701 0.19558599999999998 5.9 0
0 0 1 0 55.6155 48.6728645 14.95 0.4390855217345 0.0 9.0 0
0 0 0 1 48.7415 40.62337000000001 15.0 0.031135 0.09222599999999999 2.55 0
1 1 1 0 60.0 60.0 76.0 2.2245e-08 0.0 1.0 1
0 0 0 1 47.553 46.229760000000006 19.0 0.012162 0.053662999999999995 2.8 0
0 0 0 1 42.94100000000001 39.534 17.0 0.017498 0.00562 2.0 0
0 0 0 1 50.373 46.96425000000001 14.0 0.038059 0.13199200000000003 2.8 0
0 1 1 1 49.261 48.79233000000001 27.0 0.0016048 0.00116 2.0 0
0 1 0 1 46.758500000000005 49.37259999999999 17.0 0.016292 0.076545 1.6 0
0 1 0 1 57.23 48.50799 17.0 0.019288 0.152759 1.85 0
0 0 1 0 55.27 43.89876999999999 24.75 0.01969499252725 0.00132 1.0 0
0 0 0 1 47.54700000000001 43.842135 23.0 0.0048838 0.07628800000000001 2.05 0
0 0 0 1 45.32449999999999 45.148045 3.0 0.49275 0.0909085 7.3 0
0 0 0 1 45.467999999999996 50.4745 14.0 0.032109 0.07502 1.0 0
0 0 0 1 49.914 44.57084 27.0 0.0019509 0.027532499999999998 2.1 0
0 0 0 1 50.05800000000001 44.832025 24.0 0.0036525 0.08237 1.0 0
0 0 0 1 47.681 43.856184999999996 13.0 0.047824 0.14021 2.0 0
0 0 1 0 44.519499999999994 55.36 1.0 0.7744 0.01961 1.0 0
0 0 0 1 50.289500000000004 57.781 15.0 0.02666 0.00488 1.0 0
0 1 0 1 44.08 27.0408 19.0 0.010257 0.11517549999999999 3.3 0
0 0 0 1 45.9745 51.45161 25.0 0.002632 0.054296500000000004 3.6 0
0 0 1 0 47.661500000000004 49.334545 9.0 0.11682 0.00016 2.0 0
0 0 0 1 45.4165 40.759145 9.0 0.12238 0.136424 5.15 0
0 0 1 0 48.17400000000001 47.2792 18.05 0.16006327599999998 0.00101 1.0 0
0 0 0 1 48.081 46.500834999999995 22.0 0.0061897 0.12501049999999997 2.45 0
1 0 0 0 48.79 42.496615000000006 19.25 0.0265692535 0.047843 1.7 0
0 0 0 1 50.291000000000004 50.5052015 15.0 0.028205 0.11366649999999996 2.4 0
0 0 0 1 46.985499999999995 43.708614999999995 16.0 0.023947 0.1512565 3.9 0
0 0 0 1 59.593 53.44665500000001 72.0 6.1055e-08 7.7e-05 2.05 0
0 0 1 0 47.227 35.960226 8.0 0.15607 0.09838 2.0 0
0 0 0 1 50.1505 44.45021 19.0 0.011496 0.0844635 2.15 0
0 1 0 0 45.3145 48.8571 5.0 0.28762 0.1285595 4.95 0
0 0 0 1 48.812 47.32798 33.0 0.00045724 0.029422999999999998 2.1 0
0 0 0 1 46.807 39.25953500000001 16.0 0.023226 0.0457835 3.2 0
0 0 0 1 47.993 40.8976825 25.0 0.0030961 0.10614100000000001 2.2 0
0 0 0 1 50.47 48.364375 19.0 0.011779 0.1727145 2.2 0
0 0 0 1 47.232 33.630395 20.0 0.0094311 0.04957399999999999 3.4 0
0 0 0 1 46.976 45.378235000000004 31.0 0.00074327 0.027597500000000004 1.65 0
0 0 0 1 50.222 42.345825000000005 14.0 0.036024 0.11319449999999998 1.9 0
0 0 0 1 49.914 44.57084 27.0 0.0019161 0.0341115 2.2 0
1 0 0 0 58.17 58.732854999999994 16.55 0.043088346900000005 0.10995300000000001 2.4 0
0 0 0 1 47.772499999999994 25.4702 13.0 0.041925 0.01233 4.0 0
0 0 0 1 48.851 39.43267000000001 10.0 0.099673 0.0972315 3.25 0
0 0 0 1 48.2865 49.621950000000005 29.0 0.0010773 0.0399735 2.45 0
0 0 0 1 56.763 58.60997 182.0 6.189500000000001e-19 0.0 1.9 0
1 0 0 0 57.69 58.560015 21.0 0.06884621431092369 0.061239 2.15 0
0 0 0 1 50.31699999999999 44.695165 27.0 0.0017955 0.06942949999999999 2.3 0
0 0 1 0 47.1015 37.733315000000005 14.4 0.12158993550000001 0.05816 4.0 0
0 0 0 1 42.39 46.198204999999994 18.0 0.013683 0.00897 2.0 0
0 0 0 1 48.563 45.811175 20.0 0.0084063 0.043603499999999996 2.4 0
1 0 0 0 52.74 48.336475 17.85 0.07559407850000001 0.0333335 2.1 0
0 0 0 1 47.6935 30.636970999999996 6.0 0.24388 0.36264 2.0 0
0 0 1 0 47.7255 49.1630315 10.0 0.096147 0.0 11.0 0
0 1 0 0 50.35447767066693 44.52678267539525 24.651144857041167 0.09658699853529934 0.10095995499099822 3.9706941388277657 0
0 0 1 0 49.3455 50.48548 4.0 0.35463 0.00054 3.0 0
0 0 1 0 59.947500000000005 58.182465 81.15 0.05852936627391324 0.0 1.0 0
0 0 1 1 47.57800000000001 50.30364 47.0 1.7228e-05 0.00078 2.0 0
0 0 1 0 45.667 47.55491500000001 42.0 5.5958e-05 0.0 5.0 0
0 0 0 1 47.551 24.6923 16.0 0.023254 0.00588 4.0 0
0 0 0 1 49.882000000000005 43.32680499999999 30.0 0.0009571 0.021703999999999998 1.8 0
0 0 0 1 49.44500000000001 49.11243 17.0 0.018321 0.0696775 2.05 0
1 0 0 0 54.73 55.601659999999995 17.7 0.086896877 0.045599499999999994 1.9 0
0 0 0 1 47.232000000000006 31.695779999999996 20.0 0.0094487 0.0894515 3.45 0
0 0 1 1 48.256 46.624355 20.0 0.0082563 0.00013 1.0 0
0 0 0 1 51.410000000000004 60.0 25.0 0.0029413 0.06031 2.0 0
0 1 0 0 44.30049999999999 37.9405915 9.0 0.22993483799999997 0.625 4.0 0
0 0 0 1 45.998 48.22878 11.0 0.0756 0.11891499999999999 5.15 0
1 0 0 0 54.74 55.601659999999995 18.6 0.061609247 0.045599499999999994 1.9 0
0 0 1 0 47.071 44.079095 15.2 0.09679174300000001 0.02819 3.0 0
0 0 0 1 49.882 43.326805 30.0 0.00095099 0.021111 2.0 0
0 1 0 0 52.324 39.4577 22.0 0.0058361 0.00147 3.0 0
0 0 1 0 43.093 31.459274999999998 0.0 0.80482 0.38746 1.0 0
0 0 0 1 49.325500000000005 50.88462 39.0 0.00010801 0.022619000000000004 1.95 0
0 0 1 0 44.51299999999999 59.5224 21.85 0.041837172549999996 0.00259 2.0 0
0 1 0 0 57.7325 52.625964999999994 4.7 0.49699459999999995 0.00309 17.0 0
1 0 0 0 56.27 58.09464999999999 16.75 0.058294035 0.057836 2.35 0
0 0 0 1 48.751 48.719285 24.0 0.003251 0.07087800000000001 2.2 0
0 0 1 0 46.995 39.7068 21.2 0.03362661930000001 0.00425 2.0 0
0 0 0 1 49.783 42.7397 15.0 0.028358 0.02424 3.0 0
0 0 1 0 59.19500000000001 58.63666500000001 54.2 0.21766662893659486 0.0 3.0 0
0 1 1 1 38.51 31.5779 51.0 6.6392e-06 0.0 3.0 0
0 0 1 0 52.1645 47.988775 18.65 0.05805905250000001 0.00971 3.0 0
0 0 0 1 48.00599999999999 45.173674999999996 18.0 0.015462 0.1009965 1.45 0
0 0 0 1 47.714999999999996 34.095785 20.0 0.0081112 0.46512 1.0 0
0 0 0 1 49.84750000000001 44.070565 27.0 0.0018417 0.031769500000000006 2.5 0
0 0 1 0 49.8825 48.024395 0.0 0.93163 2e-05 1.0 0
0 0 1 0 41.446000000000005 30.64 1.0 0.7742 0.1599 2.0 0
0 0 1 0 48.071999999999996 41.2843 10.0 0.084477 0.00033 3.0 0
0 0 0 1 49.253499999999995 49.79875 41.0 7.9369e-05 0.07682399999999999 1.85 0
0 0 0 1 47.466499999999996 49.867525 21.0 0.0068102 0.09744299999999997 2.25 0
0 0 0 1 59.91 59.7203 20.0 0.0079711 0.00516 1.0 0
0 0 0 1 45.4165 42.071720000000006 9.0 0.12002 0.0814835 4.35 0
0 0 0 1 46.822 43.30094 14.0 0.033477 0.16095050000000005 2.1 0
0 0 0 1 42.69 42.401755 17.0 0.016891 0.098247 1.95 0
0 1 0 0 44.41700000000001 49.2222 4.0 0.3661 0.01979 2.0 0
0 0 0 1 47.892999999999994 39.06531 15.0 0.029553 0.1817935 1.9 0
0 0 1 0 41.567499999999995 41.858560000000004 12.65 0.18661930695 0.17925 3.0 0
0 0 0 1 49.083499999999994 38.125386500000005 23.0 0.0044331 0.12895 2.0 0
0 0 0 1 52.5425 60.0 10.0 0.083985 0.26383 3.0 0
0 0 1 0 44.343 33.624491 3.0 0.39908 0.22332 2.0 0
0 0 0 1 43.8985 44.579840000000004 14.0 0.032114 0.12561000000000003 2.0 0
0 0 1 0 59.19500000000001 58.63666500000001 54.2 0.21766662893659486 0.0 3.0 0
0 0 1 1 52.69 38.343815 20.0 0.0087996 0.0077 3.0 0
0 1 0 0 50.35447767066693 44.52678267539525 24.651144857041167 0.09658699853529934 0.10095995499099822 3.9706941388277657 0
0 0 0 1 50.574 60.0 41.0 6.8948e-05 0.12053 2.0 0
1 0 0 0 49.64 43.90355 16.05 0.08172260199999999 0.04366 2.0 0
0 0 0 1 47.052499999999995 45.819925 17.0 0.019043 0.117399 2.95 0
1 1 1 0 60.0 60.0 171.0 6.7991e-18 0.0 1.0 1
1 0 0 0 51.49 35.020685 2.0 0.54288 0.2036015 5.6 0
0 0 0 1 51.6865 48.151325 15.0 0.028465 0.13025599999999998 2.55 0
0 0 0 1 45.45049999999999 30.970646 3.0 0.43772 0.49009 2.0 0
0 0 0 1 48.403499999999994 43.579744999999996 13.0 0.044426 0.07742 2.0 0
0 0 0 1 43.62 45.13453 19.0 0.012292 0.05969800000000001 2.2 0
0 0 0 1 52.84 45.466314999999994 16.0 0.022235 0.12433299999999999 2.35 0
1 0 0 0 49.93 44.330095 21.3 0.03624301205 0.052418 1.7 0
0 0 0 1 40.429500000000004 59.795015 255.0 3.4550000000000003e-31 0.0 1.95 0
0 0 0 1 48.637 49.614125 16.0 0.024661 0.09197999999999999 2.95 0
1 0 0 0 42.17 30.81597 26.95 0.012295296919500001 0.07007150000000001 1.55 0
0 0 1 1 46.972 49.204795000000004 21.0 0.0066202 0.00029 2.0 0
1 0 0 0 56.41 57.93622999999999 15.7 0.08438045150000001 0.06580749999999999 2.35 0
1 0 0 0 46.99 44.8976 2.0 0.63085 0.30058 1.0 0
0 1 0 1 44.03 37.3333 35.0 0.0002998 0.00225 1.0 0
0 0 0 1 46.448499999999996 43.434178 4.0 0.3322 0.0979845 3.45 0
0 0 0 1 49.04600000000001 43.834625 13.0 0.047612 0.11365700000000001 2.6 0
0 0 1 0 44.516 37.2948945 0.0 0.85268 7e-05 9.0 0
0 0 0 1 54.62 50.155809999999995 40.0 9.1424e-05 0.0241615 3.45 0
0 0 0 1 49.804 42.72288 18.0 0.013261 0.10455600000000002 2.95 0
0 0 1 0 50.302 33.0 2.0 0.54545 0.0 1.0 0
0 0 0 1 50.29100000000001 50.5052015 15.0 0.028192 0.11366649999999998 2.4 0
0 0 1 0 44.387 45.04102 1.0 0.67041 0.14143 3.0 0
0 0 1 0 44.76499999999999 43.03131499999999 0.0 0.97533 0.0 8.0 0
0 0 0 1 43.93599999999999 39.831540000000004 3.0 0.45614 0.11237600000000003 5.4 0
0 0 1 0 46.254 56.831999999999994 10.55 0.5410152294505 0.00014 7.0 0
0 0 0 1 46.009 45.774255000000004 21.0 0.0066107 0.049118499999999995 2.3 0
0 0 0 1 45.641000000000005 46.210205 13.0 0.043365 0.15833650000000005 3.25 0
0 0 1 0 50.1065 36.624216 12.05 0.16746788 0.64208 5.0 0
0 0 0 1 50.01100000000001 43.003074999999995 8.0 0.15441 0.10148 9.0 0
0 0 1 0 46.711999999999996 37.772476499999996 19.75 0.025859874499999998 0.01093 1.0 0
0 1 0 0 47.7305 59.4107 21.0 0.0078503 0.0473345 2.05 0
0 0 1 1 47.649 43.256184999999995 13.0 0.044342 0.18177 4.0 0
0 0 0 1 48.080999999999996 46.500835 22.0 0.0061992 0.12508 2.3 0
1 0 0 0 47.64 40.49738 18.55 0.050824618999999994 0.0876435 1.6 0
0 0 0 1 45.719 44.507308 16.0 0.020356 0.151257 2.95 0
0 0 0 1 55.81 40.251642999999994 16.0 0.025108 0.04126 1.0 0
0 1 0 0 49.5095 35.3028 27.0 0.0017067 0.0103 2.0 0
1 0 0 0 60.0 59.99189 98.0 0.016234179471986653 4.2000000000000004e-05 1.85 0
0 0 0 1 54.32 41.499174999999994 25.0 0.0031077 0.05569099999999999 2.15 0
0 0 0 1 49.6015 49.741805 52.0 5.269e-06 0.0212635 2.5 0
0 0 1 0 45.7555 48.418 5.0 0.30782 0.0 22.0 0
1 0 0 0 57.16 58.89652000000001 18.4 0.06412947999999999 0.0726395 2.4 0
0 0 0 1 50.709999999999994 43.07898999999999 23.0 0.0043298 0.07047 1.0 0
0 0 1 0 45.637499999999996 45.18792499999999 18.45 0.149527478475 0.26154 2.0 0
1 0 0 0 48.22 25.721005 6.0 0.2117 0.3047 1.0 0
1 0 0 0 60.0 59.99189 98.0 0.016234179471986653 4.2000000000000004e-05 1.85 0
1 0 0 0 60.0 59.99189 98.0 0.016234179471986653 4.2000000000000004e-05 1.85 0
0 0 0 1 45.6715 45.942584999999994 14.0 0.038939 0.14 1.0 0
0 0 0 1 49.851 37.43088 6.0 0.21429 0.1757195 3.85 0
0 0 0 1 52.109 60.0 52.0 5.2402e-06 0.42319 4.0 0
0 0 0 1 46.9955 51.1107 29.0 0.0011845 0.00023 2.0 0
1 0 0 0 58.92 59.076049999999995 19.2 0.10806848865379 0.110791 2.2 0
0 0 0 1 49.401 36.969015 6.0 0.20321 0.10564199999999999 6.2 0
0 0 0 1 48.20200000000001 37.05594 18.0 0.014682 0.041784499999999995 2.0 0
0 0 0 1 47.169 45.20372 4.0 0.37269 0.1547965 4.35 0
0 0 0 1 43.2595 35.33468 5.0 0.2619 0.17696099999999998 5.8 0
0 0 0 1 47.8855 32.409931 20.0 0.008664 0.17463 2.0 0
0 0 0 1 46.5915 45.261655000000005 35.0 0.00027528 0.0105415 3.15 0
0 0 1 0 49.6915 50.70618 16.0 0.14911272135 0.00319 6.0 0
0 0 0 1 46.331 43.97260999999999 13.0 0.042976 0.27501 1.0 0
0 0 0 1 48.055 45.38265 2.0 0.61404 0.091213 5.75 0
0 0 0 1 45.0785 44.43256 28.0 0.0013246 0.05607149999999998 2.35 0
0 1 1 1 48.095 54.9762 19.0 0.010946 0.0022 2.0 0
0 0 0 1 45.5195 39.11862 16.0 0.023415 0.0918745 3.3 0
0 0 0 1 51.0735 48.6692015 15.0 0.028072 0.070789 2.6 0
0 0 0 1 52.32 42.345904999999995 24.0 0.0034806 0.18524300000000002 2.6 0
0 0 0 1 48.48049999999999 44.407065 21.0 0.0063763 0.11144250000000003 2.0 0
0 0 0 1 51.212 47.28766 12.0 0.05163 0.12238449999999997 2.45 0
0 0 0 1 50.672999999999995 50.3386565 32.0 0.00055283 0.053103500000000005 2.45 0
0 0 0 1 49.444500000000005 44.03295 14.0 0.036571 0.11270050000000001 2.9 0
0 0 0 1 57.586 58.70408 138.0 1.4073e-14 0.0 1.9 0
0 0 1 0 47.294 48.93536 11.0 0.071618 0.00293 2.0 0
0 0 1 0 49.0675 45.223910000000004 17.05 0.05510047000000001 0.01422 1.0 0
1 0 0 0 52.28 46.551002499999996 2.0 0.59514 0.079779 6.85 0
0 0 0 1 47.8995 37.84825000000001 3.0 0.47642 0.40033 1.0 0
0 0 0 1 47.5625 44.026855 16.0 0.024192 0.11250950000000001 3.6 0
0 0 0 1 44.814499999999995 33.6764915 7.0 0.18957 0.12293 2.0 0
0 0 0 1 44.797999999999995 36.3459465 5.0 0.30409 0.58874 4.0 0
0 0 0 1 45.1175 49.45458000000001 13.0 0.042902 0.1119475 2.35 0
0 1 0 0 46.89149999999999 13.0 11.45 0.148827225 1.0 6.0 0
1 0 1 0 39.8 44.764435 12.95 0.20419230109999997 0.14264 3.0 0
0 0 0 1 50.948499999999996 45.07096 23.0 0.00402 0.10860599999999998 2.0 0
0 0 0 1 50.602500000000006 43.33563600000001 17.0 0.018896 0.20198 2.0 0
0 0 0 1 51.48 45.236380000000004 22.0 0.005971 0.10285949999999999 2.0 0
0 1 0 0 57.7325 52.163635 3.65 0.5424745000000001 0.00187 16.0 0
0 0 0 1 52.60699999999999 53.563625 49.0 1.0536e-05 0.016406499999999997 1.6 0
0 0 0 1 47.849000000000004 41.5733885 13.0 0.048561 0.153118 2.95 0
0 0 0 1 48.516999999999996 49.4761615 15.0 0.027424 0.087971 2.75 0
0 0 0 1 50.045 45.231603 16.0 0.02166 0.02101 1.0 0
0 0 1 0 44.523 45.17895 19.3 0.10521525895500002 0.25078 2.0 0
0 0 0 1 45.4165 41.30401500000001 9.0 0.12489 0.23194649999999997 4.55 0
1 0 1 1 42.07 47.089675 19.0 0.011495 0.04889 2.0 0
0 0 1 0 59.19500000000001 58.63666500000001 54.2 0.21766662893659486 0.0 3.0 0
0 0 0 1 48.275999999999996 47.53085 21.0 0.007825 0.06963749999999999 2.45 0
0 0 0 1 50.94 41.84685499999999 18.0 0.015783 0.0377345 1.7 0
0 0 0 1 49.445499999999996 45.4696815 15.0 0.027132 0.1032525 2.0 0
0 0 1 0 46.254 56.401025000000004 5.9 0.6651451235279999 0.0 7.0 0
0 0 0 1 43.052499999999995 34.916355 3.0 0.43653 0.16742000000000004 2.55 0
0 0 0 1 46.993500000000004 53.2137 18.0 0.015429 0.12232299999999996 2.55 0
0 0 0 1 56.64 47.871245 28.0 0.0015487 0.03322399999999999 2.0 0
0 0 0 1 49.242 45.903679999999994 33.0 0.00043006 0.00243 1.0 0
0 0 0 1 48.055 45.38265 2.0 0.61783 0.098487 5.15 0
0 0 1 0 36.96 40.813539500000005 12.9 0.08487433 0.08282 2.0 0
1 1 1 0 60.0 60.0 161.0 7.7807e-17 0.0 1.0 1
1 1 1 0 48.33 37.9009 18.9 0.10184316949999998 0.00132 2.0 0
0 0 0 1 47.1545 40.075445 2.0 0.5265 0.1213435 3.85 0
0 1 0 0 47.4455 48.8470415 10.0 0.089341 0.1080055 2.9 0
0 0 0 1 47.031499999999994 44.588499999999996 4.0 0.36415 0.24085600000000004 4.05 0
0 0 0 1 47.836000000000006 55.8519 4.0 0.38746 0.30689 5.0 0
1 0 0 0 52.24 48.35047 27.6 0.09045432850000001 0.059248 2.2 0
0 0 0 1 51.4005 49.713274999999996 32.0 0.00061752 0.04898400000000001 1.8 0
0 0 0 1 47.213 32.895415 20.0 0.009546 0.1259525 2.45 0
0 0 0 1 48.29700000000001 45.12932 22.0 0.0060065 0.06389550000000001 2.15 0
1 0 0 0 59.45 35.45937 15.75 0.14437831499999998 0.30364 1.0 0
0 0 0 1 47.396499999999996 42.679779999999994 8.0 0.15 0.46667 3.0 0
0 0 0 1 49.198 48.682061499999996 15.0 0.027934 0.09213000000000002 2.75 0
0 0 0 1 48.2275 45.42324000000001 10.0 0.085726 0.11857099999999998 4.0 0
0 0 0 1 47.9825 30.626461 4.0 0.3532 0.59096 2.0 0
0 1 0 0 57.98 58.072 12.0 0.05107 0.03897 2.0 0
0 0 1 0 58.0 39.058585 16.75 0.10303279699999998 0.00422 3.0 0
0 0 0 1 48.7415 42.25186 15.0 0.031545 0.167372 3.05 0
0 0 0 1 48.964999999999996 58.3052 21.0 0.0069473 0.05778 1.0 0
0 0 0 1 55.61749999999999 58.235609999999994 57.0 1.9113e-06 0.019403 1.95 0
0 0 1 0 40.14 28.5833 9.0 0.1128 0.14706 1.0 0
0 0 0 1 49.13099999999999 43.364755 14.0 0.036209 0.0947955 1.8 0
0 0 0 1 45.6635 47.97799 28.0 0.0014678 0.0366335 2.05 0
0 0 1 1 50.84 45.59837 30.0 0.00098769 0.00552 1.0 0
0 0 1 0 44.8125 38.37277 1.0 0.77261 0.46524 1.0 0
0 1 0 0 45.75449999999999 52.0142 35.0 0.0002581 2e-05 3.0 0
0 0 0 1 57.19 41.390075 16.0 0.022626 0.1038045 3.3 0
0 1 0 0 44.5725 15.8383 24.15 0.14236853063999996 2e-05 3.0 0
1 0 0 0 45.91 36.501245000000004 18.5 0.059867727699999984 0.0358015 1.8 0
1 0 0 0 41.07 28.78288 40.3 0.0902385685 0.0590155 2.2 0
0 0 0 1 47.0255 39.845445 6.0 0.23701 0.19558599999999998 5.9 0
0 0 0 1 49.2375 42.242617 18.0 0.01259 0.134853 2.2 0
1 1 1 0 60.0 59.9167 108.0 1.2932e-11 0.0 3.0 1
0 0 0 1 48.18599999999999 40.13399999999999 16.0 0.022574 0.10143850000000001 3.4 0
0 0 0 1 45.96500000000001 39.33458500000001 16.0 0.023288 0.042491999999999995 3.35 0
1 0 0 0 59.19 48.29183999999999 24.1 0.05193698 0.00031 1.0 0
0 1 1 0 49.1265 27.2353 15.0 0.028879 0.00216 3.0 0
0 0 0 1 40.429500000000004 59.795015 255.0 0.0 0.0 1.95 0
0 0 0 1 47.297 46.7573465 10.0 0.086817 0.00413 6.0 0
0 0 0 1 49.858000000000004 51.58410499999999 34.0 0.00032416 0.016096500000000003 2.75 0
0 0 0 1 52.630500000000005 45.52124500000001 24.0 0.0035476 0.1146345 3.05 0
0 0 0 1 47.208999999999996 45.261655000000005 35.0 0.00029298 0.010065000000000001 2.55 0
0 0 0 1 50.715999999999994 47.57895499999999 12.0 0.062121 0.17435450000000002 2.5 0
0 0 0 1 45.9745 51.063579999999995 25.0 0.0025808 0.0930905 4.15 0
0 0 0 1 48.1045 39.25953500000001 16.0 0.023183 0.046526 3.3 0
0 1 0 0 48.479 26.8919 5.0 0.30551 0.0041 3.0 0
0 0 0 1 53.44 56.9632 31.0 0.00073422 0.01933 2.0 0
0 0 0 1 49.484 49.015460000000004 29.0 0.0012303 0.0333155 1.6 0
0 0 0 1 49.9595 42.67883500000001 18.0 0.013173 0.09571450000000001 3.0 0
0 0 0 1 46.083 43.122245 17.0 0.01679 0.10489700000000002 1.95 0
0 0 0 1 49.777 48.83732500000001 24.0 0.003691 0.1012885 3.1 0
0 0 0 1 43.16 41.448159999999994 9.0 0.12215 0.11600250000000001 5.15 0
1 0 0 0 60.0 59.99189 98.0 0.016234179471986653 4.2000000000000004e-05 1.85 0
0 0 1 0 50.1675 21.7778 6.0 0.22794 0.3 2.0 0
0 0 0 1 49.708000000000006 48.407375 14.0 0.034725 0.09552350000000001 3.45 0
0 0 1 0 59.947500000000005 58.182465 81.15 0.05852936627391324 0.0 1.0 0
0 0 1 1 44.719 38.878 8.0 0.12656 0.06507 1.0 0
0 0 0 1 45.6715 47.180319999999995 14.0 0.038623 0.3856 3.0 0
0 1 1 0 57.7325 43.019785 5.8 0.375840915 0.0 43.0 0
0 1 0 0 46.072 45.4697 0.0 0.9076 0.1294385 4.8 0
0 0 0 1 49.062 50.02004 15.0 0.025724 0.0904615 2.05 0
0 0 0 1 39.08 43.643885 34.0 0.00033291 0.024170000000000004 2.85 0
1 0 0 0 52.89 48.637985 18.55 0.02674067255 0.03762700000000001 2.05 0
0 0 0 1 45.012 36.03467249999999 3.0 0.48529 0.37564 33.0 0
1 1 1 1 60.0 59.8621 58.0 1.3089e-06 0.0 1.0 1
0 0 0 1 53.2 60.0 19.0 0.010769 0.49179 2.0 0
0 1 0 0 59.8845 60.0 51.4 0.13680397870097638 0.061791 2.85 0
0 0 0 1 49.274 47.96205 40.0 9.067e-05 0.0245315 2.25 0
0 0 1 0 49.8825 48.024395000000005 1.0 0.73291 0.0 1.0 0
0 0 0 1 47.993 40.8976825 25.0 0.0031028 0.10614100000000001 2.2 0
0 0 1 1 47.6495 46.86024999999999 13.0 0.043033 0.00134 1.0 0
0 0 0 1 59.977999999999994 57.548465 124.0 3.6469e-13 0.00025 1.65 0
1 0 0 0 60.0 59.99189 98.0 0.016234179471986653 4.2000000000000004e-05 1.85 0
0 0 0 1 46.7325 36.271890500000005 5.0 0.27875 0.12481249999999999 2.75 0
0 0 0 1 47.8335 48.28611 29.0 0.0010174 0.0347595 1.95 0
0 0 1 0 50.741 46.578514999999996 5.0 0.31336 0.00385 1.0 0
0 0 1 0 56.42750000000001 53.762635 3.5 0.677560634 0.0 10.0 0
0 0 0 1 46.768499999999996 46.423170000000006 4.0 0.35948 0.2818825 4.2 0
0 0 1 0 45.962 38.4743 13.85 0.147014245 0.11943 1.0 0
0 0 0 1 43.7655 40.137750000000004 3.0 0.40978 0.10244849999999998 6.3 0
1 0 0 0 50.87 47.658145000000005 21.15 0.05474415665 0.041152499999999995 1.9 0
0 0 0 1 47.7275 48.926235 8.0 0.13514 0.1922925 4.3 0
0 0 0 1 47.71300000000001 44.10657500000001 27.0 0.00172 0.06457 1.0 0
0 0 0 1 48.98 46.667339999999996 13.0 0.044085 0.21628700000000003 3.05 0
0 0 0 1 47.7995 46.981563 4.0 0.33868 0.13629700000000003 5.95 0
0 0 0 1 49.731 49.798750000000005 41.0 7.3477e-05 0.076824 1.85 0
0 0 0 1 42.03 46.94482 13.0 0.046619 0.14795750000000002 3.55 0
1 0 0 0 59.06 59.12824500000001 18.05 0.13841275865379 0.0870685 2.05 0
1 1 1 0 60.0 60.0 123.0 5.0104e-13 0.0 2.0 1
0 0 0 1 45.377 38.978215 16.0 0.023494 0.1295535 3.4 0
1 0 0 0 60.0 59.99189 98.0 0.016234179471986653 4.2000000000000004e-05 1.85 0
0 0 0 1 46.147 44.507308 16.0 0.020498 0.1296495 2.65 0
0 0 0 1 48.7525 46.451085 21.0 0.0064618 0.11905 3.0 0
0 0 1 0 46.254 56.401025000000004 5.9 0.6651451235279999 0.0 7.0 0
1 1 1 0 60.0 60.0 96.0 1.9992e-10 0.0 1.0 1
1 0 0 0 60.0 59.99189 98.0 0.016234179471986653 4.2000000000000004e-05 1.85 0
0 0 1 0 48.245999999999995 36.58015 18.5 0.043338626 0.01291 1.0 0
0 0 1 0 49.692499999999995 41.967375 25.05 0.0690879663235 0.00099 1.0 0
1 0 0 0 49.61 43.723065000000005 21.35 0.121341206207 0.0531015 1.95 0
0 0 0 1 56.45 48.525510000000004 17.0 0.019382 0.11736149999999998 1.75 0
0 0 0 1 47.5005 48.30353 19.0 0.012064 0.09211799999999999 2.4 0
0 0 1 0 56.427499999999995 52.637570000000004 7.25 0.44150306500000003 0.01468 10.0 0
0 0 0 1 58.43 59.5192 8.0 0.13298 0.13758 10.0 0
0 0 1 0 48.17 43.935885 13.0 0.045455 0.0 12.0 0
0 0 0 1 45.267 42.042024999999995 16.0 0.023658 0.18571500000000002 2.2 0
0 0 0 1 47.275999999999996 45.800625 21.0 0.0075777 0.13547199999999998 3.8 0
0 0 0 1 43.8505 46.92425000000001 13.0 0.04673 0.14979599999999998 3.6 0
0 0 1 0 43.7455 40.217684500000004 11.15 0.152622735 0.08409 2.0 0
0 0 1 0 49.479 47.81185000000001 5.0 0.25412 0.00422 1.0 0
1 0 0 0 42.54 30.779295 31.5 0.04928204695 0.0655895 2.35 0
0 0 1 0 44.17100000000001 11.0 1.0 0.78216 0.23453 2.0 0
0 0 1 0 35.69 17.8125 16.0 0.020002 0.17647 1.0 0
0 1 0 1 45.3775 24.694 28.0 0.0014509 0.00643 2.0 0
0 0 0 1 38.26 28.418994999999995 255.0 0.0 0.119028 1.7 0
0 0 0 1 49.876000000000005 52.22264 17.0 0.018996 0.07945 6.0 0
0 0 0 1 40.2635 36.36326999999999 57.0 1.9308e-06 0.10955 1.0 0
0 0 1 0 55.4225 51.83225 38.15 0.08556930919749998 6e-05 1.0 0
0 0 1 1 48.76299999999999 47.34767 19.0 0.012329 0.00174 3.0 0
0 0 0 1 48.7185 46.659515 31.0 0.00066931 0.028756999999999994 1.95 0
0 0 0 1 47.534499999999994 59.0112 16.0 0.020753 0.08063 3.0 0
0 1 0 0 50.155 31.3919 11.0 0.065377 0.1165805 5.45 0
0 1 0 0 59.8845 60.0 51.4 0.13680397870097638 0.061791 2.85 0
0 1 0 0 45.2125 22.7358 8.0 0.1315 0.0451 2.0 0
1 0 1 0 44.27 44.815465 18.0 0.08103647230000001 0.02571 3.0 0
0 0 1 0 47.7645 49.007149999999996 3.0 0.5 0.00011 2.0 0
0 0 0 1 49.292500000000004 43.62312999999999 19.0 0.010864 0.02732 2.0 0
0 0 1 0 48.852 38.141081500000006 15.0 0.029392 0.01186 2.0 0
0 0 0 1 49.309000000000005 43.646201500000004 15.0 0.029769 0.03797 1.0 0
0 0 0 1 50.317 44.620005000000006 27.0 0.0017111 0.03633 2.4 0
1 0 0 0 47.96 40.51182000000001 21.15 0.083254256760085 0.06375549999999999 1.55 0
0 1 0 0 41.0325 0.0 4.35 0.5742076399999999 1.0 1.0 0
0 0 1 0 50.0005 48.517335 14.0 0.035782 0.0 2.0 0
0 1 0 1 47.9745 48.72583999999999 24.0 0.0033126 0.02325 2.0 0
0 0 0 1 47.993 40.8976825 25.0 0.0031122 0.10614100000000001 2.2 0
0 0 0 1 48.081 46.500834999999995 22.0 0.0062332 0.118592 2.15 0
0 0 1 0 46.372 34.231627499999995 2.0 0.62775 0.50882 1.0 0
0 0 0 1 46.38699999999999 40.504355 17.0 0.016885 0.1001945 1.85 0
0 0 0 1 46.822 43.30094 14.0 0.033479 0.16095050000000005 2.1 0
1 0 1 1 40.98 47.95742799999999 16.0 0.021944 0.01035 1.0 0
0 0 0 1 43.8985 44.579840000000004 14.0 0.032102 0.12561000000000003 2.0 0
0 0 0 1 48.815 46.249185000000004 18.0 0.014082 0.03925 4.0 0
0 0 0 1 48.1495 47.872485 17.0 0.01956 0.27231 3.0 0
0 0 0 1 50.8 38.760355 19.0 0.011345 0.12412199999999998 2.6 0
1 0 0 0 50.6 47.32241500000001 19.4 0.09742227405133455 0.062976 2.15 0
0 0 0 1 39.14 41.6544665 15.0 0.02918 0.03091 2.0 0
1 0 0 0 44.91 40.967560000000006 1.0 0.68053 0.175205 5.45 0
1 0 0 0 57.74 58.45293 21.45 0.0677157393109237 0.056235 2.15 0
0 0 0 1 45.4165 40.677445 9.0 0.11839 0.12644699999999998 4.95 0
0 0 0 1 49.877500000000005 49.11243 17.0 0.018304 0.0706795 1.95 0
0 0 0 1 48.99550000000001 47.741205 17.0 0.018545 0.0941815 2.75 0
0 0 0 1 48.891000000000005 48.560520000000004 17.0 0.016432 0.10668550000000002 3.2 0
0 0 0 1 50.843500000000006 46.159955000000004 14.0 0.035066 0.15688249999999998 3.0 0
0 0 0 1 48.081 46.500835 22.0 0.0062574 0.118592 2.15 0
0 0 0 1 51.43000000000001 60.0 13.0 0.045539 0.03542 2.0 0
0 0 0 1 56.64 59.84 13.0 0.041789 0.39242 1.0 0
0 1 0 0 47.86799999999999 40.1 18.15 0.1426690175 0.0935925 6.0 0
0 0 0 1 49.6015 49.741805 52.0 5.3462e-06 0.0212635 2.5 0
1 0 0 0 53.75 52.57301 22.15 0.026277951355000002 0.0443435 2.1 0
0 0 0 1 49.266 44.794455 26.0 0.0025114 0.11450700000000003 2.7 0
0 0 0 1 49.519999999999996 49.741465000000005 17.0 0.019909 0.13831549999999998 1.6 0
0 0 0 1 42.54 45.846213 16.0 0.020259 0.15462249999999997 2.8 0
1 1 1 0 60.0 60.0 105.0 3.1283e-11 0.0 2.0 1
0 0 1 0 49.24550000000001 47.981489999999994 7.0 0.19882 0.00696 1.0 0
0 0 1 0 50.58 39.816885 16.45 0.049391325 0.0063 1.0 0
0 1 0 1 48.9655 29.7671 30.0 0.00092736 0.0662365 2.2 0
0 0 0 1 50.467 44.68542000000001 13.0 0.041729 0.08431949999999998 2.1 0
1 1 1 1 60.0 60.0 51.0 6.3659e-06 0.0 2.0 1
0 0 0 1 45.8865 45.297765 25.0 0.002819 0.1569 1.0 0
0 0 0 1 53.342499999999994 45.194689999999994 20.0 0.0087145 0.05916300000000001 1.8 0
0 0 0 1 51.601 46.585095 14.0 0.037408 0.12327099999999999 2.95 0
0 0 0 1 50.221999999999994 49.026855 19.0 0.011705 0.143368 2.0 0
0 1 1 0 48.273500000000006 52.410664999999995 27.0 0.0016945 0.00019 6.0 0
0 0 0 1 50.5615 43.943088 16.0 0.022546 0.0309 1.0 0
0 0 1 0 44.0865 46.97905 0.0 1.0 0.00192 7.0 0
0 1 0 0 50.35447767066693 44.52678267539525 24.651144857041167 0.09658699853529934 0.10095995499099822 3.9706941388277657 0
0 1 0 0 48.12 46.411 29.0 0.0010011 0.08183 1.0 0
0 0 1 1 48.713499999999996 43.671119999999995 13.0 0.045083 0.01252 5.0 0
0 0 0 1 49.2375 42.242617 18.0 0.012785 0.077333 2.65 0
0 0 0 1 49.560500000000005 41.511013500000004 13.0 0.0477 0.13716350000000002 2.6 0
0 0 1 0 50.154500000000006 49.851515 12.0 0.059094 0.05998 2.0 0
0 1 0 1 48.521 46.06006 21.0 0.0069014 0.01308 1.0 0
0 0 0 1 49.4865 41.85818 15.0 0.029755 0.22705799999999998 1.9 0
0 0 0 1 58.69 45.765625 14.0 0.032931 0.21746800000000005 2.45 0
0 0 0 1 47.0395 43.492125 17.0 0.016727 0.071942 1.85 0
0 0 1 0 48.520500000000006 50.620275 19.9 0.061794772349999985 0.00835 1.0 0
0 0 0 1 51.4255 49.709325 53.0 4.882e-06 0.021241500000000003 3.1 0
0 0 0 1 46.474000000000004 42.860245 9.0 0.11196 0.16180999999999998 4.75 0
0 0 0 1 47.226 43.079224999999994 8.0 0.13793 0.13158 3.0 0
0 0 0 1 52.831500000000005 47.344755 20.0 0.0085991 0.06513300000000001 2.55 0
1 0 0 0 41.92 31.150405000000006 21.0 0.038945967545 0.0382145 1.6 0
0 0 0 1 50.948499999999996 45.07096 23.0 0.004016 0.10860599999999998 2.0 0
0 0 0 1 50.051 46.027480000000004 15.0 0.030022 0.17429549999999996 2.3 0
1 0 0 0 45.36 46.95953999999999 12.55 0.09891929499999999 0.3161 2.0 0
1 1 1 1 60.0 60.0 37.0 0.00019167 0.00013 2.0 1
0 0 0 1 50.33 44.98442 17.0 0.018892 0.06866350000000002 3.55 0
0 0 1 0 49.96849999999999 49.23662499999999 12.95 0.1068206 0.10577 6.0 0
0 0 1 0 49.014500000000005 18.7965 18.0 0.015427 0.00034 1.0 0
0 0 0 1 56.1915 58.812290000000004 152.0 6.2135e-16 0.0 2.0 0
0 0 0 1 47.554500000000004 48.68552999999999 4.0 0.35 0.157643 6.8 0
0 0 1 0 55.4225 51.83225 38.15 0.08556930919749998 6e-05 1.0 0
0 0 1 1 20.14 35.658346 37.0 0.00016174 0.11129 2.0 0
0 0 0 1 48.51800000000001 38.511937499999995 2.0 0.56639 0.1987935 6.2 0
0 1 1 0 49.988 56.25 13.95 0.1791334515 0.00255 6.0 0
1 1 1 0 60.0 60.0 173.0 4.0156e-18 0.0 2.0 1
0 0 0 1 50.24 41.6539695 36.0 0.00021134 0.0547505 2.4 0
0 0 0 1 49.012 49.35383 24.0 0.0033045 0.047267500000000004 2.8 0
0 0 1 0 56.50750000000001 55.747569999999996 16.0 0.32074221730541996 0.0 5.0 0
0 0 0 1 47.547000000000004 43.842135 23.0 0.0049811 0.09846600000000001 1.9 0
1 1 1 0 60.0 60.0 105.0 2.7895e-11 0.0 1.0 1
0 0 1 0 46.254 56.401025000000004 5.9 0.6651451235279999 0.0 7.0 0
0 0 1 0 48.8895 0.0 0.0 1.0 0.0 1.0 0
1 1 1 0 60.0 60.0 96.0 2.1106e-10 0.0 1.0 1
0 0 0 1 38.38 60.0 7.0 0.16084 0.2 2.0 0
0 0 0 1 46.4485 44.776898 4.0 0.32308 0.13238100000000003 5.05 0
0 0 0 1 46.01 48.700540000000004 17.0 0.018486 0.02569 2.0 0
0 0 0 1 50.25750000000001 34.929117500000004 22.0 0.0053745 0.1575 2.0 0
1 0 0 0 41.27 28.749815 25.25 0.1131201845330655 0.06186400000000001 1.9 0
0 0 1 0 48.67700000000001 53.2982 46.0 2.1478e-05 0.0 3.0 0
0 1 0 1 47.705 57.716 13.0 0.043805 0.02642 2.0 0
0 0 1 0 47.764500000000005 48.45673 2.0 0.5648 0.00024 2.0 0
0 0 0 1 47.74249999999999 52.31011500000001 29.0 0.0010974 0.054572999999999997 2.55 0
0 0 0 1 45.4165 41.30401500000001 9.0 0.12406 0.16587 4.45 0
0 0 1 0 49.967 48.024395000000005 8.0 0.14618 1e-05 1.0 0
0 0 0 1 30.02 45.198945 39.0 0.00010447 0.0571605 2.15 0
0 0 0 1 45.153000000000006 44.69643 17.0 0.016991 0.04158 1.0 0
0 1 0 0 51.76649999999999 39.912760000000006 6.0 0.23767 0.18346 9.0 0
0 1 0 0 50.35447767066693 44.52678267539525 24.651144857041167 0.09658699853529934 0.10095995499099822 3.9706941388277657 0
0 0 0 1 49.716 45.427369999999996 16.0 0.02134 0.1039925 1.7 0
0 0 0 1 47.85 43.52711000000001 20.0 0.0089991 0.0711005 1.75 0
0 0 1 0 35.22 50.458095 15.0 0.025736 7e-05 2.0 0
0 0 0 1 51.099500000000006 46.196915000000004 14.0 0.033078 0.15979250000000003 2.6 0
0 0 0 1 47.4865 46.450715 19.0 0.012531 0.0961425 2.3 0
0 1 0 0 47.223 26.3364 49.0 1.0126e-05 0.0 2.0 0
0 0 1 0 55.4225 51.83225 38.15 0.08556930919749998 6e-05 1.0 0
0 0 0 1 53.803999999999995 50.15175 64.0 3.7576e-07 1e-05 2.8 0
1 0 0 0 31.2 24.809289999999997 15.85 0.05796616149999999 0.1747275 2.0 0
1 0 0 0 56.25 58.09465 15.3 0.06265074500000001 0.06379199999999999 1.7 0
1 1 1 0 60.0 60.0 83.0 4.205e-09 0.0 1.0 1
0 0 0 1 46.226000000000006 48.998115 14.0 0.032551 0.06268 2.0 0
0 1 0 0 43.2045 0.0 5.85 0.45836299 1.0 2.0 0
0 0 1 0 46.786500000000004 50.656330000000004 4.0 0.38564 0.0 8.0 0
0 1 0 0 45.9205 28.0917 12.45 0.16797981999999997 0.04147 1.0 0
0 0 0 1 50.31699999999999 48.26901 27.0 0.0015907 0.043785000000000004 1.75 0
0 1 0 0 44.94 28.4615 10.0 0.084609 0.028 2.0 0
0 0 0 1 50.4365 44.85242 21.0 0.0072221 0.087861 2.1 0
1 0 0 0 53.01 49.73885 19.4 0.03561121400000001 0.065607 2.6 0
0 0 0 1 48.7855 46.039925 21.0 0.0070022 0.07056799999999999 1.75 0
1 0 0 0 42.91 44.97526499999999 5.0 0.3061 0.12899 7.0 0
0 1 0 0 47.91850000000001 42.0538 17.2 0.0711507985 0.01379 2.0 0
0 0 0 1 59.593 53.44665500000001 72.0 5.8597e-08 7.7e-05 2.05 0
1 0 0 0 55.78 57.174855 19.9 0.02115686405 0.043054499999999996 2.4 0
0 1 0 0 56.617 58.0522 19.45 0.10311768926109999 0.076627 4.45 0
0 1 1 1 45.317499999999995 44.739014999999995 28.0 0.001325 0.00012 1.0 0
0 1 0 0 48.1785 27.8387 40.0 9.626e-05 0.0 3.0 0
0 0 0 1 47.0255 41.32381 6.0 0.23474 0.18269950000000004 3.25 0
1 0 0 0 60.0 59.99189 98.0 0.016234179471986653 4.2000000000000004e-05 1.85 0
0 0 0 1 45.397 41.914985 25.0 0.0030735 0.03679 1.0 0
0 0 0 1 51.3445 40.949005 18.0 0.013415 0.139425 2.3 0
0 0 0 1 49.404999999999994 50.9141 22.0 0.0055413 0.07307 1.0 0
1 0 0 0 58.59 58.922025 14.45 0.12562069999999997 0.09877099999999998 3.45 0
0 0 0 1 50.812 35.7959 16.0 0.022506 0.13931 1.0 0
1 0 0 0 49.43 50.52775 12.0 0.060241 0.07708 3.0 0
0 0 0 1 45.239000000000004 41.935500000000005 5.0 0.28529 0.14369900000000002 5.05 0
0 0 0 1 48.0375 40.304395 16.0 0.023053 0.049881999999999996 2.6 0
0 0 0 1 47.0255 39.544065 6.0 0.23529 0.2070725 4.9 0
0 0 0 1 47.82899999999999 38.088274999999996 18.0 0.014778 0.051519999999999996 1.9 0
0 0 0 1 49.401 36.969015 6.0 0.20063 0.07104200000000001 4.8 0
0 0 0 1 46.8625 59.9663 5.0 0.28569 0.118933 4.85 0
0 0 0 1 49.53000000000001 33.4307 6.0 0.22497 0.28575 1.0 0
0 1 0 0 49.052 28.1698 20.1 0.07758972950000001 0.00337 1.0 0
0 1 0 0 47.01800000000001 34.8219 6.0 0.24061 0.11075 3.0 0
0 0 0 1 51.8205 45.42355499999999 23.0 0.0043044 0.140265 2.25 0
0 1 0 0 48.093 44.6111 33.0 0.00042583 0.00165 1.0 0
0 0 1 0 50.492 60.5263 3.65 0.4960973999999999 0.0 6.0 0
0 0 0 1 50.396 48.01745 12.0 0.056522 0.11309799999999999 5.15 0
0 0 1 0 55.2445 60.0 1.0 0.65465 0.0 9.0 0
1 0 0 0 59.83 59.70284499999999 81.05 0.0032433486954539766 0.011612500000000001 2.7 0
0 0 0 1 57.79 41.16634749999999 2.0 0.57 0.156167 6.95 0
0 0 0 1 47.832 49.022245000000005 17.0 0.017972 0.05854549999999999 3.95 0
0 0 0 1 49.5745 42.896995000000004 19.0 0.011434 0.10089300000000001 2.15 0
0 0 0 1 47.547000000000004 43.842135 23.0 0.0049083 0.070949 2.0 0
0 0 0 1 53.7 47.655384999999995 40.0 8.0534e-05 0.032132499999999994 3.4 0
0 0 0 1 49.433499999999995 47.8632 11.0 0.075214 0.10714 16.0 0
0 0 1 0 29.9 37.63455149999999 20.0 0.0495757706 0.01035 1.0 0
0 0 0 1 48.0375 40.304395 16.0 0.023051 0.049881999999999996 2.6 0
0 0 1 0 51.121 45.613150000000005 15.95 0.077830064 0.02682 4.0 0
1 0 1 0 44.75 44.05492499999999 22.2 0.02482942466925 0.02871 2.0 0
0 1 0 0 35.6625 0.0 4.05 0.6211383300000001 0.9 1.8 0
0 0 0 1 48.4765 52.4521 20.0 0.0087538 0.01557 2.0 0
0 0 0 1 48.318 46.06189500000001 10.0 0.086103 0.10547049999999998 4.2 0
0 0 0 1 47.071999999999996 38.3260105 5.0 0.28079 0.10795000000000002 2.55 0
0 0 0 1 42.63 47.160565000000005 17.0 0.015869 0.14531500000000003 3.45 0
0 0 0 1 51.19499999999999 43.38254 13.0 0.04104 0.12731 2.6 0
0 1 0 0 50.35447767066693 44.52678267539525 24.651144857041167 0.09658699853529934 0.10095995499099822 3.9706941388277657 0
0 0 0 1 53.13000000000001 47.903215 45.0 3.0105e-05 0.004873500000000001 2.9 0
0 0 1 0 44.272999999999996 39.072295000000004 12.85 0.11431403999999998 0.10166 1.0 0
0 0 0 1 47.384499999999996 37.227844999999995 9.0 0.10526 0.04338 4.0 0
0 0 0 1 52.20399999999999 44.533109999999986 13.0 0.041421 0.04348 1.0 0
0 0 0 1 47.331 42.796640000000004 8.0 0.1396 0.38279 1.0 0
0 0 0 1 51.78099999999999 48.01661 20.0 0.0087639 0.0627205 2.65 0
1 0 0 1 46.39 46.873855000000006 26.0 0.0024488 0.00334 1.0 0
0 0 0 1 48.5545 57.7692 17.0 0.016657 0.2988 2.0 0
0 0 1 0 42.1805 40.7100695 11.45 0.13731449450000002 0.36984 2.0 0
0 0 0 1 50.57549999999999 46.959918 16.0 0.022605 0.43241 1.0 0
1 1 1 0 60.0 60.0 70.0 8.0296e-08 0.0 1.0 1
1 0 0 0 47.45 46.031095 11.0 0.075294 0.21374 1.0 0
0 0 1 0 43.3155 46.25751999999999 5.0 0.2992 0.11326 3.0 0
0 1 0 1 43.9935 51.53294999999999 5.0 0.28529 0.00036 8.0 0
0 0 0 1 44.24 48.22293499999999 19.0 0.012317 0.02656 4.0 0
0 0 0 1 47.036500000000004 43.122245 17.0 0.01676 0.116375 1.85 0
0 0 1 0 45.593500000000006 51.57681500000001 2.0 0.61478 1e-05 6.0 0
0 0 0 1 46.23 39.41271 17.0 0.017209 0.10451350000000001 2.75 0
0 0 0 1 46.45 48.205484999999996 33.0 0.00047706 0.00449 2.0 0
1 0 0 0 46.01 37.032300000000006 26.4 0.028062900094342647 0.0315825 2.05 0
1 0 0 0 58.98 59.199365 18.35 0.13550763865379 0.11142850000000001 2.1 0
0 0 0 1 53.161500000000004 46.396015 63.0 4.7563e-07 0.0001015 1.95 0
0 0 0 1 47.169 42.050667 4.0 0.39394 0.18400249999999996 3.75 0
1 0 0 0 60.0 59.99189 98.0 0.016234179471986653 4.2000000000000004e-05 1.85 0
0 0 0 1 59.26650000000001 58.61828499999999 130.0 8.1593e-14 0.0 1.6 0
0 0 1 0 57.7325 46.61688 6.35 0.353542165 0.0 28.0 0
1 0 0 1 55.59 48.43687499999999 14.0 0.032571 0.03025 2.0 0
0 0 0 1 49.222500000000004 40.99992999999999 6.0 0.22394 0.22198250000000003 5.65 0
0 0 0 1 46.53350000000001 30.984004000000006 7.0 0.19615 0.57143 1.0 0
0 0 0 1 51.7735 44.145178 16.0 0.022474 0.02568 3.0 0
0 0 0 1 39.66 29.313715000000002 174.0 3.8631e-18 0.070796 2.05 0
1 0 0 0 44.86 33.871325 20.8 0.07205892311924998 0.07518450000000002 2.25 0
0 0 0 1 47.169 47.90412 4.0 0.375 0.15621549999999998 4.05 0
0 0 0 1 50.7035 60.0 13.0 0.046173 0.11009 2.0 0
0 0 0 1 48.099 49.036255000000004 13.0 0.042123 0.14324399999999998 2.7 0
0 0 1 0 47.8485 47.762035 4.0 0.35229 0.00071 2.0 0
0 0 0 1 49.94 45.088190000000004 17.0 0.017069 0.04326 1.0 0
0 0 0 1 46.7935 41.7878535 13.0 0.048691 0.130796 2.85 0
1 0 0 0 48.9 43.105255 16.2 0.04611691450000001 0.04228950000000001 2.15 0
0 0 0 1 53.161500000000004 46.396015 63.0 4.0317e-07 0.0001015 1.95 0
0 0 0 1 45.52750000000001 48.406330000000004 17.0 0.017873 0.0798855 3.8 0
0 0 0 1 46.413500000000006 59.8264 36.0 0.00022562 0.00087 2.0 0
0 0 1 0 41.34 49.55842499999999 41.0 7.8465e-05 0.00413 2.0 0
0 0 1 0 40.122 24.6364 7.0 0.19534 0.10288 1.0 0
0 0 0 1 48.01049999999999 47.788795 1.0 0.66234 0.1400795 4.8 0
1 0 0 1 48.15 40.350175 107.0 1.6957e-11 0.041597499999999996 1.95 0
1 0 0 0 34.51 27.934680000000004 31.7 0.11024760655065971 0.072758 1.65 0
0 0 0 1 40.429500000000004 59.795015 255.0 0.0 0.0 1.95 0
0 0 0 1 51.67 49.66898 17.0 0.018261 0.06178200000000002 2.05 0
0 0 0 1 48.1745 49.33933 17.0 0.016331 0.08371300000000001 1.6 0
0 0 0 1 50.31699999999999 44.89373499999999 27.0 0.0017314 0.07021649999999999 2.4 0
0 1 0 0 47.56199999999999 59.5839 12.0 0.053809 0.09572499999999999 4.6 0
1 0 0 0 55.86 50.82068 16.25 0.099290446 0.05428 2.0 0
0 0 0 1 48.637 49.614125 16.0 0.02469 0.11079000000000001 2.95 0
0 0 0 1 49.2375 42.242617 18.0 0.012663 0.134853 2.2 0
0 0 1 0 46.775 49.584270000000004 4.0 0.38377 0.0 6.0 0
0 0 1 0 49.8825 34.246515 0.0 1.0 0.0 1.0 0
0 0 0 1 46.0805 44.668435 21.0 0.0066739 0.035252 2.6 0
0 0 0 1 50.54299999999999 46.86032 23.0 0.0045185 0.09072949999999999 2.0 0
1 0 0 0 60.0 59.99189 98.0 0.016234179471986653 4.2000000000000004e-05 1.85 0
1 0 0 0 52.26 48.35047 29.35 0.052940458499999996 0.059858 2.2 0
0 0 0 1 45.030499999999996 55.4 3.0 0.40033 0.26202 4.0 0
0 0 0 1 53.081999999999994 60.0 19.0 0.010636 0.04029 2.0 0
0 0 0 1 49.5365 49.344595 19.0 0.011854 0.19797399999999998 2.0 0
0 0 0 1 49.873000000000005 48.83781 40.0 7.9782e-05 0.0244635 2.85 0
1 0 0 0 57.46 58.70059 14.75 0.11478643499999999 0.08598549999999999 2.0 0
0 0 0 1 49.483999999999995 49.015460000000004 29.0 0.0012477 0.033315500000000005 1.6 0
1 0 0 0 55.27 55.75707 18.7 0.036403501 0.05415650000000001 1.7 0
0 0 1 0 46.78949999999999 31.50123 3.0 0.41138 0.66667 1.0 0
0 0 0 1 50.321 48.517720000000004 17.0 0.019313 0.10574449999999999 1.75 0
0 0 1 1 47.2425 46.002933 16.0 0.021407 0.00966 1.0 0
0 1 0 0 45.864000000000004 10.333932 7.15 0.40509988999999996 1.0 2.0 0
0 1 0 0 52.6835 60.0 22.2 0.045890930783500004 0.06661 2.0 0
0 0 0 1 58.78 59.7713 13.0 0.047536 0.05605 3.0 0
0 0 0 1 48.365500000000004 49.614125 16.0 0.024715 0.1139725 2.85 0
0 0 1 0 45.1065 55.1169 14.3 0.28264230739999996 0.00399 7.0 0
1 1 1 0 60.0 60.0 121.0 7.139e-13 0.0 2.0 1
0 0 0 1 48.559 59.8883 26.0 0.0022685 0.15184 2.0 0
0 1 0 1 46.4285 50.311395 31.0 0.00079197 0.00085 2.0 0
0 0 0 1 49.652 41.26784 16.0 0.022763 0.0995975 3.9 0
0 0 0 1 48.978 45.754055 15.0 0.03089 0.10412650000000001 2.2 0
0 0 0 1 49.5515 46.50083500000001 22.0 0.0060508 0.09138750000000001 2.15 0
0 0 0 1 40.429500000000004 59.795015 255.0 1.4277e-32 0.0 1.95 0
0 0 0 1 52.83 45.74340500000001 14.0 0.031957 0.10646150000000001 2.65 0
0 1 0 0 53.40599999999999 53.4013 16.2 0.1702372239 0.11489 4.2 0
0 0 0 1 46.387 41.76962 17.0 0.0169 0.1013075 1.85 0
0 0 0 1 47.4725 46.161295 18.0 0.01514 0.12140599999999997 2.25 0
0 0 0 1 47.34150000000001 49.4895 14.0 0.034142 0.00819 1.0 0
0 0 0 1 49.847500000000004 45.629005 21.0 0.0072921 0.1403095 2.0 0
0 0 0 1 47.472 39.84261000000001 22.0 0.0053037 0.08598549999999999 1.8 0
0 0 0 1 56.334 56.185285 89.0 1.0787e-09 9.8e-05 1.6 0
0 0 0 1 13.14 28.195705000000004 255.0 1.8951e-37 0.21203 2.45 0
0 0 0 1 47.096500000000006 45.817355000000006 4.0 0.36264 0.2994095 4.3 0
1 0 0 0 60.0 59.99189 98.0 0.016234179471986653 4.2000000000000004e-05 1.85 0
0 0 0 1 46.56400000000001 43.59316450000001 36.0 0.00020871 0.0417425 2.2 0
0 0 0 1 50.5755 59.8205 16.0 0.022595 0.23305 2.0 0
0 0 0 1 47.51350000000001 45.389860000000006 26.0 0.0020593 0.08218850000000001 2.7 0
0 0 1 1 55.42 58.8395 6.0 0.23286 0.09571 2.0 0
0 0 0 1 49.4825 47.992794999999994 17.0 0.016446 0.02315 1.0 0
0 0 1 0 48.531 40.50628 10.0 0.081883 0.01321 1.0 0
0 0 1 0 55.6155 48.6728645 14.95 0.4390855217345 0.0 9.0 0
0 0 1 0 49.318 48.68342 51.0 7.5123e-06 0.0 1.0 0
0 0 1 0 57.56 54.17863 3.7 0.5274955000000001 0.0 16.0 0
0 0 0 1 47.85900000000001 41.444455 22.0 0.005423 0.11586250000000001 2.0 0
0 0 0 1 51.38249999999999 46.826364999999996 46.0 2.2249e-05 0.020937 2.0 0
0 0 0 1 48.318000000000005 45.266675000000006 16.0 0.021304 0.11974549999999999 1.75 0
0 0 1 0 49.156 45.99784999999999 15.35 0.05355434499999999 0.01486 6.0 0
0 0 0 1 52.0635 40.654743499999995 22.0 0.0055961 0.149215 1.8 0
0 0 0 1 49.873000000000005 48.83781 40.0 8.3436e-05 0.024463500000000003 2.85 0
0 1 0 0 46.4865 55.384 5.0 0.30236 0.05549 3.0 0
0 0 0 1 45.053 39.92451 17.0 0.017331 0.10815649999999999 2.4 0
0 0 1 0 59.19500000000001 58.63666500000001 54.2 0.21766662893659486 0.0 3.0 0
0 1 0 0 53.048 60.1296 1.0 0.67208 0.09357299999999999 4.95 0
0 0 1 0 56.50750000000001 48.844595 16.6 0.19491657155 0.00358 5.0 0
0 0 0 1 50.6365 44.291290000000004 13.0 0.041678 0.07896749999999998 1.95 0
0 0 0 1 47.052499999999995 47.188 17.0 0.019086 0.14310050000000002 2.6 0
0 0 0 1 51.212 49.21569000000001 12.0 0.05251 0.109714 4.35 0
0 0 1 0 48.491499999999995 40.74948 3.0 0.46681 0.00399 3.0 0
0 1 0 0 50.35447767066693 44.52678267539525 24.651144857041167 0.09658699853529934 0.10095995499099822 3.9706941388277657 0
0 0 0 1 46.732 42.26304499999999 20.0 0.0098636 0.0649975 2.55 0
0 0 1 0 43.009 42.795635 16.9 0.049794620500000004 0.09317 1.0 0
1 0 0 0 60.0 59.99189 98.0 0.016234179471986653 4.2000000000000004e-05 1.85 0
0 0 0 1 47.01950000000001 43.445235 14.0 0.034011 0.1053685 3.05 0
0 0 1 0 39.34 45.256595000000004 6.0 0.20471 0.00061 1.0 0
0 0 0 1 40.429500000000004 59.795015 255.0 0.0 0.0 1.95 0
1 0 0 0 45.97 45.9589 16.0 0.10293848499999998 0.05526 1.0 0
0 0 0 1 48.1565 49.9861 15.0 0.026207 0.167655 2.7 0
1 0 0 1 45.89 47.915499999999994 14.0 0.034693 0.0974055 3.4 0
0 0 0 1 45.9745 51.06358 25.0 0.0025706 0.09309049999999999 4.15 0
1 0 0 0 40.08 30.50465000000001 24.65 0.022094016785000004 0.0338575 1.65 0
0 0 0 1 49.139 41.984156999999996 18.0 0.013014 0.09110399999999999 2.35 0
1 0 0 0 59.14 43.544180000000004 12.55 0.13601670500000002 0.55426 2.0 0
1 1 1 0 60.0 60.0 86.0 2.005e-09 0.0 2.0 1
0 0 1 0 48.1345 48.185165 19.95 0.0744946358 0.05909 2.0 0
0 0 1 0 49.78150000000001 50.81086 81.0 7.8936e-09 0.0 2.0 0
0 0 0 1 47.169 42.050667 4.0 0.38436 0.07761300000000002 4.95 0
0 1 1 1 50.2155 59.4894 49.0 1.1916e-05 1e-05 3.0 0
0 0 1 0 56.50750000000001 55.747569999999996 16.0 0.32074221730541996 0.0 5.0 0
0 0 1 0 41.78 41.70068 14.1 0.071982965 0.08685 1.0 0
0 0 0 1 49.422999999999995 37.783130500000006 19.0 0.01104 0.0484315 2.75 0
0 0 0 1 51.40049999999999 50.2906065 32.0 0.000582 0.067993 2.5 0
0 0 0 1 45.753499999999995 45.44723499999999 14.0 0.033746 0.134261 3.4 0
0 0 0 1 57.44 34.599335 20.0 0.009342 0.0698735 2.9 0
0 0 0 1 53.152 53.607285000000005 60.0 8.4761e-07 0.023294500000000003 2.0 0
0 1 0 0 42.473 16.7826 9.5 0.20379914999999998 0.14474 1.0 0
0 0 0 1 48.353 48.84698999999999 29.0 0.0010715 0.03956749999999999 2.35 0
0 1 0 0 35.6625 3.66667 12.65 0.18876412299999995 0.814611 2.05 0
0 0 1 0 57.7325 54.594800000000006 4.7 0.48007879999999997 0.00012 17.0 0
1 0 0 0 60.0 59.99189 98.0 0.016234179471986653 4.2000000000000004e-05 1.85 0
0 1 0 0 53.423500000000004 60.0 18.0 0.013082 0.01148 2.0 0
1 0 0 0 50.56 40.07441 8.0 0.15336 0.15275 1.0 0
0 1 0 0 48.03 45.8537 8.0 0.12609 0.15511 2.0 0
0 0 0 1 47.208999999999996 45.261655000000005 35.0 0.00028556 0.011108000000000002 2.5 0
0 0 0 1 51.612 48.508345 14.0 0.037683 0.139372 4.5 0
0 0 0 1 49.0055 45.415485000000004 21.0 0.0070596 0.061179 2.35 0
1 0 0 0 52.78 49.061995 19.05 0.05167119405 0.0340705 2.1 0
1 0 0 0 46.97 38.355000000000004 18.15 0.063299388 0.0641295 2.3 0
0 0 0 1 44.2185 48.962320000000005 28.0 0.0013637 0.05506 5.0 0
0 0 1 0 50.23550000000001 45.848299999999995 0.0 0.89261 0.00018 11.0 0
1 0 0 1 44.76 43.974286000000006 14.0 0.03904 0.24695 2.0 0
0 0 0 1 46.768499999999996 46.43769 4.0 0.35897 0.2818825 4.2 0
0 0 0 1 45.4165 41.30401500000001 9.0 0.12525 0.2319465 4.55 0
0 0 0 1 49.035999999999994 46.687025 15.0 0.026821 0.089072 2.05 0
0 1 0 0 56.68 58.57633499999999 20.8 0.036106649715 0.06560449999999998 1.7 0
0 0 0 1 46.131499999999996 45.722494999999995 11.0 0.077568 0.1000245 3.7 0
0 0 0 1 49.144499999999994 16.7448 15.0 0.028943 0.00055 2.0 0
0 0 1 0 44.3005 43.39942 11.0 0.17254551499999998 0.32666 4.0 0
1 0 0 0 43.44 33.131730000000005 17.3 0.11942121654 0.10995 1.0 0
0 1 0 0 58.659000000000006 59.2319 24.25 0.17250809682520413 0.017570999999999996 4.5 0
0 0 0 1 48.329 46.967209999999994 43.0 4.2443e-05 0.005247 2.55 0
0 0 0 1 47.341499999999996 44.400904999999995 24.0 0.0038362 0.12789299999999998 2.4 0
0 1 0 0 47.96900000000001 43.117281500000004 11.0 0.075694 0.11307 2.0 0
0 1 0 0 47.646 44.2344 10.0 0.08785 0.14352199999999998 2.85 0
0 0 1 0 46.591 52.1667 2.0 0.58875 0.0 7.0 0
1 0 1 0 21.41 43.37585 13.55 0.12273195999999997 0.13983 2.0 0
0 0 0 1 48.688 37.940315 10.0 0.082759 0.1187115 3.95 0
0 0 0 1 48.145999999999994 44.152910000000006 14.0 0.038618 0.1428065 2.7 0
0 0 0 1 46.38699999999999 41.76962 17.0 0.016921 0.0997095 1.8 0
0 0 0 1 48.6725 42.782595 16.0 0.022501 0.1336335 2.75 0
0 1 0 1 45.26 28.9025 84.0 3.2407e-09 0.0 1.0 0
0 0 0 1 48.279 41.952365 18.0 0.015566 0.062138000000000006 1.3 0
0 0 0 1 45.06 49.517399999999995 17.0 0.01975 0.05906 3.0 0
0 0 1 0 57.641000000000005 52.727845 13.0 0.48482393000011614 0.0 12.0 0
0 0 0 1 47.42 41.5733885 13.0 0.048632 0.12876349999999998 3.1 0
1 0 0 0 47.36 38.57437 19.15 0.032387090647 0.053227500000000004 2.5 0
1 0 0 0 60.0 59.99189 98.0 0.016234179471986653 4.2000000000000004e-05 1.85 0
0 0 0 1 44.8685 39.701010000000004 3.0 0.45238 0.1038445 4.4 0
0 0 0 1 51.03849999999999 45.14910500000001 14.0 0.034866 0.13193850000000001 3.15 0
0 0 0 1 49.113 49.6209 32.0 0.00061718 0.00396 1.0 0
0 0 0 1 44.852 43.937605000000005 14.0 0.039481 0.08942750000000001 3.45 0
0 1 0 1 45.028000000000006 46.4511 17.0 0.017036 0.02888 2.0 0
0 1 0 0 53.40599999999999 53.4754 14.8 0.22046597389999997 0.11141200000000002 4.2 0
0 0 0 1 42.585 39.907554999999995 3.0 0.44156 0.17614849999999999 2.2 0
0 0 0 1 48.275999999999996 47.53085 21.0 0.0079242 0.06963749999999999 2.45 0
0 0 0 1 49.489 42.4999 24.0 0.0037617 0.02001 1.0 0
0 1 0 1 49.2375 42.242617 18.0 0.012701 0.134853 2.2 0
0 0 0 1 48.62050000000001 12.2 15.0 0.03141 0.00761 2.0 0
1 0 0 0 60.0 59.99189 98.0 0.016234179471986653 4.2000000000000004e-05 1.85 0
0 0 0 1 49.483999999999995 49.015460000000004 29.0 0.0012042 0.0333035 1.6 0
0 0 1 0 47.519 10.9444 15.8 0.04517796 0.02098 1.0 0
0 1 0 0 50.35447767066693 44.52678267539525 24.651144857041167 0.09658699853529934 0.10095995499099822 3.9706941388277657 0
0 0 0 1 47.419999999999995 41.7878535 13.0 0.048653 0.1331625 3.2 0
0 0 0 1 48.001000000000005 39.82005550000001 19.0 0.010907 0.0286075 2.15 0
0 0 0 1 45.6225 39.82723 25.0 0.0028653 0.04742 1.0 0
0 1 0 1 50.51449999999999 43.462061500000004 15.0 0.027334 0.06123 2.0 0
0 0 1 0 59.947500000000005 58.182465 81.15 0.05852936627391324 0.0 1.0 0
1 0 0 0 48.01 41.44928 23.25 0.037392971260085 0.039929 1.65 0
0 1 0 1 47.75 45.096455 26.0 0.0024786 0.117445 2.6 0
0 0 0 1 47.994 41.035650000000004 18.0 0.014384 0.10500400000000001 1.85 0
0 0 0 1 49.807500000000005 45.044646 12.0 0.05568 0.24064 2.0 0
0 0 0 1 49.52 49.741465000000005 17.0 0.019735 0.1352815 1.65 0
0 0 0 1 46.272000000000006 38.638819999999996 7.0 0.17115 0.50404 3.0 0
0 0 0 1 48.741499999999995 40.62337 15.0 0.031169 0.101338 2.45 0
0 0 0 1 47.986 43.492125 17.0 0.0167 0.083549 1.85 0
1 0 0 0 60.8 49.4254 5.0 0.29792 0.30497 12.0 0
0 1 0 0 46.072 48.410684999999994 0.0 0.88556 0.044101 6.15 0
0 0 1 1 47.99 45.397405000000006 14.0 0.038703 0.00466 1.0 0
0 0 0 1 55.51 42.765 14.0 0.034144 0.105057 2.1 0
0 0 0 1 48.275999999999996 47.53085 21.0 0.0079269 0.06963749999999999 2.45 0
0 0 0 1 50.1325 44.373765000000006 13.0 0.041789 0.092821 2.1 0
0 1 0 0 50.35447767066693 44.52678267539525 24.651144857041167 0.09658699853529934 0.10095995499099822 3.9706941388277657 0
0 0 1 1 47.56499999999999 39.339895 7.0 0.17677 0.0329 8.0 0
0 0 0 1 49.1865 49.79318500000001 20.0 0.0085103 0.04848999999999999 2.8 0
0 0 0 1 47.827999999999996 57.9535 13.0 0.04855 0.11477 11.0 0
0 0 0 1 49.462 42.880535 13.0 0.044888 0.1489085 1.8 0
1 0 0 0 59.93 59.81247499999999 69.1 0.0032861379081199995 0.015573 1.6 0
0 0 0 1 51.283 53.639709999999994 50.0 8.3426e-06 0.034488 1.7 0
0 0 0 1 46.855500000000006 38.52153499999999 18.0 0.014592 0.0696445 2.15 0
0 0 0 1 45.9745 51.063579999999995 25.0 0.0026074 0.080785 3.4 0
0 0 1 0 52.379 60.0 2.0 0.62256 0.0 2.0 0
0 0 0 1 57.26 44.66623499999999 23.0 0.0043185 0.15869399999999997 2.35 0
0 0 0 1 49.882000000000005 43.32680499999999 30.0 0.00095759 0.021703999999999998 1.8 0
0 1 0 0 45.507000000000005 60.5 17.55 0.036497593499999995 0.02943 2.0 0
0 0 0 1 46.12050000000001 47.82827 11.0 0.074069 0.13375499999999999 4.25 0
0 0 0 1 53.330499999999994 53.563625 49.0 1.1083e-05 0.016300500000000002 1.8 0
0 0 0 1 46.976 45.378235 31.0 0.00075462 0.0541495 1.45 0
1 0 0 0 58.9 59.052009999999996 19.6 0.10593260865378999 0.0982705 2.3 0
0 0 0 1 47.8635 48.444785 31.0 0.00069071 0.018959499999999997 1.95 0
0 1 0 0 54.511 55.2222 16.15 0.1535957856 0.061634499999999995 4.5 0
0 0 0 1 50.2735 60.0 25.0 0.0027172 0.1027 2.0 0
1 0 0 0 45.04 33.09028 22.45 0.026883661377775 0.05098699999999999 2.25 0
1 0 1 0 55.5 40.32394999999999 5.0 0.26522 0.08152 1.0 0
0 0 0 1 56.763 59.795015 197.0 1.7479e-20 0.0 1.9 0
0 0 1 0 48.83 49.2576 5.0 0.30389 0.01023 3.0 0
0 0 0 1 50.64900000000001 49.267865 12.0 0.054424 0.3123 1.0 0
1 0 0 0 43.52 35.923925 9.0 0.12003 0.06185 4.0 0
0 0 0 1 53.129999999999995 48.205349999999996 45.0 3.1335e-05 0.004857500000000001 2.85 0
1 0 0 0 45.98 36.966055000000004 24.95 0.026416627700002644 0.0350775 2.05 0
0 0 0 1 49.753 46.386091 12.0 0.058905 0.20854 2.0 0
0 0 0 1 47.99300000000001 40.8976825 25.0 0.0030357 0.07156749999999999 2.05 0
0 0 1 0 56.89800000000001 54.9 3.3 0.6650481340000001 0.0 10.0 0
0 0 0 1 47.554500000000004 47.394954999999996 4.0 0.35366 0.14166050000000002 6.55 0
0 0 0 1 49.79949999999999 46.28599 30.0 0.00086757 0.030080000000000003 2.15 0
0 0 0 1 32.24 28.195705000000004 255.0 0.0 0.12686699999999998 1.8 0
0 0 0 1 42.87 48.690265 17.0 0.016416 0.0869355 3.05 0
0 0 1 0 57.7325 49.357355 9.0 0.3534949640285 8e-05 18.0 0
0 0 0 1 47.4 45.819925 17.0 0.018914 0.06866349999999999 3.55 0
0 0 0 1 47.4865 46.450715 19.0 0.012573 0.0961425 2.3 0
0 0 0 1 49.076499999999996 35.7577 19.0 0.01243 0.12923 1.0 0
0 0 0 1 47.4875 44.400904999999995 24.0 0.0038215 0.10994000000000001 2.35 0
0 0 1 0 50.214999999999996 50.5899845 11.0 0.075858 0.0 9.0 0
0 0 0 1 47.547000000000004 43.842135 23.0 0.0048631 0.06576499999999999 2.2 0
0 0 0 1 48.927499999999995 43.750365 14.0 0.036122 0.0884635 2.1 0
0 0 1 0 50.2 38.22165 25.55 0.04842548942055 0.00211 2.0 0
0 0 1 0 49.3715 46.58965500000001 19.0 0.010014 0.00106 2.0 0
0 0 0 1 50.270500000000006 42.94238349999999 13.0 0.047738 0.15567199999999998 2.6 0
0 1 0 0 57.080499999999994 58.4667 15.5 0.210331385362205 0.085142 3.45 0
0 0 0 1 45.206500000000005 34.57062549999999 5.0 0.27273 0.15436100000000003 4.05 0
1 0 0 0 50.4 44.738254999999995 11.0 0.07927 0.02708 1.0 0
0 0 0 1 45.719 44.50730800000001 16.0 0.020326 0.14926499999999998 3.05 0
0 0 0 1 47.4865 46.450715 19.0 0.012328 0.07160649999999999 2.35 0
0 0 0 1 52.13599999999999 60.0 32.0 0.00051199 0.00017 2.0 0
0 0 0 1 48.284000000000006 43.741110000000006 20.0 0.0090424 0.06877549999999999 1.95 0
0 0 0 1 50.07 45.78436 15.0 0.02667 0.080765 2.45 0
0 0 0 1 49.090500000000006 57.6296 14.0 0.033934 0.09751 2.0 0
0 0 0 1 57.581500000000005 58.63587500000001 137.0 1.6805e-14 0.0 1.55 0
1 1 1 1 60.0 60.0 50.0 9.4774e-06 1e-05 2.0 1
0 1 0 1 48.13199999999999 57.0404 14.0 0.038159 0.01441 2.0 0
0 0 0 1 42.97 41.38987999999999 20.0 0.0088869 0.0448 3.0 0
0 0 0 1 45.509499999999996 44.059415 16.0 0.023698 0.1931945 2.15 0
0 1 0 0 35.6625 0.0 4.05 0.6211383300000001 0.9 1.8 0
0 0 1 0 48.79899999999999 45.39149499999999 16.8 0.036552801499999996 0.0237 1.0 0
0 0 0 1 45.5185 47.03575500000001 14.0 0.038443 0.18748 2.0 0
0 0 0 1 50.864 60.0 34.0 0.00033855 0.05136 2.0 0
0 0 0 1 51.93 49.097294999999995 17.0 0.01947 0.1396235 1.75 0
0 0 0 1 49.52 49.741465000000005 17.0 0.019861 0.13831549999999998 1.6 0
0 0 0 1 48.483999999999995 42.870144999999994 13.0 0.04493 0.14658999999999997 1.85 0
0 0 0 1 47.257999999999996 50.239689999999996 29.0 0.0012237 0.0185 3.0 0
0 0 0 1 47.05149999999999 45.61707 13.0 0.045577 0.09424450000000002 3.35 0
1 0 0 0 60.0 59.99189 98.0 0.016234179471986653 4.2000000000000004e-05 1.85 0
0 0 0 1 49.19799999999999 48.5426265 15.0 0.027862 0.0722095 3.1 0
0 1 0 0 35.6625 0.0 4.05 0.6211383300000001 0.9 1.8 0
0 1 0 1 51.01 52.7226 20.0 0.009162 0.06103399999999999 1.55 0
0 0 0 1 40.429500000000004 59.795015 255.0 0.0 0.0 1.95 0
0 0 0 1 45.206500000000005 34.57062549999999 5.0 0.27266 0.15436100000000003 4.05 0
0 0 1 0 57.7325 44.508835 5.8 0.375840915 0.0 32.0 0
1 0 0 0 60.0 59.99189 98.0 0.016234179471986653 4.2000000000000004e-05 1.85 1
0 0 0 1 34.77 47.36367 21.0 0.0075648 0.135964 3.8 0
0 0 0 1 46.894 50.478899999999996 41.0 6.587e-05 0.0754895 2.4 0
0 0 0 1 50.7155 48.030085 14.0 0.037855 0.13543049999999998 4.55 0
0 1 0 0 50.35447767066693 44.52678267539525 24.651144857041167 0.09658699853529934 0.10095995499099822 3.9706941388277657 0
0 0 0 1 45.377 41.096824999999995 16.0 0.023546 0.1311045 3.15 0
0 0 0 1 51.786 49.36412 45.0 2.8289e-05 0.004717500000000001 2.45 0
0 0 0 1 59.977999999999994 57.548465 124.0 3.9114e-13 0.00025 1.65 0
0 0 1 0 46.754999999999995 43.895134999999996 4.0 0.32421 0.00804 1.0 0
0 0 1 0 44.4725 53.308994999999996 1.0 0.7488 0.0 8.0 0
0 0 0 1 39.1 39.604285 10.0 0.082675 0.14737550000000002 3.8 0
0 0 0 1 47.003499999999995 44.917640000000006 13.0 0.045818 0.1279285 2.9 0
0 0 0 1 47.312 45.173674999999996 18.0 0.015422 0.146543 2.15 0
1 1 1 1 60.0 60.0 56.0 2.4403e-06 0.0 2.0 1
0 0 0 1 49.8755 46.959918 16.0 0.024862 0.45396 1.0 0
0 0 1 0 57.7325 48.48648 8.6 0.254397035 0.0 22.0 0
0 0 0 1 46.9615 47.53657 17.0 0.01692 0.15457 2.0 0
0 0 0 1 45.0065 43.132889 7.0 0.16383 0.18199300000000002 5.3 0
0 0 0 1 48.96300000000001 42.1168215 15.0 0.030273 0.04094 4.0 0
0 0 0 1 46.3485 45.1864815 10.0 0.092258 0.12138250000000002 5.15 0
0 0 0 1 45.5195 39.11862000000001 16.0 0.023413 0.0918745 3.3 0
0 0 0 1 46.5915 45.261655000000005 35.0 0.00027405 0.0106905 3.25 0
0 0 1 0 49.769 54.164455 1.0 0.72237 4e-05 15.0 0
0 0 0 1 48.32949999999999 47.944480000000006 20.0 0.0081629 0.129306 1.95 0
1 0 1 1 39.11 43.6597 14.0 0.035804 0.00314 3.0 0
0 0 0 1 60.0 47.209514999999996 6.0 0.23612 0.21435950000000004 4.95 0
0 0 0 1 44.904999999999994 44.506150000000005 3.0 0.46524 0.11848100000000002 5.7 0
0 0 1 0 56.42750000000001 53.762635 4.75 0.53070229 0.00013 10.0 0
0 0 0 1 45.47 43.007945 13.0 0.045918 0.12842699999999999 3.3 0
0 0 1 0 57.56 54.38398500000001 5.6 0.5594712690000001 7e-05 13.0 0
0 0 0 1 50.86450000000001 60.0 13.0 0.049209 0.06274 1.0 0
0 0 0 1 50.190000000000005 47.93954500000001 13.0 0.039973 0.1952295 2.7 0
1 0 0 0 60.0 59.99189 98.0 0.016234179471986653 4.2000000000000004e-05 1.85 0
0 0 0 1 47.294 43.156315000000006 20.0 0.0082913 0.029 4.0 0
0 0 0 1 46.44850000000001 46.991233 4.0 0.33498 0.0779755 4.05 0
0 0 0 1 47.67749999999999 40.56955 15.0 0.029215 0.20954899999999999 2.4 0
0 0 0 1 59.9 59.596 14.0 0.037106 0.02002 2.0 0
0 0 0 1 48.533 49.01546 29.0 0.0011744 0.11027050000000001 1.6 0
0 0 1 0 45.61450000000001 46.5712395 13.45 0.15214921849999996 0.09034 2.0 0
1 1 1 0 60.0 60.0 77.0 1.6557e-08 0.0 1.0 1
1 0 0 0 60.06 59.901855 141.15 0.0034194599660628544 0.005699500000000001 2.2 0
0 0 0 1 45.41 39.45689 15.0 0.029537 0.15714599999999998 1.95 0
0 0 0 1 51.00350000000001 48.412345 8.0 0.1567 0.06633 10.0 0
0 0 0 1 48.62750000000001 45.89179 13.0 0.041713 0.03756 1.0 0
0 0 1 0 47.948 48.166385000000005 11.0 0.072692 0.00409 2.0 0
0 0 0 1 49.913999999999994 44.57083999999999 27.0 0.0018672 0.0318815 2.4 0
0 0 0 1 50.31699999999999 46.08272000000001 27.0 0.0016772 0.044165499999999996 2.4 0
0 0 0 1 46.954 48.31631 17.0 0.019166 0.14157199999999998 2.1 0
1 1 0 1 48.68 39.7872 20.0 0.0082498 0.00462 2.0 0
0 0 0 1 48.751 48.719285 24.0 0.0031909 0.05319700000000001 2.0 0
0 0 1 0 47.403499999999994 45.544974999999994 24.0 0.0444190275 0.0012 2.0 0
0 1 0 0 52.006499999999996 40.876805 6.0 0.23383 0.24055 12.0 0
0 1 0 0 46.829 50.0 19.7 0.217809791671 1e-05 2.0 0
0 0 0 1 47.183499999999995 43.861514500000006 36.0 0.00023688 0.07683749999999999 1.85 0
0 0 0 1 45.48449999999999 48.32505999999999 17.0 0.016161 0.094756 2.95 0
0 0 0 1 50.6495 49.54974500000001 17.0 0.019498 0.13507399999999997 1.7 0
0 0 0 1 47.557 40.57067000000001 20.0 0.0092417 0.08860950000000001 2.0 0
0 0 0 1 48.359500000000004 49.78928499999999 43.0 4.434e-05 7e-05 2.0 0
0 0 0 1 57.495000000000005 57.086545 92.0 5.488e-10 5.000000000000001e-07 1.9 0
0 1 0 1 53.1275 52.127840000000006 12.0 0.058687 0.49808 8.0 0
0 0 1 1 49.13600000000001 46.45985 19.0 0.010777 0.00869 1.0 0
0 1 0 0 48.367 58.5455 23.0 0.0047902 0.00174 1.0 0
0 0 0 1 48.422 57.5825 17.0 0.018913 0.07227 1.0 0
0 0 0 1 49.102000000000004 39.32661999999999 13.0 0.044523 0.1101815 2.5 0
0 1 0 1 49.266000000000005 44.794455 26.0 0.0024165 0.11314350000000002 3.0 0
0 0 0 1 49.2375 42.242617 18.0 0.012808 0.0740555 2.7 0
0 0 1 0 47.3865 43.50116 24.15 0.0721301199613 0.00176 2.0 0
1 0 0 0 60.0 59.99189 98.0 0.016234179471986653 4.2000000000000004e-05 1.85 0
0 0 0 1 47.5005 48.30353000000001 19.0 0.012082 0.0937295 2.4 0
0 0 1 0 47.014500000000005 40.93174500000001 22.65 0.02840990805 0.0044 2.0 0
0 0 0 1 47.93 43.90382 20.0 0.0086169 0.0829225 1.9 0
1 0 0 0 52.11 49.24293 21.15 0.05802160862129999 0.049345 2.15 0
0 0 0 1 48.0595 44.747274999999995 21.0 0.0075157 0.1323315 3.75 0
0 0 0 1 45.189499999999995 46.892889999999994 14.0 0.03244 0.06491 2.0 0
0 0 1 0 45.867000000000004 43.943805000000005 7.0 0.18813 0.01479 2.0 0
0 0 0 1 49.2905 47.477615 14.0 0.034296 0.076 2.0 0
0 0 1 1 57.64 47.719428 16.0 0.020165 0.00943 1.0 0
1 0 0 1 48.3 46.001529999999995 20.0 0.008843 0.0986225 2.45 0
1 0 1 0 37.56 36.926114999999996 15.0 0.11713854350000001 0.2227 2.0 0
0 0 0 1 49.102000000000004 43.23738999999999 13.0 0.044232 0.16424849999999996 2.85 0
0 0 1 0 49.692499999999995 42.95754000000001 23.2 0.06778416369999998 0.00094 1.0 0
0 1 0 0 42.62749999999999 24.2143 20.2 0.0462775671 0.0356 1.0 0
0 0 1 0 50.1405 46.040004999999994 7.0 0.1717 0.00511 4.0 0
0 1 1 0 48.642 21.7381 21.25 0.06711217700000001 0.00122 1.0 0
0 0 0 1 59.14 56.3611 6.0 0.20399 0.13306049999999997 3.9 0
0 0 0 1 47.49049999999999 33.675 21.0 0.0077203 0.02288 2.0 0
0 1 0 0 45.96849999999999 38.4828 10.35 0.20269350499999997 0.23715 9.0 0
0 0 0 1 48.616 47.15337 19.0 0.01043 0.06804650000000002 3.15 0
1 0 0 0 60.0 59.99189 98.0 0.016234179471986653 4.2000000000000004e-05 1.85 0
0 0 1 0 48.217999999999996 42.922796500000004 16.45 0.06476729149999999 0.10239 2.0 0
0 1 0 0 47.19 44.085775 20.0 0.0087198 0.04371 3.0 0
0 0 0 1 51.101 46.784479999999995 14.0 0.037331 0.1065485 2.1 0
0 0 0 1 49.64099999999999 42.882105 19.0 0.010899 0.01903 1.0 0
0 1 0 0 41.0325 1.0 6.7 0.39301836500000004 1.0 1.0 0
0 0 0 1 49.858000000000004 51.58410499999999 34.0 0.00032452 0.016096500000000003 2.75 0
0 1 0 1 52.65200000000001 60.0 14.0 0.034038 0.00326 2.0 0
0 0 0 1 49.759 42.8034915 15.0 0.028639 0.02449 1.0 0
0 0 0 1 47.37950000000001 41.1638875 2.0 0.57143 0.141819 5.8 0
0 0 1 0 48.969500000000004 49.35278 8.0 0.1472 0.0074 1.0 0
0 0 0 1 50.97 43.33252 30.0 0.00097104 0.017431499999999996 2.0 0
0 0 0 1 53.803999999999995 50.15175 64.0 3.963e-07 1e-05 2.8 0
0 0 0 1 48.1075 18.3674 126.0 2.0242e-13 0.005 2.0 0
0 0 1 0 50.42 45.136269999999996 9.85 0.20318477000000001 0.15 9.0 0
0 0 1 0 51.633 60.0 9.0 0.11296 0.0 7.0 0
0 0 0 1 50.948499999999996 45.07096 23.0 0.0039945 0.10860599999999998 2.0 0
0 1 0 0 50.35447767066693 44.52678267539525 24.651144857041167 0.09658699853529934 0.10095995499099822 3.9706941388277657 0
0 0 0 1 47.464 44.709215 14.0 0.032925 0.43391 4.0 0
1 0 0 0 51.22 49.25022500000001 20.05 0.06152849855000001 0.053229500000000006 2.1 0
0 0 0 1 49.054 41.926855 33.0 0.00039859 0.026631500000000002 2.0 0
0 0 0 1 48.221500000000006 42.59821 22.0 0.0054489 0.1387145 2.1 0
0 0 1 0 59.947500000000005 58.182465 81.15 0.05852936627391324 0.0 1.0 0
0 0 0 1 49.266000000000005 44.79445499999999 26.0 0.0024438 0.114507 2.7 0
0 1 0 1 50.1745 60.0 21.0 0.006588 0.00263 1.0 0
0 0 0 1 47.592 41.050555 14.0 0.034267 0.08402700000000002 1.75 0
0 0 0 1 45.116 43.47726950000001 14.0 0.039153 0.08911 2.0 0
0 1 0 1 51.452 42.2034 16.0 0.021889 0.01172 2.0 0
0 0 0 1 55.7355 59.952465000000004 98.0 1.3743e-10 0.0 2.3 0
0 0 0 1 49.41 47.101445 44.0 3.4315e-05 0.00175 1.0 0
1 0 0 0 33.47 26.217360000000003 20.9 0.054240816010000005 0.1250495 1.75 0
0 0 0 1 48.106 46.659515000000006 31.0 0.0006832 0.0234315 2.05 0
0 0 0 1 56.39 44.96785 24.0 0.003734 0.11657849999999999 2.25 0
1 0 0 0 34.72 27.906479999999995 31.45 0.10249816605065973 0.082676 1.55 0
0 0 0 1 46.9795 34.043161 29.0 0.0010922 0.11789 2.0 0
1 0 0 0 40.16 30.26668 22.1 0.054204904285 0.0628375 1.9 0
1 0 0 0 55.04 55.81485 23.35 0.0221583810222325 0.037519 1.85 0
0 1 0 0 52.242000000000004 47.090050000000005 29.95 0.030371971517049994 0.00017 2.0 0
0 0 0 1 49.2375 42.242617 18.0 0.012589 0.134853 2.2 0
0 0 1 0 38.51 43.586865 22.95 0.10857459439999999 0.00084 2.0 0
0 1 0 0 53.406000000000006 53.5424 14.25 0.20842523599999999 0.0614645 3.45 0
0 0 0 1 47.8335 48.28611 29.0 0.0010162 0.0347595 1.95 0
1 0 0 0 47.48 47.8571 2.0 0.50392 0.28917 13.0 0
0 0 1 0 57.7325 53.642340000000004 4.5 0.5048073 1e-05 17.0 0
1 0 0 0 59.7 59.576274999999995 67.8 0.011280726612620907 0.024571 2.75 0
0 0 1 1 50.71 44.25571 23.0 0.004127 0.06583 2.0 0
1 0 0 0 43.83 35.98807000000001 16.75 0.1294475895 0.0984845 1.75 0
0 0 0 1 34.85 43.94011999999999 14.0 0.039244 0.17630549999999998 3.65 0
0 0 1 0 45.688 41.73459999999999 7.0 0.18991 0.03125 2.0 0
0 0 0 1 49.401 36.969015 6.0 0.20399 0.07879699999999999 6.65 0
0 0 0 1 32.55 30.799355 115.0 2.9104e-12 0.12661899999999998 1.6 0
1 0 0 0 49.22 43.29224500000001 22.5 0.05188762859064999 0.07375799999999999 1.95 0
0 0 0 1 46.016999999999996 39.21653 5.0 0.3107 0.3121 2.0 0
0 0 0 1 49.523999999999994 47.995925 17.0 0.016344 0.31138 1.0 0
0 1 0 0 43.26199999999999 55.0 14.3 0.08095241 0.08004 2.0 0
0 0 1 0 48.341499999999996 45.82466350000001 14.1 0.12998996450000003 0.05677 3.0 0
0 0 1 0 48.060500000000005 46.866945 12.0 0.052757 0.06434 2.0 0
1 0 0 0 54.02 43.802392999999995 4.0 0.32644 0.12095750000000001 4.25 0
0 0 0 1 47.11999999999999 46.178999999999995 17.0 0.018869 0.0767805 3.5 0
0 0 0 1 55.381499999999996 59.709 53.0 4.4811e-06 0.006025 4.15 0
0 0 0 1 43.15 39.13361999999999 20.0 0.0099867 0.05486800000000001 2.65 0
0 0 0 1 56.8 48.6284965 15.0 0.027859 0.098841 3.95 0
0 0 0 1 48.66949999999999 46.226055 20.0 0.009132 0.074358 2.2 0
0 0 0 1 48.87599999999999 37.8679305 19.0 0.010982 0.027645000000000003 2.25 0
0 0 0 1 47.4865 46.450715 19.0 0.012579 0.0961425 2.3 0
0 0 0 1 48.593 30.5878 27.0 0.0019404 0.02312 3.0 0
0 0 1 0 47.983999999999995 31.0645 12.0 0.052 0.00273 6.0 0
0 0 1 0 46.463499999999996 50.70869 10.0 0.093485 0.0 3.0 0
1 0 0 0 57.43 58.70059 15.95 0.11233378500000002 0.0879175 2.25 0
0 0 0 1 46.5495 44.91764 13.0 0.045845 0.12792849999999997 2.9 0
0 0 0 1 46.32449999999999 24.2745 13.0 0.042836 0.4975 1.0 0
0 1 0 0 47.16899999999999 42.050667 4.0 0.39782 0.1840025 3.75 0
0 0 0 1 47.190999999999995 38.455855 9.0 0.11468 0.46154 1.0 0
0 0 0 1 49.3805 16.6923 22.0 0.005481 0.47416 2.0 0
0 0 0 1 50.2305 48.42768 17.0 0.018343 0.08312150000000001 1.95 0
0 0 0 1 50.948499999999996 45.07096 23.0 0.0040821 0.15158 2.0 0
0 0 1 0 46.12 40.1700465 20.25 0.0653956796 0.01016 1.0 0
1 0 0 0 44.92 33.328265 16.85 0.075348495 0.060058499999999994 2.3 0
0 0 0 1 48.4925 39.91194 4.0 0.39286 0.55263 3.0 0
0 0 0 1 45.3415 41.717549999999996 13.0 0.045893 0.3964 2.0 0
0 0 0 1 45.9495 37.743719999999996 16.0 0.023388 0.08902 3.3 0
0 0 0 1 48.014500000000005 49.02478 21.0 0.006562 0.02489 2.0 0
0 1 0 0 46.829 51.5703 21.9 0.50253008239468 0.0 2.0 0
0 0 0 1 50.8435 46.159955000000004 14.0 0.035087 0.15953250000000002 3.05 0
0 0 0 1 47.83200000000001 49.02224500000001 17.0 0.017963 0.06670650000000002 3.85 0
0 0 1 0 49.8825 48.02439500000001 2.0 0.5905 1e-05 1.0 0
0 0 1 0 59.19500000000001 58.63666500000001 54.2 0.21766662893659486 0.0 3.0 0
0 0 1 0 50.109 57.58728 4.5 0.5052807254999999 1e-05 6.0 0
0 0 0 1 48.34 46.189902999999994 16.0 0.02063 0.145079 2.25 0
0 1 1 0 49.7905 30.7879 12.0 0.057098 0.00181 1.0 0
0 0 1 0 56.50750000000001 53.822945000000004 20.35 0.24787750521738 0.0003 5.0 0
0 0 0 1 47.5975 41.9796625 25.0 0.0029344 0.06128500000000001 2.3 0
0 0 0 1 46.8555 38.116595 18.0 0.014559 0.0696445 2.15 0
0 0 0 1 57.54 59.817 20.0 0.0091352 0.02407 1.0 0
0 0 0 1 51.79 46.32733499999999 21.0 0.0077233 0.09738300000000001 2.8 0
0 0 0 1 49.054 41.926855 33.0 0.00040314 0.026631500000000002 2.0 0
0 1 0 1 47.805 59.4267 21.0 0.0068014 0.10486399999999999 1.8 0
0 0 1 0 58.37 38.903769999999994 24.5 0.018129102319650002 0.00667 3.0 0
0 0 0 1 40.429500000000004 59.795015 255.0 0.0 0.0 1.95 0
0 0 1 0 49.364999999999995 50.70869 4.0 0.36842 0.0 3.0 0
0 0 0 1 49.0055 46.160275000000006 21.0 0.0070335 0.055925 2.25 0
0 0 0 1 47.02550000000001 41.403235 6.0 0.23636 0.205716 5.25 0
0 0 0 1 47.4865 46.450715 19.0 0.012428 0.08119 2.35 0
0 0 0 1 51.47149999999999 47.653225 62.0 5.522e-07 0.009673999999999999 2.3 0
0 0 0 1 47.169 47.90412 4.0 0.37535 0.15621549999999998 4.05 0
0 0 1 0 50.7555 45.095285 16.05 0.10676915950000002 0.01117 6.0 0
0 0 0 1 45.9745 51.06358 25.0 0.0025449 0.09309049999999999 4.15 0
1 1 1 0 60.0 60.0 71.0 6.3161e-08 0.0 2.0 1
0 0 1 1 49.2555 45.89945149999999 15.0 0.026698 0.00874 1.0 0
0 0 0 1 51.573000000000015 57.625 13.0 0.041152 0.2065 1.0 0
0 0 1 0 49.599 58.9655 18.0 0.013465 0.0 8.0 0
0 1 0 0 48.0375 40.304395 16.0 0.023037 0.047538000000000004 2.65 0
0 0 0 1 47.1545 39.50516 2.0 0.52419 0.1359445 4.45 0
0 0 0 1 49.4335 47.910624999999996 11.0 0.073242 0.47129 0.0 0
0 0 0 1 49.3525 47.774545 17.0 0.018688 0.082974 2.75 0
0 0 1 0 57.59100000000001 56.19512999999999 10.15 0.40623389881000005 0.00031 11.0 0
0 0 0 1 48.502 41.5941 7.0 0.18673 0.13213 5.0 0
1 1 1 1 60.0 59.6522 32.0 0.00061451 1e-05 6.0 1
1 0 0 0 59.98 59.905150000000006 146.5 5.81305472683816e-05 0.0139375 1.75 0
0 0 0 1 50.888 31.946805 6.0 0.22508 0.66667 2.0 0
0 0 0 1 47.54700000000001 43.842135 23.0 0.0048844 0.07628800000000001 2.05 0
1 0 0 0 59.98 59.905150000000006 146.5 5.81305472683816e-05 0.0139375 1.75 1
0 0 0 1 38.66 40.986101000000005 15.0 0.031276 0.09103 2.0 0
0 0 0 1 47.4875 44.400904999999995 24.0 0.0038253 0.10994 2.35 0
0 0 1 0 55.77 41.071675000000006 23.8 0.06702696889999998 0.00072 2.0 0
0 0 0 1 56.33149999999999 54.99870000000001 87.0 1.9393e-09 9.8e-05 1.85 0
0 0 0 1 54.028 57.62235999999999 68.0 1.3036e-07 0.024768500000000002 2.55 0
0 0 1 0 49.714 44.3522975 2.0 0.53846 0.0 16.0 0
0 0 0 1 56.28 46.0603 26.0 0.0023425 0.10524300000000002 2.4 0
0 0 0 1 47.704499999999996 37.584445 15.0 0.029289 0.1713645 2.35 0
0 1 0 0 47.7345 45.6586875 1.0 0.67594 0.35681 16.0 0
1 0 0 0 14.7 24.285625000000003 55.6 0.11406165106347914 0.20697000000000002 2.25 0
1 0 0 0 60.0 59.99189 98.0 0.016234179471986653 4.2000000000000004e-05 1.85 1
0 0 0 1 44.593 46.154450000000004 5.0 0.29977 0.200281 3.95 0
0 0 0 1 48.812 44.15959000000001 33.0 0.00047841 0.022029000000000003 2.1 0
0 0 0 1 56.763 59.795015 195.0 2.7037e-20 0.0 1.9 0
0 1 0 0 43.6585 7.0 11.15 0.16162874 1.0 3.0 0
0 0 0 1 50.30500000000001 40.46784 18.0 0.013849 0.11110499999999998 1.9 0
0 0 0 1 48.6875 43.150688499999994 13.0 0.048244 0.1369395 2.75 0
0 0 1 0 50.235499999999995 46.217095 0.0 1.0 0.0 11.0 0
1 0 0 0 53.59 31.288664999999998 6.0 0.20504 0.14814 4.0 0
0 0 0 1 54.34 49.002359999999996 35.0 0.00031067 0.01384 2.5 0
0 0 0 1 47.726 45.819925000000005 17.0 0.018948 0.103382 2.65 0
0 0 0 1 49.0295 57.7353 10.0 0.095362 0.14355800000000002 3.9 0
1 0 0 1 43.02 41.277095 13.0 0.047153 0.10049 2.0 0
1 1 1 1 60.0 60.0 37.0 0.00018045 0.00016 2.0 1
1 0 0 0 29.4 24.41237 16.85 0.10659051900000001 0.07857499999999999 2.5 0
0 0 0 1 50.637 46.26911 24.0 0.003468 0.21672 5.0 0
0 0 0 1 58.39300000000001 59.09851999999999 113.0 4.9341e-12 0.0 2.4 0
0 0 1 0 45.936 42.206579 15.4 0.1237243425 0.19962 1.0 0
0 0 0 1 45.460499999999996 38.4789215 7.0 0.19886 0.20124499999999998 3.8 0
0 0 0 1 46.68299999999999 41.558755000000005 17.0 0.016874 0.0992205 1.85 0
0 0 0 1 44.852 40.90417000000001 14.0 0.03915 0.167653 3.6 0
0 0 0 1 45.758500000000005 42.97256 5.0 0.28977 0.09014950000000002 5.25 0
0 0 0 1 49.3515 40.4702115 15.0 0.028006 0.02066 1.0 0
0 0 1 0 43.417 40.79491 16.05 0.0526310755 0.09493 1.0 0
0 0 0 1 49.577 46.96424999999999 14.0 0.038131 0.135489 2.85 0
0 0 0 1 45.617000000000004 50.42331 13.0 0.046446 0.134185 3.25 0
0 0 0 1 49.401 36.969015 6.0 0.20124 0.07104200000000001 4.8 0
0 0 0 1 45.9745 48.100685 25.0 0.0026832 0.049829 3.25 0
0 1 0 0 47.071 44.07909500000001 15.55 0.09820957799999999 0.02889 3.0 0
1 1 1 0 60.0 60.0 152.0 5.8415e-16 0.0 3.0 1
1 1 1 0 60.0 60.0 86.0 2.0951e-09 0.0 4.0 1
0 1 0 0 48.109500000000004 44.706255 12.6 0.137974455 0.16667 2.0 0
0 1 0 1 45.013999999999996 28.7321 13.0 0.042959 0.07088200000000001 3.0 0
0 0 0 1 51.076499999999996 42.823485 13.0 0.040932 0.129831 2.4 0
0 0 1 1 46.5375 49.034324999999995 5.0 0.29915 0.00017 5.0 0
0 0 0 1 44.852000000000004 43.937605000000005 14.0 0.039805 0.09316450000000001 2.45 0
0 0 0 1 51.274 43.222674999999995 24.0 0.0035731 0.08035400000000001 3.4 0
0 0 0 1 48.458 50.501551500000005 15.0 0.027644 0.0758635 3.55 0
0 0 1 0 44.953500000000005 37.9983815 7.0 0.19156 0.01493 1.0 0
1 1 1 0 60.0 60.0 124.0 3.4644e-13 0.0 1.0 1
0 0 0 1 43.93599999999999 39.831540000000004 3.0 0.45614 0.11237600000000003 5.4 0
0 0 0 1 48.366 45.065574999999995 17.0 0.018194 0.08766 1.0 0
0 1 0 1 54.07 52.4504 14.0 0.038662 0.02938 2.0 0
0 0 0 1 45.9165 43.661255000000004 25.0 0.0028081 0.06293499999999999 1.95 0
1 0 0 0 60.15 59.994499999999995 80.8 0.012898632390023076 0.0260265 1.9 0
0 0 0 1 49.03599999999999 48.49605 15.0 0.026911 0.09015050000000001 1.6 0
1 0 0 0 38.54 28.964617500000003 23.25 0.053817336009 0.09016149999999999 1.7 0
0 1 0 0 50.978 48.5283 21.8 0.0554378315945 0.06972249999999999 3.2 0
1 0 0 0 51.7 50.731395000000006 12.0 0.054652 0.10884 4.3 0
1 0 0 1 46.16 42.58809000000001 35.0 0.00027202 0.033966 3.15 0
0 0 0 1 56.78150000000001 58.81229 151.0 7.2591e-16 0.0 1.95 0
0 0 0 1 40.429500000000004 59.795015 255.0 0.0 0.0 1.95 0
0 0 0 1 49.26650000000001 42.59821000000001 22.0 0.0054724 0.14708749999999998 1.9 0
0 1 0 0 47.534499999999994 24.4706 16.0 0.019958 0.05992 3.0 0
0 0 0 1 47.725500000000004 46.764681499999995 10.0 0.092375 0.05757 20.0 0
0 0 0 1 47.03450000000001 44.053555 20.0 0.0097746 0.085826 2.55 0
0 1 0 0 50.35447767066693 44.52678267539525 24.651144857041167 0.09658699853529934 0.10095995499099822 3.9706941388277657 0
0 0 0 1 48.186 44.019135 24.0 0.0039354 0.01318 2.0 0
0 0 1 0 57.747 59.96 4.15 0.60261685 0.0 8.0 0
0 0 0 1 49.882000000000005 43.621120000000005 30.0 0.00093088 0.016028 2.0 0
0 0 0 1 45.436499999999995 44.665634999999995 31.0 0.00066818 0.04178 2.0 0
0 1 1 1 48.841499999999996 59.8966 37.0 0.00017308 4e-05 3.0 0
0 0 1 0 57.641 52.727845 11.8 0.5001882438001161 0.00016 12.0 0
0 1 0 0 44.051500000000004 9.0 9.7 0.20286855999999998 1.0 3.0 0
0 0 0 1 50.99 43.517745 55.0 2.7421e-06 0.0274335 1.85 0
0 0 0 1 48.146 44.152910000000006 14.0 0.038599 0.150386 2.75 0
0 0 0 1 59.96900000000001 57.547925 125.0 3.1493e-13 0.00025 1.6 0
0 0 0 1 51.804500000000004 44.06855 13.0 0.040837 0.34377 7.0 0
0 0 0 1 45.0065 44.739319 7.0 0.16629 0.22468300000000002 4.45 0
0 0 0 1 49.138000000000005 44.32136999999999 16.0 0.021705 0.11355 1.9 0
0 0 0 1 43.7655 40.13775 3.0 0.41053 0.1022665 6.95 0
0 0 1 0 57.7325 53.65029500000001 4.7 0.4899218 0.0 17.0 0
0 0 0 1 50.019000000000005 46.45652500000001 14.0 0.0367 0.096303 2.25 0
0 0 0 1 50.368 47.955020000000005 20.0 0.0081055 0.11327849999999999 1.85 0
0 0 0 1 36.23 44.8503 20.0 0.0083151 0.088489 2.3 0
0 0 0 1 53.246500000000005 60.0 22.0 0.0054486 0.40148 1.0 0
0 0 0 1 48.752500000000005 47.38821999999999 21.0 0.0063784 0.05183 3.0 0
0 0 0 1 50.1325 44.373765000000006 13.0 0.041789 0.092821 2.1 0
0 1 0 0 50.836999999999996 45.732620000000004 24.85 0.044350360765 0.00044 2.0 0
0 0 0 1 58.92 39.557145000000006 8.0 0.15679 0.145353 4.9 0
0 0 0 1 48.44199999999999 36.6649 16.0 0.024271 0.1551 1.0 0
0 0 0 1 48.812 44.159589999999994 33.0 0.00049779 0.022029 2.1 0
1 0 0 0 41.6 39.006079500000006 16.6 0.07575051890500001 0.08031 2.0 0
0 0 0 1 46.28150000000001 43.445235000000004 14.0 0.033863 0.1372295 3.6 0
0 0 0 1 49.950500000000005 59.6486 18.0 0.013777 0.16633 2.0 0
0 1 0 0 47.562 40.64259499999999 14.15 0.153929007 0.58333 1.0 0
0 0 0 1 47.545 59.858 18.0 0.015547 0.28998 1.0 0
0 0 0 1 48.831 44.071395 16.0 0.022093 0.1209895 3.15 0
0 0 0 1 46.523 45.12523 9.0 0.10859 0.17635949999999997 3.7 0
0 0 0 1 48.45799999999999 48.59713149999999 15.0 0.027689 0.07646250000000002 3.4 0
0 0 0 1 48.318000000000005 45.266675000000006 16.0 0.021308 0.10194099999999999 1.7 0
0 0 0 1 45.719 44.507308 16.0 0.020348 0.14315850000000002 3.05 0
0 0 0 1 46.5495 44.91764 13.0 0.045865 0.13051249999999998 2.9 0
1 0 0 0 58.33 60.0 26.5 0.028346080332 0.54337 3.0 0
0 0 0 1 44.4675 50.3684 14.0 0.032681 0.02311 2.0 0
0 0 0 1 48.15 41.592639999999996 17.0 0.017415 0.132137 2.0 0
0 0 0 1 56.81 44.188655 24.0 0.0038849 0.12505400000000005 2.45 0
0 0 0 1 47.638 43.6567 16.0 0.021858 0.11231399999999998 2.95 0
0 0 0 1 49.258500000000005 42.782595 16.0 0.022462 0.125354 2.5 0
0 0 0 1 49.135000000000005 38.890919499999995 19.0 0.012553 0.08861 2.0 0
0 0 0 1 48.779999999999994 45.934715000000004 13.0 0.041882 0.11389149999999999 2.0 0
0 1 0 0 48.5735 29.2955 12.0 0.056468 0.07873 2.0 0
0 0 1 0 47.457499999999996 38.43754 7.0 0.17307 0.03197 2.0 0
0 0 1 0 48.155 45.98630999999999 7.0 0.16864 0.0 5.0 0
0 0 1 0 56.50750000000001 54.06238 13.05 0.2501614748 0.00037 5.0 0
0 0 0 1 47.638 43.879275 16.0 0.021878 0.12406000000000002 3.0 0
0 1 0 0 49.561 43.94433 21.35 0.03520475905 0.00486 1.0 0
0 0 0 1 48.901 46.515695 26.0 0.0023228 0.11542249999999998 2.35 0
0 0 0 1 50.052 41.355740000000004 18.0 0.014302 0.1254385 1.9 0
0 1 0 0 48.7195 44.3134 5.0 0.25351 0.00259 1.0 0
0 0 0 1 50.093 38.17857 18.0 0.013801 0.08233499999999999 2.05 0
1 0 0 1 47.2 47.871245 28.0 0.0015066 0.028199000000000002 2.05 0
0 0 0 1 47.0395 43.492125 17.0 0.016739 0.116375 1.85 0
0 0 1 0 49.926 41.61597 0.0 1.0 0.0 10.0 0
1 0 0 0 56.26 53.0602 3.0 0.49255 0.30281 2.0 0
0 0 0 1 49.66 44.342425000000006 17.0 0.017597 0.120986 2.1 0
0 0 0 1 48.607000000000006 39.74557 15.0 0.02963 0.23026399999999997 1.95 0
0 0 0 1 52.8125 44.246935 24.0 0.0034983 0.1652195 2.8 0
0 0 0 1 51.859 43.64018 13.0 0.041424 0.07738799999999998 2.3 0
0 0 0 1 49.230999999999995 48.657695000000004 37.0 0.00017125 0.026455500000000003 2.7 0
0 0 0 1 47.0255 39.544065 6.0 0.23569 0.2070725 4.9 0
0 0 0 1 50.02 49.54121 42.0 5.0179e-05 0.038794 2.95 0
1 0 0 0 52.92 48.63798500000001 18.7 0.025842122549999996 0.037444000000000005 2.0 0
0 1 1 0 47.12649999999999 12.0222 7.0 0.17554 0.01246 1.0 0
0 0 0 1 48.851 39.43267 10.0 0.096125 0.11566800000000002 3.9 0
0 1 0 0 58.39 55.2396 7.0 0.19876 0.06022 1.0 0
0 0 0 1 48.61049999999999 45.41214000000001 22.0 0.0060276 0.0659535 2.2 0
0 0 0 1 48.0125 47.383245 19.0 0.010341 0.07351800000000001 2.95 0
0 0 0 1 52.339999999999996 47.090954999999994 14.0 0.037586 0.1763335 4.45 0
1 0 0 0 59.66 59.46541500000001 54.4 0.03191334549209608 0.056239 3.2 0
0 0 0 1 46.69499999999999 45.25981 9.0 0.10989 0.1686625 3.65 0
0 0 0 1 57.94 44.598560000000006 14.0 0.038074 0.135355 2.8 0
0 0 1 0 46.236000000000004 39.107400000000005 16.5 0.15633834390499998 0.07685 2.0 0
0 0 0 1 45.93300000000001 36.66614 9.0 0.12353 0.14286 3.0 0
0 0 0 1 49.88199999999999 43.612455000000004 30.0 0.00090788 0.0393965 2.0 0
0 0 0 1 55.7355 59.952465000000004 98.0 1.2673e-10 0.0 2.3 0
0 0 0 1 51.12 42.866094999999994 15.0 0.02864 0.107989 2.15 0
1 0 0 0 60.0 59.99189 98.0 0.016234179471986653 4.2000000000000004e-05 1.85 0
0 0 0 1 44.8685 40.15555500000001 3.0 0.4507 0.11607349999999997 3.6 0
0 0 0 1 59.593 53.44665500000001 72.0 5.2137e-08 7.7e-05 2.05 0
0 0 0 1 47.9195 45.41267 26.0 0.0021462 0.059802 2.4 0
0 0 0 1 46.7025 38.9400665 5.0 0.28226 0.15106950000000002 2.9 0
0 0 1 0 57.7325 47.120895 7.45 0.28113968 2e-05 25.0 0
0 0 0 1 45.07899999999999 48.488240000000005 17.0 0.017683 0.03509 2.0 0
0 0 0 1 51.266999999999996 42.2407985 22.0 0.00557 0.16501100000000002 1.6 0
0 0 0 1 46.38 43.1096 22.0 0.005865 0.0236 2.0 0
0 1 0 0 50.092 33.907 10.0 0.094928 0.00227 1.0 0
0 0 1 0 57.7325 47.291795 8.5 0.27290898500000005 0.00026 23.0 0
0 0 0 1 55.43 39.72521 19.0 0.010841 0.02669 1.0 0
0 0 0 1 46.78349999999999 47.323195000000005 16.0 0.0209 0.10363300000000002 2.2 0
0 0 0 1 45.254999999999995 44.917585 14.0 0.031669 0.15671 1.0 0
0 0 1 1 46.654500000000006 43.25028 3.0 0.47946 0.01427 2.0 0
0 0 0 1 49.345000000000006 41.01348 18.0 0.014892 0.00649 3.0 0
1 0 1 0 61.28 53.762635 2.7 0.66576335 0.0 10.0 0
0 1 1 0 55.8805 56.662 14.9 0.14418897654500004 1e-05 21.0 0
0 0 0 1 52.23 44.188655 24.0 0.0038937 0.130789 2.25 0
0 0 1 0 41.44 40.034635 11.05 0.14897965 0.36398 1.0 0
0 0 0 1 40.429500000000004 59.795015 253.0 4.6255e-26 0.0 1.95 0
0 0 1 0 47.852500000000006 49.698809999999995 12.1 0.28719469550000004 0.06409 7.0 0
0 0 0 1 47.208999999999996 45.261655000000005 35.0 0.00028497 0.011108000000000002 2.5 0
0 0 0 1 48.266999999999996 19.96 14.0 0.034287 0.10095 1.0 0
0 0 0 1 47.425 46.227070000000005 19.0 0.011746 0.01672 2.0 0
0 0 0 1 45.7565 43.923610000000004 14.0 0.033712 0.1355 3.35 0
0 1 1 1 46.14 28.9264 87.0 1.8868e-09 0.0 1.0 0
0 0 0 1 48.1655 59.9191 27.0 0.0015897 0.03281 2.0 0
0 0 0 1 48.51499999999999 41.26784 16.0 0.02283 0.07290200000000001 3.65 0
0 1 1 0 49.82600000000001 40.1354 2.0 0.60969 0.05135 4.0 0
0 0 1 0 56.50750000000001 47.04394 13.75 0.17711951875 0.00683 5.0 0
0 0 1 0 48.21099999999999 47.99088499999999 27.85 0.032983540512774995 0.00187 1.0 0
0 0 0 1 44.8685 39.831540000000004 3.0 0.45432 0.112376 4.7 0
0 0 0 1 53.803999999999995 51.49494 64.0 3.3041e-07 6.6e-05 2.9 0
0 0 0 1 45.529 48.694475 13.0 0.043182 0.1082635 3.15 0
0 1 1 0 50.78849999999999 42.91352500000001 17.3 0.09922284624999998 0.00278 4.0 0
0 0 1 0 55.6155 48.6728645 14.95 0.4390855217345 0.0 9.0 0
0 0 0 1 50.96600000000001 41.6239 22.0 0.0060145 0.08053 4.0 0
0 0 0 1 49.8575 36.8103 14.0 0.035743 0.03402 1.0 0
0 0 1 0 48.8975 47.9162 8.0 0.15165 0.0 1.0 0
0 1 1 1 60.0 59.3784 26.0 0.0024693 1e-05 11.0 1
0 0 0 1 50.08 47.45323499999999 14.0 0.035397 0.14765199999999998 2.75 0
0 0 0 1 48.656000000000006 44.7119 21.0 0.0064452 0.06875 1.0 0
1 1 1 1 60.0 60.0 33.0 0.00044511 7e-05 3.0 1
0 0 0 1 51.154 44.63539 7.0 0.175 0.44622 12.0 0
1 0 0 0 44.11 34.969550000000005 21.25 0.027704748999999994 0.07938200000000001 1.65 0
0 1 0 1 45.854000000000006 59.8603 14.0 0.03369 0.137982 3.15 0
0 1 0 0 59.8845 60.0 51.4 0.13680397870097638 0.061791 2.85 0
0 0 1 1 44.57000000000001 43.019214999999996 13.0 0.046686 0.53529 2.0 0
0 0 0 1 49.135000000000005 41.722834999999996 19.0 0.01257 0.32496 3.0 0
0 0 0 1 49.233999999999995 46.80025499999999 23.0 0.0045889 0.0767635 1.8 0
0 0 0 1 50.072500000000005 51.8671 24.0 0.0034315 0.1024 4.0 0
0 0 1 1 49.947500000000005 53.3462 7.0 0.19481 0.00245 3.0 0
0 1 1 1 48.62150000000001 17.4 22.0 0.0052711 0.00963 1.0 0
0 0 0 1 47.01950000000001 43.445235 14.0 0.034009 0.1053685 3.05 0
0 0 0 1 51.5835 46.38465 13.0 0.041178 0.06411 2.0 0
0 0 1 0 43.2155 38.49097 1.0 0.64783 0.32006 1.0 0
1 0 0 0 47.82 40.147544999999994 16.45 0.11434697299999999 0.069011 1.55 0
0 0 0 1 46.448499999999996 44.776898 4.0 0.31746 0.25251950000000006 6.8 0
0 0 0 1 47.592 41.050555 14.0 0.034261 0.08402700000000002 1.75 0
0 0 0 1 39.09 46.939544999999995 17.0 0.01979 0.154534 1.65 0
0 0 0 1 57.272000000000006 56.808535000000006 88.0 1.3914e-09 9.8e-05 1.75 0
0 0 0 1 49.054 41.926855 33.0 0.00041864 0.026631499999999995 2.0 0
0 1 0 0 48.940999999999995 25.9574 8.0 0.12737 0.02809 5.0 0
0 0 0 1 47.547000000000004 43.842135000000006 23.0 0.0049744 0.09846600000000001 1.9 0
0 0 0 1 50.495 38.18066 19.0 0.010748 0.19386 1.0 0
0 0 0 1 46.081 38.32601050000001 5.0 0.27974 0.123604 2.7 0
0 0 0 1 48.812999999999995 44.98228 8.0 0.12695 0.17955499999999996 2.35 0
0 0 1 0 48.88099999999999 44.89816000000001 3.0 0.42857 0.0 16.0 0
0 0 0 1 46.7685 46.437689999999996 4.0 0.35846 0.3043415 4.25 0
0 0 0 1 43.02400000000001 35.959545000000006 7.0 0.15966 0.08507 1.0 0
0 0 0 1 49.092999999999996 43.372615 18.0 0.01401 0.0802055 1.8 0
0 0 1 0 49.85850000000001 48.758689999999994 0.0 0.90443 0.00048 3.0 0
0 0 0 1 54.545 57.16633 69.0 1.1219e-07 0.024713000000000002 2.55 0
0 0 0 1 46.342499999999994 34.5522155 5.0 0.27668 0.16738450000000002 2.75 0
0 0 0 1 55.089 51.057 65.0 2.6174e-07 0.024508 2.7 0
0 0 0 1 52.027 45.105565 15.0 0.02856 0.0895765 2.45 0
1 0 0 0 49.0 43.509525000000004 19.6 0.06389895500310849 0.047199000000000005 2.2 0
0 0 0 1 49.536500000000004 49.344595 19.0 0.011846 0.18654849999999998 2.05 0
0 0 0 1 47.169 42.050667 4.0 0.38794 0.129082 4.85 0
0 0 0 1 45.9745 45.84547 25.0 0.0027414 0.05421300000000001 2.15 0
0 0 0 1 51.452999999999996 49.614125 16.0 0.024879 0.1043205 2.45 0
0 0 0 1 48.01049999999999 48.70754 1.0 0.63158 0.09635 6.35 0
0 0 0 1 48.851 39.43267 10.0 0.096195 0.11573800000000001 3.95 0
0 1 0 0 57.3 59.9679 20.65 0.06316983714885001 0.09304 2.65 0
0 0 1 0 43.473 40.401385999999995 13.5 0.12345057699999999 0.21465 2.0 0
0 0 0 1 50.672999999999995 49.3461315 32.0 0.00053429 0.03555899999999999 2.1 0
0 0 0 1 47.544500000000006 48.51365 23.0 0.0046917 0.020118499999999997 2.35 0
0 0 0 1 53.09 42.025605 31.0 0.00067652 0.00695 3.0 0
0 0 0 1 49.231 49.99601 37.0 0.00016149 0.02892450000000001 2.0 0
1 0 0 0 45.1 34.61876 21.25 0.067778604877775 0.05541800000000001 2.05 0
0 0 0 1 47.244499999999995 43.46483500000001 7.0 0.16482 0.53854 7.0 0
0 0 0 1 47.58399999999999 40.837509999999995 15.0 0.02948 0.15768600000000002 1.9 0
0 0 1 0 51.294 59.9315 2.0 0.57334 0.0 4.0 0
0 0 0 1 48.851 39.43267000000001 10.0 0.098318 0.09823049999999998 3.25 0
0 1 0 1 50.135000000000005 35.493 24.0 0.0033944 0.03887 2.0 0
0 0 1 0 47.794 45.567899999999995 22.5 0.035250496284999995 0.01728 1.0 0
0 0 0 1 47.557 40.57067 20.0 0.0092443 0.0886095 2.0 0
0 0 1 0 44.765 49.092505 0.0 0.86667 0.0 8.0 0
0 0 1 0 57.641 52.727845 9.6 0.5265203500001162 1e-05 12.0 0
0 1 0 0 58.772000000000006 59.9765 72.0 5.2977e-08 0.005645 2.65 1
1 0 0 0 53.62 52.320975 18.5 0.057120430199999996 0.047501499999999995 1.95 0
0 0 0 1 47.4365 47.845569999999995 23.0 0.0046946 0.020118499999999997 2.35 0
1 1 1 0 60.0 60.0 109.0 1.0005e-11 0.0 2.0 1
1 0 0 0 48.2 42.47718999999999 35.85 0.03969464102573035 0.0513755 1.8 0
0 0 0 1 45.76499999999999 48.4689 28.0 0.0014964 0.00145 2.0 0
0 0 1 0 56.69 45.30849 17.8 0.042429282 0.02493 2.0 0
1 0 0 0 52.73 38.048320000000004 3.0 0.40291 0.12059 4.45 0
1 0 0 0 44.83 33.871325 21.15 0.06821345811925 0.0770405 2.15 0
0 1 0 0 50.208 29.7115 19.0 0.010963 0.01308 2.0 0
0 0 0 1 46.44949999999999 48.306084999999996 17.0 0.01609 0.13609100000000002 3.95 0
0 1 0 1 48.14950000000001 51.4545 17.0 0.019554 0.18528 3.0 0
0 0 0 1 47.23 46.22766 21.0 0.0064335 0.0984445 2.05 0
0 0 0 1 49.82 43.885143 16.0 0.02278 0.1375 1.0 0
1 1 1 0 60.0 60.0 109.0 1.1678e-11 0.0 3.0 1
0 0 0 1 47.1545 39.505160000000004 2.0 0.52381 0.14940850000000003 4.25 0
1 0 0 0 41.68 30.281455000000005 18.4 0.086417531465 0.0939155 1.9 0
0 1 0 0 49.266 44.79445499999999 26.0 0.0024224 0.11321600000000002 2.75 0
0 0 1 0 49.047999999999995 35.323726 6.0 0.24208 0.09038 2.0 0
0 0 0 1 51.67 60.0 21.0 0.0068819 0.03673 2.0 0
0 0 1 0 48.355999999999995 38.013774999999995 15.65 0.089104985 0.11401 1.0 0
0 0 0 1 43.229 43.230975 3.0 0.4461 0.1452805 2.75 0
0 0 0 1 47.169 42.050667 4.0 0.3956 0.18400249999999999 3.75 0
0 0 0 1 47.858999999999995 40.682995 22.0 0.0054354 0.13600550000000003 2.0 0
0 0 0 1 46.228500000000004 49.8793 25.0 0.0028609 0.00082 1.0 0
0 0 1 0 51.96849999999999 42.9163 15.95 0.18953250400000002 0.00177 4.0 0
0 0 0 1 49.55149999999999 46.500834999999995 22.0 0.0060586 0.0913875 2.15 0
1 0 0 0 46.86 38.08187 17.55 0.082304398 0.0852045 1.8 0
0 0 0 1 50.0365 45.389900000000004 14.0 0.038241 0.13504199999999997 2.9 0
0 1 0 0 59.8845 60.0 51.4 0.13680397870097638 0.061791 2.85 0
1 0 0 0 43.17 48.16528699999999 13.9 0.10954837700000002 0.22636 1.0 0
0 1 0 1 48.801500000000004 54.9325 17.0 0.015985 0.0434 2.0 0
0 0 0 1 46.4955 30.970646 3.0 0.45856 0.41616 2.0 0
0 0 1 0 56.50750000000001 55.747569999999996 16.0 0.32074221730541996 0.0 5.0 0
0 0 0 1 49.9735 48.41493 15.0 0.025717 0.0904615 2.05 0
0 0 0 1 46.90050000000001 36.60231499999999 18.0 0.014731 0.05160300000000001 1.8 0
0 1 0 0 48.378 56.679 4.0 0.34426 0.03785 8.0 0
0 0 0 1 50.7555 46.96424999999999 14.0 0.038101 0.13548900000000003 2.85 0
0 1 1 0 46.93 27.2045 8.0 0.1544 0.02335 1.0 0
1 0 0 0 50.35 46.271114999999995 18.9 0.04864160395 0.07895949999999999 2.05 0
0 0 0 1 47.4865 46.450715 19.0 0.012581 0.0961425 2.3 0
0 0 0 1 48.9945 45.68776 15.0 0.030805 0.144447 1.95 0
0 0 0 1 58.69200000000001 59.60931000000001 119.0 1.0868e-12 0.0 2.4 0
0 0 0 1 49.400999999999996 36.969015 6.0 0.20588 0.13211650000000003 5.4 0
0 1 0 0 50.35447767066693 44.52678267539525 24.651144857041167 0.09658699853529934 0.10095995499099822 3.9706941388277657 0
0 0 1 0 39.28 42.7180265 15.2 0.083484662 0.10217 2.0 0
1 1 1 0 60.0 60.0 115.0 2.9689e-12 0.0 1.0 1
0 0 0 1 51.12 41.14102 15.0 0.028675 0.06869 2.15 0
0 0 0 1 49.242999999999995 45.35402 11.0 0.067758 0.0817735 3.65 0
0 0 0 1 45.4165 41.30401500000001 9.0 0.12547 0.23194649999999997 4.55 0
0 0 0 1 47.48650000000001 46.450715 19.0 0.012372 0.078692 2.55 0
1 0 0 0 47.63 40.49738 22.05 0.045225688505499996 0.08369650000000001 2.2 0
1 0 0 0 55.74 57.22862 21.45 0.016228623 0.044484499999999996 2.4 0
0 0 0 1 49.039 42.528825000000005 14.0 0.036063 0.11525649999999998 2.05 0
1 0 0 1 59.45 58.4563 15.0 0.025554 0.11152 1.0 0
1 0 0 0 49.44 39.917536999999996 4.0 0.39555 0.18400249999999999 3.75 0
0 0 0 1 38.38 43.786379999999994 9.0 0.11155 0.14174899999999996 4.95 0
0 1 0 0 50.682500000000005 55.0943 48.0 1.3142e-05 0.030957500000000006 6.5 0
0 1 1 1 46.05049999999999 37.3521 25.0 0.0029965 4e-05 2.0 0
0 0 0 1 46.319 40.02344 14.0 0.038925 0.18800100000000003 2.2 0
0 0 1 0 44.5185 45.170120000000004 7.0 0.1853 0.01586 2.0 0
1 0 0 0 48.51 43.772385 21.15 0.06991635684793501 0.059962 1.85 0
0 0 0 1 49.913 48.554410000000004 14.0 0.03727 0.13245 2.0 0
0 0 1 1 46.91 47.33714500000001 31.0 0.00073886 0.00377 1.0 0
0 1 1 0 57.0345 59.6984 9.05 0.3868335876399999 0.0 14.0 0
0 0 0 1 47.85900000000001 41.444455 22.0 0.0054251 0.11586250000000001 2.0 0
0 0 0 1 45.0415 42.6057 13.0 0.049706 0.08259699999999999 1.95 0
0 0 0 1 46.86 43.266830000000006 9.0 0.10617 0.14407 4.35 0
0 0 0 1 47.41250000000001 12.2975 34.0 0.00032925 0.00074 2.0 0
0 0 0 1 45.18750000000001 27.3018575 1.0 0.69479 0.64103 1.0 0
0 0 0 1 47.364 43.6154 6.0 0.22477 0.09742 3.0 0
1 0 0 0 22.1 24.285625000000003 29.85 0.0849068960587335 0.21980950000000005 2.35 0
0 0 0 1 49.847500000000004 45.629005 21.0 0.007291 0.1410855 2.0 0
0 0 0 1 48.12 41.89435 22.0 0.005347 0.0903195 2.0 0
0 0 0 1 49.605000000000004 41.26784 16.0 0.022745 0.10496849999999999 3.65 0
0 0 1 0 56.42750000000001 53.762635 3.5 0.677560634 0.0 10.0 0
0 0 0 1 45.56250000000001 49.1356 13.0 0.042576 0.17624250000000002 2.6 0
0 0 0 1 47.985 45.971211499999995 10.0 0.089356 0.43137 1.0 0
0 0 0 1 59.593 53.44665500000001 72.0 6.1622e-08 7.7e-05 2.05 0
0 0 1 0 57.641000000000005 52.727845 13.0 0.48482393000011614 0.0 12.0 0
0 0 1 0 56.50750000000001 55.747569999999996 16.0 0.32074221730541996 0.0 5.0 0
0 0 0 1 49.58050000000001 39.435680000000005 18.0 0.013561 0.08981750000000001 2.25 0
0 0 0 1 48.812 44.159589999999994 33.0 0.00049598 0.022029000000000003 2.1 0
0 0 0 1 48.516999999999996 49.4761615 15.0 0.027432 0.087971 2.75 0
0 0 0 1 43.855000000000004 44.56156599999999 17.0 0.017288 0.25175 2.0 0
0 0 0 1 47.1545 34.782469999999996 2.0 0.53216 0.2065925 5.15 0
0 0 1 0 56.50750000000001 55.33380999999999 39.6 0.27223963912045207 0.0 4.0 0
0 0 0 1 51.540000000000006 38.5294 19.0 0.01153 0.00594 1.0 0
0 0 0 1 47.993 40.8976825 25.0 0.0031015 0.10614100000000001 2.2 0
1 0 0 0 52.27 48.35047 29.35 0.05294045850000001 0.048422 2.2 0
0 0 0 1 49.644999999999996 48.40737500000001 14.0 0.034756 0.110178 3.9 0
0 0 0 1 40.429500000000004 59.795015 255.0 0.0 0.0 1.95 0
0 0 0 1 49.62499999999999 48.404959999999996 20.0 0.0084703 0.0511175 2.35 0
1 0 0 0 45.72 37.130365 15.65 0.06973245 0.048365500000000006 1.95 0
0 0 1 0 57.56 54.17863 3.7 0.5274955000000001 0.0 16.0 0
1 0 0 0 33.25 26.217359999999996 24.1 0.06536844715014553 0.147761 2.0 0
0 0 0 1 45.338 42.765 14.0 0.034137 0.105057 2.1 0
1 0 0 0 47.14 38.276844999999994 20.65 0.028791396909500007 0.042799500000000004 2.2 0
0 0 0 1 49.855500000000006 38.378 17.0 0.018655 0.03199 1.0 0
1 0 0 0 46.65 37.757169999999995 20.4 0.04758206400000001 0.08726550000000001 1.7 0
0 0 0 1 46.884 39.429880000000004 20.0 0.0092946 0.06405050000000001 2.9 0
1 0 0 0 45.82 36.97423500000001 17.2 0.09083052770000001 0.0415865 1.55 0
0 1 0 0 53.765499999999996 52.6214 15.8 0.180424313 0.03992199999999999 4.9 0
0 0 0 1 45.4165 39.740734999999994 9.0 0.12077 0.103887 5.3 0
0 1 0 1 47.2575 58.5341 10.0 0.089274 0.13264 3.65 0
0 0 1 0 49.81850000000001 45.151275 0.0 1.0 0.0 15.0 0
0 0 0 1 46.81699999999999 45.031535 23.0 0.0048885 0.04906 2.0 0
0 0 1 0 52.224000000000004 60.0 3.0 0.4729 0.0 2.0 0
0 0 0 1 50.66 40.22336 21.0 0.0075152 0.2532 3.0 0
0 1 0 0 50.35447767066693 44.52678267539525 24.651144857041167 0.09658699853529934 0.10095995499099822 3.9706941388277657 0
0 0 0 1 53.6245 52.15580500000001 48.0 1.3434e-05 0.004510499999999999 1.7 0
0 1 0 0 51.150000000000006 59.8611 13.0 0.041762 0.01279 2.0 0
0 0 0 1 47.993 40.8976825 25.0 0.0030704 0.091702 1.8 0
1 1 1 1 60.0 59.685 20.0 0.0086332 0.00622 2.0 1
1 0 0 1 46.42 38.8626 23.0 0.004995 0.07786 2.0 0
0 0 1 0 47.407000000000004 57.9355 0.0 0.98108 0.0 2.0 0
0 0 0 1 48.9505 45.17702 18.0 0.014084 0.12759800000000002 1.9 0
0 0 1 1 40.9 43.910017999999994 16.0 0.023762 0.03553 1.0 0
0 0 0 1 47.534499999999994 43.461403000000004 16.0 0.020006 0.19006 1.0 0
0 0 1 0 50.930499999999995 48.471975 3.0 0.39825 0.00191 1.0 0
1 0 0 1 52.54 41.029145 17.0 0.017178 0.10615050000000001 2.65 0
0 0 0 1 47.7425 50.04821 29.0 0.0011096 0.07193649999999999 2.3 0
0 0 0 1 46.131499999999996 45.722494999999995 11.0 0.078325 0.116231 2.8 0
0 0 1 0 46.359 42.41793 16.9 0.048594604 0.04239 2.0 0
0 0 1 0 49.3285 53.68411 10.85 0.31093957099999997 0.00272 8.0 0
0 0 0 1 51.212 47.28766 12.0 0.051432 0.07159 2.4 0
0 0 1 0 41.42400000000001 49.218182 16.4 0.08958899449999999 0.24265 1.0 0
0 0 0 1 49.7995 44.540344999999995 30.0 0.00087928 0.029593500000000012 2.35 0
0 0 1 1 45.495 44.338035000000005 11.0 0.071563 0.01103 1.0 0
0 0 0 1 46.446 42.76355 25.0 0.0028616 0.0850365 2.3 0
1 0 0 0 41.29 43.80239299999999 4.0 0.33175 0.097137 3.7 0
0 0 0 1 50.506499999999996 49.611965000000005 12.0 0.055399 0.1595785 4.7 0
0 1 0 0 53.6965 60.0 32.1 0.008587860180500001 0.01845 2.0 0
0 0 0 1 45.6905 17.3714 30.0 0.00089285 0.04068 1.0 0
0 0 0 1 52.20149999999999 42.17536 23.0 0.0042468 0.10429699999999997 2.05 0
0 0 1 0 50.109 57.58728 4.5 0.5052807254999999 1e-05 6.0 0
0 0 0 1 45.448 41.105030000000006 17.0 0.017095 0.0959585 2.6 0
1 0 0 0 42.36 42.96515 13.75 0.149128805 0.26905 1.0 0
1 0 0 0 59.05 59.13624 18.05 0.13841275865379 0.08706850000000001 2.05 0
0 0 1 0 49.563 42.828234 17.6 0.0341364485 0.02427 1.0 0
0 0 1 0 46.3205 41.400805 18.45 0.049050605 0.00968 2.0 0
1 0 0 0 49.68 43.439615 18.9 0.1294062426235 0.06058999999999999 1.9 0
0 0 0 1 51.98600000000001 44.011965000000004 13.0 0.04132 0.09190299999999998 2.35 0
0 0 1 0 49.562999999999995 42.828233999999995 19.4 0.026418102300000003 0.02433 1.0 0
0 0 1 0 51.9415 60.0 1.0 0.66698 0.0 6.0 0
0 0 0 1 45.9165 44.13875 25.0 0.0027923 0.061502 2.15 0
0 0 1 0 53.0755 59.2429 7.0 0.16462 0.0 10.0 0
0 0 0 1 54.091499999999996 60.0 22.0 0.0060549 0.19484 1.0 0
0 0 0 1 49.3525 47.774545 17.0 0.018674 0.082974 2.75 0
0 0 0 1 47.1545 40.075445 2.0 0.5265 0.1213435 3.85 0
0 0 0 1 51.282999999999994 53.639709999999994 50.0 9.2921e-06 0.034486499999999996 1.5 0
0 1 0 0 48.476 27.6806 10.0 0.083502 0.00809 2.0 0
0 1 0 0 59.8845 60.0 51.4 0.13680397870097638 0.061791 2.85 0
1 1 1 0 60.0 60.0 96.0 2.4835e-10 0.0 2.0 1
0 1 0 1 35.5 24.1818 11.0 0.067367 0.03846 1.0 0
0 0 0 1 48.329499999999996 47.944480000000006 20.0 0.0081584 0.12930600000000003 1.95 0
0 0 1 0 57.760000000000005 54.350624999999994 4.75 0.56248929 0.00027 13.0 0
0 0 0 1 47.447500000000005 54.7564 27.0 0.001854 0.0436 1.0 0
0 1 0 0 40.7195 0.0 0.0 0.81776 1.0 1.0 0
0 0 0 1 49.967 42.886489999999995 21.0 0.0078905 0.05213 1.0 0
1 0 0 1 47.12 44.301655 17.0 0.018906 0.12358 1.0 0
0 0 0 1 46.295500000000004 41.30228000000001 6.0 0.2416 0.1296095 4.45 0
0 0 0 1 50.227000000000004 42.7803215 15.0 0.026936 0.07059 1.0 0
0 1 0 0 55.485 60.0 12.0 0.06011 0.05751 3.0 0
0 1 0 0 45.084500000000006 36.1569 15.6 0.043671435 0.07241 1.0 0
1 1 1 0 60.0 60.0 87.0 1.8478e-09 0.0 1.0 1
0 0 0 1 46.5915 45.261655000000005 35.0 0.00026797 0.0322755 2.7 0
0 0 0 1 47.241499999999995 50.45355 42.0 6.2635e-05 0.033758500000000004 3.45 0
0 0 0 1 42.44 29.535719999999998 255.0 0.0 0.09901700000000002 2.45 0
1 0 0 1 46.96 43.253052000000004 18.0 0.012982 0.07774249999999999 2.95 0
0 0 0 1 49.142 42.5151115 15.0 0.029944 0.3455 1.0 0
1 0 0 0 60.0 59.99189 98.0 0.016234179471986653 4.2000000000000004e-05 1.85 0
0 0 1 0 46.06600000000001 42.09631 17.5 0.03378648 0.02351 2.0 0
0 0 0 1 51.452999999999996 49.614125 16.0 0.02487 0.1043205 2.45 0
0 0 0 1 47.892999999999994 39.06531 15.0 0.029553 0.1817935 1.9 0
0 0 0 1 57.078500000000005 57.277609999999996 80.0 7.9755e-09 0.0058275 2.25 0
0 0 0 1 52.82 49.42352000000001 19.0 0.01067 0.071993 1.75 0
0 0 0 1 46.474 42.860245 9.0 0.1121 0.16180999999999995 4.75 0
0 0 0 1 50.715999999999994 47.685500000000005 12.0 0.059824 0.0908775 5.35 0
0 0 0 1 45.719 44.507308 16.0 0.020315 0.1504315 2.9 0
0 0 1 1 48.686 50.70869 10.0 0.082831 2e-05 3.0 0
0 0 0 1 50.190000000000005 47.93954500000001 13.0 0.040224 0.18224500000000002 2.15 0
0 0 0 1 51.525999999999996 38.78373 6.0 0.21041 0.18677 14.0 0
0 0 0 1 46.448499999999996 44.776898 4.0 0.31818 0.25155050000000007 6.75 0
0 1 0 0 48.275000000000006 47.181779999999996 4.0 0.37096 0.00225 20.0 0
0 0 0 1 46.8985 38.967380000000006 13.0 0.048682 0.11811 1.0 0
0 0 1 0 47.301500000000004 45.771910000000005 14.65 0.10448883150000002 0.0155 2.0 0
1 0 0 0 60.0 59.99189 98.0 0.016234179471986653 4.2000000000000004e-05 1.85 0
0 0 0 1 48.851 39.43267000000001 10.0 0.099303 0.0972315 3.25 0
0 1 0 0 41.1335 26.2955 15.2 0.1039116229 0.19615 3.0 0
1 0 1 0 42.89 44.15 16.5 0.09928109499999999 0.00232 3.0 0
1 0 0 0 60.0 59.99189 98.0 0.016234179471986653 4.2000000000000004e-05 1.85 0
0 0 1 0 50.9585 46.534724999999995 15.05 0.09631918654999998 0.03065 5.0 0
0 0 0 1 58.24 46.179 17.0 0.018854 0.10005900000000001 3.1 0
0 0 0 1 46.6055 45.925664999999995 16.0 0.02086 0.114828 2.15 0
0 0 1 0 58.302 52.8424 54.45 0.13475244650142015 0.0 2.0 0
0 0 0 1 48.740500000000004 45.79001000000001 11.0 0.069117 0.13338700000000003 3.4 0
0 0 1 0 47.7675 50.26844 1.0 0.77723 0.00383 5.0 0
0 0 1 0 47.3865 38.1917 26.95 0.06112903156129999 0.00184 2.0 0
0 0 0 1 46.910000000000004 39.46781500000001 8.0 0.15146 0.081873 3.5 0
0 0 0 1 49.5805 39.435680000000005 18.0 0.013536 0.08981750000000001 2.25 0
0 0 0 1 49.234 46.80025499999999 23.0 0.0045879 0.07676350000000001 1.8 0
0 0 1 0 35.95 44.3998 20.45 0.021628475449999997 0.0371 1.0 0
0 0 0 1 40.429500000000004 59.795015 227.0 1.7686e-23 0.0 1.95 0
1 0 0 0 54.99 55.955034999999995 19.0 0.032935326 0.038180000000000006 2.0 0
0 0 0 1 46.8935 44.026855 16.0 0.024171 0.1125095 3.6 0
0 0 0 1 48.068999999999996 47.10921 13.0 0.044002 0.2114035 3.05 0
0 1 0 0 45.0845 35.7759 14.0 0.039236 0.01805 1.0 0
0 0 0 1 49.134 43.364755 14.0 0.03616 0.0801125 2.0 0
0 0 1 0 28.3 50.582845 14.95 0.14974981485 0.00372 6.0 0
0 0 0 1 45.709999999999994 48.660745000000006 28.0 0.0014265 0.0540915 2.15 0
0 0 0 1 47.96 44.823185 14.0 0.035742 0.12975299999999998 2.3 0
1 1 1 1 60.0 60.0 62.0 5.0605e-07 0.0 3.0 1
1 1 1 0 47.97 46.2903 16.75 0.10795726000000001 0.00739 2.0 0
0 0 0 1 49.9695 46.313665 26.0 0.002362 0.0946595 2.5 0
0 0 1 0 49.88 55.86254 1.0 0.72694 0.0 10.0 0
1 1 1 0 60.0 60.0 118.0 1.3684e-12 0.0 2.0 1
0 0 0 1 48.950500000000005 36.3787155 19.0 0.011135 0.087917 2.8 0
0 0 0 1 45.8615 42.972559999999994 5.0 0.2895 0.0901495 5.25 0
0 0 0 1 45.206500000000005 34.57062549999999 5.0 0.27266 0.15436100000000003 4.05 0
0 0 0 1 45.32449999999999 45.148045 3.0 0.48652 0.14920049999999999 7.35 0
1 0 0 0 41.53 41.56067499999999 8.0 0.14906 0.11329950000000003 3.4 0
0 0 0 1 40.429500000000004 59.795015 253.0 4.2041999999999997e-26 0.0 1.95 0
0 0 0 1 49.39349999999999 49.059799999999996 19.0 0.011888 0.191899 1.95 0
0 0 1 0 50.69799999999999 53.385145 12.0 0.053043 0.0 8.0 0
0 0 0 1 53.81 40.26626 18.0 0.013666 0.1435245 1.85 0
0 0 1 0 41.14 44.66679499999999 8.0 0.1486 0.03929 2.0 0
0 0 1 0 47.7215 47.13756000000001 4.0 0.35066 2e-05 13.0 0
0 0 0 1 47.82 39.756565 19.0 0.010683 0.09242 1.0 0
0 0 0 1 47.169 42.050667000000004 4.0 0.38596 0.0758635 5.75 0
1 0 0 0 45.14 48.963080000000005 5.0 0.29152 0.10328 3.0 0
0 0 0 1 46.498000000000005 40.1399135 13.0 0.048813 0.16727399999999998 2.05 0
0 1 0 0 57.55 40.72526 20.35 0.15893159355 0.00077 1.0 0
0 0 0 1 47.4365 46.83133 23.0 0.0047102 0.0197045 2.3 0
0 0 0 1 57.89 44.93785999999999 20.0 0.0081954 0.1489875 2.0 0
0 0 0 1 49.8935 17.8746 21.0 0.0072958 0.0327 3.0 0
0 0 1 0 55.05300000000001 56.3692 12.5 0.370125695657 0.0 9.0 0
0 0 0 1 50.140499999999996 41.027305 15.0 0.028818 0.071559 1.9 0
0 0 0 1 46.1515 40.260104999999996 14.0 0.038881 0.152614 2.1 0
0 0 0 1 43.898500000000006 44.579840000000004 14.0 0.031707 0.11566999999999998 2.35 0
0 0 0 1 49.054 41.926855 33.0 0.00041047 0.026631500000000002 2.0 0
0 1 0 0 47.601 26.0132 10.15 0.23387712499999996 0.15731 9.0 0
0 0 0 1 48.889500000000005 31.7495 48.0 1.5383e-05 0.00036 1.0 0
0 0 1 0 43.376999999999995 43.602099499999994 13.5 0.15602579 0.35038 2.0 0
0 0 1 0 41.32 42.19124 16.1 0.09221793549999999 0.00716 1.0 0
1 0 0 0 46.67 40.864755 16.9 0.046039495 0.02148 1.0 0
0 0 0 1 52.027 45.105565 15.0 0.02857 0.08957650000000002 2.45 0
0 0 0 1 48.00150000000001 44.3634105 19.0 0.010798 0.094352 2.1 0
0 0 0 1 49.79449999999999 42.2317915 15.0 0.02749 0.09207 1.0 0
0 0 0 1 49.858000000000004 51.584105 34.0 0.00033973 0.016648000000000003 2.75 0
0 0 0 1 59.074500000000015 55.488339999999994 71.0 7.9111e-08 8.000000000000001e-06 2.05 0
0 1 0 1 42.05 31.183 53.0 4.2989e-06 0.00058 1.0 0
0 0 0 1 51.70700000000001 47.907085 14.0 0.037171 0.13037 2.25 0
0 1 0 0 45.864000000000004 9.6055575 6.9 0.43097943999999994 0.9375 2.0 0
0 0 1 0 30.7 46.39178 12.9 0.09915253500000001 0.32805 2.0 0
0 0 0 1 49.238499999999995 45.69571999999999 24.0 0.0037388 0.0885445 2.25 0
1 0 0 0 60.0 59.99189 98.0 0.016234179471986653 4.2000000000000004e-05 1.85 0
1 0 0 0 60.0 59.99189 98.0 0.016234179471986653 4.2000000000000004e-05 1.85 0
0 0 0 1 50.21 48.05193 37.0 0.00019826 0.029941000000000002 2.95 0
1 0 0 0 60.0 59.99189 98.0 0.016234179471986653 4.2000000000000004e-05 1.85 0
0 1 0 0 47.470000000000006 21.5714 10.0 0.093221 0.01771 3.0 0
0 0 1 0 49.328500000000005 53.68411 6.2 0.58414086 0.0 8.0 0
0 0 0 1 51.12850000000001 46.196915 14.0 0.033028 0.16381649999999998 2.65 0
0 0 0 1 50.39149999999999 45.7729 24.0 0.0035481 0.02278 1.0 0
0 0 0 1 56.94 41.83367500000001 33.0 0.00043985 0.0446 2.0 0
0 0 1 0 49.3985 48.024395 2.0 0.50958 0.0 1.0 0
0 0 0 1 46.656 48.406330000000004 17.0 0.017907 0.08172299999999999 3.75 0
0 0 0 1 54.802499999999995 56.640769999999996 57.0 1.7833e-06 0.019403000000000004 1.95 0
0 0 1 0 44.6105 36.873695000000005 9.0 0.12241 0.2206 1.0 0
0 0 0 1 59.26649999999999 56.536654999999996 129.0 1.0084e-13 0.00025 1.55 0
0 0 0 1 51.286 46.312035 24.0 0.0033956 0.0373855 2.25 0
0 0 1 0 40.91 44.04764300000001 21.3 0.082412053 0.00292 2.0 0
0 0 0 1 50.8085 43.362331499999996 15.0 0.026523 0.24002 2.0 0
0 0 1 0 49.61 47.56 2.0 0.51954 0.02252 4.0 0
1 0 0 0 49.6 43.561609999999995 6.0 0.23979 0.13142550000000003 6.45 0
0 0 0 1 49.1635 41.1082415 15.0 0.028864 0.01351 2.0 0
1 0 0 0 60.0 59.99189 98.0 0.016234179471986653 4.2000000000000004e-05 1.85 0
0 1 0 0 37.134499999999996 25.9762 11.85 0.13682260499999999 0.16316200000000003 3.05 0
0 0 1 0 48.1015 40.086605 18.95 0.021224009999999998 0.02218 1.0 0
0 0 0 1 45.4165 40.677445 9.0 0.11839 0.12644699999999998 4.95 0
0 0 0 1 49.851 37.43088 6.0 0.21398 0.1657725 3.4 0
0 0 1 0 58.02 44.254718000000004 20.3 0.05149442244999999 0.00358 2.0 0
1 0 1 0 56.17 44.835705000000004 16.6 0.051048616000000005 0.01161 2.0 0
0 0 0 1 48.515 41.26783999999999 16.0 0.022844 0.06863299999999999 3.65 0
0 0 0 1 50.036500000000004 45.389900000000004 14.0 0.038234 0.13504199999999997 2.9 0
0 0 0 1 57.0875 55.32023 85.0 2.8928e-09 0.0007435 1.85 0
0 0 0 1 48.6875 43.8662585 13.0 0.048192 0.17689349999999998 2.2 0
0 0 1 0 45.08 49.569335 19.6 0.1393638185 0.00851 4.0 0
0 0 0 1 50.6365 44.291290000000004 13.0 0.041636 0.08668 1.85 0
0 0 0 1 48.48049999999999 44.407065 21.0 0.0064173 0.105065 2.05 0
1 0 0 0 43.73 35.875634999999996 22.5 0.01539861239 0.0823525 2.05 0
0 0 0 1 48.248 59.6552 8.0 0.1567 0.27298 2.0 0
0 0 0 1 49.4945 47.173935 15.0 0.025633 0.0894435 2.05 0
0 0 0 1 48.02900000000001 50.531819999999996 39.0 0.0001163 0.0528175 2.1 0
0 0 1 0 47.747499999999995 42.904804999999996 3.0 0.40198 0.05073 4.0 0
0 0 0 1 48.688 37.670715 10.0 0.081109 0.1524555 2.9 0
0 1 1 0 44.41 41.9881 10.0 0.079775 0.00915 2.0 0
0 0 0 1 49.858000000000004 51.58410499999999 34.0 0.00031922 0.016096500000000003 2.75 0
1 0 0 0 60.0 59.99189 98.0 0.016234179471986653 4.2000000000000004e-05 1.85 0
0 0 0 1 46.339 40.250685 25.0 0.0029089 0.065191 2.0 0
0 0 0 1 40.429500000000004 59.795015 255.0 0.0 0.0 1.95 0
0 0 0 1 49.799499999999995 45.86222 30.0 0.00083157 0.055774000000000004 2.25 0
0 0 0 1 49.45550000000001 42.436591500000006 15.0 0.028501 0.02891 1.0 0
1 0 0 0 18.38 24.285625000000003 42.5 0.11731313306347917 0.20697000000000002 2.25 0
0 0 0 1 46.976 45.378235000000004 31.0 0.00078953 0.055311 1.85 0
0 0 1 0 43.312000000000005 45.405175 0.0 1.0 0.0 6.0 0
0 1 1 0 52.27049999999999 50.2019 22.0 0.0057971 0.00303 3.0 0
0 0 0 1 47.827999999999996 59.2101 13.0 0.048634 0.23934 2.0 0
1 0 0 0 59.54 59.38663499999999 57.55 0.033055329949106406 0.06679049999999999 3.6 0
0 0 0 1 49.5775 42.2444 9.0 0.10909 0.56425 16.0 0
0 0 0 1 51.927 42.526415 23.0 0.0043874 0.12223200000000001 2.3 0
0 0 0 1 51.477999999999994 51.1939 15.0 0.025892 0.24026 2.0 0
0 0 0 1 48.197500000000005 59.9868 39.0 0.00010375 0.02513 3.0 0
0 0 1 0 46.846000000000004 38.448585 15.9 0.049227864999999996 0.00783 2.0 0
0 0 1 1 47.62149999999999 43.082074999999996 24.0 0.0039565 0.00348 1.0 0
0 1 1 1 48.94700000000001 45.349059999999994 14.0 0.036334 0.00059 4.0 0
0 0 0 1 49.483999999999995 49.015460000000004 29.0 0.0011959 0.033348 1.65 0
0 1 0 1 47.862500000000004 48.34808499999999 23.0 0.0048256 0.02306 5.0 0
0 0 0 1 50.0735 46.22418 14.0 0.036998 0.130525 2.3 0
0 0 1 0 45.8405 51.36892 14.2 0.29508270740000003 0.01329 7.0 0
0 0 1 0 56.50750000000001 53.747275 13.05 0.2501614748 0.00039 5.0 0
0 0 0 1 47.899 58.3231 12.0 0.054749 0.19315 2.0 0
0 0 0 1 49.40599999999999 48.38337 20.0 0.008492 0.04849 2.8 0
0 0 0 1 48.9505 36.3787155 19.0 0.011129 0.08619700000000001 2.7 0
1 0 0 1 51.73 40.242729999999995 10.0 0.083142 0.1329225 4.25 0
0 0 1 0 50.091499999999996 56.5965 1.0 0.64698 0.0 18.0 0
0 0 1 0 48.0715 59.8485 4.0 0.33255 0.0 5.0 0
0 1 0 0 43.2045 0.0 5.85 0.45836299 1.0 2.0 0
0 1 0 0 50.35447767066693 44.52678267539525 24.651144857041167 0.09658699853529934 0.10095995499099822 3.9706941388277657 0
0 0 1 0 58.302 52.8424 54.45 0.13475244650142015 0.0 2.0 0
0 0 0 1 46.5125 45.131655 13.0 0.047453 0.10024750000000002 2.4 0
1 0 0 0 60.11 60.010434999999994 50.35 0.01294743102906285 0.026082 1.9 0
0 0 0 1 49.266 44.79445499999999 26.0 0.0025003 0.114507 2.7 0
0 0 1 0 46.164 47.16163 8.0 0.15101 0.0 8.0 0
0 0 0 1 40.429500000000004 59.795015 255.0 9.41673e-43 0.0 1.95 0
1 0 0 0 60.0 59.99189 98.0 0.016234179471986653 4.2000000000000004e-05 1.85 0
0 0 0 1 51.5705 41.442625 23.0 0.0042193 0.10431249999999999 2.05 0
0 0 0 1 52.061 48.062470000000005 22.0 0.0058773 0.31048 1.0 0
0 1 0 1 48.2975 55.8627 4.0 0.35172 0.00125 24.0 0
0 0 0 1 47.726 45.819925000000005 17.0 0.018928 0.103382 2.65 0
0 1 0 0 50.54899999999999 45.3133 13.55 0.09777274999999999 0.02668 5.0 0
0 0 0 1 44.88 43.00794499999999 13.0 0.046001 0.1265365 2.85 0
0 0 1 0 44.262 39.97737500000001 12.6 0.147603965 0.41667 2.0 0
0 0 0 1 50.674499999999995 46.130105 14.0 0.035475 0.12515 2.25 0
0 1 0 0 53.26649999999999 49.448375000000006 9.45 0.371838814 0.01501 9.0 0
0 0 1 0 56.16600000000001 58.4211 8.05 0.26379679999999994 0.0 20.0 0
0 0 0 1 45.424 45.98998999999999 13.0 0.047224 0.1340895 2.7 0
0 0 0 1 49.495 43.049965 16.0 0.022261 0.09853350000000001 2.2 0
0 0 0 1 38.67 47.775651499999995 32.0 0.00050364 0.05777 2.25 0
0 0 0 1 42.775 18.0 31.0 0.00077094 0.6 1.0 0
0 0 0 1 47.094500000000004 46.01512 23.0 0.0047614 0.034403 2.65 0
0 0 1 0 44.76499999999999 46.35352499999999 0.0 1.0 0.0 8.0 0
0 0 0 1 49.322500000000005 47.96205 40.0 9.868e-05 0.024267500000000004 2.3 0
0 1 0 0 50.35447767066693 44.52678267539525 24.651144857041167 0.09658699853529934 0.10095995499099822 3.9706941388277657 0
0 0 0 1 47.665499999999994 46.834388000000004 4.0 0.34557 0.2337955 5.55 0
1 0 0 0 42.39 47.21784000000001 26.5 0.05898112 0.38666 6.0 0
0 0 0 1 50.590500000000006 44.399335 24.0 0.0035992 0.05548749999999999 3.4 0
0 0 0 1 45.9745 51.063579999999995 25.0 0.0025931 0.0923745 4.25 0
0 0 0 1 51.452999999999996 49.614125 16.0 0.024915 0.1010025 2.45 0
0 0 0 1 46.668 55.8684 10.0 0.084679 0.05226 2.0 0
0 0 1 0 56.84999999999999 49.32546999999999 20.25 0.21142579869999997 8e-05 3.0 0
1 1 1 0 46.06 34.0816 132.0 5.2887e-14 0.0 2.0 0
0 0 0 1 49.166000000000004 47.15337 19.0 0.010391 0.0970315 3.15 0
0 0 0 1 47.7995 46.981563 4.0 0.33851 0.10376749999999998 5.85 0
0 0 0 1 51.927 42.526415 23.0 0.0043857 0.12223199999999998 2.3 0
1 0 0 0 60.0 59.99189 98.0 0.016234179471986653 4.2000000000000004e-05 1.85 1
0 0 0 1 48.85099999999999 39.43267000000001 10.0 0.097906 0.08463099999999998 3.2 0
0 0 1 0 50.81099999999999 45.666205000000005 22.45 0.10858641364999999 0.00077 1.0 0
0 0 0 1 44.852 43.937605000000005 14.0 0.039634 0.09316450000000001 2.45 0
0 1 0 0 50.35447767066693 44.52678267539525 24.651144857041167 0.09658699853529934 0.10095995499099822 3.9706941388277657 0
0 1 0 1 48.56100000000001 48.694 15.0 0.028963 0.156729 2.35 0
0 0 0 1 58.1185 57.43004 105.0 2.8181e-11 0.0 1.75 0
1 0 0 0 58.9 59.052009999999996 19.6 0.10593260865378999 0.0982705 2.3 0
0 0 0 1 52.27 47.083555000000004 24.0 0.0033686 0.033141 2.35 0
0 1 0 1 49.9885 54.6772 17.0 0.016259 0.00373 1.0 0
1 0 0 0 49.33 43.44758 29.8 0.03399843121000001 0.067621 1.55 0
0 1 0 0 43.1485 41.60796 13.2 0.116069905 0.13727 4.0 0
1 0 0 0 60.0 59.99189 98.0 0.016234179471986653 4.2000000000000004e-05 1.85 0
0 0 0 1 46.8345 38.0274495 16.0 0.020567 0.13839 2.0 0
0 0 1 0 48.775000000000006 43.961102999999994 18.85 0.079112373 0.00344 2.0 0
0 0 0 1 47.169 42.050667 4.0 0.38746 0.129082 4.85 0
1 0 0 0 60.0 59.99189 98.0 0.016234179471986653 4.2000000000000004e-05 1.85 0
0 1 0 1 48.44 45.587 17.0 0.016915 0.10124 3.0 0
0 0 0 1 54.028 57.62235999999999 68.0 1.3718e-07 0.024768500000000002 2.55 0
0 0 0 1 49.0065 44.05521 14.0 0.036518 0.11430499999999999 2.75 0
0 0 1 0 50.0295 43.0714 9.95 0.25725425999999996 0.0004 20.0 0
1 0 0 0 49.44 42.960699999999996 21.45 0.0705902877935 0.0220565 1.85 0
0 1 0 0 41.0325 0.0 4.35 0.5742076399999999 1.0 1.0 0
0 1 0 0 50.053000000000004 50.1356 60.0 7.9852e-07 0.006636 9.7 0
0 0 0 1 49.322500000000005 47.96205 40.0 9.5924e-05 0.024267499999999997 2.3 0
0 0 1 0 52.53399999999999 60.0 0.0 1.0 0.0 6.0 0
0 0 0 1 50.144000000000005 52.4312 19.0 0.010197 0.01089 1.0 0
0 0 1 1 45.42 50.70305 17.0 0.017094 0.02144 4.0 0
0 0 0 1 51.57 47.7008 18.0 0.013469 0.02841 1.0 0
0 0 0 1 48.529 45.464414999999995 15.0 0.030261 0.16815349999999998 1.8 0
0 0 0 1 50.40650000000001 50.36619 24.0 0.003328 0.009315 2.95 0
0 0 0 1 45.709999999999994 48.660745000000006 28.0 0.0014243 0.054091499999999994 2.15 0
0 0 1 0 50.037000000000006 44.3783 17.55 0.09545982125 0.00317 4.0 0
1 0 0 0 58.65 42.858315 5.0 0.26648 0.56028 1.0 0
1 0 0 0 49.12 42.655699999999996 25.6 0.0575877380937585 0.078041 2.1 0
0 0 0 1 47.433 53.7215 14.0 0.038237 0.02747 1.0 0
0 0 0 1 47.0255 41.32381 6.0 0.23474 0.18269950000000004 3.25 0
1 0 0 1 45.27 46.28103 22.0 0.0050523 0.15677 3.0 0
0 0 1 0 55.3865 49.72347 19.05 0.22312013095 0.0002 3.0 0
0 0 1 0 59.19500000000001 58.63666500000001 54.2 0.21766662893659486 0.0 3.0 0
1 0 0 0 45.04 33.09028 22.45 0.026883661377775 0.05098699999999999 2.25 0
0 0 0 1 46.849999999999994 4.0 20.0 0.0082018 1.0 1.0 0
0 0 1 0 49.509 44.635605000000005 0.0 0.87757 7e-05 16.0 0
0 0 0 1 50.013000000000005 46.456525 14.0 0.036743 0.0714275 2.35 0
0 0 0 1 47.1545 33.847475 2.0 0.53755 0.26764350000000003 5.4 0
0 0 0 1 43.7655 37.67251 3.0 0.42105 0.1870525 7.25 0
0 0 0 1 45.416999999999994 34.444255 3.0 0.42428 0.52132 4.0 0
0 0 0 1 44.338499999999996 47.54257 17.0 0.017506 0.55263 3.0 0
0 1 0 0 50.35447767066693 44.52678267539525 24.651144857041167 0.09658699853529934 0.10095995499099822 3.9706941388277657 0
0 0 0 1 50.31949999999999 49.026855 19.0 0.011696 0.143368 2.0 0
1 0 0 0 50.25 46.52216 17.65 0.07447471750000001 0.08625099999999998 1.85 0
0 0 1 1 37.9 46.21754299999999 16.0 0.020047 0.00706 2.0 0
0 0 0 1 44.004000000000005 50.411875 13.0 0.046585 0.1414045 3.55 0
0 0 0 1 50.054 44.264398500000006 13.0 0.047941 0.15015150000000002 2.6 0
1 0 0 0 41.69 30.391135 19.6 0.063191366465 0.0939155 1.9 0
0 0 0 1 47.7855 43.28359999999999 18.0 0.015505 0.0670265 1.35 0
0 0 0 1 45.460499999999996 39.6153315 7.0 0.1916 0.179364 4.1 0
0 0 0 1 47.8855 42.71235 20.0 0.0086702 0.02126 3.0 0
0 0 0 1 46.9855 45.637665 16.0 0.023885 0.16277650000000002 3.9 0
0 1 0 0 55.34100000000001 56.1635 13.8 0.166527675 0.04079599999999999 4.0 0
1 0 0 0 48.92 44.1951 9.0 0.10371 0.19650600000000001 4.35 0
0 0 1 1 49.4375 49.168965 34.0 0.00038996 0.0 1.0 0
0 0 0 1 49.799499999999995 46.28599 30.0 0.00087016 0.030254000000000003 2.15 0
0 1 0 0 59.8845 60.0 51.4 0.13680397870097638 0.061791 2.85 0
1 0 0 0 60.0 59.99189 98.0 0.016234179471986653 4.2000000000000004e-05 1.85 0
0 0 1 0 56.50750000000001 55.33380999999999 39.6 0.27223963912045207 0.0 4.0 0
1 0 0 0 60.0 59.99189 98.0 0.016234179471986653 4.2000000000000004e-05 1.85 1
0 0 0 1 47.862500000000004 38.125386500000005 23.0 0.0048082 0.1262 2.0 0
0 0 1 0 48.974999999999994 59.3971 2.0 0.62447 0.0 1.0 0
0 0 0 1 49.9 45.91408 22.0 0.0052162 0.00357 4.0 0
0 0 1 0 49.328500000000005 53.68411 11.95 0.28914956599999997 0.00102 8.0 0
0 1 0 1 48.56450000000001 46.31598000000001 21.0 0.0065429 0.0115 2.0 0
0 0 0 1 40.429500000000004 59.795015 255.0 0.0 0.0 1.95 0
0 0 0 1 45.528999999999996 46.20326999999999 13.0 0.04327 0.155568 3.2 0
0 0 1 0 48.4115 43.42297 9.0 0.11448 0.0 4.0 0
0 0 0 1 46.080000000000005 49.1356 13.0 0.042492 0.16959950000000001 2.6 0
0 0 0 1 49.91349999999999 47.936364999999995 32.0 0.00052814 0.00351 1.0 0
0 1 0 1 48.111 44.3694 36.0 0.00023185 0.00077 1.0 0
0 0 0 1 50.43650000000001 42.855905 21.0 0.0071975 0.078587 2.05 0
0 0 0 1 44.75 33.15034 3.0 0.49852 0.6 2.0 0
0 0 0 1 46.524 43.666498000000004 16.0 0.023134 0.024 1.0 0
0 0 0 1 45.1175 49.45458000000001 13.0 0.042902 0.1119475 2.35 0
0 0 0 1 48.85 46.71777 43.0 4.945e-05 0.016966500000000002 2.7 0
0 0 0 1 51.265 60.0 23.0 0.0048578 0.4425 1.0 0
0 0 0 1 47.596999999999994 30.796054000000005 32.0 0.00050402 0.2657 2.0 0
0 0 0 1 45.854 43.127089999999995 14.0 0.033595 0.17122600000000002 2.55 0
0 0 0 1 46.7825 42.122955000000005 9.0 0.12491 0.01932 5.0 0
0 1 0 0 53.8045 52.5323 15.1 0.18137324800000001 0.0428775 4.9 0
0 0 1 0 52.30749999999999 58.8302 0.0 0.88161 0.0 15.0 0
1 0 0 0 51.88 48.88202 19.45 0.047766331 0.04530849999999999 1.95 0
0 0 1 0 45.494 58.7727 1.0 0.73145 0.0 6.0 0
0 0 0 1 52.33950000000001 46.306059999999995 47.0 1.9948e-05 0.024226000000000004 1.85 0
0 0 1 0 29.78 34.9815 0.0 0.8363 0.03918 2.0 0
0 0 1 0 43.6 49.13295999999999 20.1 0.30053004069926 0.0 4.0 0
0 0 0 1 49.054 41.926855 33.0 0.00040722 0.026631500000000002 2.0 0
0 0 0 1 48.4895 47.32798 33.0 0.00045351 0.03218 2.0 0
0 0 0 1 51.2265 39.599180000000004 6.0 0.24348 0.29515 5.0 0
0 0 0 1 48.687999999999995 37.63552500000001 10.0 0.082408 0.1330875 3.85 0
0 1 0 1 46.131499999999996 45.722494999999995 11.0 0.079386 0.116231 2.8 0
0 0 0 1 58.03649999999999 59.048204999999996 95.0 2.7566e-10 0.0 2.35 0
1 0 0 0 56.81 45.015249999999995 12.0 0.051279 0.12436850000000002 2.55 0
0 1 0 1 45.9195 56.8207 31.0 0.00065429 0.00254 1.0 0
0 1 0 1 48.6855 15.1842 33.0 0.00040427 0.03292 1.85 0
0 0 0 1 46.963499999999996 58.5692 16.0 0.023332 0.04412 8.0 0
1 0 0 0 51.37 49.010614999999994 17.1 0.091254305 0.053382 2.1 0
0 0 0 1 44.842 9.5 3.0 0.42627 1.0 1.0 0
0 0 1 0 49.416 60.4545 18.35 0.0717114936 0.01329 3.0 0
0 1 0 1 47.8335 12.4 10.0 0.082021 1.0 2.0 0
1 0 0 0 45.38 44.013180000000006 8.0 0.13961 0.07773 3.15 0
0 0 0 1 46.09400000000001 47.943720000000006 21.0 0.0067737 0.09603149999999999 2.3 0
0 0 0 1 53.3 46.194379999999995 16.0 0.024109 0.10610549999999999 4.3 0
0 1 0 0 48.603 59.6374 11.0 0.076849 0.14408949999999998 6.5 0
0 0 0 1 49.230999999999995 49.99601 37.0 0.0001652 0.02892450000000001 2.0 0
0 0 1 0 57.760000000000005 53.45858500000001 2.15 0.63805215 0.0 15.0 0
0 0 0 1 44.9695 43.65868 39.0 0.00010287 0.01401 2.0 0
0 0 0 1 53.161500000000004 46.396015 63.0 4.1051e-07 0.0001015 1.95 0
0 0 1 0 49.244 45.5834135 15.2 0.11693185349999999 0.05497 3.0 0
0 0 0 1 43.7655 40.137750000000004 3.0 0.40171 0.12068550000000003 4.35 0
0 0 0 1 47.53 50.1853 42.0 5.8451e-05 0.0337585 3.45 0
0 0 0 1 45.813500000000005 37.978404999999995 25.0 0.0027396 0.05234 1.0 0
0 0 0 1 47.797 49.88350499999999 17.0 0.018088 0.044087 2.0 0
0 0 1 0 50.5815 21.75 11.5 0.29772165190000005 0.00082 5.0 0
1 0 0 0 60.0 59.99189 98.0 0.016234179471986653 4.2000000000000004e-05 1.85 0
0 0 0 1 46.325 44.910315 13.0 0.042884 0.11773 3.0 0
0 0 1 0 55.61550000000001 48.56697 9.8 0.49789791435700004 0.00015 9.0 0
1 0 1 0 37.51 47.807025 16.9 0.050162715000000004 0.03121 1.0 0
0 0 1 0 45.438 9.0 16.5 0.05495182999999999 0.11765 1.0 0
0 0 0 1 49.2205 44.355905 14.0 0.036359 0.12447699999999999 2.7 0
0 0 0 1 46.281499999999994 43.445235 14.0 0.033956 0.1134795 3.1 0
1 0 0 0 60.0 59.99189 98.0 0.016234179471986653 4.2000000000000004e-05 1.85 0
1 0 0 0 44.8 33.871325 22.35 0.034542143119249996 0.05996950000000002 2.2 0
0 0 0 1 48.810500000000005 48.28537 26.0 0.0022847 0.13799299999999998 1.65 0
0 1 0 1 52.61400000000001 60.0 32.0 0.00056453 0.00044 2.0 0
0 0 1 0 51.521 47.3333 6.45 0.527638749 0.0 13.0 0
0 0 0 1 45.051 33.5669 28.0 0.0013676 0.07263 1.0 0
1 1 1 1 59.16 56.5077 13.0 0.049488 0.00952 2.0 1
0 1 0 0 55.11 59.7143 17.95 0.10079427448999997 0.00553 1.0 0
0 0 0 1 57.0875 55.32023 85.0 2.5596e-09 0.0007435 1.85 0
1 0 0 0 60.0 59.99189 98.0 0.016234179471986653 4.2000000000000004e-05 1.85 0
1 0 0 0 44.55 47.24553 4.0 0.35089 0.1767675 6.75 0
0 0 1 0 49.328500000000005 53.68411 11.75 0.292274485 0.00014 8.0 0
0 1 0 1 53.4505 59.5357 30.0 0.00088667 0.06541300000000001 2.2 0
0 0 0 1 48.0375 40.30439500000001 16.0 0.023006 0.055945 2.7 0
0 0 0 1 47.0255 41.32381 6.0 0.23474 0.18269950000000004 3.25 0
0 0 0 1 44.63 44.10771 24.0 0.0034003 0.044983499999999996 2.35 0
0 0 0 1 53.3405 52.292245 54.0 3.7474e-06 0.003967499999999999 3.6 0
0 0 0 1 51.8045 43.992975 13.0 0.040541 0.05901 6.0 0
0 0 1 1 44.6265 33.617621 5.0 0.26964 0.09806 2.0 0
0 0 0 1 45.2425 41.10481 14.0 0.038755 0.03589 1.0 0
0 0 1 0 50.76649999999999 49.729485000000004 14.0 0.035494 0.0 8.0 0
0 1 0 0 50.815000000000005 58.6056 11.0 0.065907 0.1077 6.0 0
1 0 0 0 43.93 35.20969 17.3 0.15389642599999998 0.0860085 1.75 0
0 0 0 1 51.045 44.76341 23.0 0.0042687 0.10975349999999999 1.95 0
0 0 0 1 45.0415 42.6057 13.0 0.049778 0.07506949999999998 2.4 0
0 0 1 0 50.61200000000001 51.306025 15.5 0.0942639295 0.05758 5.0 0
0 0 0 1 43.765499999999996 34.31001500000001 3.0 0.43137 0.205328 3.4 0
1 0 0 0 52.54 48.25446 15.85 0.0886989955 0.050959500000000005 2.15 0
0 1 0 0 41.0325 24.0 7.25 0.376246115 1.0 1.0 0
0 0 1 0 56.905499999999996 58.1538 7.7 0.5396884388100001 0.0 11.0 0
0 0 0 1 49.575 46.41512999999999 18.0 0.015372 0.00035 4.0 0
0 1 0 0 55.325 54.6216 12.0 0.17580660210000001 0.18379 21.0 0
0 0 0 1 47.638 33.769664999999996 20.0 0.0094031 0.05966049999999999 3.35 0
0 0 0 1 48.039 46.13143 16.0 0.024293 0.108353 2.3 0
1 0 0 0 60.0 59.99189 98.0 0.016234179471986653 4.2000000000000004e-05 1.85 0
0 0 0 1 45.813500000000005 48.407639999999994 25.0 0.0025743 0.02449 14.0 0
0 0 0 1 48.329 46.967209999999994 43.0 4.5295e-05 0.009711000000000001 2.7 0
0 0 0 1 33.45 47.775651499999995 32.0 0.00055775 0.06718549999999998 2.55 0
0 0 0 1 47.4875 44.400904999999995 24.0 0.0038254 0.10994000000000001 2.35 0
0 0 1 0 51.714 48.12736 44.0 3.4726e-05 0.0 1.0 0
0 0 0 1 46.564 44.8514495 36.0 0.00022181 0.08969649999999998 2.7 0
0 1 1 0 49.6255 50.737944999999996 52.0 5.8496e-06 1e-05 3.0 0
0 0 1 1 43.33900000000001 37.877134999999996 8.0 0.13146 0.07209 1.0 0
0 0 0 1 48.741499999999995 42.25186 15.0 0.031425 0.14496599999999998 3.25 0
1 1 1 0 59.81 59.9455 120.0 9.9635e-13 0.0 1.0 1
0 0 0 1 50.093 38.17857 18.0 0.013792 0.0855885 2.0 0
1 1 1 0 60.0 60.0 80.0 9.8257e-09 0.0 1.0 1
1 0 0 0 60.07 59.96598999999999 51.8 0.0037200805160628528 0.005746 2.35 0
0 0 0 1 44.8685 39.831540000000004 3.0 0.45455 0.112376 4.7 0
0 0 1 0 49.563 42.828233999999995 19.4 0.026418102300000003 0.02428 1.0 0
0 0 0 1 47.35 55.4375 10.0 0.087179 0.05817 1.0 0
0 0 0 1 51.436 40.65474350000001 22.0 0.0056122 0.14589349999999998 1.75 0
0 0 0 1 49.882000000000005 43.326805 30.0 0.00095945 0.021703999999999998 1.8 0
0 0 0 1 45.32449999999999 45.14804500000001 3.0 0.48549 0.14913300000000002 7.2 0
0 1 0 1 47.2585 59.9921 36.0 0.0002419 0.00327 1.0 0
0 0 0 1 51.477999999999994 6.11111 15.0 0.025124 1.0 2.0 0
0 0 0 1 52.3725 47.473800000000004 44.0 3.7982e-05 0.031429 2.05 0
0 0 0 1 50.013000000000005 46.456525000000006 14.0 0.036771 0.07142750000000002 2.35 0
0 0 0 1 47.018499999999996 45.378235 31.0 0.00073722 0.0262465 1.8 0
0 0 0 1 47.4455 47.383245 19.0 0.010309 0.0882555 2.55 0
0 0 1 0 56.42750000000001 53.762635 3.5 0.677560634 0.0 10.0 0
0 1 0 0 53.406499999999994 51.8909 18.05 0.11290781864999999 0.065807 5.4 0
0 1 0 1 45.796 50.107789999999994 25.0 0.0027066 6e-05 5.0 0
0 0 0 1 46.24500000000001 43.47657 23.0 0.0048245 0.05533249999999999 2.35 0
0 1 0 0 44.923500000000004 21.7442 10.0 0.092925 0.01755 2.0 0
0 0 1 1 52.78 40.407709999999994 18.0 0.012862 0.0036 2.0 0
0 0 0 1 48.176 47.097625 13.0 0.045384 0.094442 2.95 0
0 0 0 1 49.341499999999996 50.348369999999996 32.0 0.0005264 0.00248 1.0 0
0 0 0 1 43.2085 47.043165 17.0 0.017196 0.04909 2.0 0
0 0 1 0 51.029 57.607115 3.7 0.52156275 0.0 6.0 0
1 1 0 0 59.24 56.0779 12.8 0.17271509499999999 0.05009349999999999 4.0 0
0 0 0 1 51.804500000000004 40.44196099999999 13.0 0.040796 0.19943 2.0 0
0 0 0 1 49.77 44.888025000000006 20.0 0.0088801 0.10618349999999999 2.6 0
0 1 0 0 60.074 60.8333 18.85 0.12876053159399503 0.037453499999999994 2.9 0
0 0 0 1 52.3405 60.0 20.0 0.007955 0.02647 2.0 0
0 0 1 0 53.846500000000006 60.0 5.0 0.28504 0.0 1.0 0
0 0 0 1 43.82 45.096455 26.0 0.0025002 0.127846 2.55 0
0 0 1 0 52.5415 44.063355 19.1 0.14446975774999998 0.00114 4.0 0
0 0 0 1 48.5365 47.53085 21.0 0.0076825 0.070834 2.7 0
0 0 0 1 51.038500000000006 45.149105000000006 14.0 0.034848 0.13193850000000001 3.15 0
0 0 0 1 46.1285 49.37259999999999 17.0 0.016288 0.0761935 1.65 0
0 0 0 1 51.3115 39.5 14.0 0.037776 0.19014 1.0 0
0 0 0 1 49.5415 45.591210000000004 14.0 0.035714 0.1425005 2.1 0
0 0 1 0 57.59100000000001 56.195130000000006 8.0 0.52057898881 0.0 11.0 0
0 0 0 1 49.400999999999996 36.969015 6.0 0.20757 0.16938150000000002 6.8 0
0 0 0 1 45.0065 43.132889 7.0 0.16426 0.19937600000000003 5.4 0
0 0 0 1 51.107000000000006 41.922113499999995 22.0 0.0057452 0.07918 1.75 0
0 0 1 0 49.6315 48.125625 5.0 0.29275 0.00564 1.0 0
0 0 0 1 44.852 43.937605 14.0 0.039577 0.09316450000000001 2.45 0
0 0 0 1 44.5 46.311879999999995 24.0 0.0037003 0.09101849999999999 3.05 0
0 0 0 1 48.54 47.20823500000001 24.0 0.0033347 0.0372165 2.7 0
0 0 1 0 50.134 43.571415 19.75 0.07562314899 0.00608 1.0 0
0 0 1 0 47.4405 48.85006500000001 13.95 0.24837875464999998 0.5 1.0 0
0 0 0 1 45.6635 48.1455 28.0 0.0014971 0.0237535 2.0 0
0 0 0 1 48.1005 44.407065 21.0 0.0065713 0.054671500000000005 2.35 0
0 0 0 1 44.621 46.49284 17.0 0.017743 0.06505300000000001 3.75 0
0 0 1 0 50.547 48.2034 8.0 0.13243 1e-05 10.0 0
0 0 0 1 48.74150000000001 45.82356999999999 15.0 0.030551 0.188322 2.0 0
0 0 0 1 48.1035 60.0 14.0 0.032322 0.47276 1.0 0
0 0 0 1 49.4945 45.1838805 15.0 0.025389 0.08579450000000002 1.55 0
0 0 1 0 51.01199999999999 33.4307 6.0 0.2208 0.35294 1.0 0
0 0 0 1 46.046 39.11862000000001 16.0 0.0234 0.09187450000000001 3.3 0
1 0 0 0 40.6 29.236694999999997 20.6 0.038904648 0.13196 2.15 0
0 0 0 1 49.035999999999994 47.816985 15.0 0.026861 0.0901505 1.6 0
0 0 0 1 48.055 44.294852500000005 2.0 0.58874 0.055498000000000006 5.85 0
0 0 0 1 49.52 49.741465 17.0 0.019947 0.13831549999999998 1.6 0
0 0 0 1 44.2425 42.452635 3.0 0.46076 0.1038595 5.55 0
0 0 0 1 51.0 46.88731 14.0 0.034956 0.28818 9.0 0
0 0 1 0 51.310500000000005 60.0 8.0 0.13438 0.0 6.0 0
0 0 0 1 46.8925 46.450715 19.0 0.012216 0.060909999999999985 3.1 0
0 0 0 1 56.01 51.180425 41.0 6.6221e-05 0.07735800000000001 2.3 0
0 0 0 1 49.7975 45.730245000000004 7.0 0.18018 0.01065 19.0 0
0 0 0 1 47.37950000000001 41.1638875 2.0 0.57143 0.141819 5.8 0
0 0 0 1 49.695 49.741465 17.0 0.01966 0.11914849999999999 1.7 0
0 1 0 1 49.0645 48.238815 17.0 0.015851 0.02145 2.0 0
0 1 1 1 49.684000000000005 39.0643 24.0 0.0036153 0.00046 2.0 0
0 0 1 0 57.760000000000005 53.175325 3.1 0.5968507 0.00027 15.0 0
1 0 0 0 58.15 45.647195 14.55 0.1822947141 0.13485 3.0 0
0 0 0 1 45.460499999999996 38.4789215 7.0 0.19378 0.196953 4.95 0
0 1 1 1 48.788999999999994 59.8475 15.0 0.027715 0.0022 2.0 0
0 0 1 0 50.1065 42.06090999999999 12.05 0.16746788 0.55 5.0 0
0 0 0 1 51.18 45.134530000000005 19.0 0.012132 0.097752 2.45 0
0 0 0 1 47.769000000000005 40.604965 8.0 0.14912 0.37898 2.0 0
0 0 0 1 44.593 44.65961 5.0 0.31002 0.11853799999999999 4.8 0
0 0 0 1 52.531499999999994 38.52907950000001 16.0 0.022267 0.12581 2.0 0
0 0 1 0 46.742000000000004 39.180005 18.5 0.0454881325 0.0676 4.0 0
0 0 0 1 55.94 48.919745 19.0 0.011876 0.01145 5.0 0
0 0 0 1 46.226000000000006 48.554410000000004 14.0 0.031691 0.12641 2.0 0
0 0 1 0 58.302 52.8424 54.45 0.13475244650142015 0.0 2.0 0
0 1 0 0 57.7325 52.551145 6.0 0.39767284999999997 0.00861 17.0 0
0 0 0 1 51.883 37.049060000000004 6.0 0.24487 0.50602 3.0 0
0 0 0 1 46.910000000000004 39.467815 8.0 0.15105 0.081873 3.5 0
1 0 0 0 57.05 58.73230000000001 16.9 0.075769084 0.048347499999999995 2.35 0
0 1 0 1 58.7 43.26739 23.0 0.0041506 0.126774 1.7 0
0 0 1 0 43.91 41.06535000000001 21.4 0.037670888900000005 0.00351 1.0 0
0 0 1 0 58.5745 55.91438000000001 42.85 0.060801599244363014 1e-05 1.0 0
0 0 0 1 48.51350000000001 41.6287965 15.0 0.031154 0.10294 5.0 0
0 0 1 0 45.126 55.1842 3.0 0.5 2e-05 26.0 0
1 0 0 0 41.42 43.149964999999995 16.45 0.07175179050000001 0.09158 1.0 0
0 0 1 0 56.50750000000001 55.33380999999999 39.6 0.27223963912045207 0.0 4.0 0
0 0 0 1 49.054 41.926855 33.0 0.00042988 0.030430499999999992 2.0 0
0 0 0 1 47.8925 43.08173 13.0 0.044184 0.29272 2.0 0
1 0 0 0 50.65 47.49826 18.85 0.07184553500133453 0.057907 2.1 0
1 0 0 0 60.0 59.99189 98.0 0.016234179471986653 4.2000000000000004e-05 1.85 0
0 0 1 0 46.689 44.01799 15.6 0.08129632849999999 0.06373 2.0 0
0 0 1 0 44.9125 53.5882 7.5 0.4072522899999999 0.00125 7.0 0
0 0 0 1 46.9285 2.23 10.0 0.093583 1.0 1.0 0
1 0 0 0 45.22 35.106539999999995 25.0 0.06508411021184099 0.09706799999999999 2.05 0
1 0 0 0 56.64 58.02429000000001 20.35 0.035461027215 0.086135 1.8 0
0 0 0 1 50.675 49.54974499999999 17.0 0.019456 0.1280795 1.75 0
0 0 0 1 49.327 55.7107 13.0 0.047979 0.11312 3.0 0
0 0 0 1 47.42 41.57338849999999 13.0 0.048583 0.15302549999999998 3.0 0
0 1 0 0 46.0 30.3125 15.8 0.08033679315999999 0.01026 2.0 0
1 0 0 0 42.76 32.322055 20.4 0.0789314136 0.08391000000000001 1.85 0
0 0 0 1 50.42649999999999 49.026855 19.0 0.011725 0.1756675 2.0 0
0 1 0 0 43.2045 0.0 5.85 0.45836299 1.0 2.0 0
0 0 0 1 49.158500000000004 42.378743 16.0 0.021502 0.15915 1.0 0
0 0 0 1 45.5195 38.476735000000005 16.0 0.023428 0.10141799999999998 3.3 0
0 0 0 1 56.84 47.863445 32.0 0.00053086 0.00346 2.0 0
0 1 0 1 49.93 42.9873 24.0 0.0033387 0.0630325 2.75 0
0 0 0 1 47.4865 46.450715 19.0 0.012413 0.08277949999999999 2.5 0
0 0 0 1 48.01049999999999 47.788795 1.0 0.66234 0.1400795 4.8 0
1 0 0 0 60.0 59.99189 98.0 0.016234179471986653 4.2000000000000004e-05 1.85 0
0 0 0 1 49.211499999999994 43.065639999999995 14.0 0.034369 0.100196 1.7 0
0 0 0 1 47.7495 32.28992999999999 20.0 0.0094655 0.1153575 3.4 0
0 1 0 0 41.658 27.0709 3.0 0.44355 0.22667 1.0 0
0 0 0 1 56.763 58.60997 183.0 4.0058000000000005e-19 0.0 1.9 0
0 0 0 1 51.943 55.11143500000001 59.0 1.0397e-06 0.023294500000000003 1.95 0
0 0 0 1 43.08 47.815647999999996 16.0 0.023382 0.01926 2.0 0
0 0 1 0 49.13100000000001 21.1132 6.0 0.21716 5e-05 3.0 0
0 0 0 1 51.95649999999999 43.019214999999996 13.0 0.041119 0.52114 2.0 0
0 0 0 1 45.85350000000001 45.13165500000001 13.0 0.047379 0.11718199999999998 2.55 0
0 0 1 0 43.98 44.86288999999999 17.45 0.0909552378 0.02714 3.0 0
0 0 0 1 53.3405 60.0 20.0 0.0088526 0.03215 2.0 0
0 0 1 0 57.732499999999995 48.48648 8.6 0.254397035 0.00018 22.0 0
0 0 0 1 46.91 39.557145 8.0 0.15476 0.172918 3.1 0
1 1 1 0 45.61 34.1778 103.0 4.6732e-11 0.0 2.0 1
0 0 0 1 47.3415 44.400904999999995 24.0 0.0039322 0.12181949999999997 2.3 0
0 0 0 1 46.910000000000004 41.02625999999999 8.0 0.15197 0.07281849999999998 3.65 0
0 0 0 1 49.423500000000004 49.614125 16.0 0.024754 0.136215 2.75 0
1 0 0 0 40.71 6.406665000000001 5.9 0.53961606 1.0 1.0 0
0 0 0 1 45.852999999999994 46.35183500000001 35.0 0.00027874 0.00524 2.0 0
0 0 1 0 44.08650000000001 53.722775 0.0 0.88864 0.0 7.0 0
0 0 0 1 44.8685 39.20865500000001 3.0 0.45002 0.14216049999999997 3.6 0
0 0 1 0 49.328500000000005 53.68411 11.9 0.28936981599999995 0.00081 8.0 0
0 0 0 1 47.678999999999995 45.489219999999996 13.0 0.04369 0.23797499999999996 3.05 0
0 0 1 0 48.86449999999999 42.373948 20.7 0.07108237750000002 0.0031 2.0 0
1 0 0 0 58.28 57.678 11.0 0.073634 0.1633 2.0 0
0 0 0 1 51.89 36.266594999999995 18.0 0.014572 0.06784199999999999 2.15 0
0 0 0 1 49.61649999999999 41.5937665 15.0 0.027927 0.166 2.0 0
1 0 0 0 58.06 58.481905 20.25 0.042964225148700005 0.079774 2.7 0
0 0 1 0 52.85350000000001 40.460860000000004 19.3 0.0243723085 0.00537 3.0 0
0 0 1 0 47.1765 51.28892 65.0 2.8057e-07 0.0 18.0 0
0 1 0 0 57.22 36.333445 18.6 0.06887793055 0.00461 2.0 0
0 0 0 1 46.822500000000005 42.3515915 5.0 0.3 0.32353 3.0 0
0 0 1 0 45.443000000000005 50.0366 26.2 0.02310973015 0.0021 2.0 0
0 0 0 1 49.274499999999996 45.62900500000001 21.0 0.0072792 0.1410855 2.0 0
0 0 0 1 50.716499999999996 42.11682149999999 15.0 0.027213 0.03914 4.0 0
0 1 0 0 60.074 60.7865 18.85 0.128760531593995 0.0374535 2.9 0
0 0 0 1 49.239 45.13709849999999 13.0 0.048405 0.1280645 3.05 0
1 0 0 0 43.19 33.39615 20.8 0.03659409239999999 0.11055200000000001 2.45 0
0 0 0 1 45.547 37.825745000000005 9.0 0.11553 0.1871 3.9 0
0 0 0 1 47.896 42.381131499999995 15.0 0.030824 0.02668 2.0 0
1 0 0 0 57.4 45.802324999999996 15.55 0.055782425000000004 0.02033 4.0 0
0 0 1 0 56.50750000000001 49.685195 16.65 0.20648963155 0.00187 5.0 0
0 1 0 0 43.95 41.962134999999996 1.0 0.70383 0.1532925 6.1 0
1 0 0 1 45.15 49.928105 29.0 0.0010483 0.00569 1.0 0
0 0 0 1 52.027 42.866094999999994 15.0 0.02862 0.0905185 2.4 0
0 0 0 1 45.6635 48.1455 28.0 0.0015081 0.028444499999999994 2.0 0
0 0 1 0 48.259 52.5 1.0 0.65672 0.0 15.0 0
1 0 0 0 52.22 48.35047 27.6 0.09045432849999999 0.054391 2.1 0
0 0 0 1 47.8335 48.972886499999994 10.0 0.082023 0.13968 20.0 0
0 0 0 1 58.19 46.939545 17.0 0.019738 0.154534 1.65 0
0 0 0 1 48.329499999999996 47.944480000000006 20.0 0.0081547 0.12930600000000003 1.95 0
0 0 1 0 52.701499999999996 50.6875 12.7 0.220235794926 0.0 25.0 0
0 0 1 0 46.254 56.401025000000004 5.9 0.6651451235279999 0.0 7.0 0
0 0 0 1 47.3785 48.969485000000006 38.0 0.00015259 0.0376875 2.25 0
0 0 0 1 49.121 41.47745 18.0 0.01367 0.08144 1.0 0
0 0 0 1 49.103 44.17323 16.0 0.022357 0.09593049999999999 2.05 0
0 1 0 0 43.7655 40.137750000000004 3.0 0.4032 0.12059 4.45 0
0 0 0 1 45.37 42.9920835 13.0 0.048397 0.155094 3.1 0
0 1 1 0 57.8485 59.8125 10.25 0.42187496430000004 4e-05 9.0 0
0 0 0 1 47.658 39.01322999999999 22.0 0.0053745 0.1077485 2.0 0
0 0 0 1 48.812 44.159589999999994 33.0 0.00049757 0.022029 2.1 0
0 0 1 0 46.77499999999999 51.64133 4.0 0.39136 0.0 6.0 0
0 0 0 1 47.2585 46.890918000000006 4.0 0.34188 0.184308 5.55 0
0 0 0 1 49.858000000000004 51.58410499999999 34.0 0.00031886 0.016096500000000003 2.75 0
0 0 0 1 49.808499999999995 50.528045 21.0 0.0078894 0.00067 5.0 0
0 0 0 1 40.429500000000004 59.795015 255.0 0.0 0.0 1.95 0
0 0 0 1 49.835499999999996 46.482710000000004 14.0 0.036024 0.11922 2.0 0
0 0 1 0 57.7325 53.642340000000004 4.5 0.5048073 1e-05 17.0 0
0 0 0 1 48.123000000000005 39.779644999999995 7.0 0.16783 0.03103 2.0 0
0 0 0 1 50.66 49.261044999999996 21.0 0.0074854 0.2335 5.0 0
1 1 1 0 60.0 60.0 93.0 4.6773e-10 0.0 3.0 1
0 0 1 0 46.855500000000006 48.517335 2.0 0.51718 0.0 2.0 0
0 0 0 1 48.153000000000006 46.500835 22.0 0.0061145 0.13717549999999998 2.6 0
0 0 0 1 46.09400000000001 47.97502000000001 21.0 0.0067596 0.09603149999999999 2.3 0
0 0 0 1 39.91 43.436275 17.0 0.016329 0.01384 1.0 0
0 0 0 1 48.35 42.916700000000006 13.0 0.047948 0.09777 1.0 0
0 0 0 1 46.3245 42.065625 13.0 0.042855 0.16214 2.0 0
0 0 0 1 56.23 40.997868 16.0 0.023202 0.04692 1.0 0
0 0 0 1 50.81750000000001 46.238785 14.0 0.033148 0.17186949999999995 2.65 0
0 0 0 1 46.4495 48.306084999999996 17.0 0.015938 0.15525000000000003 3.4 0
0 1 0 0 45.6245 57.1398 6.0 0.20995 0.05251 2.0 0
1 0 0 0 40.65 34.68835 6.0 0.20891 0.153084 5.7 0
0 0 0 1 46.6255 42.70680499999999 8.0 0.14559 0.0922935 2.65 0
0 0 1 0 52.367 39.388701499999996 15.0 0.025191 0.00475 3.0 0
0 0 0 1 49.8755 55.6848 16.0 0.024788 0.30116 3.0 0
0 0 0 1 46.4485 44.776898 4.0 0.32314 0.13238100000000003 5.05 0
0 0 0 1 42.987 31.014111000000003 3.0 0.43069 0.32967 2.0 0
0 0 0 1 49.462 42.880535 13.0 0.04489 0.1489085 1.8 0
0 0 0 1 45.671499999999995 49.69077 14.0 0.038798 0.04112 3.0 0
1 0 0 0 57.02 58.732299999999995 17.15 0.0486442815 0.053224499999999994 2.25 0
0 0 1 0 51.529500000000006 59.16 0.0 0.9715 8e-05 5.0 0
0 0 0 1 43.898500000000006 44.579840000000004 14.0 0.03166 0.11566999999999998 2.35 0
0 0 1 0 50.165 47.018485000000005 17.55 0.1072347285 0.01424 4.0 0
0 1 0 0 50.35447767066693 44.52678267539525 24.651144857041167 0.09658699853529934 0.10095995499099822 3.9706941388277657 0
1 1 1 0 55.17 49.8061 93.0 4.4465e-10 0.0 2.0 1
0 0 0 1 47.01 49.883505 17.0 0.01807 0.056055999999999995 2.0 0
0 0 0 1 47.947 45.38986 26.0 0.0021224 0.051135 2.55 0
0 1 0 1 45.3515 21.3902 31.0 0.00064273 0.02347 1.0 0
0 0 0 1 46.732 42.26304499999999 20.0 0.0098792 0.049752000000000005 2.9 0
0 0 0 1 47.35199999999999 46.67329 15.0 0.030389 0.19346099999999997 1.95 0
1 1 1 0 60.0 60.0 98.0 1.5539e-10 0.0 3.0 1
0 1 0 0 50.6035 49.487570000000005 12.0 0.055495 0.1595785 4.7 0
1 0 0 0 60.0 59.99189 98.0 0.016234179471986653 4.2000000000000004e-05 1.85 0
0 0 1 1 49.52400000000001 50.316584999999996 17.0 0.016063 6e-05 14.0 0
0 0 0 1 49.378 41.393711 18.0 0.012717 0.26532 2.0 0
0 0 0 1 57.19 45.846213 16.0 0.020382 0.16304899999999997 3.05 0
0 0 0 1 46.373000000000005 43.150375999999994 17.0 0.017841 0.1748 2.0 0
0 0 0 1 56.36 40.01612 15.0 0.029638 0.24932849999999998 2.0 0
0 0 0 1 51.213499999999996 46.86032 23.0 0.0045275 0.0972045 1.9 0
0 0 0 1 50.03000000000001 46.39644500000001 14.0 0.038296 0.1129265 2.9 0
0 0 0 1 51.452999999999996 49.614125 16.0 0.024993 0.1014105 2.1 0
0 0 0 1 56.1915 58.812290000000004 152.0 5.6835e-16 0.0 2.0 0
0 0 0 1 48.613 33.626096000000004 4.0 0.32693 0.42146 2.0 0
0 0 1 1 51.970000000000006 41.149345000000004 22.0 0.0058397 0.00569 3.0 0
0 0 0 1 47.726 45.819925 17.0 0.018952 0.10509600000000001 2.6 0
0 0 1 0 58.335 49.30215 23.05 0.12656404378 0.00012 4.0 0
0 0 0 1 56.560500000000005 58.558125000000004 78.0 1.4738e-08 0.005559 2.0 0
0 0 0 1 52.447500000000005 41.922113499999995 22.0 0.0057421 0.07918 1.75 0
0 0 1 0 48.515 33.405719 7.0 0.19159 0.18903 1.0 0
0 0 0 1 48.279 44.47891499999999 18.0 0.01577 0.029111500000000002 1.95 0
0 0 0 1 55.605 60.0 144.0 3.5489e-15 0.0 1.8 0
0 0 0 1 48.0525 38.24789 6.0 0.2213 0.16668 6.15 0
0 0 0 1 47.6005 49.104904999999995 20.0 0.0082331 0.1335365 1.9 0
0 0 0 1 54.73 44.282125 27.0 0.0018606 0.0329145 2.35 0
0 0 0 1 48.328500000000005 47.15337 19.0 0.010412 0.08698 3.2 0
1 0 0 0 60.0 59.99189 98.0 0.016234179471986653 4.2000000000000004e-05 1.85 0
1 0 0 0 60.0 59.99189 98.0 0.016234179471986653 4.2000000000000004e-05 1.85 0
0 1 0 1 50.18749999999999 44.674705 11.0 0.065637 0.121803 6.0 0
0 0 0 1 46.51199999999999 44.07129 8.0 0.14773 0.07445899999999998 2.4 0
0 1 0 0 59.20899999999999 59.9008 49.6 0.048765629856828134 0.082263 1.65 0
0 0 0 1 49.757999999999996 44.197335 16.0 0.022326 0.09451650000000002 2.25 0
0 0 0 1 50.171 42.680809999999994 14.0 0.035813 0.145121 2.05 0
1 0 0 0 45.64 36.703555 22.8 0.040613531502336604 0.050332 2.0 0
0 0 0 1 49.9095 44.355905 14.0 0.036325 0.11139349999999999 2.6 0
0 0 0 1 47.208999999999996 45.261655000000005 35.0 0.00029764 0.0132555 2.55 0
0 0 1 0 51.83549999999999 47.35507 2.0 0.55219 0.00097 4.0 0
0 0 0 1 49.88249999999999 44.633665 15.0 0.029893 0.190248 2.25 0
0 0 0 1 49.231 49.99601 37.0 0.00016156 0.02892450000000001 2.0 0
0 0 0 1 48.876 38.207930499999996 19.0 0.010989 0.027644999999999996 2.25 0
0 0 0 1 46.5805 39.399955 29.0 0.0011361 0.02986 1.0 0
0 0 1 0 47.9505 45.139250000000004 20.9 0.04681561518204999 0.01457 1.0 0
0 0 0 1 49.882999999999996 46.165245 19.0 0.011535 0.073688 1.75 0
0 0 0 1 48.573 46.449435 15.0 0.030702 0.1212465 1.95 0
0 0 0 1 47.665499999999994 46.890918 4.0 0.34476 0.24336799999999997 5.25 0
0 0 1 0 50.5615 49.236625 13.0 0.155705305 0.17072 6.0 0
0 0 0 1 48.35 42.9791 20.0 0.0089627 0.09620899999999999 1.65 0
1 0 0 0 46.67 37.757169999999995 19.55 0.06905108900000001 0.0907415 1.8 0
0 0 0 1 47.993 40.8976825 25.0 0.0030603 0.09246950000000001 1.75 0
0 0 0 1 53.327999999999996 47.41203 47.0 1.7966e-05 0.024879000000000002 1.85 0
0 0 0 1 49.205499999999994 48.78512 19.0 0.011949 0.13096499999999997 2.4 0
0 0 0 1 47.322500000000005 37.5738 20.0 0.0098124 0.10521 5.0 0
0 0 0 1 45.32449999999999 45.148044999999996 3.0 0.5 0.0768565 7.8 0
0 0 0 1 49.565999999999995 46.180105 37.0 0.00016992 0.00138 1.0 0
0 0 0 1 48.01049999999999 48.70754 1.0 0.63659 0.08534 6.35 0
0 0 0 1 46.910000000000004 41.560675 8.0 0.14912 0.10465550000000001 2.6 0
0 0 1 0 50.755500000000005 60.0755 15.0 0.029962 1e-05 10.0 0
0 0 1 0 46.4655 37.8694675 0.0 0.83022 0.0 28.0 0
0 0 1 0 50.5655 48.024395000000005 5.0 0.28622 0.0 1.0 0
0 0 0 1 48.041000000000004 41.575026 8.0 0.13808 0.18908 2.0 0
0 0 0 1 47.872 59.8528 14.0 0.033017 0.04796 2.0 0
0 0 1 0 57.56 54.17863 3.7 0.5274955000000001 0.0 16.0 0
0 0 1 0 56.50750000000001 47.04394 13.0 0.19262121875 0.00634 5.0 0
0 0 1 0 35.48 46.142489999999995 15.35 0.08453863225 0.02044 5.0 0
0 1 0 0 51.33 48.1687 13.35 0.17294954902850002 0.02401 18.0 0
0 0 0 1 49.602999999999994 49.311735000000006 16.0 0.02177 0.00123 2.0 0
0 1 0 1 48.63249999999999 46.148265 19.0 0.012465 0.00892 2.0 0
0 1 0 0 49.762 59.4297 38.0 0.00015205 7e-05 1.0 0
0 0 0 1 48.232000000000006 52.2975 17.0 0.018224 0.0655545 1.9 0
0 0 1 0 28.15 51.049715000000006 11.05 0.3408452955 0.01671 7.0 0
0 0 1 0 48.431 60.0494 6.0 0.22533 0.0 2.0 0
0 0 1 0 50.318 44.26684999999999 0.0 0.9432 2e-05 12.0 0
0 0 0 1 48.232000000000006 50.735795 17.0 0.018225 0.0712515 2.05 0
0 0 0 1 49.322500000000005 47.96205 40.0 9.3376e-05 0.024267500000000004 2.3 0
0 0 0 1 49.494499999999995 47.127905000000005 15.0 0.025663 0.0894435 2.05 0
0 0 1 0 57.56 54.17863 3.7 0.5274955000000001 0.0 16.0 0
0 0 0 1 49.517 51.584105 34.0 0.00035719 0.031327 2.85 0
0 0 0 1 46.009 45.56102 21.0 0.0066325 0.049182 2.3 0
0 0 0 1 46.732 42.26304499999999 20.0 0.0098907 0.0531245 2.9 0
0 0 1 0 38.19 41.453165 17.6 0.08989969145000001 0.08101 1.0 0
0 0 1 0 50.106500000000004 40.710495 14.05 0.10347083500000001 0.26667 5.0 0
0 0 0 1 45.9495 37.743719999999996 16.0 0.023354 0.0837525 3.35 0
0 0 0 1 55.85350000000001 57.38250000000001 76.0 2.248e-08 0.00019850000000000003 1.7 0
0 0 0 1 47.818 49.390339999999995 20.0 0.0082803 0.0696455 2.1 0
0 0 0 1 49.266 44.79445499999999 26.0 0.0024221 0.11321600000000002 2.75 0
0 0 1 0 50.333999999999996 44.247580000000006 22.2 0.160209918745 0.00067 1.0 0
1 0 0 0 56.65 39.430605 9.0 0.1252 0.06495 3.0 0
1 0 0 0 60.0 59.99189 98.0 0.016234179471986653 4.2000000000000004e-05 1.85 0
1 0 0 0 56.94 58.468855 16.9 0.061214467499999994 0.059448499999999994 2.3 0
0 0 0 1 59.593 53.44665500000001 72.0 5.3298e-08 7.7e-05 2.05 0
0 0 0 1 48.1745 49.33933 17.0 0.016331 0.08371300000000001 1.6 0
0 0 0 1 48.115 46.05327 16.0 0.02128 0.11974549999999999 1.75 0
0 0 1 0 54.0635 48.514185 20.05 0.18769577695 0.00028 3.0 0
0 0 0 1 48.032000000000004 44.794810000000005 8.0 0.15778 0.36868 5.0 0
0 1 1 1 60.0 60.0 67.0 1.7649e-07 0.0 1.0 1
1 1 1 0 60.0 60.0 114.0 3.3815e-12 0.0 2.0 1
0 0 0 1 47.12 48.511245 21.0 0.0068839 0.13405799999999998 1.4 0
0 0 0 1 47.547 43.842135000000006 23.0 0.0049267 0.09846600000000001 1.9 0
0 0 0 1 47.501999999999995 46.532803 16.0 0.02136 0.02166 2.0 0
0 0 0 1 50.36999999999999 43.63162 22.0 0.0062786 0.02268 1.0 0
1 0 0 0 45.69 37.2718 19.55 0.0726848000023366 0.04877300000000001 2.0 0
0 0 0 1 49.873000000000005 48.837810000000005 40.0 8.425e-05 0.024463500000000003 2.85 0
0 0 0 1 48.891 48.56052000000001 17.0 0.016447 0.09767299999999998 3.15 0
0 0 0 1 48.486000000000004 41.906222500000005 25.0 0.0029808 0.022706 2.05 0
0 1 0 0 47.1845 55.125 16.7 0.12168076350000001 0.058 2.0 0
0 0 0 1 47.709999999999994 47.906895000000006 21.0 0.0075932 0.13624350000000002 3.8 0
1 0 0 0 60.0 59.99189 98.0 0.016234179471986653 4.2000000000000004e-05 1.85 0
1 0 0 0 54.64 55.751265000000004 18.65 0.06926631735000001 0.04727949999999999 1.6 0
0 0 1 0 47.003499999999995 48.92719999999999 10.5 0.16190515 0.4213 1.0 0
0 0 1 0 57.641000000000005 52.727845 13.0 0.48482393000011614 0.0 12.0 0
0 0 0 1 47.237500000000004 39.84261 22.0 0.0053233 0.08672149999999998 1.85 0
0 0 1 0 50.697500000000005 44.41999 25.2 0.16445276458000002 0.00037 2.0 0
0 0 0 1 49.3035 50.790075 51.0 7.2852e-06 0.020840499999999994 1.9 0
0 0 1 0 43.016 29.462912 1.0 0.64167 0.21414 2.0 0
0 1 0 0 45.5 33.3767 23.85 0.016432969659999998 0.0266735 1.95 0
1 0 0 0 58.22 41.901900999999995 8.0 0.14187 0.22222 2.0 0
1 0 0 0 58.43 58.814159999999994 20.85 0.058727530003437646 0.1085755 3.1 0
0 0 0 1 45.32449999999999 45.148044999999996 3.0 0.49852 0.0768565 7.8 0
0 0 0 1 46.732000000000006 42.26304499999999 20.0 0.0098444 0.064649 2.5 0
0 1 0 0 58.7075 59.313 25.9 0.13233142257520414 0.0345725 4.3 0
0 0 0 1 50.368 47.95502 20.0 0.0081326 0.12784900000000002 1.9 0
0 0 1 0 49.8825 48.024395000000005 3.0 0.4359 0.0 1.0 0
0 0 0 1 50.02999999999999 46.45652500000001 14.0 0.03685 0.10904849999999999 2.2 0
0 0 0 1 50.5295 45.94699000000001 14.0 0.032944 0.20254500000000003 2.45 0
0 0 0 1 38.93 43.27381 13.0 0.046094 0.118654 3.0 0
0 0 0 1 49.1535 49.15729 38.0 0.00013654 0.0358925 2.5 0
0 0 0 1 49.400999999999996 36.969015 6.0 0.20926 0.167244 5.3 0
0 0 0 1 47.894499999999994 44.751144999999994 14.0 0.038453 0.130141 2.45 0
0 0 0 1 46.3425 34.5522155 5.0 0.27551 0.18296050000000003 3.0 0
0 0 0 1 50.76549999999999 49.16955 14.0 0.037765 0.1442175 4.45 0
0 0 0 1 46.355500000000006 58.9521 16.0 0.02404 0.00603 3.0 0
0 0 0 1 47.0715 59.8319 21.0 0.0070906 0.35057 2.0 0
0 0 0 1 46.3745 44.668434999999995 21.0 0.0067046 0.045221 2.95 0
1 0 0 0 58.77 58.88348499999999 14.8 0.093936125 0.11647599999999998 2.8 0
0 0 1 0 57.760000000000005 53.45858500000001 2.15 0.63805215 0.0 15.0 0
0 0 0 1 41.18 41.912665 33.0 0.00040316 0.04228449999999999 1.95 0
1 0 0 0 43.51 48.064099999999996 16.45 0.07875099835 0.26498 1.0 0
0 0 1 0 49.2915 49.54341000000001 14.45 0.0972599915 0.07215 6.0 0
0 0 0 1 47.687000000000005 38.486467000000005 4.0 0.36774 0.40337 1.0 0
0 0 0 1 47.1835 43.8615145 36.0 0.00024907 0.076805 1.85 0
0 0 1 0 46.06 37.064184999999995 22.55 0.040470234199999996 0.00573 2.0 0
0 0 1 0 57.760000000000005 53.45858500000001 2.15 0.63805215 0.0 15.0 0
0 0 0 1 45.9745 51.06358 25.0 0.0025693 0.09309049999999999 4.15 0
0 0 0 1 47.169000000000004 41.54217499999999 8.0 0.13732 0.32558 3.0 0
0 1 1 0 48.00150000000001 57.7424 18.45 0.028449866499999997 0.01623 1.0 0
0 1 0 1 47.445499999999996 53.9903 26.0 0.0020675 0.00184 1.0 0
0 0 0 1 47.629 40.4184965 15.0 0.03148 0.11598 1.0 0
0 0 0 1 46.348499999999994 45.1864815 10.0 0.092279 0.12138249999999999 5.15 0
0 0 0 1 49.8755 42.784352999999996 16.0 0.024611 0.27421 2.0 0
0 0 0 1 51.976 45.55746 23.0 0.0044541 0.1001795 2.2 0
0 0 1 0 47.909499999999994 48.03953 21.7 0.08348652855 0.00103 2.0 0
0 0 0 1 49.753 45.044646 12.0 0.050639 0.22222 2.0 0
0 0 1 0 52.10450000000001 60.0 4.0 0.34043 0.0 16.0 0
0 0 0 1 37.17 21.3077 20.0 0.0097142 0.48529 4.0 0
0 0 0 1 47.00499999999999 42.888175 18.0 0.014967 0.11643 1.0 0
0 1 0 0 47.233 25.7055 9.0 0.10908 0.2052795 2.5 0
0 0 0 1 49.9645 46.755399999999995 15.0 0.026976 0.10556399999999999 1.65 0
0 1 0 0 50.35447767066693 44.52678267539525 24.651144857041167 0.09658699853529934 0.10095995499099822 3.9706941388277657 0
0 0 0 1 50.58 40.588334999999994 18.0 0.013685 0.1409575 1.85 0
1 0 0 0 58.1 35.081146000000004 15.55 0.11835427450000002 0.20254 2.0 0
0 0 0 1 50.19000000000001 47.93954500000001 13.0 0.040395 0.16770250000000003 2.55 0
0 0 0 1 49.575 49.733059999999995 17.0 0.019602 0.15433550000000001 1.8 0
0 0 0 1 46.94 50.478899999999996 41.0 6.7421e-05 0.07548950000000001 2.4 0
1 1 1 0 60.0 60.0 161.0 7.5506e-17 0.0 2.0 1
0 0 0 1 45.97 31.6289 23.0 0.004728 0.00628 3.0 0
1 0 1 0 42.42 44.40156999999999 31.35 0.07245566581 0.40966 4.0 0
1 0 0 0 59.81 59.675229999999985 77.2 0.003245308579149024 0.011614000000000001 2.9 0
0 0 1 0 47.867999999999995 55.6768 22.25 0.05734547017999999 0.00041 1.0 0
0 0 0 1 45.619 58.459 9.0 0.10919 0.24471 2.0 0
0 0 0 1 58.2765 57.547655 104.0 3.8785e-11 0.0 1.75 0
0 0 0 1 49.1435 44.66167 17.0 0.016013 0.07344 2.0 0
0 0 0 1 49.52 49.741465000000005 17.0 0.019769 0.13831549999999998 1.6 0
0 0 1 0 47.483 38.486467000000005 4.0 0.35398 0.38436 1.0 0
0 1 0 1 49.87 44.91445 40.0 9.6552e-05 0.0241615 3.45 0
1 1 0 1 38.96 31.7917 28.0 0.001562 0.033414 2.3 0
0 0 1 0 48.0865 41.465334999999996 18.7 0.0946619635 0.00404 1.0 0
0 0 0 1 41.81 46.33154499999999 17.0 0.016729 0.08357 1.0 0
1 0 0 0 25.94 24.285625000000003 56.5 0.13068997472850072 0.189139 2.15 0
0 0 0 1 45.0415 42.6057 13.0 0.049963 0.07506949999999998 2.4 0
0 0 0 1 40.429500000000004 59.795015 255.0 4.5312000000000004e-30 0.0 1.95 0
0 0 0 1 46.894 50.478899999999996 41.0 6.616e-05 0.07548950000000001 2.4 0
0 0 1 0 50.546499999999995 31.078145999999997 6.0 0.23474 0.28079 2.0 0
0 0 0 1 42.581500000000005 36.748335 37.0 0.00016798 0.09757 1.0 0
0 0 0 1 47.241499999999995 50.45355 42.0 6.246e-05 0.033758500000000004 3.45 0
0 1 0 0 50.378 32.9847 13.0 0.04159 0.052629999999999996 2.45 0
1 0 0 0 44.08 34.96955000000001 21.2 0.0443963285 0.09108400000000001 1.7 0
0 0 0 1 48.055 44.294852500000005 2.0 0.58874 0.055498000000000006 5.85 0
0 0 1 0 47.562 33.79386999999999 10.1 0.293003585 0.69048 1.0 0
0 0 0 1 58.54350000000001 60.0 23.0 0.0042398 0.1391015 3.7 0
0 0 0 1 49.997499999999995 47.83896 14.0 0.035172 0.1693925 3.0 0
0 1 0 0 48.813 47.34916 8.0 0.1339 0.187089 4.5 0
0 0 1 0 48.169000000000004 50.614824999999996 12.0 0.051431 0.00234 2.0 0
0 0 0 1 51.107000000000006 41.922113499999995 22.0 0.0057433 0.07918 1.75 0
0 0 0 1 49.1795 42.357955000000004 19.0 0.011383 0.10356800000000002 2.55 0
1 0 0 0 41.86 42.74930500000001 14.45 0.16431641265000002 0.12436 1.0 0
0 0 1 0 50.38 36.808235 18.1 0.05610778599999999 0.01268 1.0 0
0 0 0 1 47.169 42.295435000000005 4.0 0.37936 0.136631 5.2 0
0 0 1 0 45.823 50.25346999999999 5.0 0.27173 2e-05 11.0 0
0 0 0 1 48.232000000000006 50.735795 17.0 0.018209 0.05485900000000001 2.1 0
0 0 0 1 45.14149999999999 45.95666 13.0 0.043491 0.18867899999999999 3.25 0
0 1 0 0 44.842 0.0 3.0 0.4202 1.0 1.0 0
0 0 1 1 50.5775 48.137545 23.0 0.004064 0.00439 1.0 0
0 0 1 1 50.126 26.619 19.0 0.010392 0.00824 2.0 0
0 1 0 0 50.9535 48.9545 11.05 0.19034150499999997 0.00203 23.0 0
1 0 0 0 42.61 31.969030000000004 19.45 0.07729608285 0.06046349999999999 2.15 0
0 0 1 0 46.56 49.795345 19.3 0.0756800893 0.0566 2.0 0
0 0 0 1 49.322500000000005 47.96205 40.0 9.5488e-05 0.024267499999999997 2.3 0
0 0 0 1 45.66799999999999 50.064225 5.0 0.29231 0.35731 14.0 0
0 0 0 1 51.47 41.846855 18.0 0.015718 0.0377345 1.7 0
0 0 1 0 44.1315 40.0668695 13.15 0.09220977999999999 0.08212 2.0 0
0 0 0 1 26.55 41.64457 68.0 1.5403e-07 0.1142525 3.45 0
0 0 0 1 44.10900000000001 59.9944 35.0 0.00030419 0.00867 1.0 0
0 0 0 1 44.674 38.171185 9.0 0.10552 0.125 1.0 0
0 0 1 0 57.59100000000001 56.30165000000001 11.65 0.28326377765 0.01174 11.0 0
1 0 0 0 44.29 53.094145000000005 12.6 0.20463136999999998 0.28562 2.0 0
0 0 1 0 49.413000000000004 50.708690000000004 0.0 0.97174 0.0001 3.0 0
0 0 0 1 46.1595 41.84671349999999 13.0 0.049219 0.16086150000000005 1.45 0
0 0 0 1 46.15650000000001 42.42260999999999 8.0 0.14387 0.13750649999999998 3.35 0
0 0 0 1 46.807 39.25953500000001 16.0 0.023203 0.046526 3.3 0
0 0 1 0 50.49300000000001 57.573495 7.15 0.45211711965 2e-05 6.0 0
0 0 0 1 47.65 44.74029 32.0 0.00057798 0.00211 1.0 0
1 0 0 0 53.77 52.57301 22.5 0.024120401355 0.05486550000000001 2.15 0
0 0 0 1 46.05650000000001 40.180625 8.0 0.14142 0.21996 3.0 0
0 0 0 1 49.799499999999995 45.86222 30.0 0.00083785 0.05577399999999999 2.25 0
0 0 0 1 46.361000000000004 6.4 8.0 0.15441 0.33333 1.0 0
1 0 0 0 60.0 59.99189 98.0 0.016234179471986653 4.2000000000000004e-05 1.85 0
0 0 0 1 47.3855 40.129085 20.0 0.0091056 0.02743 1.0 0
0 0 1 0 55.6155 45.8702545 16.7 0.46335220044529 0.0002 9.0 0
0 0 1 0 48.0955 45.1537 3.0 0.47201 0.00708 2.0 0
0 0 0 1 50.291000000000004 50.5052015 15.0 0.028205 0.11366649999999996 2.4 0
1 0 0 0 48.58 44.474587 16.25 0.061518948000000004 0.06186 3.0 0
0 0 0 1 49.0065 42.945565 14.0 0.036404 0.13008799999999998 2.95 0
1 0 0 0 44.02 35.20969 18.7 0.08242714599999998 0.10061400000000001 1.75 0
0 1 0 1 48.88949999999999 38.3958 48.0 1.4268e-05 0.001 1.0 0
0 0 1 0 51.6915 44.241115 23.6 0.129875938 0.00015 1.0 0
0 0 0 1 57.01 36.3804665 7.0 0.18354 0.1708905 5.9 0
0 0 0 1 45.853500000000004 45.131655 13.0 0.047344 0.1123035 2.6 0
0 0 0 1 47.4165 28.2517 19.0 0.011665 0.01606 1.0 0
0 0 1 0 57.6075 47.871674999999996 24.0 0.12279940535 4e-05 3.0 0
0 1 0 0 50.35447767066693 44.52678267539525 24.651144857041167 0.09658699853529934 0.10095995499099822 3.9706941388277657 0
0 0 1 0 50.177499999999995 57.5238 4.95 0.45991878 5e-05 6.0 0
0 0 0 1 49.849999999999994 41.438269999999996 18.0 0.013545 0.4636 3.0 0
0 0 1 1 47.3 47.40710000000001 63.0 4.7284e-07 1e-05 1.0 0
0 0 1 0 49.1 50.978075000000004 16.25 0.0894854805 0.0559 2.0 0
0 0 0 1 46.080000000000005 49.1356 13.0 0.042505 0.17346650000000002 2.6 0
0 0 0 1 50.31699999999999 45.573475 27.0 0.0018058 0.068189 2.15 0
0 0 0 1 47.209500000000006 31.3444 16.0 0.021211 0.04486 1.0 0
0 0 0 1 46.5915 45.261655000000005 35.0 0.00027126 0.03247799999999999 3.15 0
1 0 0 0 54.78 34.924144 5.0 0.26243 0.16574450000000002 4.3 0
1 0 0 0 47.35 38.57437 20.15 0.02865824814700001 0.0553605 2.6 0
0 0 0 1 48.851 39.43267000000001 10.0 0.09914 0.0972315 3.25 0
0 0 0 1 50.413500000000006 46.34327499999999 19.0 0.011572 0.0709 1.7 0
1 0 0 0 57.96 58.38220000000001 15.55 0.0465285275 0.053441499999999996 2.7 0
0 0 0 1 40.429500000000004 59.795015 255.0 0.0 0.0 1.95 0
1 0 0 0 60.0 59.99189 98.0 0.016234179471986653 4.2000000000000004e-05 1.85 0
0 0 0 1 46.033 46.75985 9.0 0.11976 0.00458 6.0 0
0 0 1 0 55.31 43.97235500000001 21.15 0.059597097999999994 0.00153 2.0 0
0 0 0 1 50.089000000000006 45.7663805 19.0 0.010006 0.0567 3.0 0
0 0 0 1 46.73650000000001 44.026855 16.0 0.024145 0.1078415 4.2 0
0 0 0 1 46.1515 40.02344 14.0 0.038915 0.1841285 2.2 0
1 0 0 0 29.27 24.41237 16.85 0.101276754 0.078575 2.5 0
0 0 0 1 47.1545 33.847475 2.0 0.53755 0.26764350000000003 5.4 0
1 0 0 1 41.23 36.845457499999995 18.0 0.01572 0.18543 2.0 0
1 0 1 1 51.43 45.886685 18.0 0.01338 0.04766 2.0 0
0 0 0 1 47.925000000000004 39.8465 20.0 0.0092081 0.08122800000000001 2.05 0
0 0 0 1 50.367999999999995 47.955020000000005 20.0 0.0080284 0.0866085 2.0 0
0 0 1 0 46.829 59.1392 14.65 0.5458865167423609 0.0 2.0 0
0 0 0 1 49.2585 42.93106 16.0 0.022417 0.10421450000000002 2.15 0
0 0 0 1 27.58 42.84687 78.0 1.5385e-08 0.12258900000000002 2.4 0
0 0 0 1 50.43650000000001 42.855905 21.0 0.0071788 0.07265049999999999 2.5 0
1 0 0 0 58.4 58.814159999999994 21.5 0.04749673000343765 0.1059545 3.1 0
0 0 1 0 47.241499999999995 39.97389 26.95 0.06112903156129999 0.00185 2.0 0
0 0 0 1 52.4855 47.155625 20.0 0.0087378 0.0520035 1.75 0
0 0 0 1 49.439 43.364085 27.0 0.0018827 0.00316 3.0 0
0 0 1 0 45.729 36.24853 14.5 0.11270752499999999 0.11842 1.0 0
0 0 0 1 51.083 46.256495 20.0 0.0088442 0.09002199999999999 2.55 0
0 0 0 1 45.6635 48.1455 28.0 0.0015176 0.0459985 1.95 0
0 0 0 1 49.5745 43.369405 19.0 0.01144 0.10089299999999998 2.15 0
0 0 1 0 46.622499999999995 44.64376 20.45 0.044357975449999996 0.00138 3.0 0
0 0 0 1 48.416 48.065765000000006 16.0 0.024414 0.09856899999999999 2.35 0
1 0 0 0 59.54 59.38663499999999 57.55 0.033055329949106406 0.06679049999999999 3.6 0
0 0 1 0 54.617999999999995 48.571595 20.65 0.09181119924999999 0.00059 4.0 0
0 1 0 0 41.2565 7.75 1.0 0.78043 1.0 2.0 0
1 0 0 0 54.91 55.649159999999995 18.75 0.0449494575 0.034340999999999997 1.8 0
0 0 0 1 46.6055 45.925664999999995 16.0 0.020867 0.114828 2.15 0
0 0 0 1 47.2405 40.358435 26.0 0.0021573 0.01803 1.0 0
1 0 1 0 41.71 42.525225 18.2 0.0849150707 0.00891 1.0 0
0 0 1 0 59.19500000000001 58.63666500000001 54.2 0.21766662893659486 0.0 3.0 0
0 0 0 1 47.390499999999996 43.207454999999996 13.0 0.042327 0.06907 2.0 0
1 0 0 0 59.11 59.008245 19.05 0.13922322680379 0.10609450000000001 3.05 0
0 0 0 1 49.433499999999995 52.821625 11.0 0.074436 0.00126 13.0 0
0 1 1 1 47.0835 51.4962 45.0 3.1048e-05 2e-05 4.0 0
0 0 0 1 51.0805 44.181115 13.0 0.041516 0.06236 3.0 0
0 1 0 1 47.7605 45.84139499999999 17.0 0.018126 0.01496 1.0 0
0 1 0 0 50.35447767066693 44.52678267539525 24.651144857041167 0.09658699853529934 0.10095995499099822 3.9706941388277657 0
0 0 0 1 55.66 45.096455 26.0 0.0024039 0.1271385 2.55 0
0 0 0 1 47.04299999999999 52.1278 29.0 0.0010798 0.00026 1.0 0
0 0 0 1 47.1545 43.99717 2.0 0.50265 0.22492300000000004 5.9 0
1 0 0 1 44.14 49.73528 15.0 0.025769 0.1036875 2.1 0
1 0 0 0 59.48 59.423300000000005 52.25 0.03946073961890641 0.07118200000000001 4.0 0
0 0 1 0 49.057 47.196039999999996 6.0 0.23046 0.02229 3.0 0
0 0 0 1 44.4815 10.8125 7.0 0.16946 0.179683 4.9 0
0 0 1 0 45.402499999999996 39.879225000000005 29.1 0.01038352915075 0.00125 1.0 0
0 0 0 1 47.82 41.912665 33.0 0.00041596 0.04228449999999999 1.95 0
0 1 0 0 47.114 58.9655 8.0 0.1522 0.125905 3.5 0
0 0 0 1 46.821000000000005 43.61854999999999 13.0 0.048386 0.1424 9.0 0
0 0 0 1 48.78450000000001 39.508176 19.0 0.011219 0.23886 2.0 0
0 0 0 1 45.681 49.101275 45.0 2.8275e-05 0.0026 5.0 0
0 0 0 1 45.854 36.196535 7.0 0.17881 0.17716500000000002 5.0 0
0 0 1 0 46.12 44.105470000000004 15.2 0.10196047185000001 0.17546 2.0 0
0 0 0 1 48.7185 46.659515 31.0 0.00066788 0.028756999999999994 1.95 0
0 0 0 1 45.001999999999995 29.9595 16.0 0.023941 0.17541 1.0 0
0 0 0 1 47.398 45.601096999999996 18.0 0.015092 0.08367 3.0 0
0 0 0 1 51.943000000000005 55.11143500000001 59.0 1.0741e-06 0.028772000000000002 1.95 0
0 1 0 0 50.257999999999996 44.8788895 12.0 0.051465 0.09377 2.0 0
1 0 0 0 47.29 38.372975 21.0 0.021256426142 0.042541999999999996 2.35 0
0 0 0 1 50.578500000000005 37.6324875 21.0 0.00735 0.20666 2.0 0
0 1 1 1 44.39 29.7935 30.0 0.00085512 5e-05 2.0 0
1 0 0 0 44.88 33.582155 18.5 0.07099903194999999 0.07560850000000001 2.2 0
0 0 0 1 49.483999999999995 49.015460000000004 29.0 0.0012484 0.033315500000000005 1.6 0
0 1 0 0 52.2515 60.2105 13.95 0.090324275 0.04609 6.0 0
0 1 0 0 59.37 60.0 15.0 0.19766262750000002 0.0534775 2.7 0
0 0 0 1 47.947 44.57863 26.0 0.002136 0.050925 2.5 0
0 0 0 1 49.006 43.2975865 15.0 0.029341 0.09714 1.0 0
0 0 0 1 46.91 39.557145 8.0 0.1569 0.13456849999999998 4.95 0
0 0 0 1 46.991499999999995 42.38492 14.0 0.038693 0.159174 2.7 0
0 0 0 1 38.31 45.819925 17.0 0.019038 0.1179455 2.95 0
0 0 0 1 47.259 48.534508 16.0 0.023049 0.05209 5.0 0
0 1 0 0 47.2855 32.5882 11.0 0.075816 0.00255 3.0 0
0 0 0 1 45.405499999999996 42.6905 17.0 0.017068 0.0987555 2.25 0
1 0 1 0 60.0 50.29191 16.35 0.15760339895 0.00526 4.0 1
0 0 0 1 49.135000000000005 35.7577 19.0 0.012543 0.13062 1.0 0
0 0 0 1 48.1565 49.9861 15.0 0.026194 0.1635705 2.75 0
1 1 1 0 60.0 60.0 110.0 8.6031e-12 0.0 3.0 1
0 0 0 1 44.852000000000004 43.937605000000005 14.0 0.03978 0.09316450000000001 2.45 0
1 0 0 0 60.0 59.99189 98.0 0.016234179471986653 4.2000000000000004e-05 1.85 0
0 0 0 1 43.7655 40.137750000000004 3.0 0.4 0.1206855 4.35 0
0 1 1 0 35.73 38.4505 17.0 0.01627 0.00018 2.0 0
0 0 1 0 49.8825 34.246515 0.0 1.0 0.0 1.0 0
0 1 1 0 49.347500000000004 59.5104 16.5 0.12991376699999999 0.00959 4.0 0
0 0 1 1 47.93300000000001 50.4636 15.0 0.029194 6e-05 3.0 0
0 0 0 1 49.9825 59.8197 21.0 0.0077682 0.2668 3.0 0
0 0 0 1 48.839 48.710645 38.0 0.0001408 0.0399625 2.3 0
0 0 0 1 46.682 26.4733995 2.0 0.53755 0.60963 3.0 0
0 0 0 1 48.703 30.92 14.0 0.034087 0.00323 1.0 0
0 0 0 1 46.910000000000004 41.560674999999996 8.0 0.14923 0.10465549999999998 2.6 0
0 0 1 0 45.093999999999994 7.792142000000001 11.9 0.233295838 0.80645 3.0 0
0 1 0 1 47.536 32.2927 19.0 0.010882 0.0852735 1.85 0
0 0 0 1 48.812999999999995 44.98228 8.0 0.13105 0.146994 3.2 0
0 0 0 1 49.108 46.390674999999995 21.0 0.0073918 0.1313255 2.1 0
0 0 0 1 48.7945 46.916039999999995 19.0 0.010206 0.0905115 2.4 0
0 0 0 1 47.17200000000001 49.85038 21.0 0.0068571 0.1025085 1.75 0
0 0 0 1 50.32100000000001 44.500825 22.0 0.0054197 0.03944 2.0 0
1 0 0 0 45.47 41.18914 15.85 0.10354270145 0.07988 1.0 0
0 0 0 1 46.158 48.8470415 10.0 0.088975 0.10955000000000001 2.9 0
0 1 0 0 47.882 59.241 22.25 0.057345470180000004 0.00039 1.0 0
0 0 1 1 45.20100000000001 46.791059999999995 14.0 0.03882 0.00193 2.0 0
0 0 0 1 50.715999999999994 47.578955 12.0 0.061741 0.15415850000000003 2.5 0
0 0 1 0 51.111 57.6571 4.6 0.4925752 0.0 5.0 0
1 0 0 0 43.88 35.209689999999995 16.85 0.138067704 0.07610449999999999 1.7 0
0 0 0 1 50.08149999999999 51.584105 34.0 0.00039036 0.0347495 2.2 0
0 1 0 0 44.9005 36.9021 21.7 0.05404449069999999 0.0194355 4.8 0
0 0 0 1 43.7655 34.31001500000001 3.0 0.42857 0.192465 3.65 0
0 1 0 1 48.39 56.4138 8.0 0.14731 0.05294 4.0 0
0 0 0 1 47.448 42.92539 22.0 0.005025 0.051450499999999996 2.2 0
0 0 0 1 57.66 41.4172235 13.0 0.0477 0.14704899999999999 2.45 0
0 0 0 1 39.15 44.282125 27.0 0.0019686 0.029790999999999995 2.25 0
0 0 0 1 47.927 47.658595 21.0 0.0071418 0.00918 3.0 0
0 0 0 1 48.516999999999996 50.6616715 15.0 0.027497 0.0834535 2.8 0
0 0 1 0 53.243500000000004 45.627965 26.4 0.01908470731965 0.00733 3.0 0
1 0 0 0 59.16 58.975159999999995 32.5 0.13386722680397883 0.100417 3.0 0
0 0 1 0 32.79 21.86104 7.0 0.19742 0.78826 3.0 0
0 0 1 0 40.6 51.821070000000006 39.0 0.00010013 0.00413 6.0 0
0 0 1 0 47.764500000000005 48.517335 1.0 0.66015 1e-05 2.0 0
0 0 0 1 54.02 46.0603 26.0 0.0023354 0.105243 2.4 0
0 1 1 0 47.51100000000001 30.9437 3.0 0.42145 0.00732 1.0 0
0 0 0 1 45.4165 41.30401500000001 9.0 0.12418 0.19381899999999996 4.45 0
0 0 0 1 50.181 59.7267 21.0 0.007279 0.07191 2.0 0
0 0 0 1 45.6435 58.6644 25.0 0.002789 0.11784 3.0 0
1 1 1 1 60.0 60.0 82.0 5.4065e-09 0.0 2.0 1
0 0 0 1 50.94350000000001 49.26688 61.0 7.1863e-07 0.009673999999999999 2.0 0
0 0 1 0 41.19 42.089425000000006 30.1 0.1200414641943 0.16193 4.0 0
0 0 0 1 49.060500000000005 46.282425 37.0 0.00017781 0.0295695 2.65 0
0 0 0 1 50.859 49.741805 52.0 5.3942e-06 0.021266 2.35 0
0 0 1 0 56.50750000000001 52.811645 13.05 0.2501614748 0.00034 5.0 0
0 0 1 0 47.764500000000005 38.855875 0.0 1.0 0.00034 2.0 0
0 0 0 1 45.460499999999996 38.4789215 7.0 0.19496 0.26708999999999994 3.8 0
0 0 0 1 45.63 39.788225 20.0 0.0084344 0.0422 2.0 0
0 0 0 1 49.17 45.840965 23.0 0.0047222 0.01003 3.0 0
0 0 0 1 48.288 43.09255 13.0 0.043754 0.43079 5.0 0
1 0 0 0 53.11 50.25881499999999 20.45 0.07572504955 0.058135000000000006 2.6 0
0 0 0 1 47.4865 46.450715 19.0 0.01253 0.09614250000000002 2.3 0
0 0 0 1 51.0735 48.6692015 15.0 0.028137 0.10509799999999998 2.45 0
0 0 0 1 47.489 48.7478 13.0 0.04913 0.06498 1.0 0
0 0 0 1 58.33050000000001 54.08497500000001 73.0 4.5475e-08 0.0002645 1.75 0
0 0 1 0 55.33 43.2156 15.3 0.144236171 0.17145 1.0 0
0 0 0 1 47.423 46.890918 4.0 0.34365 0.2288765 5.9 0
0 0 1 0 57.7325 54.002815 11.5 0.3134485156785 0.0 19.0 0
0 1 0 0 48.4645 32.7727 9.0 0.11522 0.00502 2.0 0
1 0 0 0 40.95 29.24572 26.55 0.07151724000000001 0.061088500000000004 1.9 0
0 0 0 1 48.3105 46.500834999999995 22.0 0.0060667 0.0913875 2.15 0
0 0 0 1 48.1565 50.786145 15.0 0.026174 0.159113 2.55 0
1 0 0 0 9.44 24.285625000000003 55.6 0.11406165106347914 0.20697000000000002 2.25 0
0 0 0 1 50.096999999999994 47.455780000000004 22.0 0.0062053 0.02145 2.0 0
0 0 0 1 46.232 59.5042 32.0 0.00056104 0.00976 1.0 0
0 0 0 1 47.529999999999994 50.472455000000004 42.0 5.1598e-05 0.038407000000000004 2.95 0
0 0 0 1 48.6015 50.416555 15.0 0.025826 0.093953 2.05 0
1 0 0 0 52.65 47.799015000000004 18.05 0.0749438285 0.044116 2.1 0
1 0 0 0 60.0 59.99189 98.0 0.016234179471986653 4.2000000000000004e-05 1.85 1
0 0 0 1 50.45099999999999 50.438695 24.0 0.0035388 5e-05 8.0 0
0 1 0 0 58.59599999999999 59.4167 30.65 0.17844843222793863 0.0281355 3.5 0
0 0 0 1 49.411 48.87298 14.0 0.033653 0.08215 3.0 0
0 0 1 0 46.387 36.06194 3.0 0.40526 0.16812 1.0 0
1 0 0 0 56.18 58.311699999999995 17.25 0.0384366275 0.06891549999999999 2.1 0
0 1 0 0 46.742000000000004 39.216935 16.95 0.050069442 0.07215 4.0 0
0 0 0 1 40.429500000000004 59.795015 255.0 0.0 0.0 1.95 0
1 0 0 0 52.68 47.799015000000004 17.8 0.07586238349999999 0.034738 2.05 0
0 1 0 0 50.3695 48.017450000000004 12.0 0.056552 0.11309799999999999 5.15 0
1 0 0 0 60.0 59.99189 98.0 0.016234179471986653 4.2000000000000004e-05 1.85 0
0 0 0 1 51.18950000000001 46.298695 24.0 0.0033793 0.030407000000000007 2.55 0
0 0 0 1 45.51800000000001 40.3103 8.0 0.12905 0.37294 2.0 0
0 1 0 0 45.549 44.8667 13.35 0.102881315 0.08751 3.0 0
0 0 0 1 48.651999999999994 47.741885 21.0 0.0069594 0.082599 1.65 0
1 0 0 0 60.0 59.99189 98.0 0.016234179471986653 4.2000000000000004e-05 1.85 0
1 1 1 0 60.1 59.9623 96.0 2.3688e-10 0.0 3.0 1
1 0 0 0 45.02 33.09028000000001 22.05 0.026857421377774998 0.045607 2.3 0
0 0 0 1 49.32099999999999 45.929285 8.0 0.14009 0.0394 4.0 0
0 0 1 0 57.7325 48.48648000000001 8.6 0.254397035 0.00024 22.0 0
0 0 0 1 48.812 44.15959000000001 33.0 0.0004806 0.022029 2.1 0
0 0 0 1 47.8335 48.28611 29.0 0.0010361 0.03475949999999999 1.95 0
0 0 0 1 48.82 42.0580695 36.0 0.00023149 0.07838350000000001 1.95 0
0 0 0 1 46.0075 39.60239 20.0 0.0097121 0.07950200000000002 1.95 0
0 0 0 1 49.258500000000005 42.782595 16.0 0.022446 0.12567 2.4 0
0 0 1 0 44.49900000000001 53.069045 1.0 0.75966 0.0 7.0 0
0 1 0 0 44.423500000000004 38.8478 21.6 0.03929427345 0.00186 3.0 0
0 0 0 1 50.323 42.68864000000001 13.0 0.040802 0.160747 2.75 0
0 0 1 0 43.111000000000004 50.623237 13.25 0.165046977 0.23178 1.0 0
0 0 1 0 47.206 61.3472 4.0 0.32565 0.0 2.0 0
0 0 0 1 55.66 45.743405 14.0 0.032615 0.16116399999999997 2.4 0
0 0 0 1 51.452999999999996 49.614125 16.0 0.025049 0.1014105 2.1 0
0 0 0 1 49.948 24.612 19.0 0.011515 0.01604 1.0 0
0 0 1 0 57.7325 45.555165 8.5 0.272908985 0.0 23.0 0
0 0 0 1 44.4325 41.592639999999996 17.0 0.017365 0.09214900000000001 1.85 0
0 0 1 0 47.1305 44.259530000000005 18.35 0.09234471050000001 0.00249 3.0 0
1 0 0 0 60.22 59.95916 49.45 0.023481435184828606 0.05231300000000001 2.9 0
0 0 0 1 48.83 45.65334800000001 16.0 0.024504 0.10763 3.0 0
0 0 0 1 49.906000000000006 42.855905 21.0 0.0071727 0.061526500000000005 2.45 0
1 0 0 0 49.48 43.20665999999999 20.7 0.1176660972935 0.023181 2.0 0
0 0 0 1 46.281499999999994 43.445235000000004 14.0 0.033962 0.10911900000000001 3.25 0
0 0 0 1 51.40049999999999 49.713274999999996 32.0 0.00062535 0.04898399999999999 1.8 0
0 0 0 1 44.0285 35.026315000000004 41.0 6.9646e-05 0.54691 1.0 0
0 1 0 0 48.439 27.5506 6.0 0.20112 0.10339449999999999 4.15 0
0 0 0 1 19.23 38.207950000000004 5.0 0.2568 0.42358 1.0 0
1 0 0 0 40.11 30.266680000000008 23.05 0.05212352978500001 0.03795849999999999 1.9 0
0 0 1 0 51.78900000000001 60.1408 8.15 0.3878655779 0.00027 5.0 0
0 0 0 1 44.29899999999999 58.4833 29.0 0.0010737 0.39036 1.0 0
0 0 0 1 51.63250000000001 59.0582 15.0 0.025821 0.02615 2.0 0
0 0 0 1 53.3405 52.292245 54.0 3.9126e-06 0.0039675 3.6 0
0 0 1 0 55.0855 56.6154 10.25 0.4215594642999999 0.00016 9.0 0
1 0 0 0 60.0 59.99189 98.0 0.016234179471986653 4.2000000000000004e-05 1.85 0
0 0 0 1 46.807 38.194765000000004 16.0 0.023263 0.04326500000000001 3.1 0
0 0 0 1 48.812999999999995 43.98256500000001 8.0 0.13115 0.153315 3.6 0
0 1 1 1 46.6305 51.4483 20.0 0.0098094 0.00013 4.0 0
0 0 0 1 41.96 47.54556 17.0 0.016259 0.04113 2.0 0
0 0 0 1 43.7655 40.13775 3.0 0.41053 0.1022665 6.95 0
1 0 0 0 60.0 59.99189 98.0 0.016234179471986653 4.2000000000000004e-05 1.85 0
0 0 0 1 53.423 60.0 14.0 0.034662 0.29471 2.0 0
0 0 0 1 45.763 20.9043 25.0 0.0025287 0.01221 2.0 0
0 0 0 1 45.0415 42.6057 13.0 0.049659 0.082597 1.95 0
0 0 0 1 48.7185 46.659515 31.0 0.00065669 0.039011 1.95 0
0 0 0 1 41.706 37.11448 2.0 0.51071 0.07778 1.0 0
0 0 0 1 47.5865 46.69119499999999 13.0 0.043779 0.24141549999999995 2.3 0
0 1 0 0 48.727 0.0 10.0 0.081507 1.0 2.65 0
0 1 0 0 46.8415 43.4429 8.0 0.14771 0.01652 2.0 0
0 0 1 0 50.8515 12.5 18.5 0.045127110000000005 0.00476 3.0 0
0 0 0 1 45.206500000000005 34.57062549999999 5.0 0.27266 0.15436100000000003 4.05 0
0 0 0 1 49.645 45.5052965 15.0 0.02675 0.44283 1.0 0
0 0 1 0 47.88850000000001 46.380069999999996 3.0 0.43651 0.0 4.0 0
0 0 0 1 58.03 44.233149999999995 11.0 0.063889 0.120564 5.5 0
0 0 1 0 59.19500000000001 58.63666500000001 54.2 0.21766662893659486 0.0 3.0 0
0 0 0 1 40.429500000000004 59.795015 225.0 3.0314e-23 0.0 1.95 0
0 0 0 1 53.161500000000004 46.396015 63.0 4.1826e-07 0.0001015 1.95 0
0 0 0 1 53.26 40.67276 18.0 0.014454 0.11697750000000003 2.2 0
0 0 0 1 48.4685 44.828315 23.0 0.0046075 0.047215999999999994 1.95 0
1 1 1 1 60.0 60.0 56.0 2.4736e-06 0.0 4.0 1
0 0 0 1 43.538500000000006 59.7086 13.0 0.046094 0.05339 1.0 0
1 0 0 0 60.0 59.99189 98.0 0.016234179471986653 4.2000000000000004e-05 1.85 0
0 0 0 1 49.013 44.373765000000006 13.0 0.041828 0.092821 2.1 0
0 0 0 1 46.425 42.771985 14.0 0.034216 0.1080305 1.8 0
0 0 0 1 48.7185 46.659515 31.0 0.00065983 0.039011 1.95 0
0 0 0 1 45.158500000000004 49.309015 14.0 0.032591 0.13863 2.0 0
0 0 0 1 48.952999999999996 45.653348 16.0 0.021433 0.10979 3.0 0
0 0 0 1 57.57600000000001 58.622945 136.0 2.2921e-14 0.0 1.6 0
0 0 0 1 57.568000000000005 55.359455000000004 74.0 3.8024e-08 0.00026999999999999995 1.7 0
0 0 0 1 48.055 49.712129999999995 2.0 0.60474 0.06928750000000002 8.0 0
0 0 0 1 48.7535 46.51569500000001 26.0 0.0023392 0.10372999999999999 2.45 0
1 0 0 0 45.46 36.613330000000005 19.2 0.044641468360000006 0.03886100000000001 1.85 0
0 1 0 0 50.35447767066693 44.52678267539525 24.651144857041167 0.09658699853529934 0.10095995499099822 3.9706941388277657 0
0 0 1 0 58.302 52.8424 54.45 0.13475244650142015 0.0 2.0 0
0 0 0 1 49.58050000000001 39.435680000000005 18.0 0.013539 0.0898175 2.25 0
0 0 0 1 49.248000000000005 46.257985000000005 19.0 0.010992 0.00386 1.0 0
0 0 1 1 46.489999999999995 40.70358500000001 20.0 0.0096251 0.0 4.0 0
0 1 0 0 50.35447767066693 44.52678267539525 24.651144857041167 0.09658699853529934 0.10095995499099822 3.9706941388277657 0
0 0 0 1 47.946 42.582066499999996 10.0 0.093012 0.0925315 4.05 0
0 0 1 0 50.318 44.3686 0.0 0.98479 0.0 12.0 0
0 0 0 1 50.675 50.912145 17.0 0.019418 0.1210455 1.65 0
0 1 0 1 49.6665 46.497365 26.0 0.0023307 0.00237 1.0 0
0 0 0 1 49.39550000000001 21.3562 23.0 0.0044163 0.00206 2.0 0
0 0 1 0 48.483000000000004 43.182435 20.0 0.05242784415 0.01849 1.0 0
0 0 1 0 42.8485 24.659426 0.0 0.95695 0.35979 2.0 0
1 0 0 0 28.64 23.676969999999997 14.85 0.0823393555 0.11232950000000001 2.25 0
1 0 0 0 43.92 35.20969 17.15 0.15420292600000002 0.0860085 1.75 0
0 0 0 1 54.545 57.16633 69.0 1.2337e-07 0.024713000000000002 2.55 0
0 1 1 1 44.49 31.9571 22.0 0.0060069 0.04001 4.0 0
0 0 0 1 47.3415 44.400905 24.0 0.0039172 0.12162449999999998 2.3 0
1 0 0 0 39.69 31.008855 36.45 0.02950978375000009 0.0459765 1.85 0
0 0 0 1 45.964499999999994 43.876504999999995 25.0 0.0028362 0.064464 1.95 0
0 0 0 1 45.1205 38.21822949999999 3.0 0.49565 0.06517 2.0 0
0 0 1 0 57.59100000000001 56.28131499999999 10.75 0.42355852746 0.01177 11.0 0
0 0 0 1 38.75 35.8136 21.0 0.0068335 0.02952 2.0 0
0 0 1 0 50.50149999999999 60.0 0.0 1.0 0.0 7.0 0
1 0 0 0 59.11 59.008245 19.05 0.13922322680379 0.10609450000000001 3.05 0
1 1 1 1 40.05 36.2254 50.0 8.8753e-06 0.00037 1.0 0
0 0 0 1 50.672999999999995 49.3461315 32.0 0.00053457 0.035559 2.1 0
0 0 0 1 48.6545 57.3824 23.0 0.0045121 0.54669 2.0 0
0 0 1 1 48.114 48.10475 36.0 0.00023089 1e-05 1.0 0
0 1 0 0 50.35447767066693 44.52678267539525 24.651144857041167 0.09658699853529934 0.10095995499099822 3.9706941388277657 0
0 1 0 1 46.21499999999999 51.7801 13.0 0.043006 8e-05 1.0 0
0 0 0 1 49.4105 46.240134999999995 13.0 0.045221 0.12489950000000001 2.55 0
0 0 1 0 56.50750000000001 55.33380999999999 39.6 0.27223963912045207 0.0 4.0 0
0 0 0 1 50.45799999999999 47.279759999999996 14.0 0.036805 0.10454 3.0 0
0 0 1 0 49.8915 48.024395000000005 10.0 0.080567 0.0 1.0 0
0 0 0 1 50.574 41.027305 15.0 0.028762 0.0602195 1.8 0
0 0 1 0 49.635 53.7258 1.0 0.76395 0.0 9.0 0
0 0 0 1 46.91 39.557145000000006 8.0 0.15584 0.17034200000000002 4.5 0
0 0 0 1 47.43249999999999 42.882105 19.0 0.011682 0.01796 1.0 0
0 1 0 0 53.69849999999999 53.2 20.85 0.16901412890002426 0.11894 4.25 0
0 0 0 1 52.387 42.526415 23.0 0.004395 0.12162199999999998 2.3 0
0 0 0 1 48.741499999999995 42.25186 15.0 0.031543 0.167372 3.05 0
0 0 0 1 54.1 46.787925 14.0 0.037148 0.13721850000000002 2.25 0
0 0 1 0 50.17700000000001 45.92407 6.0 0.20427 0.00075 8.0 0
0 0 0 1 40.429500000000004 59.795015 255.0 4.4802000000000005e-33 0.0 1.95 0
0 0 0 1 48.279 44.47891499999999 18.0 0.015683 0.0427015 1.75 0
0 0 1 0 48.508500000000005 48.735215 12.0 0.052709 0.00785 1.0 0
0 0 1 0 47.12050000000001 46.219094999999996 5.0 0.27999 0.00437 2.0 0
0 0 1 0 56.574 49.53754 19.65 0.1975131672 6e-05 3.0 0
0 0 0 1 45.078500000000005 44.43256 28.0 0.0012894 0.056288499999999984 2.25 0
0 0 0 1 49.98950000000001 42.4167 18.0 0.012842 0.00637 6.0 0
0 0 0 1 46.6145 46.537769999999995 13.0 0.045971 0.13532899999999998 2.8 0
0 0 0 1 49.26950000000001 37.984345000000005 6.0 0.21645 0.12764999999999999 3.4 0
0 0 1 0 56.50750000000001 49.419245000000004 17.3 0.17120732154999999 0.0032 5.0 0
0 0 0 1 47.590999999999994 40.175855 4.0 0.32308 0.51804 4.0 0
0 0 0 1 47.5865 46.69119499999999 13.0 0.043784 0.24141549999999995 2.3 0
0 0 0 1 49.88199999999999 43.612455 30.0 0.00091298 0.015210499999999998 2.05 0
1 0 0 0 41.5 28.977764999999998 20.35 0.077342910156 0.070022 1.95 0
0 0 0 1 46.04600000000001 50.2778 5.0 0.29565 0.138991 5.1 0
0 0 0 1 48.812999999999995 44.594375 8.0 0.13208 0.11350800000000001 4.45 0
0 0 1 1 43.7635 52.150065 39.0 0.00012451 0.00693 7.0 0
0 1 0 0 48.581 43.25394 10.0 0.084804 0.0641605 2.85 0
0 1 0 0 59.8845 60.0 51.4 0.13680397870097638 0.061791 2.85 0
0 0 0 1 47.448 42.92539 22.0 0.0050619 0.05145050000000001 2.2 0
0 0 1 0 49.88250000000001 44.62317 9.0 0.12032 0.00019 1.0 0
0 0 1 0 45.25150000000001 43.287144999999995 3.0 0.45747 0.0618 2.0 0
0 0 0 1 51.212 47.28766 12.0 0.050796 0.056430499999999995 2.1 0
0 0 0 1 49.73 46.188714999999995 23.0 0.0045729 0.09559900000000002 1.9 0
0 0 0 1 47.904500000000006 42.175385000000006 8.0 0.1407 0.10530900000000001 3.05 0
0 0 0 1 46.976 45.378235000000004 31.0 0.00079144 0.055311 1.85 0
1 0 0 0 26.32 24.285625000000003 60.1 0.12320857549775073 0.16368 1.8 0
0 1 0 0 46.13 37.7092 20.9 0.0179583835 0.083341 2.1 0
0 0 0 1 50.5755 48.65842800000001 16.0 0.022603 0.01037 4.0 0
0 0 0 1 48.736000000000004 44.56794 6.0 0.23077 0.0398 2.0 0
0 0 0 1 37.02 48.007065 20.0 0.0084967 0.05665950000000001 2.2 0
0 0 0 1 47.67399999999999 45.617070000000005 13.0 0.045505 0.07498350000000001 2.8 0
0 0 1 1 55.76 46.236845 34.0 0.00038035 0.00192 1.0 0
0 0 0 1 48.8605 42.0465 15.0 0.030429 0.41296 2.0 0
0 0 1 0 44.9395 34.23275 7.0 0.18759 0.13971 1.0 0
0 1 0 0 46.3985 22.359 18.1 0.029278585000000013 0.023 2.0 0
0 0 0 1 57.55 41.999359999999996 19.0 0.010032 0.01977 1.0 0
1 0 1 0 42.07 40.517981500000005 21.4 0.10266133969499998 0.0096 1.0 0
1 0 1 0 41.15 36.65117649999999 19.85 0.026820611999999994 0.01099 1.0 0
0 0 0 1 49.2 27.429624999999998 20.0 0.0096039 0.26379 1.0 0
1 0 0 0 60.0 59.99189 98.0 0.016234179471986653 4.2000000000000004e-05 1.85 1
0 0 0 1 49.092999999999996 43.372615 18.0 0.014013 0.08020550000000001 1.8 0
0 0 0 1 55.605 60.0 143.0 4.9669e-15 0.0 1.8 0
0 0 0 1 48.536500000000004 47.53085 21.0 0.0076855 0.07083400000000001 2.7 0
0 0 0 1 50.356500000000004 50.21257 17.0 0.018499 0.096886 2.05 0
0 0 0 1 46.384 43.537955 14.0 0.033498 0.159213 1.95 0
1 0 0 0 47.11 38.276844999999994 21.05 0.028752241909499997 0.05234300000000001 2.2 0
0 0 0 1 50.317 45.573475 27.0 0.0018084 0.06818899999999999 2.15 0
1 0 0 0 59.29 58.97516 41.15 0.12201086229918982 0.0780735 3.2 0
0 0 1 0 49.8825 34.246515 0.0 1.0 0.0 1.0 0
1 0 0 1 44.05 46.281029999999994 22.0 0.0060171 0.13232 3.0 0
0 0 1 0 55.6155 45.9706695 9.75 0.5585366890107901 0.0005 9.0 0
0 0 0 1 47.3785 48.969485000000006 38.0 0.00014873 0.0376875 2.25 0
0 0 0 1 46.448499999999996 44.776898 4.0 0.31829 0.25251950000000006 6.8 0
0 0 1 0 27.8 37.38096 7.0 0.18767 0.10716 1.0 0
0 0 0 1 50.31699999999999 48.26901 27.0 0.0015898 0.043785000000000004 1.75 0
0 0 0 1 50.418 43.1061 17.0 0.016301 0.00642 1.0 0
0 0 0 1 40.429500000000004 59.795015 242.0 5.461e-25 0.0 1.95 0
1 0 0 0 59.7 59.576274999999995 67.8 0.011280726612620907 0.024571 2.75 0
0 0 1 0 58.302 52.8424 54.45 0.13475244650142015 0.0 2.0 0
1 0 0 0 47.06 38.66733 19.3 0.06010892070950001 0.0504245 2.55 0
1 0 0 0 43.77 35.875635 22.1 0.04766826239 0.09492350000000001 2.0 0
0 0 0 1 43.748000000000005 38.155283000000004 10.0 0.097778 0.14328 2.0 0
0 0 1 0 49.8825 34.246515 0.0 1.0 0.0 1.0 0
1 0 0 0 60.0 59.99189 98.0 0.016234179471986653 4.2000000000000004e-05 1.85 0
0 0 0 1 52.33 51.92805499999999 66.0 2.2626e-07 0.024507 2.35 0
0 0 0 1 46.635000000000005 44.668434999999995 21.0 0.0066857 0.030905 2.9 0
0 0 0 1 46.104499999999994 41.590365 8.0 0.12723 0.26529 3.0 0
0 0 0 1 45.5685 37.94454 16.0 0.02332 0.036933499999999994 3.3 0
0 0 0 1 49.2375 42.242617 18.0 0.012739 0.07721999999999998 2.35 0
0 0 0 1 49.7265 43.377895 15.0 0.029803 0.2057515 2.1 0
0 0 1 0 49.328500000000005 53.68411 11.85 0.30124471500000005 0.00029 8.0 0
0 1 0 0 35.481 14.3333 13.35 0.29773810825 0.15292749999999997 2.2 0
0 0 0 1 43.2595 35.334680000000006 5.0 0.25308 0.1949715 4.4 0
1 0 0 0 59.28 58.975159999999995 41.1 0.12733436229918982 0.086434 3.1 0
0 0 0 1 50.945499999999996 28.7315 30.0 0.00082882 0.00392 1.0 0
0 0 0 1 50.373000000000005 47.17564 14.0 0.037957 0.10137149999999999 3.5 0
0 1 1 1 52.88 48.784 26.0 0.0023817 0.00329 3.0 0
0 0 0 1 48.851 39.43267000000001 10.0 0.097217 0.093221 4.85 0
1 0 0 0 54.36 54.02522499999999 18.55 0.026271002000000005 0.0610835 2.1 0
1 0 0 0 56.3 58.09465 15.45 0.1074719 0.057836 2.35 0
1 0 0 0 58.73 59.0581 15.15 0.093475625 0.10958050000000001 3.45 0
0 1 0 0 55.44 59.928 14.0 0.038812 0.09751 2.0 0
0 0 0 1 48.67249999999999 41.679305 16.0 0.02253 0.10483699999999999 3.4 0
1 0 0 0 56.14 37.82113 9.0 0.12119 0.09733299999999999 5.05 0
0 0 0 1 45.0415 42.6057 13.0 0.049985 0.07506949999999998 2.4 0
0 1 1 0 49.540000000000006 61.4545 14.65 0.173941517 0.00023 4.0 0
0 0 0 1 46.281499999999994 43.445235000000004 14.0 0.033966 0.109119 3.25 0
1 0 0 0 44.96 32.928735 21.35 0.05917207137777499 0.0608295 2.3 0
0 0 0 1 48.458 50.50155149999999 15.0 0.027641 0.07799350000000001 3.55 0
0 0 0 1 47.248 46.812025 18.0 0.015363 0.1365925 2.2 0
1 0 0 0 60.0 59.99189 98.0 0.016234179471986653 4.2000000000000004e-05 1.85 0
0 0 0 1 46.3395 47.825619999999994 18.0 0.014418 0.01814 1.0 0
0 0 0 1 46.123 43.59356 9.0 0.10694 0.127091 3.85 0
0 1 0 0 49.031 28.2371 17.0 0.019943 0.00434 2.0 0
0 0 0 1 48.228 46.534075 15.0 0.03045 0.1649565 2.0 0
0 0 1 0 37.973499999999994 17.2 0.0 0.94891 0.12238 1.0 0
1 0 0 0 57.1 58.738789999999995 17.95 0.066692854 0.04365499999999999 2.7 0
0 0 1 0 51.21049999999999 54.3802 27.6 0.022075552199999997 0.00027 1.0 0
0 0 0 1 46.361000000000004 46.5667 8.0 0.14286 0.35128 1.0 0
0 0 0 1 47.3785 48.969485000000006 38.0 0.00014893 0.0376875 2.25 0
0 0 0 1 49.575 49.733059999999995 17.0 0.019608 0.1354485 1.75 0
0 0 1 0 45.543 31.0714 24.55 0.03909232415 0.00232 2.0 0
0 0 0 1 49.0065 43.443844999999996 14.0 0.036415 0.13008799999999998 2.95 0
0 0 0 1 57.107499999999995 59.11505999999999 116.0 2.3196e-12 0.0 2.2 0
0 0 0 1 47.275999999999996 47.906895000000006 21.0 0.0075838 0.13547199999999998 3.8 0
0 1 0 0 46.2625 38.1184 10.0 0.099327 0.01443 1.0 0
1 0 0 0 42.22 51.347960000000015 13.0 0.19804987000000002 0.28519 2.0 0
1 1 0 0 37.85 25.2981 48.0 1.3181e-05 0.00464 1.0 0
0 1 0 0 41.4675 0.0 1.0 0.68399 1.0 1.0 0
0 0 1 0 44.109500000000004 38.37189 11.25 0.16319019499999998 0.3246 1.0 0
0 1 0 0 50.1065 36.624216000000004 10.65 0.20043736 1.0 5.0 0
1 1 1 0 60.0 60.0 146.0 2.4428e-15 0.0 2.0 1
0 0 0 1 48.442 56.8482 16.0 0.022913 0.05023 9.0 0
0 0 0 1 49.840999999999994 44.62244 14.0 0.036613 0.03706 2.0 0
0 0 1 0 49.328500000000005 53.68411 6.2 0.58414086 0.0 8.0 0
0 0 0 1 51.452999999999996 49.614125 16.0 0.024863 0.1043205 2.45 0
0 0 0 1 53.753 60.0 30.0 0.00094772 0.00046 2.0 0
0 0 1 0 50.109 57.58728 4.5 0.5052807254999999 1e-05 6.0 0
0 0 0 1 56.1915 58.78884000000001 155.0 3.0602e-16 0.0 1.95 0
0 0 0 1 50.6365 44.29129 13.0 0.041606 0.08668000000000001 1.85 0
0 1 0 0 47.332499999999996 58.8444 23.05 0.026332368499999998 0.0014 2.0 0
1 0 0 0 60.0 59.99189 98.0 0.016234179471986653 4.2000000000000004e-05 1.85 0
0 0 1 1 49.0275 45.577844999999996 22.0 0.0051792 0.00395 2.0 0
0 1 0 0 47.0575 35.92455 9.0 0.11617 0.06058 1.0 0
0 0 0 1 50.190000000000005 47.93954500000001 13.0 0.040444 0.17875900000000003 2.65 0
0 0 1 0 45.5585 41.96476 15.2 0.09904363499999999 0.06716 1.0 0
0 0 0 1 50.31699999999999 48.26901 27.0 0.0016664 0.0484445 1.9 0
0 0 0 1 44.04 44.66503 22.0 0.005927 0.093204 2.0 0
0 0 0 1 50.211 44.74088999999999 21.0 0.0071222 0.05088800000000001 2.25 0
1 0 0 0 60.0 59.99189 98.0 0.016234179471986653 4.2000000000000004e-05 1.85 0
0 0 1 0 55.956999999999994 60.0 0.0 0.97649 0.0 10.0 0
0 0 0 1 47.71499999999999 40.129085 20.0 0.0083103 0.02777 1.0 0
0 1 0 1 50.5 54.635 43.0 4.9481e-05 0.00069 3.0 0
0 0 0 1 46.2435 49.01115 31.0 0.00064538 0.0 2.0 0
0 0 0 1 47.169 47.249550000000006 4.0 0.37685 0.12654649999999998 4.7 0
0 0 0 1 42.27 46.581219999999995 20.0 0.0091137 0.06227 3.0 0
0 0 0 1 49.211499999999994 44.34135 14.0 0.034375 0.0868855 2.45 0
1 0 1 0 43.23 33.9266415 13.4 0.1594771965 0.11196 2.0 0
0 0 1 1 48.001000000000005 48.84677000000001 17.0 0.019266 0.0 2.0 0
1 0 0 0 58.91 59.076049999999995 19.6 0.10593260865378999 0.0982705 2.3 0
0 0 0 1 46.894 50.478899999999996 41.0 6.4758e-05 0.07548950000000001 2.4 0
0 0 0 1 45.879000000000005 46.32151 13.0 0.047101 0.1311865 2.85 0
0 0 0 1 43.898500000000006 44.579840000000004 14.0 0.031932 0.11477650000000002 2.4 0
0 0 1 1 49.433499999999995 49.13025 11.0 0.075214 0.0 17.0 0
0 0 1 0 51.778499999999994 43.46475 24.05 0.023793470000000004 0.00836 3.0 0
0 0 1 0 47.93400000000001 45.373884999999994 13.0 0.049588 0.00014 6.0 0
0 0 1 0 47.928999999999995 48.76438 18.45 0.163035833 0.00101 3.0 0
0 0 0 1 54.56 48.156060000000004 13.0 0.040477 0.17528649999999998 2.2 0
0 0 0 1 51.028000000000006 45.95827 23.0 0.0043931 0.10804 3.0 0
0 0 1 0 50.020500000000006 38.611149 19.3 0.0308656449 0.02596 1.0 0
0 0 1 1 49.1575 47.612095 4.0 0.33868 0.0 10.0 0
1 0 0 0 56.0 57.649625 19.85 0.03883895875 0.046333 2.95 0
0 0 0 1 48.232000000000006 50.735795 17.0 0.018216 0.07125150000000001 2.05 0
0 0 0 1 51.436 42.6309935 22.0 0.0056497 0.15079 2.15 0
0 0 0 1 38.89 41.38596 19.0 0.011478 0.10390399999999997 2.2 0
0 0 0 1 48.1695 59.2712 13.0 0.042039 0.17881 1.0 0
0 0 1 0 47.7645 49.203085 1.0 0.78497 0.00091 2.0 0
0 0 0 1 51.9745 60.0 20.0 0.0091754 0.53356 2.0 0
0 1 1 1 56.96 59.4779 21.0 0.0069754 0.00505 1.0 0
0 0 1 0 49.79749999999999 45.117284999999995 7.0 0.18395 0.0 4.0 0
1 0 0 0 60.0 59.99189 98.0 0.016234179471986653 4.2000000000000004e-05 1.85 0
0 0 0 1 45.668 39.765615 13.0 0.047252 0.0498 1.0 0
1 0 0 0 60.0 59.99189 98.0 0.016234179471986653 4.2000000000000004e-05 1.85 0
0 0 0 1 52.0 37.26247550000001 19.0 0.011262 0.13305050000000002 2.55 0
0 0 1 0 47.740500000000004 50.346145 48.0 1.5591e-05 0.00222 2.0 0
0 0 0 1 50.782000000000004 47.66672799999999 16.0 0.021557 0.07637 3.0 0
0 1 0 1 48.578 57.4327 17.0 0.01817 0.02865 2.0 0
0 0 0 1 49.66199999999999 48.18495 11.0 0.068426 0.1246805 2.95 0
0 0 0 1 57.02700000000001 57.73896500000001 90.0 8.0855e-10 9.85e-05 1.55 0
0 1 0 1 50.334 56.8614 54.0 3.2069e-06 0.015012500000000002 7.55 0
0 0 0 1 47.74249999999999 49.78732 29.0 0.0011146 0.07280549999999998 2.3 0
0 0 0 1 46.0895 40.274715 30.0 0.00088496 0.48448 1.0 0
1 0 0 0 53.02 49.73885 19.7 0.07103289405 0.065607 2.6 0
1 0 0 0 43.2 29.751266000000005 4.0 0.35862 0.53437 2.0 0
0 0 0 1 46.608999999999995 41.3518535 13.0 0.048935 0.17272899999999997 1.7 0
0 0 1 0 51.339999999999996 45.159744999999994 11.0 0.066675 0.0 5.0 0
1 0 0 0 60.0 59.99189 98.0 0.016234179471986653 4.2000000000000004e-05 1.85 0
0 0 0 1 43.02 39.272155000000005 18.0 0.013777 0.0923065 2.05 0
0 0 0 1 48.51350000000001 30.584 27.0 0.001798 0.027228000000000002 2.95 0
0 0 1 0 46.3205 41.400805000000005 18.45 0.049050605 0.00967 2.0 0
0 0 0 1 45.405499999999996 41.63712 17.0 0.017057 0.11884400000000002 2.1 0
0 0 0 1 50.672999999999995 49.3461315 32.0 0.00053914 0.044072 2.2 0
0 0 1 0 47.9185 55.5556 17.05 0.07185669850000001 0.01391 2.0 0
1 1 1 1 60.0 60.0 72.0 5.0279e-08 0.0 2.0 1
0 0 1 0 43.973 50.728882500000005 2.0 0.61336 0.0 8.0 0
0 0 0 1 50.521 43.834243 16.0 0.021687 0.03442 2.0 0
0 0 0 1 56.763 59.795015 200.0 8.555e-21 0.0 1.9 0
0 0 0 1 51.26700000000001 41.2455435 22.0 0.0055779 0.19196149999999998 1.8 0
1 0 0 0 42.15 30.716379999999997 26.2 0.014562006919500001 0.06769299999999999 1.6 0
0 0 0 1 45.528999999999996 46.20326999999999 13.0 0.043263 0.1508 3.2 0
0 1 1 0 48.75749999999999 59.6849 34.0 0.00039159 0.0 6.0 0
0 0 0 1 47.177499999999995 37.083510000000004 20.0 0.0093747 0.0615425 3.45 0
1 0 0 0 50.0 44.57851 24.65 0.026300962421500002 0.047289000000000005 2.0 0
1 0 0 0 60.0 59.99189 98.0 0.016234179471986653 4.2000000000000004e-05 1.85 0
1 0 0 0 42.3 31.10908 20.5 0.0139686585 0.079547 2.25 0
0 0 0 1 49.366499999999995 40.868635 7.0 0.18571 0.41435 9.0 0
0 0 1 0 49.350500000000004 43.64237 17.8 0.0861905295 0.00369 3.0 0
0 0 0 1 48.54849999999999 43.5191 14.0 0.036637 0.04702 1.0 0
0 1 0 0 47.818999999999996 41.667275 15.0 0.030939 0.00429 1.0 0
0 0 0 1 48.9 48.1123 15.0 0.029949 0.0535 2.0 0
0 0 0 1 40.33 44.865044999999995 28.0 0.0014911 0.01134 1.0 0
0 0 0 1 46.33 46.928235 17.0 0.017473 0.06481 2.0 0
0 0 0 1 40.429500000000004 59.795015 247.0 1.8248000000000003e-25 0.0 1.95 0
1 0 0 0 60.0 59.99189 98.0 0.016234179471986653 4.2000000000000004e-05 1.85 0
1 0 0 0 58.97 59.07604999999999 18.35 0.13550763865379 0.11142850000000001 2.1 0
0 0 0 1 51.06999999999999 47.145484999999994 19.0 0.011625 0.08892100000000001 1.8 0
0 0 0 1 50.08900000000001 40.361285 19.0 0.010213 0.23504 3.0 0
0 1 0 0 45.6305 36.4479065 14.25 0.111098382 0.10544 2.0 0
0 0 1 0 46.254 57.86138 5.9 0.44136089 0.00028 7.0 0
0 1 0 0 54.092 54.2716 14.9 0.06350578 0.040503500000000005 7.25 0
0 0 1 0 45.218 36.853325 9.0 0.11358 0.04677 1.0 0
0 0 0 1 49.7325 40.5792115 17.0 0.016453 0.09883 2.0 0
0 0 0 1 53.803999999999995 51.714470000000006 64.0 3.4787e-07 1e-05 2.85 0
0 0 0 1 55.089 51.066050000000004 65.0 2.8897e-07 0.024507499999999998 2.65 0
0 1 0 0 50.35447767066693 44.52678267539525 24.651144857041167 0.09658699853529934 0.10095995499099822 3.9706941388277657 0
0 1 0 0 48.9315 53.1 8.0 0.15622 0.01846 5.0 0
0 1 1 0 49.092 19.1765 32.0 0.00062916 0.00077 1.0 0
1 0 0 0 60.0 59.99189 98.0 0.016234179471986653 4.2000000000000004e-05 1.85 0
0 0 0 1 49.873 48.837810000000005 40.0 8.7509e-05 0.016524 2.8 0
0 0 1 0 47.67900000000001 49.52112 4.0 0.33919 0.00015 2.0 0
0 0 1 0 50.788500000000006 42.91352500000001 17.3 0.09922284625 0.00294 4.0 0
0 0 1 0 48.021 46.9565 4.0 0.33435 0.0 12.0 0
0 0 0 1 48.516999999999996 50.6616715 15.0 0.027505 0.0834535 2.8 0
0 0 1 0 51.0455 60.0 2.0 0.50711 6e-05 3.0 0
0 0 0 1 47.921499999999995 51.99142499999999 29.0 0.0010859 0.04097 2.45 0
0 0 0 1 47.8625 47.78066 23.0 0.004806 0.00376 4.0 0
0 0 1 0 49.385 49.63042999999999 14.9 0.06956581650000002 0.04703 6.0 0
0 0 1 0 46.983 47.3111 5.0 0.28038 0.02747 5.0 0
0 0 0 1 50.18749999999999 44.674705 11.0 0.065302 0.0953025 5.0 0
0 0 0 1 45.55649999999999 49.124849999999995 13.0 0.042726 0.15832049999999998 1.8 0
0 0 1 0 47.116499999999995 59.5846 5.0 0.29183 0.00087 2.0 0
0 0 1 0 48.06949999999999 25.6785 2.0 0.52707 0.0 4.0 0
1 0 0 0 50.46 47.12642 19.1 0.055990691 0.0586165 1.85 0
0 0 0 1 45.460499999999996 37.56173149999999 7.0 0.18987 0.1347865 4.15 0
0 0 1 0 48.561 48.85553 20.75 0.05435876565000001 0.00793 1.0 0
0 1 0 1 56.93 60.0 15.0 0.027025 0.02948 1.0 0
0 1 1 1 52.67 51.8182 32.0 0.00062114 0.0019 3.0 0
0 1 0 0 47.8335 48.286109999999994 29.0 0.0010577 0.037789 2.45 0
0 0 0 1 48.90200000000001 58.1722 18.0 0.015603 0.00327 2.0 0
0 0 0 1 46.446 41.208055 25.0 0.0028681 0.08510999999999999 2.3 0
0 0 0 1 48.915000000000006 43.6567 16.0 0.021753 0.11809449999999999 1.9 0
0 1 0 0 56.9615 58.2222 19.45 0.1684884424213 0.091548 4.5 0
0 0 0 1 50.9485 45.07096 23.0 0.0041012 0.1219835 1.85 0
0 0 0 1 51.032000000000004 42.99219000000001 14.0 0.035866 0.1157845 2.05 0
0 0 0 1 50.367999999999995 47.955020000000005 20.0 0.0080456 0.08660849999999999 2.0 0
1 0 0 0 60.0 59.99189 98.0 0.016234179471986653 4.2000000000000004e-05 1.85 0
0 0 1 1 48.187 45.362489999999994 17.0 0.019413 0.16149 1.0 0
1 0 0 0 43.97 37.76055 6.0 0.22713 0.03877 3.0 0
1 0 0 0 51.11 48.88964 11.0 0.073546 0.1268655 3.1 0
0 0 0 1 46.29350000000001 40.260104999999996 14.0 0.038765 0.1403695 2.0 0
1 1 1 0 60.0 60.0 154.0 3.1922e-16 0.0 2.0 1
0 0 1 0 46.726000000000006 41.21452 16.5 0.0417509365 0.07044 2.0 0
0 0 0 1 48.13099999999999 46.387625 26.0 0.0021658 0.07078500000000001 2.25 0
0 0 0 1 45.854 34.813914999999994 7.0 0.18039 0.141578 5.65 0
0 0 1 0 49.8825 48.02439500000001 0.0 0.92138 0.0 1.0 0
0 0 1 0 45.92 42.889895 3.0 0.48819 0.0 22.0 0
0 0 0 1 40.429500000000004 59.795015 255.0 4.97461e-43 0.0 1.95 0
0 0 0 1 50.211999999999996 44.45141149999999 15.0 0.029193 0.56945 10.0 0
0 0 1 0 47.961 45.82302 19.85 0.0836783455 0.00276 3.0 0
0 0 1 0 48.3655 57.2771 4.0 0.35063 0.0 9.0 0
0 0 0 1 47.278 36.780615 20.0 0.0093517 0.06258899999999998 2.85 0
1 0 0 0 60.0 59.99189 98.0 0.016234179471986653 4.2000000000000004e-05 1.85 0
0 0 1 0 59.19500000000001 58.63666500000001 54.2 0.21766662893659486 0.0 3.0 0
0 0 0 1 47.3415 44.400905 24.0 0.0039266 0.12181949999999994 2.3 0
0 0 0 1 47.51350000000001 45.389860000000006 26.0 0.0020533 0.08123700000000002 2.8 0
0 0 0 1 49.185500000000005 44.74618 21.0 0.0074536 0.09629149999999999 3.05 0
0 0 0 1 59.963499999999996 57.832575 128.0 1.3784e-13 0.00025 1.35 0
0 0 1 0 51.24499999999999 46.801460000000006 48.0 1.523e-05 0.01011 3.0 0
0 0 0 1 49.11 44.01878000000001 18.0 0.013216 0.11959050000000002 2.9 0
0 0 0 1 48.1045 39.25953500000001 16.0 0.023184 0.046526 3.3 0
0 0 0 1 50.1455 41.700755 6.0 0.24138 0.14887 20.0 0
0 1 0 0 50.35447767066693 44.52678267539525 24.651144857041167 0.09658699853529934 0.10095995499099822 3.9706941388277657 0
0 0 1 0 47.1225 59.6977 15.5 0.13976197 0.01966 3.0 0
1 1 1 1 60.0 60.0 37.0 0.00016632 0.00013 2.0 1
0 0 0 1 48.416000000000004 48.26727 16.0 0.024356 0.12314099999999999 2.55 0
0 0 1 0 51.0085 41.143685 16.4 0.06948339249999999 0.00679 1.0 0
0 0 0 1 47.714999999999996 34.15336 20.0 0.008206 0.29449 4.0 0
0 0 0 1 47.993 40.8976825 25.0 0.0030957 0.10614100000000001 2.2 0
0 1 0 1 48.86450000000001 45.45717499999999 22.0 0.005287 0.00893 2.0 0
0 0 0 1 56.334 56.185285 89.0 1.1402e-09 9.8e-05 1.6 0
0 1 0 0 46.639500000000005 43.93256 10.95 0.18935215999999996 0.47619 3.0 0
0 0 0 1 47.592 41.258505 14.0 0.034286 0.08933100000000001 1.7 0
0 0 0 1 49.872499999999995 44.457314999999994 16.0 0.021641 0.09299500000000001 1.95 0
0 0 0 1 50.03649999999999 45.389900000000004 14.0 0.038226 0.135042 2.9 0
0 0 0 1 51.120000000000005 41.14102 15.0 0.028662 0.100531 2.15 0
0 0 1 0 48.526 45.01887000000001 0.0 0.95302 0.0 17.0 0
0 0 0 1 51.032 42.99219 14.0 0.035935 0.099882 2.15 0
1 0 0 0 36.08 40.818545 16.1 0.12332943815000001 0.12783 1.0 0
0 0 1 0 49.328500000000005 53.68411 6.2 0.58414086 0.0 8.0 0
0 0 1 0 50.8815 51.46201000000001 15.0 0.16756612634999998 0.00263 6.0 0
0 0 0 1 47.99299999999999 40.8976825 25.0 0.0031615 0.10614100000000001 2.2 0
0 0 0 1 43.506 44.579840000000004 14.0 0.032307 0.087039 2.85 0
0 0 1 0 57.7325 54.99294999999999 8.95 0.25579900164999997 3e-05 19.0 0
1 0 0 0 38.07 28.750327499999997 33.1 0.08519498277899999 0.12589650000000002 2.35 0
0 0 0 1 48.7145 44.897788000000006 16.0 0.024414 0.08951 1.0 0
0 0 0 1 51.601 46.585094999999995 14.0 0.037434 0.15220599999999998 2.9 0
1 0 0 0 45.94 37.59731000000001 24.25 0.058652227700002633 0.032340999999999995 1.85 0
0 1 1 1 48.1435 49.53922 33.0 0.00048251 4e-05 2.0 0
0 0 0 1 51.2315 50.899860000000004 15.0 0.028382 0.1337285 2.4 0
0 0 0 1 56.07 42.754255 20.0 0.0091504 0.05043 6.0 0
0 0 0 1 46.448499999999996 44.776898 4.0 0.31716 0.25155050000000007 6.75 0
0 0 0 1 50.21 46.196915000000004 14.0 0.032994 0.1638165 2.65 0
0 0 0 1 45.998999999999995 43.876505 25.0 0.0028542 0.0850365 2.3 0
0 0 1 0 58.5745 55.91438000000001 42.85 0.060801599244363014 1e-05 1.0 0
0 1 0 0 47.381 56.2328 11.0 0.077019 0.01242 2.0 0
0 0 0 1 43.7655 40.137750000000004 3.0 0.4086 0.10107400000000002 5.6 0
0 0 0 1 48.486 40.8976825 25.0 0.0030118 0.022580999999999997 2.1 0
0 0 1 0 47.5725 47.927565 19.2 0.06609130490000001 0.06009 2.0 0
0 0 0 1 49.222500000000004 40.99992999999999 6.0 0.22398 0.22198250000000003 5.65 0
0 0 1 0 55.6155 48.6728645 14.95 0.4390855217345 0.0 9.0 0
0 0 0 1 49.495 43.04996500000001 16.0 0.022245 0.09314450000000002 2.5 0
0 0 0 1 49.484 43.866258499999994 13.0 0.048085 0.18188200000000002 1.8 0
0 0 0 1 44.852 43.937605000000005 14.0 0.039292 0.0746435 3.55 0
0 1 0 0 47.812 59.6111 8.0 0.1315 0.05595 3.0 0
0 0 0 1 26.55 29.07566 147.0 1.9375e-15 0.19032400000000002 2.6 0
0 0 0 1 45.32449999999999 45.148044999999996 3.0 0.49852 0.0768565 7.8 0
0 0 0 1 48.844500000000004 18.6667 21.0 0.0065421 0.08824 1.0 0
0 0 0 1 43.865 48.641805 31.0 0.00069035 0.01023 1.0 0
1 0 0 1 43.59 44.188655 24.0 0.0038898 0.13701300000000002 2.35 0
0 0 0 1 57.44 42.870144999999994 13.0 0.045014 0.13345100000000001 1.8 0
0 0 0 1 48.812 44.15959 33.0 0.000486 0.022029 2.1 0
0 0 0 1 47.436499999999995 34.813745 20.0 0.0092545 0.31214 1.0 0
0 0 0 1 44.9085 48.8353 25.0 0.0025142 0.03592 1.0 0
0 0 0 1 46.123000000000005 43.59356 9.0 0.10724 0.1512835 3.6 0
1 0 0 0 39.46 31.06755 28.55 0.036692263319999995 0.0582325 2.0 0
0 1 0 0 50.35447767066693 44.52678267539525 24.651144857041167 0.09658699853529934 0.10095995499099822 3.9706941388277657 0
0 0 0 1 47.3785 48.969485000000006 38.0 0.00015238 0.0376875 2.25 0
0 0 0 1 48.036 59.9375 26.0 0.0022287 0.15754 1.0 0
0 0 0 1 48.794500000000006 46.916039999999995 19.0 0.010154 0.073615 2.35 0
0 0 0 1 48.081 46.500835 22.0 0.0062785 0.118592 2.15 0
0 0 0 1 46.6025 50.56332000000001 25.0 0.002951 0.00116 2.0 0
0 0 0 1 46.695 45.12523 9.0 0.10893 0.19015400000000002 3.6 0
0 0 1 0 50.710499999999996 45.950965000000004 22.75 0.09734096105 0.00271 1.0 0
0 0 0 1 43.9755 44.7917 17.0 0.017427 0.04206 1.0 0
0 0 0 1 50.26 34.619009999999996 20.0 0.0093613 0.069807 3.4 0
0 0 0 1 55.61 49.14528 28.0 0.0015785 0.033427 2.1 0
0 0 0 1 46.9705 37.154545 20.0 0.009969 0.06827 1.0 0
0 1 1 0 48.619499999999995 29.6441 13.0 0.045261 0.00448 3.0 0
0 0 0 1 44.683499999999995 45.04721 17.0 0.017548 0.11607699999999999 2.3 0
0 0 0 1 45.527499999999996 44.403122999999994 16.0 0.020679 0.11661849999999999 2.3 0
1 0 0 0 58.54 58.922025 13.55 0.135726195 0.0959685 3.45 0
0 0 1 0 47.084 37.822844999999994 18.35 0.041959476450000005 0.02204 2.0 0
0 0 1 0 49.619 46.509289499999994 32.0 0.00056943 0.0 9.0 0
0 0 0 1 47.86 46.555130000000005 17.0 0.01636 0.01216 2.0 0
0 0 1 0 47.7285 58.8308 3.0 0.48848 2e-05 18.0 0
0 0 0 1 57.26 47.20915000000001 20.0 0.0087475 0.0791335 2.65 0
1 0 0 0 59.47 59.227194999999995 52.25 0.03946073961890641 0.07118200000000001 4.0 0
0 0 0 1 46.6655 27.3226 13.0 0.045535 0.14589549999999998 3.4 0
0 0 0 1 48.5605 46.838604999999994 15.0 0.030635 0.1815705 1.95 0
0 0 0 1 53.36 46.68755 15.0 0.03089 0.141188 1.9 0
1 0 0 0 49.6 43.723065 20.95 0.12264211120700001 0.0497985 1.9 0
0 1 0 0 40.71950000000001 0.0 0.0 1.0 1.0 1.0 0
0 0 0 1 48.741499999999995 42.38736 15.0 0.031211 0.10053999999999999 2.55 0
0 0 0 1 49.5745 42.357955000000004 19.0 0.011414 0.10561450000000001 2.15 0
0 0 0 1 46.732 42.26304499999999 20.0 0.0098803 0.053124500000000005 2.9 0
0 0 1 0 48.9765 44.83769 18.3 0.0725277265 0.00732 1.0 0
0 1 0 0 40.815999999999995 29.898 15.95 0.10468680400000001 0.0540925 2.35 0
0 1 0 0 49.38100000000001 50.642935 34.0 0.00034851 0.02403 4.0 0
0 0 0 1 40.429500000000004 59.795015 255.0 0.0 0.0 1.95 0
0 1 1 0 54.08 43.586865 22.3 0.1090969119 0.00086 2.0 0
0 1 0 0 56.35 58.209680000000006 15.95 0.09170124999999998 0.05421100000000001 2.4 0
0 0 1 0 45.29050000000001 37.24967 17.6 0.043654872 0.07933 4.0 0
0 0 0 1 47.23 48.12081500000001 23.0 0.0049202 0.09842750000000001 2.0 0
0 0 0 1 45.4165 41.30401500000001 9.0 0.12474 0.23194649999999997 4.55 0
0 0 0 1 42.14 41.383385 21.0 0.0071729 0.20868 1.0 0
0 0 0 1 49.400999999999996 38.044645 6.0 0.21126 0.16503350000000003 5.0 0
0 1 0 1 46.071 47.802405 16.0 0.020973 0.12704850000000004 2.1 0
0 0 0 1 40.429500000000004 59.795015 255.0 0.0 0.0 1.95 0
0 0 0 1 59.96350000000001 57.510540000000006 126.0 2.1333e-13 0.00025 1.65 0
1 0 0 0 41.56 28.977764999999998 20.05 0.073331707965 0.06398899999999999 2.05 0
1 0 0 0 51.53 49.262625 18.2 0.046842895 0.07174149999999999 2.2 0
0 0 0 1 47.946 42.582066499999996 10.0 0.093012 0.0925315 4.05 0
1 0 0 0 54.24 54.461845 16.5 0.0461207335 0.059378999999999994 2.2 0
0 0 1 0 49.759499999999996 44.215379999999996 0.0 0.9372 0.0 13.0 0
0 0 0 1 48.741499999999995 42.25186 15.0 0.031271 0.097471 2.65 0
1 0 0 1 46.85 43.908250499999994 19.0 0.01096 0.10519 3.0 0
0 0 0 1 49.256499999999996 44.34134999999999 14.0 0.03449 0.09388200000000001 3.25 0
1 1 1 1 59.57 60.0 54.0 3.2322e-06 0.0 3.0 1
0 0 0 1 41.41 45.743405 14.0 0.032209 0.10784749999999999 2.65 0
0 0 0 1 43.85500000000001 30.3882 17.0 0.017218 0.49823 4.0 0
0 0 1 0 48.269000000000005 40.002796499999995 18.45 0.07761963910000001 0.00987 1.0 0
0 0 0 1 47.080000000000005 49.420139999999996 8.0 0.15061 0.00761 1.0 0
0 0 0 1 51.1375 46.8372 15.0 0.02593 0.2573 2.0 0
0 0 1 0 50.010000000000005 47.870304999999995 24.5 0.05948716899499999 0.00566 1.0 0
0 0 1 0 47.022 50.811285000000005 1.0 0.63232 0.0 5.0 0
0 0 1 0 46.014 35.752825 0.0 1.0 0.01371 1.0 0
0 1 1 0 47.156499999999994 53.2778 26.0 0.001998 1e-05 3.0 0
0 0 0 1 47.24550000000001 46.8503 13.0 0.047988 0.14521 1.0 0
0 0 0 1 46.91 37.98415 8.0 0.15073 0.09350399999999999 3.5 0
0 0 1 0 51.6765 48.608345 19.15 0.24592166509999996 0.00039 3.0 0
0 0 0 1 50.221999999999994 49.026855 19.0 0.011712 0.171997 2.1 0
0 1 0 0 47.7205 19.9 14.1 0.127079713 0.03492 4.0 0
0 0 0 1 47.397999999999996 40.214526 18.0 0.015098 0.20445 2.0 0
0 1 0 1 43.794000000000004 52.9586 13.0 0.046287 0.0139 2.0 0
0 0 0 1 47.67399999999999 45.61707 13.0 0.045489 0.0749835 2.8 0
1 0 0 0 56.29 58.09464999999999 16.55 0.06036173500000001 0.057835999999999985 2.35 0
0 0 0 1 50.18749999999999 44.674705 11.0 0.065165 0.09490600000000002 5.1 0
0 0 0 1 45.4165 42.071720000000006 9.0 0.12022 0.060094499999999995 5.35 0
0 0 0 1 44.292500000000004 59.5556 28.0 0.0013145 0.07404 1.0 0
0 0 0 1 54.75 43.63588 24.0 0.0035476 0.11647650000000001 3.1 0
0 1 0 1 51.565 42.116592999999995 16.0 0.022091 0.04052 1.0 0
0 0 0 1 48.51350000000001 44.347326499999994 15.0 0.031485 6e-05 14.0 0
0 0 0 1 17.81 47.74374 3.0 0.44344 0.49123 7.0 0
0 0 1 0 48.5205 49.35782999999999 20.0 0.061700472349999994 0.0083 1.0 0
0 0 0 1 49.1795 42.176385 19.0 0.011378 0.094861 2.55 0
0 0 0 1 46.0115 40.260104999999996 14.0 0.038826 0.10024849999999999 2.0 0
0 1 1 0 48.4895 48.308365 25.0 0.0029886 0.00039 2.0 0
0 0 0 1 40.429500000000004 59.795015 255.0 9.2169e-32 0.0 1.95 0
0 0 0 1 53.152 53.607285000000005 60.0 9.1268e-07 0.023294500000000003 2.0 0
0 0 0 1 50.168 44.847350000000006 14.0 0.036678 0.09630299999999999 2.25 0
0 0 1 0 43.5225 24.3333 10.3 0.19055648 0.47431 3.0 0
0 0 0 1 45.4955 49.20453 16.0 0.023769 0.0026 2.0 0
0 0 1 0 48.998999999999995 47.927704999999996 38.0 0.00015107 0.0 1.0 0
0 0 0 1 49.153499999999994 49.15729 38.0 0.00012662 0.03589250000000001 2.5 0
0 0 0 1 44.2425 42.452635 3.0 0.46076 0.1038595 5.55 0
0 0 0 1 47.415499999999994 42.2696415 10.0 0.092709 0.1160555 5.05 0
0 0 1 0 57.7325 47.017250000000004 8.5 0.27074713499999997 0.0 24.0 0
0 0 0 1 50.1325 44.373765 13.0 0.04176 0.092821 2.1 0
1 0 0 0 38.76 30.3263575 18.3 0.07122144421500001 0.07100949999999999 1.5 0
0 0 0 1 33.67 46.574355999999995 12.0 0.058133 0.18393 2.0 0
0 1 0 0 50.35447767066693 44.52678267539525 24.651144857041167 0.09658699853529934 0.10095995499099822 3.9706941388277657 0
1 0 0 0 49.26 43.44758 28.95 0.05201040059065 0.0755385 1.75 0
0 1 0 1 48.3255 41.0957 15.0 0.029193 0.20954899999999999 2.4 0
0 0 0 1 44.505 44.342425 17.0 0.017638 0.1160125 2.2 0
0 0 0 1 47.114 32.3636 8.0 0.15186 0.11914749999999999 3.55 0
1 0 0 0 45.19 45.528409999999994 4.0 0.37139 0.18764699999999998 3.95 0
0 0 0 1 49.9735 48.430465000000005 15.0 0.025676 0.0894435 2.05 0
0 0 0 1 48.26199999999999 40.56955 15.0 0.029214 0.20954899999999999 2.4 0
0 0 1 0 47.1845 47.21905 15.6 0.07864618500000001 0.10239 3.0 0
0 0 0 1 47.703500000000005 45.113065500000005 19.0 0.010762 0.09611650000000001 1.85 0
0 0 0 1 48.79449999999999 46.916039999999995 19.0 0.010194 0.07386949999999999 2.35 0
0 0 1 0 45.584999999999994 58.8095 0.0 0.82822 0.0 8.0 0
0 0 1 0 45.549 44.76770499999999 0.0 0.81145 0.0157 2.0 0
0 0 0 1 57.02700000000001 57.73896500000001 90.0 8.5285e-10 9.85e-05 1.55 0
0 0 0 1 51.62 51.188375 25.0 0.0025145 0.09287700000000002 4.15 0
0 1 0 0 44.668 45.49788000000001 16.5 0.0565511615 0.04117 2.0 0
0 0 0 1 45.5685 37.944539999999996 16.0 0.023306 0.036933499999999994 3.3 0
0 0 0 1 50.30799999999999 47.227594999999994 14.0 0.035298 0.10855999999999999 2.75 0
0 1 0 1 48.20200000000001 52.152 21.0 0.006411 0.00563 1.0 0
0 0 1 0 47.764500000000005 40.29332 0.0 1.0 0.0 2.0 0
0 0 0 1 49.9685 44.85242 21.0 0.0072497 0.113959 2.1 0
1 1 1 1 60.0 60.0 55.0 2.7803e-06 0.0 4.0 1
0 0 0 1 45.111999999999995 32.9773805 5.0 0.26571 0.20888150000000003 3.9 0
0 1 1 0 49.052 41.5556 20.7 0.06045712199999999 0.0032 1.0 0
0 0 0 1 45.528999999999996 46.20326999999999 13.0 0.043278 0.15556799999999998 3.2 0
0 1 0 0 46.390499999999996 31.2727 19.0 0.012496 0.091644 2.8 0
1 0 0 0 59.93 59.81247499999999 69.1 0.0032861379081199995 0.015573 1.6 1
0 0 0 1 49.131 43.364754999999995 14.0 0.036183 0.08139149999999998 1.95 0
0 0 0 1 47.8625 45.95827 23.0 0.0047763 0.11352 3.0 0
0 1 1 0 44.12050000000001 10.0806 16.65 0.048521572 0.09317 4.0 0
0 0 0 1 49.760000000000005 46.196915000000004 14.0 0.032978 0.175647 2.6 0
0 0 1 0 48.2975 55.5 4.0 0.36667 0.0 11.0 0
0 1 0 0 50.35447767066693 44.52678267539525 24.651144857041167 0.09658699853529934 0.10095995499099822 3.9706941388277657 0
0 0 0 1 40.429500000000004 59.795015 255.0 0.0 0.0 1.95 0
0 0 1 0 46.1905 46.805025 15.55 0.07908274500000001 0.09839 3.0 0
1 0 0 0 60.0 59.99189 98.0 0.016234179471986653 4.2000000000000004e-05 1.85 0
0 0 0 1 48.516999999999996 50.6616715 15.0 0.027496 0.08345350000000001 2.8 0
0 0 0 1 50.31699999999999 44.893735 27.0 0.0017433 0.07081450000000002 2.35 0
0 0 0 1 48.0595 44.747274999999995 21.0 0.0075157 0.1323315 3.75 0
0 0 0 1 45.32449999999999 45.148045 3.0 0.49377 0.1250145 5.3 0
0 0 0 1 48.516999999999996 50.6616715 15.0 0.027501 0.0834535 2.8 0
0 0 0 1 49.322500000000005 43.849635 15.0 0.028936 0.13828449999999998 1.9 0
0 1 1 1 50.15 48.861475 17.0 0.019425 0.00273 1.0 0
1 0 0 0 60.0 59.99189 98.0 0.016234179471986653 4.2000000000000004e-05 1.85 1
0 0 1 0 47.261 38.74897 6.0 0.21167 0.02648 3.0 0
1 0 0 0 46.76 38.081869999999995 19.9 0.052397243 0.076911 2.2 0
0 0 0 1 50.051 46.273270000000004 15.0 0.030004 0.17251 2.3 0
0 0 1 0 48.9765 44.83769 18.95 0.071782307 0.00726 1.0 0
0 0 0 1 48.025999999999996 50.531819999999996 39.0 0.00011403 0.05304550000000001 1.9 0
0 0 0 1 50.21 48.051930000000006 37.0 0.00018492 0.029941000000000002 2.95 0
0 0 1 1 50.57 41.69790999999999 13.0 0.041814 0.00389 3.0 0
0 0 0 1 50.373000000000005 46.96424999999999 14.0 0.037998 0.1352815 2.95 0
0 0 0 1 47.169 42.050667 4.0 0.3956 0.18400249999999999 3.75 0
0 0 0 1 47.183499999999995 43.86151450000001 36.0 0.00023431 0.07683749999999999 1.85 0
0 0 0 1 49.799499999999995 45.86222 30.0 0.00079593 0.05577399999999999 2.25 0
0 1 0 1 51.943000000000005 55.11143500000001 59.0 1.1725e-06 0.023294500000000003 1.95 0
0 0 1 0 56.50750000000001 54.236619999999995 22.3 0.2673320048111947 0.00028 5.0 0
0 0 0 1 56.763 59.795015 195.0 3.0050000000000005e-20 0.0 1.9 0
1 0 0 0 26.98 24.285625 51.55 0.1330731812877501 0.159395 1.95 0
0 1 0 0 52.8855 60.0 12.0 0.055951 0.02338 1.0 0
0 1 0 0 45.551 29.9819 8.0 0.14657 0.128246 3.5 0
0 0 1 1 48.777 49.320449999999994 18.0 0.013844 0.00797 1.0 0
1 0 0 0 60.0 59.99189 98.0 0.016234179471986653 4.2000000000000004e-05 1.85 0
0 0 0 1 47.169 42.050667 4.0 0.3898 0.14252650000000003 4.45 0
0 0 1 0 46.074999999999996 39.291341 5.0 0.26522 0.23087 2.0 0
1 0 0 0 58.45 58.814159999999994 19.15 0.09271155500343764 0.10091900000000001 3.25 0
0 0 0 1 50.01950000000001 43.29278 8.0 0.15128 0.32687 16.0 0
0 0 1 0 48.965 37.8571 21.0 0.006932 0.46154 2.0 0
0 0 1 1 57.03 44.93478499999999 18.0 0.012853 0.00072 4.0 0
0 1 0 0 47.6385 33.3333 21.15 0.019503234784999997 0.01702 1.0 0
0 0 0 1 50.08149999999999 51.584105 34.0 0.00037487 0.0347495 2.2 0
0 0 0 1 48.232000000000006 50.735795 17.0 0.018225 0.0712515 2.05 0
0 0 0 1 46.51199999999999 44.071290000000005 8.0 0.14812 0.09993199999999999 2.3 0
0 0 1 0 47.5045 47.262649999999994 16.45 0.049926381 0.02757 2.0 0
0 1 0 0 35.6625 0.0 4.05 0.6211383300000001 0.9 1.8 0
0 0 1 0 56.50750000000001 55.747569999999996 16.0 0.32074221730541996 0.0 5.0 0
0 0 0 1 47.258500000000005 42.796640000000004 8.0 0.13168 0.43846 1.0 0
0 0 0 1 51.8 48.339615 24.0 0.0033271 0.037124000000000004 2.7 0
0 0 0 1 45.153000000000006 45.489219999999996 13.0 0.043625 0.21249399999999996 3.05 0
0 0 0 1 51.104 49.614125 16.0 0.024761 0.136215 2.75 0
0 0 0 1 54.028 54.250275 67.0 1.9298e-07 0.024769000000000003 1.85 0
0 0 1 1 45.727 47.521675 14.0 0.039575 0.04239 4.0 0
0 0 0 1 55.747 60.0 16.0 0.022096 0.06712 5.0 0
0 0 0 1 40.429500000000004 59.795015 255.0 0.0 0.0 1.95 0
0 0 0 1 49.153499999999994 49.15729 38.0 0.00012981 0.03589250000000001 2.5 0
0 1 0 1 39.77 43.42557 35.0 0.00026871 0.033615500000000006 3.05 0
0 0 0 1 42.77 47.09566 31.0 0.00063134 0.046991500000000005 2.0 0
0 1 0 0 50.35447767066693 44.52678267539525 24.651144857041167 0.09658699853529934 0.10095995499099822 3.9706941388277657 0
0 1 1 0 46.06700000000001 57.7324 15.1 0.05969611400000001 0.04814 2.0 0
0 1 0 0 50.35447767066693 44.52678267539525 24.651144857041167 0.09658699853529934 0.10095995499099822 3.9706941388277657 0
0 0 0 1 44.432500000000005 41.592639999999996 17.0 0.01736 0.09189099999999997 2.0 0
0 0 0 1 55.29 46.401645 17.0 0.01926 0.01044 1.0 0
0 0 0 1 55.089 51.066050000000004 65.0 3.1503e-07 0.024508 2.7 0
1 1 1 0 60.0 59.7414 130.0 8.2973e-14 0.0 1.0 1
0 0 0 1 47.1545 34.782469999999996 2.0 0.53216 0.2065925 5.15 0
0 0 1 0 52.4225 60.0 1.0 0.70548 0.0 2.0 0
0 0 0 1 40.429500000000004 59.795015 255.0 0.0 0.0 1.95 0
0 0 0 1 49.52 49.741465 17.0 0.019818 0.13831549999999998 1.6 0
0 0 0 1 49.5125 37.275234999999995 7.0 0.18571 0.14667 18.0 0
0 1 0 0 45.489000000000004 5.75 5.05 0.53243189 1.0 1.0 0
1 0 0 0 44.59 34.403645 19.4 0.038777855 0.04624099999999999 2.25 0
1 1 0 0 35.67 29.2222 22.0 0.0054487 0.0013 1.0 0
0 0 1 0 57.02 37.937304999999995 20.0 0.024525556499999997 0.00631 3.0 0
0 1 0 1 58.54350000000001 60.0 25.0 0.0025633 0.17915849999999997 3.2 0
0 0 0 1 47.0255 39.845445 6.0 0.23728 0.1867105 6.0 0
0 1 0 0 35.6625 0.0 4.05 0.6211383300000001 0.9 1.8 0
0 0 0 1 47.031499999999994 45.67636 4.0 0.36581 0.19955149999999997 3.5 0
0 0 0 1 50.314 46.61934 14.0 0.037922 0.00809 2.0 0
0 0 0 1 56.6 45.096455 26.0 0.0024215 0.12784600000000002 2.55 0
0 0 1 0 49.95399999999999 53.9643 7.0 0.18182 0.0 17.0 0
0 0 1 0 44.369 40.088156 13.5 0.11372605499999996 0.20798 2.0 0
0 0 0 1 45.424 45.456925 13.0 0.047199 0.133619 2.75 0
0 0 1 0 57.641 52.244274999999995 10.6 0.5001951500001162 0.00201 12.0 0
0 0 0 1 51.9895 42.6309935 22.0 0.0056683 0.12424400000000002 1.95 0
0 0 1 0 57.59100000000001 56.19512999999999 5.6 0.51598246 1e-05 11.0 0
0 1 0 0 47.40700000000001 53.0476 123.0 4.8472e-13 0.0 2.0 0
0 0 0 1 48.129000000000005 50.083045 75.0 2.6891e-08 0.00016 2.0 0
1 0 0 0 43.31 33.543705 21.55 0.016684183399999997 0.0963425 2.05 0
0 0 0 1 48.57299999999999 46.449435 15.0 0.030717 0.121553 1.85 0
0 0 0 1 47.818 49.390339999999995 20.0 0.0082781 0.0696455 2.1 0
0 0 0 1 47.3415 44.400904999999995 24.0 0.003972 0.1218195 2.3 0
0 0 0 1 49.777 48.83732500000001 24.0 0.003688 0.09862199999999999 3.2 0
0 0 1 0 48.836 51.98595 9.6 0.278266031 0.12093 8.0 0
0 0 0 1 49.732499999999995 49.3846415 15.0 0.027237 0.0822105 2.5 0
0 0 0 1 44.852 43.937605000000005 14.0 0.039311 0.0787065 3.4 0
0 0 0 1 48.407 42.989895000000004 18.0 0.014046 0.08032550000000001 1.85 0
0 0 0 1 51.452999999999996 49.614124999999994 16.0 0.024806 0.128477 2.7 0
0 0 0 1 45.239000000000004 41.935500000000005 5.0 0.28417 0.16601100000000002 3.7 0
0 0 1 0 59.947500000000005 58.182465 81.15 0.05852936627391324 0.0 1.0 0
0 0 1 0 46.254 56.401025000000004 5.9 0.6651451235279999 0.0 7.0 0
0 0 0 1 51.5705 41.44262500000001 23.0 0.0042167 0.104266 2.0 0
0 0 0 1 46.732 42.26304499999999 20.0 0.0099188 0.055896 2.55 0
0 1 0 0 47.898999999999994 37.856435000000005 14.75 0.09139301000000001 0.0473 4.0 0
0 1 0 0 58.68950000000001 59.8241 23.05 0.05938408244150001 0.08632999999999999 2.9 0
0 0 1 0 50.0135 49.901824999999995 17.45 0.1776174365 0.00652 4.0 0
1 0 0 0 37.06 28.4221925 40.75 0.10857973280000002 0.15162199999999998 2.1 0
0 0 0 1 51.477999999999994 42.9240915 15.0 0.025287 0.20588 1.0 0
0 0 0 1 48.738 49.614125 16.0 0.024535 0.0889205 2.45 0
1 0 0 0 60.0 59.99189 98.0 0.016234179471986653 4.2000000000000004e-05 1.85 0
1 1 1 0 60.0 60.0 87.0 1.7854e-09 0.0 5.0 1
0 0 1 0 44.314 42.377555 0.0 0.97136 0.05616 2.0 0
0 0 0 1 47.4 47.227595 14.0 0.035267 0.13429349999999998 2.85 0
0 0 0 1 40.9 42.517565000000005 13.0 0.04722 0.15243049999999997 3.1 0
1 0 0 0 37.79 28.014937499999995 18.35 0.12296151505000001 0.12149499999999999 2.25 0
1 0 0 0 60.0 59.99189 98.0 0.016234179471986653 4.2000000000000004e-05 1.85 0
0 0 0 1 48.688 37.940315 10.0 0.082789 0.1187115 3.95 0
0 0 1 0 57.266999999999996 52.63616499999999 7.05 0.38891405 0.08303 12.0 0
0 1 0 0 47.6225 37.7805 19.7 0.14826714409500003 0.00062 2.0 0
0 0 0 1 44.873000000000005 46.05526 17.0 0.017708 0.08115950000000002 3.6 0
0 0 0 1 49.958 55.7552 14.0 0.034732 0.07814 1.0 0
0 0 1 0 57.641000000000005 52.727845 13.0 0.48482393000011614 0.0 12.0 0
0 0 0 1 46.598 50.59619 29.0 0.0011822 0.00762 1.0 0
0 0 1 0 47.626 41.938039999999994 0.0 1.0 0.0 5.0 0
0 0 0 1 49.906499999999994 46.73332 16.0 0.021581 0.10503699999999998 1.75 0
1 0 0 0 59.78 56.18741 6.6 0.35310604999999995 0.19626 16.0 0
0 0 0 1 47.1705 32.895415 20.0 0.0095646 0.1263815 2.5 0
0 0 0 1 47.378499999999995 48.969485000000006 38.0 0.000154 0.0376875 2.25 0
0 0 1 0 48.056999999999995 51.647025 12.1 0.28719469550000004 0.05356 7.0 0
0 0 1 1 50.023 51.98102 17.0 0.018761 0.0009 7.0 0
0 0 0 1 46.094 49.277190000000004 21.0 0.0067881 0.09603149999999999 2.3 0
0 0 0 1 47.4365 46.83133 23.0 0.0047124 0.019780000000000002 2.45 0
0 0 1 0 46.93750000000001 48.42782 8.0 0.14185 0.0005 2.0 0
0 0 1 0 46.215999999999994 51.0301965 10.0 0.096544 0.0 6.0 0
0 0 0 1 44.364 41.15372000000001 5.0 0.26008 0.50265 2.0 0
0 0 0 1 48.279 44.47891499999999 18.0 0.015771 0.029111500000000002 1.95 0
0 0 1 0 28.25 38.509666499999994 15.0 0.026149 0.04436 1.0 0
0 0 1 0 49.7255 36.166019 16.9 0.037892980500000006 0.02706 1.0 0
0 0 0 1 50.31699999999999 48.26901 27.0 0.0016581 0.0477105 1.9 0
0 1 0 0 46.32600000000001 39.3361 23.85 0.20178567265104355 0.12070900000000002 3.45 0
0 1 0 0 48.688 37.635525 10.0 0.082213 0.13316299999999998 3.15 0
0 1 0 0 45.489000000000004 5.75 5.05 0.53243189 1.0 1.0 0
0 0 1 1 50.9135 46.033075000000004 23.0 0.0043034 0.00116 2.0 0
0 0 0 1 47.9195 45.41267 26.0 0.0021461 0.059802 2.4 0
0 0 1 0 52.956 42.799555 25.1 0.13970747234999997 0.00023 2.0 0
0 0 1 0 46.266000000000005 52.30269 14.9 0.13818924515000003 0.0512 2.0 0
1 0 0 0 59.74 59.637119999999996 78.0 0.0009855650026289393 0.024571 2.8 0
0 0 0 1 49.914 42.913735 27.0 0.0018533 0.0318815 2.4 0
0 1 0 0 51.254 48.8495 16.05 0.14979748350000002 0.0790345 5.0 0
0 0 1 0 45.93599999999999 42.206579 15.7 0.10063789249999999 0.20067 1.0 0
0 0 1 0 49.51400000000001 43.877230000000004 17.35 0.09234137125 0.00365 4.0 0
0 0 1 0 42.426500000000004 41.0968 2.0 0.61149 0.14395 2.0 0
1 0 0 0 43.55 33.984930000000006 34.5 0.07777310375499999 0.08950150000000001 2.0 0
0 0 1 1 48.341 46.323055 18.0 0.01451 0.03555 3.0 0
0 0 0 1 48.741499999999995 42.25186 15.0 0.031345 0.14393399999999998 2.15 0
0 1 0 1 44.726000000000006 11.3438 14.0 0.032623 0.33529 2.0 0
0 0 0 1 47.8335 48.20324649999999 10.0 0.084372 4e-05 13.0 0
0 0 1 0 46.267 40.135795 13.6 0.16153221699999998 0.07297 2.0 0
0 0 0 1 53.652 52.298750000000005 48.0 1.4787e-05 0.021021000000000005 1.9 0
0 0 0 1 43.7655 37.67251 3.0 0.4213 0.23705249999999997 7.2 0
0 0 0 1 49.69950000000001 42.5420665 17.0 0.019132 0.11962 2.0 0
0 0 1 0 49.423000000000016 52.150369999999995 24.0 0.0036228 1e-05 7.0 0
0 0 1 0 50.467499999999994 53.28 0.0 0.96528 0.0 12.0 0
0 1 0 0 57.06 58.9745 21.5 0.03719439405 0.03578 1.0 0
0 0 1 0 45.8495 46.45017 3.0 0.44084 0.0 5.0 0
1 0 0 0 60.0 59.99189 98.0 0.016234179471986653 4.2000000000000004e-05 1.85 0
0 0 0 1 47.422999999999995 46.890918 4.0 0.34278 0.185175 5.4 0
0 0 0 1 48.02300000000001 49.359660000000005 19.0 0.010508 0.06161399999999999 2.95 0
0 1 0 0 53.134 51.2308 10.75 0.22059024 0.29763 25.0 0
0 0 1 1 45.7145 54.128544999999995 35.0 0.00028739 0.0 11.0 0
0 0 0 1 46.326499999999996 44.668434999999995 21.0 0.0066715 0.03525199999999999 2.6 0
1 0 0 0 50.16 45.152305 20.7 0.07172591047149998 0.07731849999999998 1.8 0
0 0 1 0 49.902 41.69702 20.85 0.10052321424499999 0.00054 2.0 0
0 0 0 1 48.416000000000004 48.065765000000006 16.0 0.024401 0.09856899999999999 2.35 0
1 0 0 0 48.05 41.136625 23.7 0.030136393760085006 0.0368415 1.6 0
1 0 0 0 11.25 24.285625000000003 55.6 0.11406165106347914 0.20697000000000002 2.25 0
0 0 0 1 48.291999999999994 47.776785 69.0 1.1781e-07 0.00524 2.0 0
0 0 0 1 49.9895 59.6418 18.0 0.01309 0.42554 1.0 0
1 0 0 1 44.04 48.077715 29.0 0.0012106 0.11623350000000002 1.55 0
0 1 0 0 50.35447767066693 44.52678267539525 24.651144857041167 0.09658699853529934 0.10095995499099822 3.9706941388277657 0
1 0 0 0 41.54 40.037 3.0 0.46631 0.11902200000000003 6.05 0
0 0 1 0 53.30400000000001 60.0 9.0 0.10261 0.00028 2.0 0
0 0 0 1 40.429500000000004 59.795015 255.0 1.6622e-33 0.0 1.95 0
0 0 1 0 51.87 41.24384 14.5 0.10936100499999998 0.02015 1.0 0
1 0 0 0 52.63 47.79901500000001 16.35 0.08096756699999999 0.04498200000000001 2.2 0
0 0 0 1 50.051 46.273270000000004 15.0 0.029989 0.1967775 2.35 0
0 0 0 1 51.2315 50.899860000000004 15.0 0.028378 0.1337285 2.4 0
0 0 0 1 45.14149999999999 45.95666 13.0 0.043494 0.18867899999999999 3.25 0
0 0 0 1 45.9165 44.13875 25.0 0.002793 0.061502 2.15 0
1 0 0 0 54.94 55.79003 18.8 0.03480717750000001 0.040244 1.95 0
0 0 1 0 45.346000000000004 41.96549 7.0 0.16595 0.05155 2.0 0
0 0 0 1 48.2545 44.9206 20.0 0.0094013 0.03969 27.0 0
0 0 0 1 46.656 48.406330000000004 17.0 0.017906 0.08172299999999999 3.75 0
0 0 1 0 43.1025 37.548975 4.0 0.38494 0.03574 1.0 0
0 0 0 1 51.477999999999994 38.8123365 15.0 0.025527 0.19928 3.0 0
0 0 1 0 50.92 42.329015000000005 18.0 0.16192524725000004 0.0019 4.0 0
1 0 0 0 49.76 40.813539500000005 13.45 0.08294982000000001 0.08302 2.0 0
0 0 1 0 45.3275 28.971455000000002 1.0 0.79071 0.564 1.0 0
0 0 0 1 46.2255 39.412710000000004 17.0 0.017173 0.106169 2.6 0
0 0 0 1 51.283 53.639709999999994 50.0 8.8153e-06 0.03448849999999999 1.6 0
0 1 0 0 55.999999999999986 60.0 26.55 0.034202758121500004 0.00013 1.0 0
0 0 0 1 45.051 21.5759 25.0 0.0028069 0.00028 3.0 0
0 0 0 1 45.416999999999994 26.311226500000004 3.0 0.46076 0.60539 4.0 0
0 0 0 1 44.505 44.342425 17.0 0.017638 0.1160125 2.2 0
1 0 0 0 60.0 59.99189 98.0 0.016234179471986653 4.2000000000000004e-05 1.85 0
0 0 0 1 58.876999999999995 58.78884000000001 161.0 6.758e-17 0.0 1.65 0
0 0 1 0 46.7635 42.0 15.9 0.08312553395 0.0 37.0 0
1 0 0 0 58.42 58.814159999999994 20.85 0.058727530003437646 0.10857550000000002 3.1 0
0 0 0 1 52.339999999999996 47.090954999999994 14.0 0.037585 0.1763335 4.45 0
0 0 0 1 58.11 43.644574999999996 14.0 0.033306 0.1458515 2.65 0
0 1 0 0 48.7455 44.2273 15.7 0.07610183750000002 0.068055 2.55 0
0 0 0 1 50.966 51.599014999999994 22.0 0.0061611 0.50646 0.0 0
0 0 0 1 50.323 43.894285 13.0 0.040775 0.1615895 2.7 0
0 1 0 0 58.74499999999998 59.947 33.85 0.09780783266189383 0.088971 3.0 0
0 0 1 0 44.765 48.560050000000004 0.0 0.85957 7e-05 8.0 0
0 1 0 0 56.24 58.09465 14.7 0.06422886 0.06119900000000002 1.8 0
0 0 0 1 49.44500000000001 50.8009 21.0 0.0072565 0.2449 2.0 0
0 0 0 1 51.480000000000004 44.76341 23.0 0.0042733 0.10975349999999999 1.95 0
0 0 0 1 46.4665 44.038065 23.0 0.004796 0.055074500000000005 2.5 0
0 0 0 1 50.317 44.620005000000006 27.0 0.001716 0.040378000000000004 2.4 0
0 0 1 0 47.8525 49.10687 12.1 0.28719469550000004 0.06354 7.0 0
0 0 0 1 45.7 47.21479 16.0 0.021568 0.11033149999999999 1.85 0
0 0 0 1 38.08 47.6886 21.0 0.0066489 0.037908 2.65 0
0 0 1 0 45.637499999999996 45.18792499999999 18.4 0.149888128475 0.26172 2.0 0
1 1 1 0 60.0 60.0 101.0 6.3854e-11 0.0 1.0 1
0 0 0 1 45.376999999999995 41.096825 16.0 0.02362 0.18571500000000002 2.2 0
0 0 1 0 51.589999999999996 49.916095 8.0 0.15594 0.01517 3.0 0
0 0 0 1 50.765499999999996 44.603585 24.0 0.0034323 0.02839 2.0 0
0 0 0 1 44.2185 34.915060999999994 28.0 0.0013677 0.13343 2.0 0
0 0 0 1 45.177499999999995 29.2977 42.0 5.8176e-05 0.00047 5.0 0
0 0 0 1 50.67299999999999 50.0743215 32.0 0.00055466 0.053136499999999996 2.45 0
0 0 1 0 44.7315 50.14567 5.0 0.26895 0.0 7.0 0
0 0 0 1 49.799499999999995 44.909949999999995 30.0 0.00086489 0.030080000000000003 2.15 0
0 0 1 0 48.94999999999999 47.301069999999996 3.0 0.40351 0.0 11.0 0
0 0 0 1 49.445499999999996 45.4696815 15.0 0.02711 0.097979 1.95 0
0 0 0 1 47.3135 45.9712115 10.0 0.095104 0.34437 1.0 0
0 0 0 1 48.766 47.328365000000005 15.0 0.026314 0.1860475 2.5 0
0 0 1 0 57.7325 48.48648000000001 8.6 0.254397035 0.00032 22.0 0
0 0 0 1 48.915000000000006 31.7071 15.0 0.031115 0.08041 3.0 0
0 1 0 0 45.712 45.0755 14.0 0.03871 0.01342 3.0 0
0 0 0 1 51.373000000000005 50.290606499999996 32.0 0.00057375 0.06779550000000001 2.45 0
1 0 0 0 45.18 34.745200000000004 21.6 0.06196176016203501 0.099276 2.25 0
1 0 0 1 52.36 39.365888000000005 15.0 0.030671 0.1198 2.0 0
0 0 0 1 47.177499999999995 37.083510000000004 20.0 0.0093748 0.0615425 3.45 0
1 0 0 0 52.1 49.242929999999994 20.3 0.059160685121299995 0.049496500000000006 2.05 0
0 0 0 1 50.574 41.027305 15.0 0.028766 0.0602195 1.8 0
0 0 0 1 47.583999999999996 40.837509999999995 15.0 0.029513 0.15714599999999998 1.95 0
0 1 0 0 46.408 0.0 0.0 1.0 0.40001699999999996 5.25 0
1 0 0 0 60.0 59.99189 98.0 0.016234179471986653 4.2000000000000004e-05 1.85 0
0 0 0 1 51.9465 60.0 24.0 0.0033292 0.0021 2.0 0
0 0 0 1 48.388 50.137775 31.0 0.00070101 0.0217855 2.0 0
0 0 1 0 57.7325 48.48648 8.6 0.254397035 1e-05 22.0 0
0 0 0 1 48.365500000000004 49.614125 16.0 0.024709 0.1139725 2.85 0
0 0 1 0 49.534000000000006 38.626819999999995 26.25 0.07871602289051012 0.0051 2.0 0
0 0 0 1 47.863499999999995 48.444785 31.0 0.00069141 0.018959499999999997 1.95 0
0 0 0 1 59.959 57.51145 127.0 1.9918e-13 0.00025 1.4 0
1 0 0 0 41.3 28.749815 28.15 0.1037723657240655 0.06336800000000001 1.85 0
0 0 1 0 59.4 47.710065 23.9 0.12280875584999999 5e-05 3.0 0
0 0 0 1 47.03450000000001 42.76661 20.0 0.0097929 0.085826 2.55 0
0 0 1 0 46.527 46.72813549999999 17.4 0.05602012620000002 0.04334 3.0 0
0 0 0 1 49.3165 47.944480000000006 20.0 0.0081476 0.1285815 1.9 0
0 0 0 1 50.76649999999999 47.13086 14.0 0.03548 0.03129 3.0 0
0 0 0 1 49.13099999999999 43.364755 14.0 0.036209 0.0947955 1.8 0
0 0 0 1 45.50300000000001 33.485039 7.0 0.19714 0.29071 1.0 0
0 0 0 1 47.1505 32.867380499999996 5.0 0.26692 0.18867799999999998 3.7 0
0 0 0 1 48.522999999999996 46.161295 18.0 0.015156 0.12140599999999999 2.25 0
0 0 0 1 47.709500000000006 54.7291 13.0 0.044301 0.46076 2.0 0
0 0 0 1 56.68 47.530855 15.0 0.026557 0.09060649999999999 2.55 0
1 0 0 0 43.99 35.20969 18.45 0.084734046 0.08238500000000001 1.65 0
0 0 0 1 46.581 48.24601299999999 16.0 0.023976 4e-05 13.0 0
0 0 0 1 57.078500000000005 57.277609999999996 80.0 8.9262e-09 0.0058275 2.25 0
1 0 0 0 34.77 27.90648 32.65 0.07728307605065972 0.083073 1.65 0
0 0 0 1 53.327999999999996 47.41203 47.0 1.7885e-05 0.024879000000000002 1.85 0
0 0 0 1 44.935 47.84229 13.0 0.04276 0.13805800000000001 1.85 0
0 1 0 0 50.35447767066693 44.52678267539525 24.651144857041167 0.09658699853529934 0.10095995499099822 3.9706941388277657 0
0 0 0 1 47.946 42.6689715 10.0 0.093185 0.09253150000000002 4.05 0
0 0 0 1 47.903999999999996 37.584445 15.0 0.029304 0.16615700000000003 2.4 0
1 0 1 1 46.75 47.4613 22.0 0.0054812 0.01911 2.0 0
0 0 0 1 45.440999999999995 37.780925 9.0 0.11618 0.1275635 4.05 0
0 0 0 1 49.2375 42.242617 18.0 0.012665 0.134853 2.2 0
0 0 0 1 48.1125 38.920854999999996 19.0 0.011951 0.59456 1.0 0
0 0 0 1 49.858000000000004 51.584105 34.0 0.00034517 0.013942500000000002 2.9 0
0 0 0 1 50.0535 47.939545 13.0 0.040634 0.16298400000000002 2.65 0
0 0 0 1 47.553000000000004 43.67629 8.0 0.13971 0.073794 2.95 0
0 0 0 1 43.09 34.6078 23.0 0.0046432 0.059930000000000004 2.35 0
0 0 0 1 45.337999999999994 42.765 14.0 0.03415 0.105057 2.1 0
1 0 0 0 56.29 58.09464999999999 16.55 0.06036173500000001 0.057835999999999985 2.35 0
0 0 0 1 47.5535 47.42224 21.0 0.0069576 0.02216 2.0 0
0 1 0 1 57.53 56.2294 15.0 0.025187 0.04677 2.0 0
0 0 0 1 49.997499999999995 47.83896 14.0 0.035171 0.1693925 3.0 0
0 0 0 1 46.2955 53.6028 16.0 0.023632 0.23779 1.0 0
1 0 0 0 58.01 45.469025 12.0 0.061047 0.1283015 3.95 0
0 1 0 0 41.18000000000001 30.5122 18.75 0.14854296274999998 0.08063350000000001 3.4 0
0 0 1 0 45.4315 34.32806600000001 1.0 0.73118 0.09113 2.0 0
0 0 1 0 52.4575 45.111875 21.25 0.17682329785 0.00031 2.0 0
0 0 1 0 57.59100000000001 56.195130000000006 8.0 0.52057898881 0.0 11.0 0
0 0 0 1 48.028999999999996 50.531819999999996 39.0 0.00012039 0.0528175 2.1 0
1 0 0 0 41.74 31.088414999999998 18.35 0.065665420465 0.098824 1.75 0
0 0 0 1 48.1265 37.453630499999996 19.0 0.011167 0.08791 2.95 0
0 0 0 1 44.593 44.65961 5.0 0.30605 0.15339150000000001 7.05 0
0 0 1 0 54.73 52.7353 6.55 0.39188094999999995 8e-05 17.0 0
0 0 0 1 44.55049999999999 43.256185 13.0 0.046916 0.16358 4.0 0
0 0 1 1 45.6075 33.490245 3.0 0.44709 0.25759 3.0 0
0 0 0 1 45.32449999999999 45.42774 3.0 0.47077 0.07500000000000001 4.85 0
0 0 0 1 49.872499999999995 44.813005 16.0 0.021627 0.1009015 1.75 0
0 0 0 1 51.08 42.903386999999995 18.0 0.012746 0.08536849999999999 2.4 0
0 0 0 1 48.166 48.351910000000004 27.0 0.0017828 0.01896 2.0 0
0 1 0 0 50.35447767066693 44.52678267539525 24.651144857041167 0.09658699853529934 0.10095995499099822 3.9706941388277657 0
0 0 1 0 59.947500000000005 58.182465 81.15 0.05852936627391324 0.0 1.0 0
0 0 0 1 49.43 42.36793200000001 18.0 0.01309 0.092254 3.0 0
0 0 0 1 50.05200000000001 41.355740000000004 18.0 0.014291 0.12543849999999998 1.9 0
0 0 0 1 49.723 40.3872 34.0 0.00034346 0.00414 1.0 0
0 0 1 0 47.50000000000001 43.5004045 8.0 0.1562 4e-05 8.0 0
0 1 0 0 44.736500000000014 33.1579 7.0 0.18508 0.02273 2.0 0
1 0 0 0 55.89 60.0 25.85 0.030893068309000005 0.00402 1.0 0
0 0 0 1 48.882 13.25 15.0 0.030104 0.1720835 1.9 0
0 0 0 1 49.4205 33.1186 19.0 0.011144 0.14028 1.0 0
0 0 0 1 46.910000000000004 39.133775 8.0 0.15172 0.0755785 3.65 0
0 0 0 1 47.978500000000004 37.453630499999996 19.0 0.011191 0.090498 3.0 0
0 0 0 1 45.7765 40.103654999999996 17.0 0.017143 0.09433100000000001 2.55 0
0 0 0 1 53.3405 52.292245 54.0 3.5146e-06 0.0039675 3.55 0
0 0 0 1 49.483999999999995 49.015460000000004 29.0 0.001194 0.051461999999999994 1.75 0
0 0 1 0 33.49 43.42541 19.75 0.02010621145 0.03678 1.0 0
1 0 0 0 60.0 59.99189 98.0 0.016234179471986653 4.2000000000000004e-05 1.85 0
0 0 0 1 48.14 48.129464999999996 8.0 0.13589 0.180027 3.25 0
0 0 0 1 51.378 40.770605 18.0 0.013375 0.114388 3.0 0
0 0 0 1 50.373 46.96425000000001 14.0 0.038061 0.13199200000000003 2.8 0
0 0 1 0 48.695 38.003074999999995 20.9 0.0451877667 0.00593 2.0 0
0 0 1 0 44.79 47.20632 19.05 0.17597141105 0.001 2.0 0
0 0 0 1 49.708 48.16878 14.0 0.034717 0.0955235 3.45 0
0 0 1 0 50.44449999999999 33.773165 6.0 0.22953 0.26172 4.0 0
0 0 0 1 55.46 39.85752 18.0 0.013454 0.1451735 2.3 0
0 0 0 1 43.898500000000006 44.579840000000004 14.0 0.032064 0.1252755 2.15 0
0 0 1 0 46.39699999999999 39.6316 11.65 0.22248771950000004 3e-05 24.0 0
0 0 1 0 46.9985 53.6515 16.85 0.05001753799999999 0.02977 3.0 0
0 1 1 1 47.1315 28.8259 45.0 2.7367e-05 0.0 2.0 0
0 0 1 0 47.028000000000006 49.715205000000005 10.35 0.23449039999999996 0.14962 7.0 0
0 0 0 1 50.19000000000001 47.93954500000001 13.0 0.040313 0.2092855 2.75 0
1 0 0 0 52.04 49.043645 20.85 0.05762089512130001 0.051223 1.9 0
0 0 0 1 48.115 46.05327 16.0 0.021263 0.11493399999999998 1.8 0
0 0 0 1 45.55650000000001 49.1356 13.0 0.042562 0.152803 2.6 0
0 1 0 1 46.4165 36.9231 32.0 0.00050707 0.01635 1.0 0
1 0 0 0 60.0 59.99189 98.0 0.016234179471986653 4.2000000000000004e-05 1.85 0
0 1 0 0 35.6625 0.0 4.05 0.6211383300000001 0.9 1.8 0
0 0 0 1 48.9505 45.17702 18.0 0.014082 0.12759800000000002 1.9 0
0 0 1 0 58.302 52.8424 54.45 0.13475244650142015 0.0 2.0 0
0 0 0 1 50.672999999999995 49.3461315 32.0 0.00052903 0.048634500000000004 2.05 0
0 0 0 1 44.13 44.188655 24.0 0.0039488 0.122367 2.25 0
0 0 0 1 48.17 37.824070000000006 32.0 0.00061996 0.05129 1.0 0
0 0 1 0 57.59100000000001 56.48359000000001 8.7 0.42643550815 0.01354 11.0 0
0 0 0 1 48.94799999999999 44.98067 22.0 0.0058669 0.08699599999999999 1.95 0
0 1 0 1 47.61900000000001 54.6429 15.0 0.031586 0.04463 2.0 0
1 0 0 0 60.0 59.99189 98.0 0.016234179471986653 4.2000000000000004e-05 1.85 0
0 0 0 1 51.362 46.224180000000004 14.0 0.037069 0.115947 2.15 0
0 1 0 0 45.489000000000004 5.75 5.05 0.53243189 1.0 1.0 0
0 0 0 1 48.560500000000005 46.838604999999994 15.0 0.030623 0.1815705 1.95 0
0 0 0 1 49.2645 42.56485 7.0 0.17094 0.336 18.0 0
0 1 0 0 56.79299999999999 58.1611 18.5 0.14157800892129999 0.11350500000000001 4.85 0
0 0 0 1 48.091 33.703395 2.0 0.55263 0.11376650000000002 5.2 0
1 0 0 0 43.45 41.047845 17.85 0.0473011585 0.07127 2.0 0
0 0 0 1 48.32 47.775651499999995 32.0 0.00054813 0.05276399999999999 2.65 0
0 0 0 1 47.9275 37.0017 9.0 0.10297 0.1153545 3.8 0
0 0 0 1 48.761 46.925275 11.0 0.070828 0.114707 5.45 0
0 0 1 0 49.945 47.98933 12.1 0.139516025 0.30856 6.0 0
0 0 0 1 45.81 41.185325 15.0 0.028708 0.05829500000000001 2.2 0
0 0 0 1 48.766 47.04651 15.0 0.026247 0.1599255 2.65 0
0 0 0 1 43.2595 35.334680000000006 5.0 0.2518 0.1949715 4.4 0
1 0 0 0 32.3 25.570429999999998 37.6 0.041564168150145527 0.182294 2.05 0
0 0 1 0 56.50750000000001 55.607285000000005 24.1 0.29424423928184995 6e-05 5.0 0
0 0 1 0 56.50750000000001 50.79013 13.85 0.2623723027 0.00024 5.0 0
0 0 0 1 49.557500000000005 45.665 23.0 0.0041329 0.00023 1.0 0
0 0 0 1 44.33 41.755700000000004 35.0 0.00026034 0.033615500000000006 3.05 0
0 0 0 1 45.051 33.2272 28.0 0.001415 0.49045 2.0 0
0 0 0 1 48.98 41.894349999999996 22.0 0.0053554 0.1101 1.95 0
0 1 0 0 44.777 32.6667 9.0 0.10056 0.04207 1.0 0
0 0 1 0 47.867999999999995 36.808235 18.5 0.054565141 0.01278 1.0 0
0 0 0 1 43.898500000000006 44.579840000000004 14.0 0.031953 0.1048315 2.75 0
1 0 0 0 60.0 59.99189 98.0 0.016234179471986653 4.2000000000000004e-05 1.85 0
0 0 0 1 47.978500000000004 50.84029 15.0 0.025772 0.093312 1.95 0
0 1 0 1 49.867000000000004 41.5852 27.0 0.001698 0.0011 2.0 0
0 0 0 1 43.87949999999999 44.579840000000004 14.0 0.032443 0.0976245 2.7 0
0 0 0 1 36.42 41.49917500000001 25.0 0.0029742 0.032147 2.35 0
0 0 0 1 49.5745 43.369405 19.0 0.01144 0.10089299999999998 2.15 0
0 0 0 1 45.25350000000001 49.13462 13.0 0.043014 0.0943475 2.7 0
0 0 0 1 50.735 59.9409 23.0 0.0043586 0.04676 1.0 0
1 0 0 0 42.36 30.779295 32.6 0.0190912832 0.0852105 2.25 0
0 0 1 0 45.594500000000004 40.05333500000001 12.5 0.18297761999999998 0.10731 1.0 0
0 1 0 0 49.9405 42.24454 13.15 0.118067285 0.18572 5.0 0
0 0 0 1 48.02900000000001 50.531819999999996 39.0 0.0001221 0.0528175 2.1 0
0 0 0 1 47.958499999999994 37.877715 26.0 0.0021197 0.01904 1.0 0
1 0 0 0 47.65 40.49738 18.55 0.050824618999999994 0.08764350000000001 1.6 0
1 0 0 0 47.51 40.33458 20.5 0.08091617151049998 0.0781395 2.25 0
0 0 0 1 51.213499999999996 46.86032 23.0 0.004528 0.09720450000000001 1.9 0
0 0 0 1 49.377500000000005 46.771425 14.0 0.034007 0.05532 7.0 0
0 0 0 1 43.143499999999996 35.520015 3.0 0.43344 0.1450775 3.4 0
0 0 0 1 48.751 48.719285 24.0 0.0032344 0.079731 2.0 0
0 0 0 1 49.298500000000004 44.119895 22.0 0.0059577 0.06897450000000002 2.0 0
0 0 0 1 49.87950000000001 48.28537 26.0 0.0022698 0.14301500000000003 1.8 0
1 0 1 0 47.59 45.92433499999999 14.95 0.09211001999999999 0.01825 3.0 0
0 0 0 1 45.9165 43.661255000000004 25.0 0.002807 0.062935 1.95 0
0 0 1 0 44.164 43.218741 14.3 0.13904049899999998 0.21569 1.0 0
0 0 1 0 42.9555 45.6574 17.25 0.0817150876 0.03466 1.0 0
0 0 0 1 40.429500000000004 59.795015 255.0 5.0013e-33 0.0 1.95 0
0 0 0 1 55.7355 59.952465000000004 98.0 1.4606e-10 0.0 2.3 0
0 0 1 0 47.4405 49.60709 13.75 0.11137056199999999 0.46956 1.0 0
0 0 1 0 52.53399999999999 60.0 0.0 0.91322 0.0 6.0 0
0 0 1 0 43.454 39.355265 9.0 0.12205 0.09801 1.0 0
0 0 1 0 35.56 40.63099999999999 17.95 0.0732645255 0.03891 1.0 0
0 0 0 1 50.310500000000005 49.345974999999996 20.0 0.0085415 0.051869 2.65 0
0 0 0 1 51.51649999999999 60.0 17.0 0.016837 0.04539 5.0 0
0 0 0 1 49.914 44.57084 27.0 0.0019833 0.027532499999999998 2.1 0
0 0 0 1 50.0355 46.73332 16.0 0.021557 0.115425 1.85 0
0 0 1 0 46.22599999999999 49.35878 14.0 0.031709 0.0 14.0 0
0 0 1 0 44.0865 46.979049999999994 0.0 1.0 0.0 7.0 0
1 1 1 0 60.0 60.0 147.0 1.774e-15 0.0 2.0 1
0 0 1 0 47.12349999999999 23.0 18.0 0.014924 0.02174 4.0 0
0 1 0 0 49.32 44.898604999999996 18.1 0.07393912966 0.01007 2.0 0
0 0 1 0 50.1295 60.0 2.0 0.52808 0.0 6.0 0
0 0 0 1 53.803999999999995 50.15175 64.0 3.8376e-07 1e-05 2.8 0
0 0 0 1 39.97 46.819534999999995 34.0 0.00033965 0.0021 3.0 0
0 0 0 1 46.894 50.478899999999996 41.0 6.5989e-05 0.07548950000000001 2.4 0
0 0 1 0 45.9605 44.30304499999999 7.0 0.1684 0.05333 3.0 0
0 0 0 1 50.08149999999999 51.584105 34.0 0.00037412 0.0347495 2.2 0
0 0 0 1 44.704499999999996 41.15372 5.0 0.27687 0.64068 2.0 0
0 0 0 1 50.31699999999999 44.89373499999999 27.0 0.0017338 0.07021649999999999 2.4 0
0 0 0 1 47.9435 47.16897999999999 8.0 0.13725 0.090996 3.25 0
0 1 0 0 46.1265 54.1404 12.0 0.062278 0.02449 2.0 0
0 0 0 1 52.3725 46.462745 44.0 3.7149e-05 0.031429 2.05 0
0 0 0 1 49.131 48.62859 29.0 0.0011624 0.11811399999999997 1.6 0
0 0 0 1 47.0385 48.32505999999999 17.0 0.016187 0.08918700000000002 2.25 0
1 0 0 0 53.17 50.258815 20.1 0.07748794955 0.05612750000000002 2.5 0
0 1 0 0 49.46 49.6667 8.0 0.14413 0.11946 1.0 0
1 0 0 0 47.01 39.08172499999999 19.1 0.06089724570950002 0.054111000000000006 2.35 0
0 0 0 1 49.351 45.432700000000004 27.0 0.001831 0.031310000000000004 2.6 0
0 0 0 1 49.1535 49.15729 38.0 0.00013326 0.03589250000000001 2.5 0
0 0 0 1 47.4645 39.479135 6.0 0.23831 0.17982250000000002 6.35 0
1 0 1 0 56.86 49.75433499999999 15.25 0.05537877499999999 0.02609 2.0 0
0 0 0 1 47.6135 40.3171 7.0 0.16131 0.36243 7.0 0
1 0 0 0 59.79 59.615775000000006 74.8 0.0028503205991265053 0.010356 2.9 0
1 0 0 0 57.95 58.43169 16.1 0.0335135775 0.0497085 2.85 0
0 0 1 0 59.19500000000001 58.63666500000001 54.2 0.21766662893659486 0.0 3.0 0
0 1 0 1 51.111999999999995 25.2328 24.0 0.0035421 0.00346 1.0 0
0 0 0 1 49.9605 58.971 27.0 0.0018854 0.046453 2.4 0
0 0 0 1 52.363 45.557460000000006 23.0 0.0044501 0.0971055 2.25 0
0 0 0 1 57.568000000000005 55.359455000000004 74.0 3.6761e-08 0.00026999999999999995 1.7 0
0 0 0 1 43.926 37.8141 29.0 0.0012203 0.1087 1.0 0
0 0 0 1 45.73 46.1696 17.0 0.019058 0.36029 1.0 0
0 0 0 1 47.959999999999994 47.106135 19.0 0.010386 0.0970315 3.15 0
0 1 0 0 44.0655 31.9394 18.35 0.029660861450000003 0.0374 1.0 0
0 0 1 0 59.947500000000005 58.182465 81.15 0.05852936627391324 0.0 1.0 0
0 0 0 1 42.73 42.765 14.0 0.034146 0.105057 2.1 0
0 0 0 1 45.55650000000001 49.1356 13.0 0.042511 0.162828 2.6 0
1 0 0 0 59.97 59.873815 98.0 0.0008401197680637913 0.014302500000000001 1.55 0
0 0 0 1 51.8205 45.423555 23.0 0.0043083 0.1298515 2.35 0
0 0 0 1 51.4005 50.2906065 32.0 0.00058035 0.067993 2.5 0
0 0 1 0 45.435500000000005 39.463919499999996 5.0 0.28784 0.08547 2.0 0
0 0 0 1 47.6565 41.16412550000001 19.0 0.010873 0.0544145 2.15 0
0 0 0 1 57.65 44.009943500000006 13.0 0.047979 0.13512849999999998 2.35 0
0 0 0 1 48.9275 43.750365 14.0 0.036109 0.108316 2.0 0
0 1 0 1 50.94 54.8357 40.0 8.3533e-05 0.00056 1.0 0
0 0 1 0 50.50149999999999 60.0 0.0 1.0 0.0 7.0 0
0 0 0 1 49.882999999999996 46.165245 19.0 0.011512 0.08446349999999998 2.15 0
0 1 0 1 42.78 32.6456 39.0 0.00010089 0.048763 2.25 0
1 0 1 0 40.99 48.020525 4.0 0.31654 0.01845 5.0 0
0 0 0 1 47.172000000000004 49.85038 21.0 0.0068518 0.10250849999999997 1.75 0
0 0 0 1 47.554500000000004 47.394954999999996 4.0 0.35366 0.14166050000000002 6.55 0
0 0 0 1 45.9745 47.792175 25.0 0.0026561 0.055623 3.05 0
0 1 0 0 35.098 16.4545 19.45 0.145706980707 0.327474 2.55 0
0 0 1 0 48.3055 29.9398 10.0 0.088061 0.00243 1.0 0
0 0 0 1 47.925 39.846500000000006 20.0 0.0091738 0.0692465 2.2 0
0 0 0 1 44.4945 44.579840000000004 14.0 0.032536 0.10440650000000003 2.65 0
0 0 0 1 51.0995 46.238785 14.0 0.033135 0.1605365 2.5 0
0 0 1 0 49.963499999999996 48.25645 17.05 0.1193059815 0.00544 4.0 0
0 0 0 1 47.183499999999995 43.8615145 36.0 0.00024519 0.076805 1.85 0
0 0 1 0 56.314499999999995 48.378535 18.1 0.252469592665 2e-05 2.0 0
0 0 0 1 53.686 60.0 15.0 0.025189 0.5127 3.0 0
0 1 0 1 51.426 60.0 33.0 0.00047279 0.05893 5.0 0
0 0 1 1 49.5515 44.39675 17.0 0.016217 0.00101 4.0 0
0 0 0 1 54.545 57.16633 69.0 1.2192e-07 0.024712500000000002 2.65 0
0 0 0 1 38.42 51.54069 42.0 5.2194e-05 0.00051 3.0 0
0 0 0 1 46.3745 44.668434999999995 21.0 0.0067087 0.049524 2.95 0
0 1 0 0 48.42999999999999 33.5556 12.0 0.055064 0.02062 1.0 0
0 0 0 1 50.190000000000005 47.93954500000001 13.0 0.040003 0.1872355 2.7 0
0 0 0 1 51.061499999999995 41.14102 15.0 0.028684 0.06869 2.15 0
0 0 1 0 47.72650000000001 42.50708 17.6 0.04102015299999999 0.01791 2.0 0
0 0 0 1 45.346999999999994 53.8204 16.0 0.020578 0.1295455 2.1 0
0 0 0 1 47.312 45.173674999999996 18.0 0.015415 0.15659099999999998 2.15 0
0 0 0 1 52.3725 47.62991 44.0 3.5959e-05 0.031429 2.05 0
0 1 0 0 38.11 27.0 11.95 0.1759979765 0.1257625 4.55 0
0 0 0 1 45.0785 44.432559999999995 28.0 0.0013089 0.069893 2.1 0
0 0 0 1 58.54350000000001 60.0 9.0 0.10791 0.1453515 3.6 0
0 0 0 1 49.78 46.62108 14.0 0.038336 0.1357575 2.6 0
1 0 0 0 41.14 28.225425 38.05 0.0757453427830655 0.0696345 2.05 0
0 0 0 1 44.56 48.31645 58.0 1.4306e-06 0.02056 2.0 0
1 0 0 0 46.55 36.52925 3.0 0.42591 0.07861 1.0 0
0 0 0 1 46.64299999999999 50.511915 25.0 0.0028488 0.00229 1.0 0
0 0 1 1 33.97 39.458501 18.0 0.015066 0.21398 2.0 0
0 0 0 1 46.85549999999999 38.116595 18.0 0.014577 0.0696445 2.15 0
0 0 0 1 51.375 49.597015 17.0 0.016438 0.00612 1.0 0
0 1 0 1 48.986000000000004 15.2593 22.0 0.0056012 0.00691 1.0 0
0 0 0 1 52.361000000000004 60.0 19.0 0.011952 0.24523 1.0 0
0 1 0 0 50.35447767066693 44.52678267539525 24.651144857041167 0.09658699853529934 0.10095995499099822 3.9706941388277657 0
0 0 0 1 50.629999999999995 27.8724 32.0 0.00059912 0.00922 3.0 0
0 0 0 1 47.8335 48.07820649999999 10.0 0.083333 0.0208 12.0 0
0 0 0 1 40.429500000000004 59.795015 255.0 3.7591999999999996e-28 0.0 1.95 0
0 0 1 1 44.08050000000001 46.13556000000001 17.0 0.01714 0.01381 2.0 0
0 0 1 0 49.28799999999999 49.901825 18.25 0.17607461149999998 0.00679 4.0 0
0 1 0 1 48.163 60.1952 34.0 0.00037894 0.0001 3.0 0
0 0 0 1 46.7475 36.913 20.0 0.009637 0.159355 2.0 0
0 0 0 1 56.334 56.185285 89.0 1.0476e-09 9.8e-05 1.6 0
0 0 0 1 48.1565 50.786145 15.0 0.026177 0.159113 2.55 0
0 0 0 1 42.64 42.347719999999995 24.0 0.0036377 0.094424 3.3 0
0 0 0 1 54.802499999999995 56.640769999999996 57.0 1.83e-06 0.019403000000000004 1.95 0
0 1 1 0 56.50750000000001 47.043940000000006 12.1 0.23350031874999994 0.00585 5.0 0
0 1 0 0 42.69 26.0989 6.0 0.20042 0.00642 2.0 0
0 0 0 1 50.41 34.319625 20.0 0.0095826 0.121824 2.45 0
0 0 0 1 44.7975 44.57984 14.0 0.032576 0.11129150000000002 2.65 0
1 0 0 0 51.82 49.08646 11.0 0.078179 0.106677 3.05 0
0 1 1 0 49.022000000000006 54.4444 12.0 0.062132 0.00018 2.0 0
0 0 0 1 47.638 32.816649999999996 20.0 0.0094113 0.06051599999999999 3.35 0
1 0 1 0 34.94 46.16292500000001 19.05 0.0247504535 0.02941 2.0 0
0 0 1 1 51.741499999999995 48.517425 15.0 0.026255 0.00344 1.0 0
0 0 1 0 51.075500000000005 50.266295 12.0 0.060084 0.0 5.0 0
0 0 0 1 45.0415 42.6057 13.0 0.049647 0.082597 1.95 0
0 1 0 0 47.6225 59.9231 22.05 0.10671531570999997 0.00053 2.0 0
0 0 0 1 49.831 32.2848175 26.0 0.002333 0.15932 2.0 0
0 0 1 0 49.328500000000005 53.68411 6.2 0.58414086 0.0 8.0 0
0 0 0 1 49.230999999999995 49.99601 37.0 0.00016063 0.02892450000000001 2.0 0
0 0 0 1 51.609500000000004 48.04741 12.0 0.052941 0.03984 16.0 0
0 0 0 1 47.286 41.1086 26.0 0.0021222 0.06471 4.0 0
0 0 0 1 57.096500000000006 54.341085 83.0 4.9224e-09 0.001109 1.7 0
0 0 0 1 47.208999999999996 45.261655000000005 35.0 0.0003138 0.0132555 2.55 0
0 1 0 1 45.0415 42.6057 13.0 0.049268 0.1317625 1.45 0
0 0 0 1 49.108 46.390675 21.0 0.0073856 0.1212855 2.0 0
1 1 1 0 60.0 59.9792 116.0 2.3221e-12 0.0 12.0 1
0 1 0 0 53.85 54.9744 20.45 0.14396916375092367 0.08772400000000001 5.8 0
0 0 0 1 49.445499999999996 46.3091915 15.0 0.027179 0.08134 2.3 0
1 0 1 0 41.0 46.38290500000001 9.0 0.11119 0.00244 2.0 0
0 0 0 1 51.07350000000001 48.6692015 15.0 0.028085 0.0783635 2.5 0
0 0 0 1 49.095000000000006 47.944480000000006 20.0 0.0081831 0.12313150000000002 1.95 0
0 0 0 1 49.03599999999999 48.49605 15.0 0.026887 0.0901505 1.6 0
0 0 0 1 51.614999999999995 46.890478 16.0 0.022129 0.33966 1.0 0
0 0 0 1 50.590500000000006 43.222674999999995 24.0 0.0035949 0.055596500000000014 3.4 0
0 0 0 1 50.105000000000004 41.6476585 22.0 0.0058245 0.06506300000000001 1.85 0
0 0 0 1 44.528 41.15372000000001 5.0 0.27059 0.4889 2.0 0
0 0 0 1 47.9275 37.0017 9.0 0.10033 0.1010745 3.8 0
1 0 0 1 43.26 43.70329 13.0 0.046317 0.26282 3.0 0
0 0 0 1 48.812 44.159589999999994 33.0 0.00049665 0.022029 2.1 0
0 0 0 1 48.4905 45.325185 16.0 0.02426 0.10633200000000001 2.35 0
0 1 0 0 50.35447767066693 44.52678267539525 24.651144857041167 0.09658699853529934 0.10095995499099822 3.9706941388277657 0
0 1 0 1 46.01 35.375 14.0 0.036789 0.04022 1.0 0
0 0 0 1 46.5895 42.765 14.0 0.034115 0.100061 2.1 0
0 0 0 1 48.62949999999999 20.3962 37.0 0.00017271 0.05562 4.0 0
0 0 1 0 48.34349999999999 40.3333 0.0 1.0 0.0 12.0 0
0 0 1 0 48.199 51.618725 14.0 0.2548529224 0.03989 7.0 0
0 0 1 0 57.7325 47.120895 7.1 0.30368318000000005 0.0 25.0 0
0 0 0 1 50.19000000000001 47.93954500000001 13.0 0.040406 0.16770250000000003 2.55 0
0 0 0 1 40.429500000000004 59.795015 255.0 0.0 0.0 1.95 0
0 0 0 1 48.495999999999995 58.4 10.0 0.085385 0.06992 3.0 0
0 0 0 1 46.3425 34.552215499999996 5.0 0.27607 0.1830955 2.7 0
0 0 0 1 48.309000000000005 41.55141999999999 10.0 0.083854 0.09627900000000002 3.55 0
0 1 0 0 50.35447767066693 44.52678267539525 24.651144857041167 0.09658699853529934 0.10095995499099822 3.9706941388277657 0
0 0 0 1 48.950500000000005 36.3787155 19.0 0.011135 0.087917 2.8 0
0 0 1 0 56.314499999999995 48.378535 18.1 0.252469592665 2e-05 2.0 0
0 0 0 1 49.831 42.06331000000001 26.0 0.0023263 0.01312 2.0 0
0 0 0 1 45.0065 43.132889 7.0 0.16482 0.161086 5.65 0
1 0 0 0 47.99 41.44928 22.6 0.038711431260085 0.044088999999999996 1.5 0
0 0 0 1 50.948499999999996 45.07096 23.0 0.0040265 0.10860599999999998 2.0 0
0 0 0 1 50.224000000000004 40.580323500000006 22.0 0.0057803 0.0300775 1.85 0
0 0 1 0 48.5015 24.5211 12.0 0.057248 0.25181 2.0 0
0 0 0 1 48.766 47.37586500000001 15.0 0.026276 0.160964 2.6 0
0 0 0 1 40.429500000000004 59.795015 255.0 3.4638e-33 0.0 1.95 0
0 0 1 0 57.760000000000005 52.899685 9.2 0.37744958764 0.00013 14.0 0
0 0 0 1 50.474000000000004 45.057140000000004 22.0 0.0055464 0.1537055 1.65 0
0 0 1 0 48.4205 49.81935 12.0 0.059133 0.0167 2.0 0
0 0 1 0 57.7325 46.54315000000001 6.7 0.33887716500000004 2e-05 27.0 0
0 0 1 1 49.493500000000004 43.364084999999996 27.0 0.0015855 0.00347 3.0 0
0 0 1 0 57.7325 52.7124 8.7 0.32098735165000003 0.0 20.0 0
0 0 1 0 58.682 47.3891 24.25 0.14578062833 2e-05 3.0 0
0 0 0 1 47.169 42.295435 4.0 0.37844 0.10756649999999998 5.0 0
0 0 0 1 53.161 60.0 26.0 0.0023271 0.21117 1.0 0
0 0 0 1 53.1845 47.352885 20.0 0.0086519 0.045007 2.2 0
0 0 0 1 45.9745 45.008335 25.0 0.0027398 0.0535595 2.05 0
0 0 0 1 49.41049999999999 46.240134999999995 13.0 0.045179 0.12507399999999996 2.5 0
1 0 0 0 59.92 59.79487 103.55 0.0030997092584473225 0.015567999999999999 1.55 0
0 0 0 1 47.8335 48.286109999999994 29.0 0.0010374 0.031265499999999995 2.1 0
0 0 0 1 49.3635 39.44694 20.0 0.0087234 0.01475 1.0 0
0 0 0 1 49.248000000000005 46.80627 16.0 0.02148 0.11756649999999998 1.65 0
0 0 0 1 56.1915 58.812290000000004 152.0 6.245e-16 0.0 2.0 0
0 0 0 1 47.553000000000004 46.78679999999999 8.0 0.13904 0.08308099999999999 2.25 0
0 0 0 1 48.779999999999994 45.934715000000004 13.0 0.041876 0.11389149999999999 2.0 0
0 0 0 1 49.965 42.882105 19.0 0.010581 0.01822 1.0 0
0 0 0 1 50.6745 47.453235 14.0 0.035399 0.12662400000000001 2.25 0
0 0 0 1 51.769999999999996 27.7083 13.0 0.040071 0.08801 4.0 0
0 0 0 1 50.543000000000006 46.624900000000004 14.0 0.03481 0.12924650000000001 3.9 0
1 0 0 0 59.14 59.09908 27.45 0.13624402680379 0.10329250000000001 2.95 0
0 0 0 1 50.173500000000004 54.4872 9.0 0.11207 2e-05 23.0 0
0 0 1 0 47.041999999999994 43.576415 7.0 0.18933 0.05746 3.0 0
0 0 1 0 49.25599999999999 57.75 1.0 0.64796 0.01349 3.0 0
0 0 0 1 48.5545 23.7241 17.0 0.016687 0.07853 1.0 0
0 1 0 0 54.11 42.619279999999996 8.0 0.14558 0.10968099999999999 3.4 0
1 0 0 0 60.0 59.99189 98.0 0.016234179471986653 4.2000000000000004e-05 1.85 0
0 0 0 1 49.799499999999995 45.86222 30.0 0.00079619 0.05577399999999999 2.25 0
0 0 0 1 47.169000000000004 41.542175 8.0 0.12928 0.32563 3.0 0
1 0 1 1 60.0 50.248900000000006 13.0 0.04366 0.01818 2.0 1
0 1 0 1 45.4265 55.8926 45.0 2.7337e-05 0.00171 6.0 0
0 0 0 1 49.4085 45.170010000000005 14.0 0.038069 0.12391 1.0 0
0 0 0 1 40.429500000000004 59.795015 255.0 0.0 0.0 1.95 0
0 0 1 0 47.327 47.13174500000001 3.0 0.48732 0.0 10.0 0
0 1 1 1 47.388 47.749705 12.0 0.057855 0.02086 2.0 0
0 0 0 1 47.9265 43.160195 18.0 0.015424 0.0836 1.0 0
0 0 0 1 46.329 37.34947950000001 9.0 0.10277 0.0766 2.0 0
0 0 0 1 47.17 42.903387 18.0 0.012824 0.0833015 2.4 0
1 0 0 0 60.0 59.99189 98.0 0.016234179471986653 4.2000000000000004e-05 1.85 0
1 1 1 1 29.19 32.8068 14.0 0.032569 0.00821 2.0 0
1 0 0 0 59.62 59.399159999999995 58.25 0.03190865773620241 0.0464265 2.7 0
0 0 0 1 43.92 41.529835 11.0 0.068385 0.04412 1.0 0
1 0 0 0 60.0 59.99189 98.0 0.016234179471986653 4.2000000000000004e-05 1.85 0
0 0 0 1 49.104499999999994 41.984156999999996 18.0 0.013047 0.091104 2.35 0
0 0 0 1 46.9915 42.38492 14.0 0.038683 0.15507100000000001 2.65 0
0 1 0 0 44.140499999999996 35.6613 22.4 0.020273789325000003 0.023984 2.3 0
0 0 0 1 49.842499999999994 46.652840000000005 21.0 0.0074008 0.130276 3.15 0
0 0 0 1 47.248 46.812025 18.0 0.015325 0.16680350000000002 2.65 0
1 0 1 0 51.36 40.853300000000004 16.0 0.05895927499999999 0.02124 1.0 0
0 0 0 1 45.4165 41.30401500000001 9.0 0.12444 0.23194649999999997 4.55 0
0 0 1 0 57.59100000000001 56.19512999999999 7.55 0.44576667950000004 3e-05 11.0 0
0 0 1 0 57.7325 47.21576 6.15 0.3475638150000001 5e-05 26.0 0
0 0 0 1 51.028000000000006 59.9029 18.0 0.013292 0.0562 2.0 0
0 0 0 1 46.005 39.84414 17.0 0.01728 0.104719 2.6 0
1 0 0 0 55.39 55.25443 17.65 0.0486952385 0.06941850000000001 1.55 0
0 0 0 1 29.73 43.680785 13.0 0.046196 0.1172045 3.05 0
0 0 0 1 48.779999999999994 45.934715000000004 13.0 0.041873 0.11389149999999999 2.0 0
0 0 1 1 45.6245 36.699566 7.0 0.19167 0.23158 2.0 0
0 0 0 1 51.2315 48.7546 15.0 0.028385 0.1337285 2.4 0
0 0 1 0 47.1855 43.354904999999995 17.3 0.06376527509999999 0.01572 3.0 0
0 0 1 0 49.902 42.940704999999994 21.25 0.09349935134500001 0.00055 2.0 0
0 1 0 1 49.264 59.8421 13.0 0.040056 0.216004 2.5 0
0 0 0 1 50.11749999999999 49.66856 17.0 0.019171 0.48674 1.0 0
0 1 0 0 46.793499999999995 44.2936 18.25 0.025983689999999997 0.02362 2.0 0
1 0 0 0 60.0 59.99189 98.0 0.016234179471986653 4.2000000000000004e-05 1.85 0
0 0 0 1 47.395 41.742205 13.0 0.049855 0.18415 2.0 0
0 0 0 1 48.055 43.8984525 2.0 0.59231 0.05550100000000001 6.4 0
1 0 0 0 59.45 59.222719999999995 50.15 0.06668375856890642 0.07391400000000001 4.1 0
0 1 0 1 41.83 30.7457 27.0 0.0017867 0.00031 4.0 0
0 0 0 1 45.9165 44.13875 25.0 0.0028051 0.06293499999999999 1.95 0
0 0 0 1 53.80800000000001 51.066050000000004 65.0 3.0635e-07 0.024507499999999998 2.65 0
1 0 0 0 57.45 58.70059 15.45 0.10151063499999999 0.0884285 2.1 0
0 0 0 1 46.7195 44.390730000000005 14.0 0.032705 0.14001450000000001 1.9 0
0 0 0 1 59.54 60.0 21.0 0.0078286 0.0141 11.0 0
0 1 0 0 57.78000000000001 51.03286 8.75 0.31436981499999994 0.04215 14.0 0
0 0 0 1 50.549499999999995 41.07111650000001 15.0 0.029662 0.10379 1.0 0
0 0 1 0 42.917500000000004 29.449644999999997 0.0 0.86185 0.5 1.0 0
1 0 0 0 40.57 42.51563 15.2 0.076079685 0.09054 1.0 0
0 0 0 1 59.074500000000015 55.488339999999994 71.0 6.7721e-08 8.000000000000001e-06 2.05 0
1 0 0 0 48.38 44.764435 11.85 0.169102505 0.14468 3.0 0
0 0 1 0 49.328500000000005 53.68411 9.5 0.413498185 0.00023 8.0 0
0 1 1 0 56.427499999999995 52.63757 7.6 0.39069406500000003 0.00978 10.0 0
0 0 0 1 49.139 41.984156999999996 18.0 0.013013 0.091104 2.35 0
0 1 1 0 55.6155 52.89918 4.35 0.623257639 0.00063 9.0 0
0 0 0 1 49.27 36.2947 35.0 0.00025231 0.00015 1.0 0
0 0 0 1 48.687999999999995 37.635525 10.0 0.082496 0.1330875 3.85 0
0 0 0 1 48.732 47.167915 13.0 0.045275 0.120547 3.1 0
1 0 1 1 56.33 43.697230000000005 20.0 0.0089156 0.00673 1.0 0
0 0 0 1 45.377 41.096824999999995 16.0 0.023565 0.128102 3.15 0
0 0 0 1 47.83149999999999 46.911215 18.0 0.015245 0.17709999999999998 2.8 0
1 0 0 0 56.43 57.96437999999999 16.8 0.034282796500000004 0.062775 2.3 0
1 0 0 0 56.78 58.616385 22.6 0.015006584214999999 0.037121 1.7 0
0 0 1 0 48.245999999999995 57.7778 24.5 0.030653804577775 0.00208 1.0 0
0 1 0 0 43.2045 0.0 5.85 0.45836299 1.0 2.0 0
0 0 1 0 56.42750000000001 53.762635 3.5 0.677560634 0.0 10.0 0
0 0 0 1 50.187499999999986 44.674705 11.0 0.065833 0.1231615 5.85 0
0 0 0 1 51.436 40.65474350000001 22.0 0.0056065 0.14589349999999995 1.75 0
0 0 0 1 47.777 46.7868 8.0 0.13861 0.098197 2.2 0
0 0 0 1 45.0785 44.43256 28.0 0.0013387 0.055963 2.35 0
0 0 0 1 44.441500000000005 50.42331 13.0 0.046502 0.15156700000000004 3.3 0
0 0 1 0 57.56 54.17863 3.7 0.5274955000000001 0.0 16.0 0
0 0 1 0 50.92699999999999 45.433370000000004 22.3 0.14981486365000002 0.00079 1.0 0
0 0 0 1 45.57900000000001 38.289604999999995 7.0 0.17509 0.17257250000000002 4.4 0
0 0 0 1 47.01950000000001 43.445235 14.0 0.034005 0.10536850000000002 3.05 0
0 1 0 0 49.49400000000001 37.1759 15.0 0.02686 0.05228 1.0 0
0 0 1 0 47.38850000000001 48.517335 5.0 0.29316 2e-05 2.0 0
0 0 0 1 47.726 45.819925 17.0 0.018954 0.10509600000000001 2.6 0
0 0 0 1 45.32449999999999 45.148044999999996 3.0 0.5 0.0768565 7.8 0
0 0 0 1 47.48649999999999 46.450715 19.0 0.012431 0.08119000000000001 2.35 0
0 0 0 1 52.1145 44.56078500000001 23.0 0.0044264 0.136667 2.5 0
0 0 0 1 44.935 47.84228999999999 13.0 0.042761 0.138058 1.85 0
0 0 0 1 44.2715 40.14685 7.0 0.17666 0.17098249999999998 3.8 0
1 0 0 0 47.34 35.3022665 10.0 0.082992 0.0395 1.0 0
0 0 1 0 47.503 44.37738449999999 40.0 8.2456e-05 0.0 9.0 0
0 1 0 0 46.977500000000006 38.86876 9.0 0.11141 0.44398 6.0 0
0 0 0 1 47.1875 22.5106 13.0 0.042195 0.04612 3.0 0
0 0 0 1 45.093 40.760925 5.0 0.27143 0.3314 4.0 0
0 0 0 1 50.672999999999995 49.3461315 32.0 0.00052008 0.0486345 2.05 0
0 0 0 1 46.131499999999996 45.722494999999995 11.0 0.079112 0.116231 2.8 0
0 0 0 1 46.337 45.48922 13.0 0.043659 0.20239700000000002 2.95 0
1 0 0 0 35.25 28.015584999999998 19.2 0.07624202708500001 0.08225149999999999 1.75 0
0 1 0 0 50.35447767066693 44.52678267539525 24.651144857041167 0.09658699853529934 0.10095995499099822 3.9706941388277657 0
0 1 0 0 53.31949999999999 60.0 32.75 0.0068360451805 0.07747 1.0 0
0 1 0 0 47.1845 45.384229999999995 19.3 0.067421185435375 0.10359 3.0 0
1 0 0 0 60.0 59.99189 98.0 0.016234179471986653 4.2000000000000004e-05 1.85 0
1 0 0 0 60.0 59.99189 98.0 0.016234179471986653 4.2000000000000004e-05 1.85 0
0 0 1 0 59.947500000000005 58.182465 81.15 0.05852936627391324 0.0 1.0 0
0 0 0 1 49.102 40.960175 13.0 0.044463 0.11593499999999998 2.65 0
0 0 0 1 45.21 37.74455 7.0 0.17781 0.18453599999999998 4.25 0
0 0 0 1 48.322500000000005 47.7714 3.0 0.4213 0.59575 16.0 0
0 0 0 1 40.429500000000004 59.795015 255.0 1.0268e-29 0.0 1.95 0
1 0 0 0 55.66 57.29978999999999 19.9 0.0261616405 0.038937500000000014 2.1 0
0 0 1 0 57.760000000000005 53.45858500000001 2.15 0.63805215 0.0 15.0 0
0 0 1 1 56.74 42.070184999999995 19.0 0.01029 0.0164 1.0 0
0 0 1 0 49.27049999999999 43.30295500000001 21.15 0.029795069 0.00246 1.0 0
0 1 1 0 47.2165 50.6429 40.0 8.7363e-05 0.0001 2.0 0
0 0 1 0 57.7325 53.65029500000001 4.7 0.4899218 0.0 17.0 0
0 0 0 1 49.2375 42.242617 18.0 0.012609 0.134853 2.2 0
1 0 0 1 44.29 41.84685499999999 18.0 0.015559 0.055362499999999995 1.4 0
0 0 0 1 48.7375 45.92553 15.0 0.026521 0.0975595 2.75 0
0 0 0 1 32.35 42.527015 35.0 0.00028384 0.011752000000000002 3.3 0
0 0 0 1 47.808 46.192235000000004 13.0 0.045736 0.12148799999999997 2.9 0
0 0 1 0 55.6155 48.6728645 14.95 0.4390855217345 0.0 9.0 0
1 0 0 0 52.06 49.043645 20.1 0.05921035012130001 0.051223 1.9 0
0 0 0 1 40.429500000000004 59.795015 255.0 3.6652000000000004e-33 0.0 1.95 0
0 0 0 1 51.1395 48.98770999999999 11.0 0.068627 0.04334 3.0 0
0 1 0 0 42.789 34.8462 12.45 0.26524123499999996 0.0632635 1.75 0
0 0 0 1 52.6 39.604285 10.0 0.079656 0.160723 2.75 0
0 0 0 1 46.917 48.512575 8.0 0.15837 0.05678 6.0 0
0 0 0 1 46.384 43.537955 14.0 0.033497 0.159213 1.95 0
0 0 0 1 57.94 50.47355499999999 16.0 0.025101 0.13981099999999996 2.6 0
0 0 0 1 52.201499999999996 42.17536 23.0 0.0042418 0.10429699999999997 2.05 0
1 0 0 0 60.0 59.99189 98.0 0.016234179471986653 4.2000000000000004e-05 1.85 0
0 0 0 1 50.323 43.894285 13.0 0.040768 0.1615895 2.7 0
0 0 0 1 49.8755 53.322 16.0 0.02474 0.15459 1.0 0
0 1 0 0 48.30050000000001 42.3276 12.0 0.060582 0.01275 1.0 0
1 0 0 0 45.3 42.017789 13.15 0.19685674749999998 0.20431 1.0 0
0 0 0 1 51.1 43.482705 22.0 0.0054909 0.16768149999999998 1.9 0
0 0 0 1 48.311 53.036 19.0 0.012035 0.33629 5.0 0
0 0 1 0 57.56 54.17863 3.7 0.5274955000000001 0.0 16.0 0
1 0 0 0 60.0 59.99189 98.0 0.016234179471986653 4.2000000000000004e-05 1.85 0
0 0 0 1 50.31699999999999 46.08272000000001 27.0 0.0016784 0.0441655 2.4 0
0 0 1 1 48.269000000000005 38.51894 15.0 0.030945 0.00094 4.0 0
0 0 0 1 48.145999999999994 44.152910000000006 14.0 0.038618 0.1428065 2.7 0
0 0 0 1 50.18749999999999 44.674705 11.0 0.064942 0.10465149999999998 4.65 0
0 0 0 1 47.555499999999995 48.09238499999999 17.0 0.016586 0.077849 3.25 0
0 0 0 1 49.2535 41.626175 6.0 0.22598 0.16303949999999998 5.65 0
0 0 0 1 46.719500000000004 44.390730000000005 14.0 0.032693 0.14001450000000001 1.9 0
0 0 0 1 50.709999999999994 44.136604999999996 23.0 0.004214 0.08978 1.0 0
0 0 0 1 49.4945 47.173935 15.0 0.025619 0.072141 2.0 0
0 0 0 1 50.291999999999994 32.917356 6.0 0.23701 0.19822 2.0 0
0 0 0 1 40.429500000000004 59.795015 255.0 0.0 0.0 1.95 0
0 0 0 1 44.0175 59.7664 13.0 0.04685 0.03265 1.0 0
0 0 1 0 50.974999999999994 57.8696 0.0 0.88886 0.0 11.0 0
0 0 1 0 57.7325 48.48648 8.6 0.254397035 0.0 22.0 0
0 0 1 0 47.362 59.2667 4.0 0.3638 3e-05 2.0 0
0 0 0 1 50.406 60.0 13.0 0.04716 0.36564 2.0 0
0 0 1 0 57.59100000000001 56.195130000000006 8.0 0.52057898881 0.0 11.0 0
0 0 1 0 45.82299999999999 50.95959 5.0 0.26273 0.0 13.0 0
1 0 0 0 53.58 52.206495000000004 17.75 0.06049498019999999 0.048115 1.9 0
0 1 0 0 57.42 60.0 24.05 0.032103532494 0.02825 2.0 0
0 0 1 1 48.82300000000001 42.378743 16.0 0.025006 0.15259 1.0 0
0 0 0 1 48.57300000000001 46.838605 15.0 0.030669 0.17138499999999995 1.95 0
0 0 0 1 40.429500000000004 59.795015 255.0 0.0 0.0 1.95 0
1 0 0 0 50.17 44.49126149999999 15.0 0.027049 0.0926135 1.85 0
0 0 0 1 53.965999999999994 60.0 20.0 0.0087031 0.03419 1.0 0
0 1 0 0 45.864000000000004 10.333932 7.15 0.40509988999999996 1.0 2.0 0
0 0 1 0 57.7325 46.63335 5.8 0.375840915 1e-05 29.0 0
0 0 0 1 48.688 37.670715 10.0 0.080608 0.145929 2.0 0
0 0 0 1 53.80800000000001 51.057 65.0 2.7661e-07 0.024508 2.7 0
0 1 1 0 55.5875 54.0 9.8 0.34552378402850004 0.0 19.0 0
0 0 0 1 50.43650000000001 42.855905 21.0 0.0071811 0.07265050000000002 2.5 0
0 0 0 1 44.8445 32.0979355 5.0 0.26546 0.20888149999999994 3.9 0
0 0 0 1 49.10449999999999 42.53210700000001 18.0 0.013078 0.102037 2.9 0
0 0 1 0 47.4185 18.5 13.35 0.15723752000000002 0.01818 3.0 0
1 0 0 0 46.32 37.326025 18.7 0.052406695149999995 0.0746685 2.0 0
0 1 0 0 49.37800000000001 29.6615 6.0 0.23361 0.1977875 3.95 0
0 0 0 1 47.17 48.306419999999996 43.0 4.6364e-05 0.04373 3.0 0
0 0 0 1 46.91 39.557145 8.0 0.15441 0.17674450000000003 2.4 0
0 0 0 1 49.322500000000005 43.849635 15.0 0.028983 0.170428 1.95 0
0 0 0 1 48.950500000000005 44.21161 18.0 0.014072 0.12122200000000001 1.85 0
0 0 1 1 40.0 41.7928 22.0 0.0062529 0.03175 1.0 0
0 0 0 1 45.32449999999999 44.26163 3.0 0.46779 0.08522849999999997 5.95 0
0 0 0 1 44.9 46.83408000000001 13.0 0.045322 0.10124949999999999 2.9 0
0 0 1 0 48.7325 46.41042 4.0 0.34986 0.00511 2.0 0
0 0 0 1 45.9655 59.7922 13.0 0.045871 0.08356 2.0 0
0 0 1 0 45.25000000000001 40.55887 17.95 0.06371812890499999 0.07854 2.0 0
0 0 1 0 49.322 46.226415 5.0 0.2801 0.0 4.0 0
0 0 1 0 48.373999999999995 21.8529 18.95 0.05214887450000001 0.00348 3.0 0
0 0 0 1 38.69 47.671659999999996 24.0 0.0031857 0.00198 2.0 0
0 1 0 0 52.7885 0.0 7.2 0.34892959 1.0 22.0 0
0 0 0 1 45.52749999999999 44.403122999999994 16.0 0.020648 0.12651500000000002 2.35 0
0 0 0 1 46.6195 47.112190000000005 9.0 0.11088 0.16171249999999998 3.5 0
0 0 0 1 45.719 44.507308 16.0 0.019989 0.12806599999999999 2.75 0
0 0 0 1 51.96050000000001 45.75575 23.0 0.0044916 0.0783415 2.05 0
0 0 1 0 50.5085 42.888980000000004 21.15 0.160931557495 0.00065 1.0 0
0 0 0 1 48.091 33.703395 2.0 0.55263 0.11376650000000002 5.2 0
0 0 0 1 46.0075 36.913 20.0 0.0097036 0.0970155 2.1 0
0 0 1 0 55.61550000000001 52.62248999999999 9.3 0.5116393642999999 7e-05 9.0 0
0 0 0 1 45.043 46.19997 5.0 0.25578 0.3193 5.0 0
1 0 0 0 59.43 59.222719999999995 50.15 0.06668375856890643 0.07658200000000001 4.05 0
0 0 1 1 46.905 50.214014999999996 36.0 0.00020698 2e-05 3.0 0
0 0 0 1 45.440999999999995 37.81796 9.0 0.11624 0.1275635 4.05 0
0 0 1 0 57.7325 50.52250500000001 5.6 0.36967010000000006 0.0 21.0 0
0 0 0 1 47.407 16.8959 61.0 7.438e-07 0.00183 2.0 0
1 0 0 0 43.5 33.98493 23.7 0.06359269375500001 0.0854625 2.1 0
0 0 1 0 57.7325 52.7124 8.7 0.32098735165000003 0.0 20.0 0
0 1 0 0 46.080000000000005 58.6522 16.4 0.05761904849999999 0.06268 2.0 0
1 0 0 0 52.28 48.645065 29.55 0.052108758500000005 0.04842200000000001 2.2 0
0 0 1 0 46.822 37.5938 2.0 0.61881 0.0 12.0 0
0 0 0 1 48.69 47.7341165 15.0 0.027775 0.07384000000000002 3.4 0
0 0 1 0 49.124500000000005 43.770497 16.6 0.059961283 0.06032 3.0 0
0 1 0 0 47.23299999999999 41.3577 9.0 0.11065 0.1701415 2.85 0
0 1 1 1 51.1905 59.0414 18.0 0.01336 0.00235 1.0 0
1 0 0 0 60.0 59.99189 98.0 0.016234179471986653 4.2000000000000004e-05 1.85 0
0 0 0 1 49.9125 46.59592 12.0 0.056775 0.1116585 3.75 0
0 0 0 1 48.7185 46.659515 31.0 0.00063871 0.039011 1.95 0
0 0 0 1 47.01 45.096455 26.0 0.0024837 0.12784600000000002 2.55 0
0 0 0 1 49.036 48.49605 15.0 0.026933 0.103647 1.6 0
0 0 0 1 46.6055 45.925665 16.0 0.020872 0.11482800000000001 2.15 0
0 0 0 1 56.97 36.224415 9.0 0.10238 0.0974145 4.2 0
0 0 1 0 37.54 42.709284999999994 7.0 0.17318 0.0449 3.0 0
0 0 1 0 43.93150000000001 45.080435 17.65 0.08409804815000001 0.13122 1.0 0
0 1 0 0 48.44199999999999 31.3607 14.0 0.038047 0.02429 3.0 0
0 0 0 1 52.339999999999996 47.090955 14.0 0.037619 0.1573285 4.5 0
0 0 0 1 49.519000000000005 47.0645 22.0 0.0051649 0.03609 5.0 0
0 0 0 1 49.87950000000001 48.28537 26.0 0.0022717 0.143015 1.8 0
0 0 0 1 50.554 49.24121500000001 20.0 0.0085651 0.05246000000000001 2.6 0
0 0 0 1 49.913999999999994 44.57083999999999 27.0 0.0018676 0.03188149999999999 2.4 0
0 0 0 1 46.047 11.8 4.0 0.35791 0.2510795 3.55 0
0 0 0 1 48.080999999999996 46.500835 22.0 0.0063055 0.118592 2.15 0
0 0 0 1 47.584 39.065310000000004 15.0 0.029542 0.15714599999999998 1.95 0
0 0 1 0 49.702999999999996 58.2429 1.0 0.71732 0.0 15.0 0
0 1 1 1 46.228 36.820755 7.0 0.1672 0.02892 1.0 0
0 1 0 0 55.317499999999995 55.7167 20.95 0.041678017023500005 0.1295325 2.3 0
0 0 0 1 46.69 41.82005 30.0 0.00091404 0.039391999999999996 2.05 0
0 0 1 0 57.760000000000005 53.45858500000001 2.15 0.63805215 0.0 15.0 0
0 0 1 0 57.56 54.17863 3.7 0.5274955000000001 0.0 16.0 0
0 0 0 1 43.898500000000006 44.579840000000004 14.0 0.031941 0.1072395 2.7 0
1 0 0 0 40.91 36.51070500000001 8.0 0.13963 0.03951 1.0 0
1 0 0 1 60.0 59.8505 19.0 0.011248 0.03536 4.0 0
0 0 0 1 56.3495 57.52343499999999 101.0 7.3844e-11 0.0 1.75 0
0 0 0 1 49.111000000000004 49.335715 17.0 0.019269 0.12542000000000003 1.9 0
0 0 1 0 48.24850000000001 0.0 15.35 0.19946287449999997 0.00336 3.0 0
1 0 0 0 46.39 37.093735 19.3 0.06320207615000001 0.067997 1.65 0
0 1 1 0 57.641 52.244274999999995 10.6 0.500195150000116 0.00389 12.0 0
1 1 1 1 60.0 60.0 52.0 6.0881e-06 0.0 1.0 1
0 0 0 1 50.036500000000004 45.389900000000004 14.0 0.038234 0.13504199999999997 2.9 0
0 0 0 1 46.49100000000001 49.70378 11.0 0.07478 0.109079 5.3 0
0 1 0 0 41.1335 35.2857 13.85 0.10533038595 0.19783 3.0 0
0 0 0 1 48.5135 17.0 15.0 0.030701 0.56098 1.0 0
1 0 0 0 60.21 59.93271500000001 69.5 0.023475417420788108 0.0523015 2.7 0
0 0 0 1 49.8915 51.504 19.0 0.011227 0.32477 3.0 0
0 0 1 0 45.864 42.183965 12.6 0.11415682499999999 0.52742 2.0 0
0 0 1 0 28.1 42.18396499999999 13.45 0.087001225 0.51948 2.0 0
0 0 0 1 46.714 34.8471 9.0 0.12566 0.33437 4.0 0
0 0 0 1 46.9855 45.637665 16.0 0.023882 0.16277650000000002 3.9 0
1 0 0 0 60.0 59.99189 98.0 0.016234179471986653 4.2000000000000004e-05 1.85 0
0 0 0 1 40.429500000000004 59.795015 255.0 1.8586e-27 0.0 1.95 0
0 0 0 1 45.854 35.932249999999996 7.0 0.17925 0.16967000000000002 6.8 0
1 0 0 0 60.0 59.99189 98.0 0.016234179471986653 4.2000000000000004e-05 1.85 0
0 0 1 1 33.94 43.9169695 14.0 0.032591 0.08164 2.0 0
1 0 0 0 59.41 59.10401999999999 46.35 0.07935409154890641 0.09076700000000001 4.1 0
1 0 0 0 45.7 38.405135 22.0 0.0058931 0.03099 1.0 0
0 0 1 0 51.0255 46.437035 4.0 0.33233 0.0135 3.0 0
0 0 0 1 47.529999999999994 50.472455000000004 42.0 5.2714e-05 0.038407000000000004 2.95 0
0 0 1 0 47.1305 43.98128 18.45 0.0962025855 0.00257 3.0 0
0 0 0 1 50.92399999999999 48.41995000000001 14.0 0.037466 0.0151 3.0 0
0 0 0 1 47.663 45.470275 17.0 0.019297 0.04545 1.0 0
0 0 1 0 48.79899999999999 45.39149499999999 16.8 0.036552801499999996 0.0237 1.0 0
0 0 0 1 48.375 40.913 8.0 0.13663 0.1933105 3.2 0
1 0 0 0 60.0 59.99189 98.0 0.016234179471986653 4.2000000000000004e-05 1.85 0
0 1 0 0 50.35447767066693 44.52678267539525 24.651144857041167 0.09658699853529934 0.10095995499099822 3.9706941388277657 0
1 0 0 0 55.41 59.9732 28.0 0.001582 0.04041 1.0 0
0 0 0 1 48.094 59.6571 21.0 0.0070263 0.15304 2.0 0
0 0 0 1 46.874 45.774255 21.0 0.0066003 0.049118499999999995 2.3 0
0 0 1 0 52.4575 45.625024999999994 23.25 0.172996181115 0.00034 2.0 0
0 0 0 1 48.18 41.60471 18.0 0.013418 0.14978850000000002 2.3 0
0 0 0 1 46.38699999999999 41.76962 17.0 0.016899 0.1013075 1.85 0
0 0 0 1 49.32 48.077715 29.0 0.0011295 0.129696 2.2 0
0 0 0 1 60.025999999999996 59.995835 109.0 1.0763e-11 0.0 2.25 0
1 1 1 1 60.0 60.0 48.0 1.298e-05 0.0 3.0 1
1 0 0 0 54.11 44.07359 5.0 0.28621 0.15536899999999998 5.45 0
0 1 1 1 47.725500000000004 59.52 10.0 0.091388 0.0 22.0 0
1 0 0 0 57.32 58.865010000000005 17.45 0.045805040000000005 0.0910465 2.0 0
0 0 0 1 51.212 47.28766 12.0 0.050324 0.056430499999999995 2.1 0
0 0 0 1 50.509 59.6398 23.0 0.0041832 0.01742 2.0 0
0 0 0 1 46.226000000000006 47.827020000000005 14.0 0.032524 0.25474 1.0 0
1 1 1 0 60.0 60.0 145.0 2.5449e-15 0.0 3.0 1
0 0 0 1 56.79 45.735305000000004 14.0 0.034827 0.1337915 4.0 0
0 0 0 1 52.5 49.57397 53.0 4.2889e-06 0.025163 3.35 0
0 0 0 1 40.429500000000004 59.795015 255.0 0.0 0.0 1.95 0
0 0 0 1 49.058499999999995 49.0157 22.0 0.0056417 0.54337 5.0 0
0 1 0 0 50.144499999999994 45.8297015 15.0 0.028048 0.39471 8.0 0
0 1 0 0 43.58 30.8125 32.1 0.036549516750000004 0.07871800000000001 2.05 0
0 0 1 0 44.056000000000004 44.650859999999994 1.0 0.67937 0.16614 3.0 0
0 0 0 1 49.524 47.243945 17.0 0.016055 0.22559 1.0 0
0 0 0 1 42.22 35.232600999999995 21.0 0.0071181 0.11505 2.0 0
0 0 0 1 43.93599999999999 39.831540000000004 3.0 0.45614 0.11237600000000003 5.4 0
1 0 0 0 39.01 30.3806425 29.55 0.04405299049999999 0.047411999999999996 1.8 0
1 0 0 0 44.47 35.020309999999995 20.2 0.03734243406 0.05339699999999999 2.15 0
0 0 0 1 50.16 46.14716 35.0 0.00027106 0.01148 1.0 0
0 0 1 1 48.5105 48.130415 16.0 0.024177 0.00354 1.0 0
0 0 0 1 48.7415 42.25186 15.0 0.03124 0.09845600000000002 2.5 0
0 0 1 0 42.9555 3.6339300000000003 0.0 0.84707 0.85 2.0 0
0 0 1 0 41.7085 36.090999999999994 3.0 0.4957 0.10133 1.0 0
0 1 0 0 48.812999999999995 44.98228 8.0 0.1276 0.17955499999999996 2.35 0
1 1 1 1 60.0 60.0 71.0 7.3598e-08 0.0 3.0 1
0 0 0 1 49.82700000000001 40.029981500000005 15.0 0.029696 0.00888 2.0 0
0 1 0 0 48.0675 18.619 11.0 0.073957 0.1473625 4.9 0
0 0 1 0 46.254 57.83892999999999 8.3 0.4884776859225 4e-05 7.0 0
0 0 1 1 46.35 44.0407915 15.0 0.02976 0.00834 2.0 0
0 0 0 1 47.957499999999996 45.43411 20.0 0.0090165 0.07480550000000001 1.9 0
0 0 0 1 49.161 41.932745000000004 20.0 0.0089571 0.02442 2.0 0
0 0 0 1 46.822 43.30094 14.0 0.033483 0.159213 1.95 0
0 0 0 1 43.7655 37.67251 3.0 0.42118 0.23705250000000003 7.2 0
0 1 0 0 43.304 41.2727 13.7 0.13239465099999997 0.15726 4.0 0
0 0 0 1 48.145999999999994 44.152910000000006 14.0 0.038616 0.1428065 2.7 0
0 1 0 0 50.35447767066693 44.52678267539525 24.651144857041167 0.09658699853529934 0.10095995499099822 3.9706941388277657 0
0 0 0 1 46.8555 38.116595 18.0 0.014581 0.0696445 2.15 0
0 0 1 0 44.248000000000005 39.374045 33.0 0.00047553 0.01745 1.0 0
0 0 0 1 50.6795 45.980450000000005 14.0 0.035853 0.0315 2.0 0
1 0 0 0 56.85 58.616385 19.1 0.0429237635 0.0639875 1.7 0
0 0 0 1 47.1545 34.782469999999996 2.0 0.53216 0.2065925 5.15 0
0 0 0 1 48.851 39.43267 10.0 0.096141 0.11566799999999999 3.9 0
1 0 0 0 43.36 43.37764 13.1 0.123241325 0.14194 2.0 0
0 0 0 1 48.115 46.05327 16.0 0.021268 0.11493399999999998 1.8 0
0 0 0 1 45.0065 43.132889 7.0 0.16304 0.18639550000000002 4.85 0
0 0 1 0 43.87949999999999 46.077515 17.5 0.05104731850000001 0.1516 2.0 0
1 1 1 0 24.02 20.81 6.0 0.23115 0.00906 2.0 0
0 0 0 1 50.224000000000004 40.580323500000006 22.0 0.0057819 0.030077499999999997 1.85 0
0 0 0 1 45.510000000000005 45.657915 17.0 0.017567 0.1215495 2.2 0
0 0 0 1 46.147000000000006 44.507308 16.0 0.020488 0.1268325 2.85 0
0 1 0 1 56.33 60.0 27.0 0.0018567 0.133374 3.3 0
0 0 0 1 47.749500000000005 32.28992999999999 20.0 0.009472 0.111381 3.4 0
0 0 0 1 47.547000000000004 43.842135 23.0 0.004881 0.076288 2.05 0
1 0 0 0 37.27 28.6716925 26.6 0.12819246229999998 0.15435000000000001 2.15 0
0 0 0 1 48.275999999999996 47.53085 21.0 0.0077254 0.0752545 2.25 0
0 0 1 0 45.5475 33.463156 4.0 0.37052 0.0988 2.0 0
0 0 0 1 40.429500000000004 59.795015 241.0 6.6276e-25 0.0 1.95 0
0 0 0 1 50.808499999999995 41.847161500000006 15.0 0.026275 0.52987 1.0 0
1 0 0 0 46.35 26.257939999999998 2.0 0.6237 0.26934 2.0 0
1 0 0 0 60.0 59.99189 98.0 0.016234179471986653 4.2000000000000004e-05 1.85 0
0 0 0 1 58.036500000000004 59.07220500000001 96.0 2.0283e-10 0.0 2.3 0
0 0 1 0 47.81999999999999 44.14545499999999 15.45 0.0783192765 0.01067 2.0 0
0 0 0 1 46.58 54.2903 4.0 0.34238 0.239579 4.85 0
0 0 0 1 50.25750000000001 44.49289 22.0 0.0050966 0.11271 1.0 0
1 0 0 0 42.42 30.779295 33.35 0.02786103695 0.07761150000000001 2.45 0
0 0 0 1 58.701 57.54574 123.0 4.144e-13 0.00025 1.7 0
0 0 0 1 50.554 48.122065 26.0 0.0022236 0.125599 1.9 0
0 0 0 1 48.353 48.84698999999999 29.0 0.0010715 0.03956749999999999 2.35 0
0 0 0 1 44.593 44.65961 5.0 0.30769 0.128307 4.45 0
1 0 0 0 60.06 59.901855 141.15 0.0034194599660628544 0.005699500000000001 2.2 0
0 0 0 1 48.416 48.57980500000001 16.0 0.02435 0.12314100000000001 2.55 0
0 0 1 0 50.9365 45.765595000000005 11.0 0.067359 0.24748 3.0 0
0 0 1 0 41.7255 30.83108199999999 0.0 0.79939 0.1752 2.0 0
0 0 0 1 45.1415 45.95666 13.0 0.043565 0.21742650000000002 2.9 0
0 0 1 0 56.50750000000001 55.747569999999996 16.0 0.32074221730541996 0.0 5.0 0
0 0 0 1 51.0995 47.71366 14.0 0.033125 0.1605365 2.5 0
0 0 1 0 48.9 45.160315 21.9 0.0357196165 0.01688 1.0 0
0 0 0 1 45.668 43.39553 5.0 0.29915 0.43327 18.0 0
0 0 0 1 49.8625 44.0444585 13.0 0.048029 0.133738 2.35 0
0 0 0 1 48.232000000000006 50.735795 17.0 0.018223 0.07125150000000001 2.05 0
1 0 1 0 60.28 46.71058999999999 103.0 4.5415e-11 0.0 1.0 1
0 0 0 1 48.48049999999999 44.407065 21.0 0.0063152 0.11144250000000003 2.0 0
0 0 0 1 45.0415 42.6057 13.0 0.049894 0.07506949999999998 2.4 0
0 0 0 1 45.17 58.212 49.0 1.1553e-05 0.05194 2.0 0
0 0 0 1 43.2595 35.334680000000006 5.0 0.25714 0.21102250000000003 4.35 0
0 0 0 1 49.547 45.290279999999996 14.0 0.034547 0.10390200000000001 3.25 0
0 0 0 1 43.71 42.845555 25.0 0.0029675 0.032147 2.35 0
1 1 1 0 59.47 57.6 180.0 8.6786e-19 0.0 3.0 1
0 1 0 0 48.608 32.3333 37.0 0.00018319 0.00272 1.0 0
0 0 0 1 47.5135 45.389860000000006 26.0 0.0021002 0.040725000000000004 2.7 0
0 0 0 1 47.67399999999999 45.617070000000005 13.0 0.045441 0.07498350000000001 2.8 0
0 0 0 1 38.46 42.292215 13.0 0.041368 0.1046475 2.3 0
1 0 0 0 50.04 44.57851 24.3 0.027629602421499998 0.068556 1.95 0
0 0 0 1 50.29100000000001 50.5052015 15.0 0.028196 0.11366649999999998 2.4 0
0 0 0 1 40.05 48.02948 25.0 0.0026784 0.059421 3.15 0
0 0 1 0 45.140499999999996 35.301874999999995 1.0 0.74054 0.05486 1.0 0
1 0 0 0 60.0 59.99189 98.0 0.016234179471986653 4.2000000000000004e-05 1.85 0
0 0 0 1 45.5195 39.11862000000001 16.0 0.023418 0.10141800000000001 3.3 0
0 0 1 1 49.93 49.058049999999994 39.0 0.00010468 0.0015 2.0 0
1 0 0 0 58.75 57.8424 12.0 0.059584 0.130818 4.65 0
0 0 1 0 48.88949999999999 58.6967 1.0 0.73326 0.0 1.0 0
0 0 0 1 48.45 43.94012 14.0 0.039466 0.09317500000000002 3.55 0
0 0 0 1 48.329 46.967209999999994 43.0 4.0059e-05 0.005247 2.55 0
0 0 1 0 50.34400000000001 24.6667 11.0 0.071065 0.00606 1.0 0
1 0 0 0 46.93 47.409485000000004 11.0 0.068138 0.1633785 5.2 0
1 0 0 0 37.3 28.6716925 14.65 0.1292217623 0.15435 2.15 0
1 0 0 0 57.73 58.452929999999995 21.3 0.0682690893109237 0.056235 2.15 0
0 0 0 1 48.2185 47.3436 23.0 0.0046524 0.00705 1.0 0
0 0 0 1 49.992000000000004 48.06712 17.0 0.018735 0.01845 3.0 0
0 0 0 1 56.44 41.642109999999995 13.0 0.044572 0.14730700000000002 2.3 0
1 0 0 0 53.66 52.320975 18.2 0.0596792192 0.0475015 1.95 0
0 0 0 1 45.92 43.708614999999995 16.0 0.024044 0.1444795 4.15 0
0 0 0 1 59.278499999999994 58.622945 133.0 4.4056e-14 0.0 1.65 0
0 0 0 1 45.32449999999999 45.148045 3.0 0.48804 0.1424605 7.45 0
1 0 0 0 60.0 59.99189 98.0 0.016234179471986653 4.2000000000000004e-05 1.85 0
0 0 0 1 49.2375 42.242617 18.0 0.012681 0.134853 2.2 0
0 1 1 0 47.858999999999995 41.2593 18.0 0.01401 9e-05 1.0 0
0 1 1 0 48.271 31.8074 8.0 0.14743 0.00212 2.0 0
0 0 0 1 49.44 45.13453 19.0 0.012454 0.0864005 2.35 0
0 0 0 1 50.672999999999995 49.3461315 32.0 0.00051192 0.048634500000000004 2.05 0
0 0 1 0 47.096500000000006 44.685335499999994 15.8 0.06699808650000001 0.03966 3.0 0
0 0 0 1 46.488499999999995 47.33714500000001 31.0 0.0007413 0.00386 1.0 0
0 1 1 1 46.8505 50.042 20.0 0.0081859 0.0034 2.0 0
0 1 0 0 48.02049999999999 44.75 13.45 0.17207769945 0.00869 29.0 0
0 0 0 1 47.83149999999999 46.55633499999999 18.0 0.015237 0.1808635 2.9 0
0 0 0 1 50.321 48.51772000000001 17.0 0.01933 0.0807515 1.7 0
1 0 0 0 56.5 40.049245000000006 6.0 0.22835 0.18154900000000002 8.75 0
0 1 0 0 50.35447767066693 44.52678267539525 24.651144857041167 0.09658699853529934 0.10095995499099822 3.9706941388277657 0
0 0 0 1 53.652 52.298750000000005 48.0 1.471e-05 0.021021000000000005 1.9 0
0 0 1 1 45.984500000000004 42.234065 13.0 0.049008 0.00377 2.0 0
0 1 0 0 44.572500000000005 57.2152 17.55 0.28080184075000003 0.00057 3.0 0
0 1 0 0 50.0775 41.19422899999999 18.6 0.0270047208 0.02466 1.0 0
0 0 0 1 46.769999999999996 42.843329999999995 13.0 0.047371 0.05427 2.0 0
0 0 0 1 50.1855 49.729504999999996 17.0 0.018901 0.0219 1.0 0
0 0 0 1 43.31 51.18837499999999 25.0 0.0025605 0.09249049999999999 4.15 0
0 0 0 1 52.387 42.74467 23.0 0.0044067 0.11874799999999999 2.35 0
0 1 0 1 41.24 29.6906 15.0 0.029293 0.00971 2.0 0
0 0 0 1 47.448 42.183544999999995 22.0 0.0052423 0.037591000000000006 2.05 0
0 1 0 0 41.2685 33.8438 14.95 0.104931399 0.1 1.0 0
0 0 0 1 49.642999999999994 46.346154999999996 14.0 0.036606 0.0296 2.0 0
0 0 0 1 45.964 40.25748 9.0 0.11468 0.16720799999999997 3.7 0
0 0 0 1 49.82299999999999 39.714879999999994 9.0 0.125 0.03995 10.0 0
0 0 1 0 57.59100000000001 56.195130000000006 7.55 0.44306667950000006 0.00011 11.0 0
0 1 0 0 50.35447767066693 44.52678267539525 24.651144857041167 0.09658699853529934 0.10095995499099822 3.9706941388277657 0
1 0 0 0 55.76 44.23315 11.0 0.063302 0.12368699999999999 5.5 0
0 0 0 1 47.1545 42.14179 2.0 0.51948 0.13316500000000003 4.95 0
0 0 0 1 47.3755 23.9124 25.0 0.0029405 0.00312 1.0 0
0 0 0 1 58.69199999999999 59.609309999999994 120.0 8.8773e-13 0.0 2.3 0
1 0 1 0 59.45 55.02969 12.1 0.151862985 0.0002 23.0 0
0 0 0 1 47.355 43.674865 7.0 0.17331 0.12305 6.0 0
0 0 1 0 43.18 45.31759000000001 18.65 0.14884564275 0.00102 4.0 0
0 1 1 0 56.427499999999995 52.420425 8.3 0.311349815 0.04416 10.0 0
0 0 1 0 45.135 42.6316 2.0 0.55769 0.0 6.0 0
0 0 1 0 49.513999999999996 43.877230000000004 16.95 0.09579537125000001 0.00377 4.0 0
1 0 0 0 60.0 59.99189 98.0 0.016234179471986653 4.2000000000000004e-05 1.85 0
0 0 1 0 49.7815 50.208054999999995 14.1 0.10397269150000003 0.07683 6.0 0
0 0 0 1 48.515 41.26784 16.0 0.022813 0.07311949999999999 3.8 0
0 1 0 0 47.492000000000004 10.8519 74.0 3.5411e-08 0.00203 2.0 0
0 0 0 1 49.438500000000005 41.137645 24.0 0.00378 0.0151 1.0 0
0 0 0 1 47.464000000000006 45.065250000000006 14.0 0.032925 0.3614 2.0 0
0 0 1 0 49.7515 51.3529 9.0 0.10868 0.0 14.0 0
1 0 0 0 43.87 35.209689999999995 16.85 0.13806770399999999 0.07610449999999999 1.7 0
0 0 0 1 47.1885 45.94335 31.0 0.00073521 0.025684999999999996 1.8 0
0 0 0 1 45.3725 20.0698 25.0 0.0027758 0.03912 1.0 0
0 0 1 0 57.7325 52.7124 8.7 0.32098735165000003 0.0 20.0 0
0 0 1 0 49.327999999999996 40.8912365 10.0 0.093392 0.00657 3.0 0
0 0 0 1 49.799499999999995 45.86222 30.0 0.00081363 0.05577399999999999 2.25 0
0 0 0 1 44.953500000000005 42.771214 7.0 0.16889 0.157673 4.1 0
1 1 0 0 29.86 21.2558 16.25 0.0708341585 0.01214 2.0 0
0 0 0 1 51.196999999999996 60.0 31.0 0.00068038 0.01712 1.0 0
0 0 0 1 49.5395 45.27697 20.0 0.0089206 0.00528 1.0 0
0 0 0 1 54.028 54.250275 67.0 1.9478e-07 0.024769000000000003 1.85 0
0 0 0 1 51.472 46.268773 16.0 0.021704 0.0219 4.0 0
0 0 0 1 48.055 44.294852500000005 2.0 0.58874 0.055498000000000006 5.85 0
0 0 0 1 50.190000000000005 47.93954500000001 13.0 0.040225 0.18224500000000002 2.15 0
0 0 1 0 43.203500000000005 41.219755 16.35 0.04112100999999999 0.15499 1.0 0
0 1 0 0 43.839999999999996 34.3675 5.0 0.25159 0.10948 4.0 0
0 1 0 0 47.071 57.6832 16.95 0.06634025970000001 0.04027 3.0 0
0 0 1 0 45.39650000000001 22.8571 8.25 0.29123963500000005 0.0 25.0 0
0 0 0 1 48.732 47.097625 13.0 0.045352 0.0960825 3.05 0
0 0 0 1 58.2275 58.65763499999999 93.0 3.9896e-10 0.0 2.1 0
0 0 1 0 47.162 59.7675 4.0 0.3284 0.0 2.0 0
0 0 0 1 46.446 42.76355 25.0 0.0028599 0.0850365 2.3 0
0 0 0 1 49.88249999999999 44.96732 15.0 0.029882 0.1851205 2.3 0
0 0 1 0 51.21 42.58519 17.8 0.112196946 0.00651 2.0 0
0 0 0 1 49.888000000000005 47.741205 17.0 0.018526 0.095107 2.35 0
1 0 0 0 60.0 59.99189 98.0 0.016234179471986653 4.2000000000000004e-05 1.85 0
0 0 0 1 55.10949999999999 58.814544999999995 100.0 8.4548e-11 0.0 1.95 0
0 0 1 0 48.372 43.17221500000001 6.0 0.21105 0.00727 1.0 0
0 0 0 1 49.57 48.07382 40.0 8.3369e-05 1e-05 1.0 0
0 1 0 0 41.0325 0.0 4.35 0.5742076399999999 1.0 1.0 0
0 0 1 0 45.82299999999999 50.25347 5.0 0.29322 1e-05 11.0 0
0 0 0 1 46.226000000000006 42.664635 14.0 0.031672 0.11138 1.0 0
0 0 0 1 49.575500000000005 44.05598 30.0 0.00089419 0.0396 2.1 0
0 0 0 1 40.429500000000004 59.795015 255.0 0.0 0.0 1.95 0
0 0 0 1 50.7905 44.2643985 13.0 0.04788 0.1709505 2.55 0
1 1 1 0 60.0 60.0 179.0 1.0091e-18 0.0 1.0 1
0 0 0 1 48.081 46.500834999999995 22.0 0.0061362 0.1328985 2.35 0
1 1 1 0 60.0 60.0 90.0 8.301e-10 0.0 1.0 1
0 0 0 1 46.009 45.56102 21.0 0.0066242 0.049182000000000003 2.3 0
0 0 0 1 49.417500000000004 49.821335 26.0 0.0022396 0.1247035 1.95 0
0 0 0 1 47.448 42.92539 22.0 0.0050556 0.05145050000000001 2.2 0
0 0 1 0 48.2185 53.014044999999996 1.0 0.6795 0.0 12.0 0
0 0 0 1 45.113 56.5959 25.0 0.0027344 0.09612 5.0 0
0 0 1 1 48.264500000000005 42.22269000000001 23.0 0.0046013 0.15398 1.0 0
0 0 0 1 49.125 50.790075 51.0 6.9792e-06 0.00663 1.9 0
0 0 0 1 45.3245 44.066885000000006 3.0 0.47857 0.116034 3.8 0
0 0 0 1 47.169 47.24955 4.0 0.37579 0.15184100000000003 4.2 0
0 0 1 0 48.259 46.382949999999994 12.0 0.06072 0.03477 2.0 0
0 0 1 0 43.312000000000005 45.405175 0.0 0.99163 0.00302 6.0 0
0 0 0 1 50.09499999999999 46.8429 18.0 0.013114 0.072816 3.05 0
0 1 0 1 48.109500000000004 49.3885 22.0 0.0060234 0.140338 2.0 0
0 0 0 1 53.330499999999994 52.483415 49.0 1.196e-05 0.0040750000000000005 1.7 0
0 0 0 1 49.79949999999999 46.28599 30.0 0.00086883 0.030254000000000003 2.15 0
0 0 0 1 46.6905 47.04228 13.0 0.046194 0.12842199999999998 2.7 0
0 0 0 1 47.547000000000004 43.842135 23.0 0.0049979 0.09846599999999998 1.9 0
0 0 1 0 46.317 59.6782 1.0 0.64757 0.01354 2.0 0
0 0 0 1 48.38799999999999 50.137775 31.0 0.00070392 0.021643500000000003 1.95 0
0 1 0 0 42.0755 57.8649 12.95 0.11050241000000001 0.18176 2.0 0
0 0 1 0 45.3795 34.9848 28.0 0.0014948 0.00048 2.0 0
0 0 1 0 49.759499999999996 44.215379999999996 0.0 0.87943 0.0 13.0 0
0 0 0 1 46.48499999999999 32.2395 16.0 0.020869 0.04803 2.0 0
0 0 0 1 51.47149999999999 47.653225 62.0 5.4052e-07 0.009673999999999999 2.3 0
0 1 0 0 48.206 60.3253 20.85 0.039238342 0.00471 2.0 0
0 0 0 1 54.0 40.18018000000001 21.0 0.0072264 0.29025 3.0 0
0 0 1 0 51.029 57.607115 3.7 0.52156275 0.0 6.0 0
0 0 0 1 47.12 44.98442 17.0 0.018893 0.07708949999999999 3.5 0
1 0 0 0 35.54 28.015584999999998 16.1 0.08513828500000001 0.10461800000000002 1.7 0
0 0 1 0 45.5935 42.90766500000001 15.7 0.08123268 0.03971 2.0 0
1 0 1 0 57.17 48.71872 20.0 0.0086399 1e-05 11.0 0
0 0 0 1 47.994 41.03565 18.0 0.014398 0.10808899999999999 1.85 0
0 0 0 1 57.31 44.99772 30.0 0.0009565 0.00517 1.0 0
0 0 0 1 44.962 30.6364 5.0 0.25926 0.10253 21.0 0
0 0 0 1 44.0325 37.7836 13.0 0.046998 0.30869 2.0 0
0 0 0 1 43.43 46.003935 13.0 0.046326 0.156499 3.4 0
0 0 1 0 51.0085 41.143685 16.4 0.06948339249999999 0.00679 1.0 0
0 0 0 1 40.429500000000004 59.795015 255.0 7.487400000000001e-33 0.0 1.95 0
0 0 0 1 54.87 45.214780000000005 14.0 0.038382 0.20454399999999998 2.6 0
0 0 0 1 48.896 42.870145 13.0 0.044926 0.14658999999999997 1.85 0
0 0 0 1 51.85450000000001 4.66667 22.0 0.0056992 1.0 2.0 0
0 0 0 1 43.49 37.8062 32.0 0.00055763 0.00596 1.0 0
0 1 1 0 49.522 45.98528999999999 10.15 0.16377584 0.01558 0.0 0
0 0 0 1 47.72599999999999 45.819925 17.0 0.019008 0.10241150000000002 2.6 0
0 0 0 1 48.7525 49.261045 21.0 0.0064167 0.27668 5.0 0
0 0 1 0 47.471000000000004 56.6667 4.0 0.32353 0.0 5.0 0
0 0 1 0 48.4935 44.83769 18.95 0.0789420178 0.00736 1.0 0
1 0 0 0 60.0 59.99189 98.0 0.016234179471986653 4.2000000000000004e-05 1.85 0
0 0 0 1 46.7935 40.2235585 13.0 0.048742 0.15595849999999997 2.8 0
0 0 0 1 46.5495 44.90916 13.0 0.045876 0.12422200000000001 2.85 0
0 1 1 1 49.433499999999995 47.86319999999999 11.0 0.076023 0.0 16.0 0
0 0 0 1 45.6715 55.4466 14.0 0.038678 0.55496 3.0 0
0 0 1 0 55.096000000000004 53.8551 9.5 0.262782485 0.0 24.0 0
0 0 0 1 48.275999999999996 47.53085 21.0 0.0077129 0.07526999999999999 1.75 0
0 0 0 1 47.7995 46.981563 4.0 0.33851 0.10376749999999998 5.85 0
0 1 1 0 51.4615 48.3036 19.0 0.010385 0.00087 2.0 0
0 0 0 1 50.673 49.3461315 32.0 0.00054729 0.044330499999999995 2.6 0
1 0 0 0 49.52 43.178909999999995 18.15 0.1544260065435 0.0246645 1.95 0
0 1 0 0 53.917500000000004 60.0 28.85 0.015045042602499998 0.04104 5.0 0
0 0 0 1 45.337999999999994 42.765 14.0 0.034149 0.105057 2.1 0
0 0 1 0 57.7325 50.99003 9.0 0.3534949640285 0.0 18.0 0
0 0 0 1 49.465999999999994 44.087284999999994 21.0 0.0074159 0.03137 1.0 0
0 0 0 1 48.4465 47.3808 18.0 0.014056 0.00671 1.0 0
1 0 0 0 50.18 45.152305 20.7 0.0717259104715 0.0831985 1.8 0
0 0 0 1 43.2595 35.33468 5.0 0.25832 0.1973395 4.25 0
1 0 0 0 46.69 37.940765000000006 18.15 0.074155817 0.0845255 1.85 0
0 1 0 1 45.42 38.9294 20.0 0.0081537 0.00074 1.0 0
0 1 0 0 49.10099999999999 28.7717 41.0 7.4477e-05 0.00287 1.0 0
0 0 0 1 53.7395 60.0 23.0 0.0044411 0.01874 3.0 0
1 0 0 0 60.0 59.99189 98.0 0.016234179471986653 4.2000000000000004e-05 1.85 0
0 0 0 1 43.143499999999996 35.746875 3.0 0.43449 0.15526 3.35 0
0 0 1 0 57.7325 52.7124 8.85 0.30971885164999996 4e-05 20.0 0
0 0 0 1 45.525 44.507308 16.0 0.020455 0.14649399999999999 3.0 0
0 0 0 1 47.545500000000004 38.812335 18.0 0.01453 0.080918 2.25 0
0 0 0 1 47.659000000000006 47.97521999999999 18.0 0.014135 0.00092 3.0 0
0 0 0 1 49.266 44.79445499999999 26.0 0.0024425 0.11450700000000003 2.7 0
0 0 1 0 57.56 54.3495 4.0 0.57959731 4e-05 13.0 0
0 0 0 1 48.48049999999999 44.407065 21.0 0.0064807 0.092269 2.1 0
0 0 0 1 49.9735 48.41493 15.0 0.025685 0.08944349999999998 2.05 0
0 0 0 1 48.080999999999996 46.500835 22.0 0.0062091 0.12508 2.3 0
0 0 0 1 45.9745 51.06358 25.0 0.0025453 0.09309049999999999 4.15 0
0 0 1 0 48.8895 60.3279 3.0 0.45873 0.0 1.0 0
0 0 0 1 46.843 43.842135 23.0 0.0048349 0.0546175 2.3 0
0 0 0 1 49.662 48.18495 11.0 0.068138 0.10864650000000001 3.05 0
0 0 0 1 47.9585 48.413275000000006 26.0 0.0020376 0.08943 6.0 0
0 0 0 1 45.8395 47.04228 13.0 0.046232 0.1091105 2.55 0
0 0 0 1 48.168 41.575026 8.0 0.1538 0.22767 2.0 0
0 0 0 1 48.688 37.670715 10.0 0.080632 0.145929 2.0 0
0 0 0 1 41.3195 39.388175 39.0 0.00011075 0.23839 1.0 0
0 0 0 1 48.0235 39.635752999999994 16.0 0.0212 0.20734 3.0 0
1 0 0 0 42.56 30.779295 32.1 0.04408984695 0.06450700000000001 2.3 0
0 0 0 1 49.033500000000004 44.365735 16.0 0.022013 0.14809399999999998 3.05 0
0 0 0 1 45.370000000000005 46.80986500000001 13.0 0.046892 0.1899495 3.8 0
0 0 0 1 47.99299999999999 40.8976825 25.0 0.0031605 0.10614100000000001 2.2 0
1 0 0 0 60.0 60.0 5.0 0.30237 0.46493 2.0 0
0 0 0 1 46.768499999999996 46.43769 4.0 0.35897 0.2818825 4.2 0
0 0 1 0 47.348499999999994 46.211295 16.4 0.07232543650000002 0.01496 2.0 0
0 0 1 0 49.5185 57.65 4.0 0.32222 0.0 3.0 0
0 0 0 1 48.6735 37.867205 20.0 0.0088283 0.05687 1.0 0
0 0 0 1 55.1905 52.2414 12.0 0.057544 0.0 11.0 0
0 0 0 1 46.732 42.26304499999999 20.0 0.009902 0.055896 2.55 0
0 0 0 1 46.768499999999996 46.42317 4.0 0.35968 0.2818824999999999 4.2 0
0 0 1 0 47.407 60.1961 1.0 0.65874 0.0 2.0 0
0 0 0 1 46.094 49.277190000000004 21.0 0.0067902 0.09603149999999998 2.3 0
1 0 0 0 50.1 44.515315 21.55 0.0697750574215 0.07803249999999998 1.8 0
0 0 0 1 50.190000000000005 47.93954500000001 13.0 0.039859 0.18723549999999997 2.7 0
0 0 0 1 49.401 36.969015 6.0 0.20342 0.10564199999999999 6.2 0
0 0 0 1 49.260000000000005 42.7769065 15.0 0.029987 0.13732 4.0 0
0 1 0 1 45.6715 50.44823 14.0 0.03895 0.0016 7.0 0
0 0 0 1 42.81 30.6999465 7.0 0.18077 0.127467 5.85 0
0 0 0 1 49.532500000000006 46.105309999999996 14.0 0.033073 0.01245 1.0 0
1 0 0 0 55.83 57.174855 19.9 0.028965342750000005 0.03920849999999999 2.4 0
1 0 0 0 60.0 59.99189 98.0 0.016234179471986653 4.2000000000000004e-05 1.85 0
0 0 1 0 47.269999999999996 59.5238 4.0 0.37687 0.0 7.0 0
1 0 0 0 45.03 33.09028 22.45 0.026883661377775 0.045606999999999995 2.3 0
0 0 0 1 48.367 37.58807 15.0 0.029368 0.1429555 2.5 0
1 0 0 0 55.14 55.796835 21.5 0.028301123522232508 0.046927 1.65 0
0 0 0 1 44.852 43.937605000000005 14.0 0.039294 0.0746435 3.55 0
0 1 0 0 49.497 46.23 24.35 0.063366811706213 0.10054349999999998 2.8 0
0 0 0 1 49.627500000000005 43.377895 15.0 0.029862 0.1851205 2.3 0
0 0 1 0 41.282000000000004 42.325115 12.6 0.19926448694999999 0.16812 3.0 0
0 0 0 1 57.36 46.70708 27.0 0.0019371 0.00217 2.0 0
1 0 0 0 43.97 35.209689999999995 17.55 0.153915501 0.0859 1.6 0
0 0 0 1 46.683 41.558755 17.0 0.016839 0.10145200000000001 1.9 0
0 1 0 1 49.264 57.6029 13.0 0.039973 0.216004 2.5 0
0 0 0 1 45.0065 43.132889 7.0 0.16149 0.21497950000000002 3.1 0
0 0 0 1 49.035999999999994 46.755399999999995 15.0 0.026949 0.103647 1.6 0
0 0 0 1 44.593 44.65961 5.0 0.3083 0.10952500000000001 4.4 0
0 0 1 0 57.56 52.65262 8.45 0.40222593764000003 4e-05 14.0 0
0 0 1 0 57.59100000000001 56.19512999999999 7.95 0.42942802950000003 2e-05 11.0 0
0 0 0 1 49.906 44.74089 21.0 0.0071327 0.0511175 2.55 0
0 0 1 0 43.32 42.840283 21.3 0.07129242449999999 0.00309 2.0 0
0 0 0 1 51.209500000000006 44.841325 13.0 0.040409 0.071 2.0 0
0 0 0 1 51.859 44.011965000000004 13.0 0.041386 0.082783 2.35 0
0 0 0 1 49.96600000000001 37.762825 6.0 0.21475 0.16826349999999998 3.0 0
0 0 1 0 49.8825 48.024395000000005 8.0 0.13495 0.0 1.0 0
0 0 0 1 43.898500000000006 44.579840000000004 14.0 0.031701 0.11566999999999998 2.35 0
0 0 1 0 43.968 49.0 16.65 0.048521572 0.09524 4.0 0
0 0 0 1 50.51 40.154970000000006 13.0 0.048103 0.09406 4.0 0
1 0 0 0 44.87 33.582155 20.8 0.07205892311925 0.07616900000000001 2.35 0
0 0 1 0 57.7325 45.555165 8.5 0.272908985 0.0 23.0 0
0 0 1 0 45.493 48.517335 14.0 0.032482 2e-05 2.0 0
0 0 1 0 57.7325 47.21576 6.15 0.347563815 3e-05 26.0 0
0 0 0 1 48.01049999999999 48.70754 1.0 0.63333 0.09635 6.35 0
0 0 0 1 48.2645 46.007295 23.0 0.0046281 0.046541 1.9 0
0 0 0 1 47.658 39.013229999999986 22.0 0.0053777 0.1029115 1.95 0
0 1 0 1 50.208499999999994 58.7485 15.0 0.027886 0.03546 3.0 0
0 0 0 1 49.88250000000001 43.377895 15.0 0.029872 0.18512049999999997 2.3 0
0 0 1 0 45.543 33.5714 23.7 0.039471067650000004 0.00238 2.0 0
0 0 0 1 49.9825 57.6471 21.0 0.0075858 0.3461 20.0 0
0 1 0 0 47.88100000000001 48.982479999999995 24.0 0.0031871 0.0 2.0 0
0 0 0 1 50.814 23.9924 14.0 0.037609 0.03495 1.0 0
0 1 1 1 46.2255 39.931 20.0 0.0095485 0.00575 1.0 0
0 0 1 0 49.148999999999994 41.521649999999994 19.95 0.0931683195 0.007 2.0 0
0 0 1 0 46.007 13.2 16.4 0.047568942 0.08061 4.0 0
0 1 0 1 58.54350000000001 60.0 25.0 0.0027248 0.20283800000000002 3.5 0
0 0 0 1 48.0315 46.077385 14.0 0.033378 0.14213150000000002 2.7 0
0 1 0 0 45.206500000000005 34.57062549999999 5.0 0.27273 0.15436100000000003 4.05 0
0 0 0 1 51.58 41.25977999999999 18.0 0.015033 0.10631950000000004 2.1 0
0 0 1 0 49.909 39.595063999999994 18.9 0.03192758489999999 0.02641 1.0 0
0 0 0 1 48.307 47.24342 23.0 0.0046751 0.00847 2.0 0
0 1 0 0 49.031 48.73482500000001 11.0 0.071279 0.11303099999999999 4.2 0
0 0 0 1 40.429500000000004 59.795015 255.0 0.0 0.0 1.95 0
1 0 0 0 54.16 54.20530000000001 17.8 0.04548763755 0.067829 2.15 0
0 0 0 1 53.1845 47.344755 20.0 0.0086427 0.03778 2.45 0
0 0 1 1 49.118 48.02267500000001 17.0 0.01634 0.01799 3.0 0
0 0 0 1 51.08799999999999 52.662065000000005 15.0 0.028276 0.142909 2.3 0
0 0 0 1 38.87 48.164995 23.0 0.0046684 0.05214799999999999 1.85 0
1 0 0 0 32.24 25.570429999999998 35.5 0.04359000850014553 0.18229399999999998 2.05 0
0 0 0 1 48.2125 44.808215000000004 21.0 0.0068522 0.27897 1.0 0
0 1 0 0 35.6625 0.0 4.05 0.6211383300000001 0.9 1.8 0
0 0 1 0 50.094 42.13936 19.95 0.09835081935000001 0.003 1.0 0
0 1 0 0 57.7325 50.023765000000004 9.0 0.3534949640285 0.01 18.0 0
0 0 0 1 51.028000000000006 47.040684999999996 23.0 0.0043915 0.07161 5.0 0
0 0 0 1 46.5915 45.261655000000005 35.0 0.00028073 0.011151000000000003 3.05 0
0 1 0 0 48.6245 44.680605 21.0 0.0072239 0.0415 1.0 0
0 0 0 1 47.177499999999995 35.568169999999995 20.0 0.0093902 0.060190999999999995 3.35 0
0 0 0 1 53.6245 52.15580500000001 48.0 1.2714e-05 0.003579999999999999 1.7 0
0 0 0 1 49.758 50.737944999999996 7.0 0.17331 1e-05 3.0 0
0 0 1 0 45.867000000000004 44.44432 25.5 0.06376048996129999 0.00171 2.0 0
0 0 0 1 50.368 47.955020000000005 20.0 0.0080185 0.0866085 2.0 0
0 0 0 1 47.547000000000004 43.842135 23.0 0.0049653 0.09846600000000001 1.9 0
0 0 0 1 49.265499999999996 48.828965 17.0 0.019279 0.02171 2.0 0
0 0 0 1 53.34 39.157345 23.0 0.0045158 0.06149 1.0 0
0 0 0 1 46.3975 47.802405 16.0 0.021035 0.1097565 1.95 0
0 0 0 1 54.2735 60.0 13.0 0.040281 0.19137 1.0 0
0 0 1 0 47.55200000000001 39.621015 17.3 0.03306898300000001 0.00763 2.0 0
0 0 0 1 56.33 48.164995000000005 23.0 0.0046541 0.0502035 1.9 0
0 0 0 1 51.73350000000001 60.0 34.0 0.00034926 0.00902 2.0 0
0 0 1 0 47.711499999999994 41.9592 8.6 0.27779363999999995 0.0 26.0 0
0 0 0 1 47.549499999999995 36.913 20.0 0.0096203 0.1353285 1.9 0
0 0 0 1 46.2255 39.41270999999999 17.0 0.01718 0.10638600000000001 2.7 0
0 0 1 1 47.771 44.135445000000004 20.0 0.0085668 0.00153 2.0 0
0 0 1 0 44.849000000000004 50.788745 11.2 0.23940462 0.28079 2.0 0
1 0 0 0 44.4 35.15094499999999 22.5 0.019146638060000002 0.05979350000000001 2.25 0
0 0 0 1 48.4815 49.24594 17.0 0.019248 0.11274599999999999 1.95 0
1 0 0 0 52.71 47.799015000000004 18.0 0.0731475835 0.034917500000000004 2.05 0
0 0 0 1 49.231 47.25243 37.0 0.00017653 0.0295695 2.65 0
0 0 0 1 45.0415 42.6057 13.0 0.049822 0.07506949999999998 2.4 0
0 0 0 1 43.898500000000006 44.579840000000004 14.0 0.031654 0.11566999999999998 2.35 0
0 1 1 0 50.01200000000001 37.4 17.35 0.122788753 0.00417 1.0 0
0 0 1 0 48.76 45.79287000000001 19.65 0.05031152066 0.00982 2.0 0
0 0 0 1 46.1215 33.9412 4.0 0.32665 0.1548815 3.25 0
0 0 1 0 50.92 43.78970500000001 19.0 0.09549093475 0.00244 4.0 0
0 0 0 1 49.102000000000004 40.960175 13.0 0.044405 0.132725 2.7 0
1 0 0 0 39.29 31.30251 18.35 0.04554887907 0.052992 2.0 0
0 0 0 1 50.14549999999999 40.127005 6.0 0.22704 0.11192 17.0 0
0 0 0 1 48.4295 48.365285 21.0 0.0077298 0.00266 2.0 0
0 0 1 0 50.913999999999994 49.179705 59.0 1.011e-06 0.0 1.0 0
0 0 1 0 59.19500000000001 58.63666500000001 54.2 0.21766662893659486 0.0 3.0 0
0 1 0 0 50.35447767066693 44.52678267539525 24.651144857041167 0.09658699853529934 0.10095995499099822 3.9706941388277657 0
1 0 0 0 59.8 59.657705 73.75 0.003245491499126505 0.011356000000000002 2.9 0
0 0 0 1 48.8815 48.133235 8.0 0.13937 0.01605 3.0 0
0 0 0 1 48.0375 40.771505000000005 16.0 0.022924 0.071375 2.9 0
0 0 0 1 47.797 49.45013999999999 17.0 0.018031 0.05738549999999999 2.45 0
0 0 0 1 48.492999999999995 59.795015 213.0 4.1711999999999997e-22 0.0 1.95 0
1 1 1 0 60.0 60.0 132.0 5.9074e-14 0.0 2.0 1
0 0 0 1 49.231 48.657695000000004 37.0 0.00017385 0.0295705 2.65 0
0 0 1 0 43.145500000000006 8.8 12.4 0.13803972999999997 0.22222 4.0 0
0 1 0 0 50.35447767066693 44.52678267539525 24.651144857041167 0.09658699853529934 0.10095995499099822 3.9706941388277657 0
0 1 0 0 48.095000000000006 50.573135 20.2 0.07254067415 0.00808 1.0 0
0 0 0 1 49.4945 47.91332500000001 15.0 0.025525 0.066696 1.65 0
0 0 0 1 54.677 60.0 14.0 0.037097 0.14791 2.0 0
0 0 0 1 50.761 51.798075 14.0 0.034835 0.00368 4.0 0
0 1 1 1 47.736 41.762955 8.0 0.15455 0.15075 3.0 0
0 1 0 0 53.34 38.392489 19.05 0.0382107899 0.02642 1.0 0
0 0 0 1 48.638999999999996 41.624534999999995 13.0 0.044602 0.07558 1.0 0
0 0 1 0 47.626 41.938039999999994 0.0 1.0 0.0 5.0 0
0 0 0 1 44.004 50.411875 13.0 0.046568 0.13273799999999997 3.3 0
0 0 0 1 45.719 44.507307999999995 16.0 0.020092 0.12806599999999999 2.75 0
0 0 1 1 48.68300000000001 51.7833 14.0 0.034386 0.00766 1.0 0
0 0 1 0 45.864000000000004 41.519875 13.35 0.14824359499999998 0.58353 2.0 0
1 0 0 0 55.06 55.81485 23.35 0.0221583810222325 0.0491365 1.85 0
0 0 0 1 45.8925 38.512235000000004 9.0 0.10773 0.06938 2.0 0
0 1 1 0 47.028000000000006 30.2812 17.85 0.0480445305 0.05183 1.0 0
0 0 1 1 46.91 46.214650000000006 20.0 0.0093835 0.0 1.0 0
0 0 0 1 49.914 44.57084 27.0 0.0019641 0.027532499999999998 2.1 0
0 0 0 1 46.558 41.185590000000005 13.0 0.048319 0.0096 1.0 0
1 0 0 0 60.0 59.99189 98.0 0.016234179471986653 4.2000000000000004e-05 1.85 0
0 0 0 1 48.9125 45.943349999999995 31.0 0.00072693 0.017759 1.75 0
0 1 0 0 57.7325 46.976060000000004 5.8 0.37584091500000005 3e-05 30.0 0
0 0 1 0 46.176500000000004 16.038306 2.0 0.61917 0.89706 2.0 0
0 0 0 1 42.9245 51.5208 3.0 0.40472 0.11059899999999998 4.75 0
0 0 1 0 51.6545 60.0 0.0 0.83248 0.0 7.0 0
0 1 0 0 43.578 35.1273 1.0 0.7278 0.03108 2.0 0
0 0 0 1 42.81 38.594605 19.0 0.01134 0.12529 1.0 0
0 0 1 1 47.764500000000005 49.203085 6.0 0.21496 0.00102 2.0 0
0 0 0 1 50.86 44.02785 21.0 0.0073567 0.11380249999999999 2.0 0
0 0 0 1 48.1265 37.453630499999996 19.0 0.011167 0.08791 2.95 0
0 1 0 1 58.56 59.7188 24.0 0.0036003 0.0537 2.0 0
0 0 0 1 48.687999999999995 37.63552500000001 10.0 0.082309 0.133163 3.15 0
0 0 0 1 46.28150000000001 43.445235000000004 14.0 0.03388 0.10941750000000001 3.6 0
0 0 1 0 53.997 60.0 2.0 0.5562 0.0 4.0 0
0 0 0 1 48.851 39.43267000000001 10.0 0.099775 0.0972315 3.25 0
0 0 0 1 50.655 48.20143 46.0 2.4342e-05 0.0202485 2.2 0
0 0 0 1 47.397999999999996 41.9796625 25.0 0.0029264 0.06058600000000001 2.35 0
0 0 0 1 55.47 44.23315 11.0 0.063673 0.12368699999999999 5.5 0
0 0 0 1 45.671499999999995 43.3382395 14.0 0.039038 0.08463 2.0 0
0 0 0 1 48.1495 45.747675 11.0 0.070116 0.133358 5.2 0
0 0 0 1 46.9005 36.60231499999999 18.0 0.014715 0.0512725 1.85 0
